solid Visualization Toolkit generated SLA File
 facet normal -0.57735026918962584 -0.57735026918962584 -0.57735026918962584
  outer loop
   vertex 107 100 122.5
   vertex 107 99.5 123
   vertex 106.5 100 123
  endloop
 endfacet
 facet normal 0.57735026918962584 -0.57735026918962584 -0.57735026918962584
  outer loop
   vertex 107 99.5 123
   vertex 107 100 122.5
   vertex 107.5 100 123
  endloop
 endfacet
 facet normal -0.57735026918962584 -0.57735026918962584 -0.57735026918962584
  outer loop
   vertex 106 101 122.5
   vertex 106 100.5 123
   vertex 105.5 101 123
  endloop
 endfacet
 facet normal -0.57735026918962584 -0.57735026918962584 -0.57735026918962584
  outer loop
   vertex 106.5 100 123
   vertex 106 100.5 123
   vertex 106 101 122.5
  endloop
 endfacet
 facet normal -0.57735026918962584 -0.57735026918962584 -0.57735026918962584
  outer loop
   vertex 106.5 100 123
   vertex 106 101 122.5
   vertex 107 100 122.5
  endloop
 endfacet
 facet normal 0 0 -1
  outer loop
   vertex 107 100 122.5
   vertex 106 101 122.5
   vertex 107 101 122.5
  endloop
 endfacet
 facet normal 0.70710678118654746 0 -0.70710678118654746
  outer loop
   vertex 107.5 101 123
   vertex 107.5 100 123
   vertex 107 100 122.5
  endloop
 endfacet
 facet normal 0.70710678118654746 0 -0.70710678118654746
  outer loop
   vertex 107 101 122.5
   vertex 107.5 101 123
   vertex 107 100 122.5
  endloop
 endfacet
 facet normal -0.70710678118654746 0 -0.70710678118654746
  outer loop
   vertex 106 102 122.5
   vertex 106 101 122.5
   vertex 105.5 101 123
  endloop
 endfacet
 facet normal -0.70710678118654746 0 -0.70710678118654746
  outer loop
   vertex 105.5 102 123
   vertex 106 102 122.5
   vertex 105.5 101 123
  endloop
 endfacet
 facet normal 0 0 -1
  outer loop
   vertex 107 101 122.5
   vertex 106 101 122.5
   vertex 107 102 122.5
  endloop
 endfacet
 facet normal 0 0 -1
  outer loop
   vertex 107 102 122.5
   vertex 106 101 122.5
   vertex 106 102 122.5
  endloop
 endfacet
 facet normal 0.57735026918962584 -0.57735026918962584 -0.57735026918962584
  outer loop
   vertex 108 101.5 123
   vertex 107.5 101 123
   vertex 107 101 122.5
  endloop
 endfacet
 facet normal 0.57735026918962584 -0.57735026918962584 -0.57735026918962584
  outer loop
   vertex 108 101.5 123
   vertex 107 101 122.5
   vertex 108 102 122.5
  endloop
 endfacet
 facet normal 0 0 -1
  outer loop
   vertex 108 102 122.5
   vertex 107 101 122.5
   vertex 107 102 122.5
  endloop
 endfacet
 facet normal 0.57735026918962584 -0.57735026918962584 -0.57735026918962584
  outer loop
   vertex 108 101.5 123
   vertex 108 102 122.5
   vertex 108.5 102 123
  endloop
 endfacet
 facet normal -0.70710678118654746 0 -0.70710678118654746
  outer loop
   vertex 106 103 122.5
   vertex 106 102 122.5
   vertex 105.5 102 123
  endloop
 endfacet
 facet normal -0.70710678118654746 0 -0.70710678118654746
  outer loop
   vertex 105.5 103 123
   vertex 106 103 122.5
   vertex 105.5 102 123
  endloop
 endfacet
 facet normal 0 0 -1
  outer loop
   vertex 107 102 122.5
   vertex 106 102 122.5
   vertex 107 103 122.5
  endloop
 endfacet
 facet normal 0 0 -1
  outer loop
   vertex 107 103 122.5
   vertex 106 102 122.5
   vertex 106 103 122.5
  endloop
 endfacet
 facet normal 0 0 -1
  outer loop
   vertex 108 102 122.5
   vertex 107 102 122.5
   vertex 108 103 122.5
  endloop
 endfacet
 facet normal 0 0 -1
  outer loop
   vertex 108 103 122.5
   vertex 107 102 122.5
   vertex 107 103 122.5
  endloop
 endfacet
 facet normal 0.70710678118654746 0 -0.70710678118654746
  outer loop
   vertex 108.5 103 123
   vertex 108.5 102 123
   vertex 108 102 122.5
  endloop
 endfacet
 facet normal 0.70710678118654746 0 -0.70710678118654746
  outer loop
   vertex 108 103 122.5
   vertex 108.5 103 123
   vertex 108 102 122.5
  endloop
 endfacet
 facet normal -0.70710678118654746 0 -0.70710678118654746
  outer loop
   vertex 106 104 122.5
   vertex 106 103 122.5
   vertex 105.5 103 123
  endloop
 endfacet
 facet normal -0.70710678118654746 0 -0.70710678118654746
  outer loop
   vertex 105.5 104 123
   vertex 106 104 122.5
   vertex 105.5 103 123
  endloop
 endfacet
 facet normal 0 0 -1
  outer loop
   vertex 107 103 122.5
   vertex 106 103 122.5
   vertex 107 104 122.5
  endloop
 endfacet
 facet normal 0 0 -1
  outer loop
   vertex 107 104 122.5
   vertex 106 103 122.5
   vertex 106 104 122.5
  endloop
 endfacet
 facet normal 0 0 -1
  outer loop
   vertex 108 103 122.5
   vertex 107 103 122.5
   vertex 108 104 122.5
  endloop
 endfacet
 facet normal 0 0 -1
  outer loop
   vertex 108 104 122.5
   vertex 107 103 122.5
   vertex 107 104 122.5
  endloop
 endfacet
 facet normal 0.57735026918962584 -0.57735026918962584 -0.57735026918962584
  outer loop
   vertex 109 103.5 123
   vertex 108.5 103 123
   vertex 108 103 122.5
  endloop
 endfacet
 facet normal 0.57735026918962584 -0.57735026918962584 -0.57735026918962584
  outer loop
   vertex 109 103.5 123
   vertex 108 103 122.5
   vertex 109 104 122.5
  endloop
 endfacet
 facet normal 0 0 -1
  outer loop
   vertex 109 104 122.5
   vertex 108 103 122.5
   vertex 108 104 122.5
  endloop
 endfacet
 facet normal 0.57735026918962584 -0.57735026918962584 -0.57735026918962584
  outer loop
   vertex 109 103.5 123
   vertex 109 104 122.5
   vertex 109.5 104 123
  endloop
 endfacet
 facet normal -0.57735026918962584 0.57735026918962584 -0.57735026918962584
  outer loop
   vertex 106 104 122.5
   vertex 105.5 104 123
   vertex 106 104.5 123
  endloop
 endfacet
 facet normal -0.57735026918962584 0.57735026918962584 -0.57735026918962584
  outer loop
   vertex 106 104.5 123
   vertex 106.5 105 123
   vertex 107 105 122.5
  endloop
 endfacet
 facet normal -0.57735026918962584 0.57735026918962584 -0.57735026918962584
  outer loop
   vertex 106 104.5 123
   vertex 107 105 122.5
   vertex 106 104 122.5
  endloop
 endfacet
 facet normal 0 -0 -1
  outer loop
   vertex 106 104 122.5
   vertex 107 105 122.5
   vertex 107 104 122.5
  endloop
 endfacet
 facet normal 0 0 -1
  outer loop
   vertex 108 104 122.5
   vertex 107 104 122.5
   vertex 108 105 122.5
  endloop
 endfacet
 facet normal 0 0 -1
  outer loop
   vertex 108 105 122.5
   vertex 107 104 122.5
   vertex 107 105 122.5
  endloop
 endfacet
 facet normal 0 0 -1
  outer loop
   vertex 109 104 122.5
   vertex 108 104 122.5
   vertex 109 105 122.5
  endloop
 endfacet
 facet normal 0 0 -1
  outer loop
   vertex 109 105 122.5
   vertex 108 104 122.5
   vertex 108 105 122.5
  endloop
 endfacet
 facet normal 0.70710678118654746 0 -0.70710678118654746
  outer loop
   vertex 109.5 105 123
   vertex 109.5 104 123
   vertex 109 104 122.5
  endloop
 endfacet
 facet normal 0.70710678118654746 0 -0.70710678118654746
  outer loop
   vertex 109 105 122.5
   vertex 109.5 105 123
   vertex 109 104 122.5
  endloop
 endfacet
 facet normal -0.70710678118654746 0 -0.70710678118654746
  outer loop
   vertex 107 106 122.5
   vertex 107 105 122.5
   vertex 106.5 105 123
  endloop
 endfacet
 facet normal -0.70710678118654746 0 -0.70710678118654746
  outer loop
   vertex 106.5 106 123
   vertex 107 106 122.5
   vertex 106.5 105 123
  endloop
 endfacet
 facet normal 0 0 -1
  outer loop
   vertex 108 105 122.5
   vertex 107 105 122.5
   vertex 108 106 122.5
  endloop
 endfacet
 facet normal 0 0 -1
  outer loop
   vertex 108 106 122.5
   vertex 107 105 122.5
   vertex 107 106 122.5
  endloop
 endfacet
 facet normal 0 0 -1
  outer loop
   vertex 109 105 122.5
   vertex 108 105 122.5
   vertex 109 106 122.5
  endloop
 endfacet
 facet normal 0 0 -1
  outer loop
   vertex 109 106 122.5
   vertex 108 105 122.5
   vertex 108 106 122.5
  endloop
 endfacet
 facet normal 0.70710678118654746 0 -0.70710678118654746
  outer loop
   vertex 109.5 106 123
   vertex 109.5 105 123
   vertex 109 105 122.5
  endloop
 endfacet
 facet normal 0.70710678118654746 0 -0.70710678118654746
  outer loop
   vertex 109 106 122.5
   vertex 109.5 106 123
   vertex 109 105 122.5
  endloop
 endfacet
 facet normal -0.70710678118654746 0 -0.70710678118654746
  outer loop
   vertex 107 107 122.5
   vertex 107 106 122.5
   vertex 106.5 106 123
  endloop
 endfacet
 facet normal -0.70710678118654746 0 -0.70710678118654746
  outer loop
   vertex 106.5 107 123
   vertex 107 107 122.5
   vertex 106.5 106 123
  endloop
 endfacet
 facet normal 0 0 -1
  outer loop
   vertex 108 106 122.5
   vertex 107 106 122.5
   vertex 108 107 122.5
  endloop
 endfacet
 facet normal 0 0 -1
  outer loop
   vertex 108 107 122.5
   vertex 107 106 122.5
   vertex 107 107 122.5
  endloop
 endfacet
 facet normal 0 0 -1
  outer loop
   vertex 109 106 122.5
   vertex 108 106 122.5
   vertex 109 107 122.5
  endloop
 endfacet
 facet normal 0 0 -1
  outer loop
   vertex 109 107 122.5
   vertex 108 106 122.5
   vertex 108 107 122.5
  endloop
 endfacet
 facet normal 0.70710678118654746 0 -0.70710678118654746
  outer loop
   vertex 109.5 107 123
   vertex 109.5 106 123
   vertex 109 106 122.5
  endloop
 endfacet
 facet normal 0.70710678118654746 0 -0.70710678118654746
  outer loop
   vertex 109 107 122.5
   vertex 109.5 107 123
   vertex 109 106 122.5
  endloop
 endfacet
 facet normal -0.57735026918962584 0.57735026918962584 -0.57735026918962584
  outer loop
   vertex 107 107 122.5
   vertex 106.5 107 123
   vertex 107 107.5 123
  endloop
 endfacet
 facet normal -0.57735026918962584 0.57735026918962584 -0.57735026918962584
  outer loop
   vertex 107 107.5 123
   vertex 107.5 108 123
   vertex 108 108 122.5
  endloop
 endfacet
 facet normal -0.57735026918962584 0.57735026918962584 -0.57735026918962584
  outer loop
   vertex 107 107.5 123
   vertex 108 108 122.5
   vertex 107 107 122.5
  endloop
 endfacet
 facet normal 0 -0 -1
  outer loop
   vertex 107 107 122.5
   vertex 108 108 122.5
   vertex 108 107 122.5
  endloop
 endfacet
 facet normal 0 0 -1
  outer loop
   vertex 109 107 122.5
   vertex 108 107 122.5
   vertex 109 108 122.5
  endloop
 endfacet
 facet normal 0 0 -1
  outer loop
   vertex 109 108 122.5
   vertex 108 107 122.5
   vertex 108 108 122.5
  endloop
 endfacet
 facet normal 0.70710678118654746 0 -0.70710678118654746
  outer loop
   vertex 109.5 108 123
   vertex 109.5 107 123
   vertex 109 107 122.5
  endloop
 endfacet
 facet normal 0.70710678118654746 0 -0.70710678118654746
  outer loop
   vertex 109 108 122.5
   vertex 109.5 108 123
   vertex 109 107 122.5
  endloop
 endfacet
 facet normal -0.70710678118654746 0 -0.70710678118654746
  outer loop
   vertex 108 109 122.5
   vertex 108 108 122.5
   vertex 107.5 108 123
  endloop
 endfacet
 facet normal -0.70710678118654746 0 -0.70710678118654746
  outer loop
   vertex 107.5 109 123
   vertex 108 109 122.5
   vertex 107.5 108 123
  endloop
 endfacet
 facet normal 0 0 -1
  outer loop
   vertex 109 108 122.5
   vertex 108 108 122.5
   vertex 109 109 122.5
  endloop
 endfacet
 facet normal 0 0 -1
  outer loop
   vertex 109 109 122.5
   vertex 108 108 122.5
   vertex 108 109 122.5
  endloop
 endfacet
 facet normal 0.70710678118654746 0 -0.70710678118654746
  outer loop
   vertex 109.5 109 123
   vertex 109.5 108 123
   vertex 109 108 122.5
  endloop
 endfacet
 facet normal 0.70710678118654746 0 -0.70710678118654746
  outer loop
   vertex 109 109 122.5
   vertex 109.5 109 123
   vertex 109 108 122.5
  endloop
 endfacet
 facet normal -0.70710678118654746 0 -0.70710678118654746
  outer loop
   vertex 108 110 122.5
   vertex 108 109 122.5
   vertex 107.5 109 123
  endloop
 endfacet
 facet normal -0.70710678118654746 0 -0.70710678118654746
  outer loop
   vertex 107.5 110 123
   vertex 108 110 122.5
   vertex 107.5 109 123
  endloop
 endfacet
 facet normal 0.57735026918962584 0.57735026918962584 -0.57735026918962584
  outer loop
   vertex 108.5 110 123
   vertex 109 109.5 123
   vertex 109 109 122.5
  endloop
 endfacet
 facet normal 0.57735026918962584 0.57735026918962584 -0.57735026918962584
  outer loop
   vertex 108.5 110 123
   vertex 109 109 122.5
   vertex 108 110 122.5
  endloop
 endfacet
 facet normal 0 0 -1
  outer loop
   vertex 108 110 122.5
   vertex 109 109 122.5
   vertex 108 109 122.5
  endloop
 endfacet
 facet normal 0.57735026918962584 0.57735026918962584 -0.57735026918962584
  outer loop
   vertex 109.5 109 123
   vertex 109 109 122.5
   vertex 109 109.5 123
  endloop
 endfacet
 facet normal -0.57735026918962584 0.57735026918962584 -0.57735026918962584
  outer loop
   vertex 108 110 122.5
   vertex 107.5 110 123
   vertex 108 110.5 123
  endloop
 endfacet
 facet normal 0.57735026918962584 0.57735026918962584 -0.57735026918962584
  outer loop
   vertex 108.5 110 123
   vertex 108 110 122.5
   vertex 108 110.5 123
  endloop
 endfacet
 facet normal -0.57735026918962584 -0.57735026918962584 -0.57735026918962584
  outer loop
   vertex 106 98 123.5
   vertex 106 97.5 124
   vertex 105.5 98 124
  endloop
 endfacet
 facet normal -0 -0.70710678118654746 -0.70710678118654746
  outer loop
   vertex 106 98 123.5
   vertex 107 98 123.5
   vertex 107 97.5 124
  endloop
 endfacet
 facet normal 0 -0.70710678118654746 -0.70710678118654746
  outer loop
   vertex 106 97.5 124
   vertex 106 98 123.5
   vertex 107 97.5 124
  endloop
 endfacet
 facet normal 0.57735026918962584 -0.57735026918962584 -0.57735026918962584
  outer loop
   vertex 107 97.5 124
   vertex 107 98 123.5
   vertex 107.5 98 124
  endloop
 endfacet
 facet normal -0.57735026918962584 -0.57735026918962584 -0.57735026918962584
  outer loop
   vertex 105 99 123.5
   vertex 105 98.5 124
   vertex 104.5 99 124
  endloop
 endfacet
 facet normal -0.57735026918962584 -0.57735026918962584 -0.57735026918962584
  outer loop
   vertex 105.5 98 124
   vertex 105 98.5 124
   vertex 105 99 123.5
  endloop
 endfacet
 facet normal -0.57735026918962584 -0.57735026918962584 -0.57735026918962584
  outer loop
   vertex 105.5 98 124
   vertex 105 99 123.5
   vertex 106 98 123.5
  endloop
 endfacet
 facet normal 0 0 -1
  outer loop
   vertex 106 98 123.5
   vertex 105 99 123.5
   vertex 106 99 123.5
  endloop
 endfacet
 facet normal 0 0 -1
  outer loop
   vertex 107 98 123.5
   vertex 106 98 123.5
   vertex 107 99 123.5
  endloop
 endfacet
 facet normal 0 0 -1
  outer loop
   vertex 107 99 123.5
   vertex 106 98 123.5
   vertex 106 99 123.5
  endloop
 endfacet
 facet normal 0.70710678118654746 0 -0.70710678118654746
  outer loop
   vertex 107.5 99 124
   vertex 107.5 98 124
   vertex 107 98 123.5
  endloop
 endfacet
 facet normal 0.70710678118654746 0 -0.70710678118654746
  outer loop
   vertex 107 99 123.5
   vertex 107.5 99 124
   vertex 107 98 123.5
  endloop
 endfacet
 facet normal -0.70710678118654746 0 -0.70710678118654746
  outer loop
   vertex 105 100 123.5
   vertex 105 99 123.5
   vertex 104.5 99 124
  endloop
 endfacet
 facet normal -0.70710678118654746 0 -0.70710678118654746
  outer loop
   vertex 104.5 100 124
   vertex 105 100 123.5
   vertex 104.5 99 124
  endloop
 endfacet
 facet normal 0.57735026918962584 0.57735026918962584 -0.57735026918962584
  outer loop
   vertex 105.5 100 124
   vertex 106 99.5 124
   vertex 106 99 123.5
  endloop
 endfacet
 facet normal 0.57735026918962584 0.57735026918962584 -0.57735026918962584
  outer loop
   vertex 105.5 100 124
   vertex 106 99 123.5
   vertex 105 100 123.5
  endloop
 endfacet
 facet normal 0 0 -1
  outer loop
   vertex 105 100 123.5
   vertex 106 99 123.5
   vertex 105 99 123.5
  endloop
 endfacet
 facet normal -0.70710678118654746 -0.70710678118654746 -0
  outer loop
   vertex 107 99.5 123
   vertex 106.5 100 124
   vertex 106.5 100 123
  endloop
 endfacet
 facet normal -0.57735026918962573 0.57735026918962573 -0.57735026918962573
  outer loop
   vertex 107 99.5 123
   vertex 106 99 123.5
   vertex 106.5 100 124
  endloop
 endfacet
 facet normal -0 -0.70710678118654746 -0.70710678118654746
  outer loop
   vertex 107 99.5 123
   vertex 107 99 123.5
   vertex 106 99 123.5
  endloop
 endfacet
 facet normal -0.57735026918962584 0.57735026918962584 -0.57735026918962584
  outer loop
   vertex 106 99 123.5
   vertex 106 99.5 124
   vertex 106.5 100 124
  endloop
 endfacet
 facet normal 0.57735026918962584 -0.57735026918962584 -0.57735026918962584
  outer loop
   vertex 107 99 123.5
   vertex 107 99.5 123
   vertex 107.5 100 123
  endloop
 endfacet
 facet normal 0.57735026918962584 -0.57735026918962584 -0.57735026918962584
  outer loop
   vertex 107 99 123.5
   vertex 107.5 100 123
   vertex 107.5 99 124
  endloop
 endfacet
 facet normal 1 0 -0
  outer loop
   vertex 107.5 99 124
   vertex 107.5 100 123
   vertex 107.5 100 124
  endloop
 endfacet
 facet normal -0.70710678118654746 0 -0.70710678118654746
  outer loop
   vertex 105 101 123.5
   vertex 105 100 123.5
   vertex 104.5 100 124
  endloop
 endfacet
 facet normal -0.70710678118654746 0 -0.70710678118654746
  outer loop
   vertex 104.5 101 124
   vertex 105 101 123.5
   vertex 104.5 100 124
  endloop
 endfacet
 facet normal -0.70710678118654746 -0.70710678118654746 0
  outer loop
   vertex 105.5 101 123
   vertex 106 100.5 123
   vertex 106 100.5 124
  endloop
 endfacet
 facet normal 0.57735026918962573 -0.57735026918962573 -0.57735026918962573
  outer loop
   vertex 105.5 101 123
   vertex 106 100.5 124
   vertex 105 100 123.5
  endloop
 endfacet
 facet normal -0.70710678118654746 0 -0.70710678118654746
  outer loop
   vertex 105.5 101 123
   vertex 105 100 123.5
   vertex 105 101 123.5
  endloop
 endfacet
 facet normal 0.57735026918962584 -0.57735026918962584 -0.57735026918962584
  outer loop
   vertex 105.5 100 124
   vertex 105 100 123.5
   vertex 106 100.5 124
  endloop
 endfacet
 facet normal -0.70710678118654746 -0.70710678118654746 0
  outer loop
   vertex 106.5 100 124
   vertex 106 100.5 123
   vertex 106.5 100 123
  endloop
 endfacet
 facet normal -0.70710678118654746 -0.70710678118654746 0
  outer loop
   vertex 106 100.5 124
   vertex 106 100.5 123
   vertex 106.5 100 124
  endloop
 endfacet
 facet normal 0.57735026918962584 -0.57735026918962584 -0.57735026918962584
  outer loop
   vertex 108 100.5 124
   vertex 107.5 101 123
   vertex 108 101 123.5
  endloop
 endfacet
 facet normal 0.57735026918962584 -0.57735026918962584 -0.57735026918962584
  outer loop
   vertex 108 100.5 124
   vertex 107.5 100 124
   vertex 107.5 101 123
  endloop
 endfacet
 facet normal 1 0 0
  outer loop
   vertex 107.5 100 124
   vertex 107.5 100 123
   vertex 107.5 101 123
  endloop
 endfacet
 facet normal 0.57735026918962584 -0.57735026918962584 -0.57735026918962584
  outer loop
   vertex 108 100.5 124
   vertex 108 101 123.5
   vertex 108.5 101 124
  endloop
 endfacet
 facet normal -0.70710678118654746 0 -0.70710678118654746
  outer loop
   vertex 105 102 123.5
   vertex 105 101 123.5
   vertex 104.5 101 124
  endloop
 endfacet
 facet normal -0.70710678118654746 0 -0.70710678118654746
  outer loop
   vertex 104.5 102 124
   vertex 105 102 123.5
   vertex 104.5 101 124
  endloop
 endfacet
 facet normal -0.70710678118654746 0 -0.70710678118654746
  outer loop
   vertex 105.5 101 123
   vertex 105 102 123.5
   vertex 105.5 102 123
  endloop
 endfacet
 facet normal -0.70710678118654746 -0 -0.70710678118654746
  outer loop
   vertex 105 101 123.5
   vertex 105 102 123.5
   vertex 105.5 101 123
  endloop
 endfacet
 facet normal 0.57735026918962584 -0.57735026918962584 -0.57735026918962584
  outer loop
   vertex 107.5 101 123
   vertex 108 101.5 123
   vertex 108 101 123.5
  endloop
 endfacet
 facet normal 0.57735026918962584 -0.57735026918962584 -0.57735026918962584
  outer loop
   vertex 108 101 123.5
   vertex 108 101.5 123
   vertex 108.5 102 123
  endloop
 endfacet
 facet normal 0.57735026918962584 -0.57735026918962584 -0.57735026918962584
  outer loop
   vertex 108 101 123.5
   vertex 108.5 102 123
   vertex 108.5 101 124
  endloop
 endfacet
 facet normal 1 0 -0
  outer loop
   vertex 108.5 101 124
   vertex 108.5 102 123
   vertex 108.5 102 124
  endloop
 endfacet
 facet normal -0.70710678118654746 0 -0.70710678118654746
  outer loop
   vertex 105 103 123.5
   vertex 105 102 123.5
   vertex 104.5 102 124
  endloop
 endfacet
 facet normal -0.70710678118654746 0 -0.70710678118654746
  outer loop
   vertex 104.5 103 124
   vertex 105 103 123.5
   vertex 104.5 102 124
  endloop
 endfacet
 facet normal -0.70710678118654746 0 -0.70710678118654746
  outer loop
   vertex 105.5 102 123
   vertex 105 103 123.5
   vertex 105.5 103 123
  endloop
 endfacet
 facet normal -0.70710678118654746 -0 -0.70710678118654746
  outer loop
   vertex 105 102 123.5
   vertex 105 103 123.5
   vertex 105.5 102 123
  endloop
 endfacet
 facet normal 0.57735026918962584 -0.57735026918962584 -0.57735026918962584
  outer loop
   vertex 109 102.5 124
   vertex 108.5 103 123
   vertex 109 103 123.5
  endloop
 endfacet
 facet normal 0.57735026918962584 -0.57735026918962584 -0.57735026918962584
  outer loop
   vertex 109 102.5 124
   vertex 108.5 102 124
   vertex 108.5 103 123
  endloop
 endfacet
 facet normal 1 0 0
  outer loop
   vertex 108.5 102 124
   vertex 108.5 102 123
   vertex 108.5 103 123
  endloop
 endfacet
 facet normal 0.57735026918962584 -0.57735026918962584 -0.57735026918962584
  outer loop
   vertex 109 102.5 124
   vertex 109 103 123.5
   vertex 109.5 103 124
  endloop
 endfacet
 facet normal -0.70710678118654746 0 -0.70710678118654746
  outer loop
   vertex 105 104 123.5
   vertex 105 103 123.5
   vertex 104.5 103 124
  endloop
 endfacet
 facet normal -0.70710678118654746 0 -0.70710678118654746
  outer loop
   vertex 104.5 104 124
   vertex 105 104 123.5
   vertex 104.5 103 124
  endloop
 endfacet
 facet normal -0.70710678118654746 0 -0.70710678118654746
  outer loop
   vertex 105.5 103 123
   vertex 105 104 123.5
   vertex 105.5 104 123
  endloop
 endfacet
 facet normal -0.70710678118654746 -0 -0.70710678118654746
  outer loop
   vertex 105 103 123.5
   vertex 105 104 123.5
   vertex 105.5 103 123
  endloop
 endfacet
 facet normal 0.57735026918962584 -0.57735026918962584 -0.57735026918962584
  outer loop
   vertex 108.5 103 123
   vertex 109 103.5 123
   vertex 109 103 123.5
  endloop
 endfacet
 facet normal 0.57735026918962584 -0.57735026918962584 -0.57735026918962584
  outer loop
   vertex 109 103 123.5
   vertex 109 103.5 123
   vertex 109.5 104 123
  endloop
 endfacet
 facet normal 0.57735026918962584 -0.57735026918962584 -0.57735026918962584
  outer loop
   vertex 109 103 123.5
   vertex 109.5 104 123
   vertex 109.5 103 124
  endloop
 endfacet
 facet normal 1 0 -0
  outer loop
   vertex 109.5 103 124
   vertex 109.5 104 123
   vertex 109.5 104 124
  endloop
 endfacet
 facet normal -0.70710678118654746 0 -0.70710678118654746
  outer loop
   vertex 105 105 123.5
   vertex 105 104 123.5
   vertex 104.5 104 124
  endloop
 endfacet
 facet normal -0.70710678118654746 0 -0.70710678118654746
  outer loop
   vertex 104.5 105 124
   vertex 105 105 123.5
   vertex 104.5 104 124
  endloop
 endfacet
 facet normal -0.57735026918962584 0.57735026918962584 -0.57735026918962584
  outer loop
   vertex 105.5 104 123
   vertex 106 105 123.5
   vertex 106 104.5 123
  endloop
 endfacet
 facet normal -0.57735026918962584 0.57735026918962584 -0.57735026918962584
  outer loop
   vertex 105.5 104 123
   vertex 105 104 123.5
   vertex 106 105 123.5
  endloop
 endfacet
 facet normal 0 0 -1
  outer loop
   vertex 105 104 123.5
   vertex 105 105 123.5
   vertex 106 105 123.5
  endloop
 endfacet
 facet normal -0.57735026918962584 0.57735026918962584 -0.57735026918962584
  outer loop
   vertex 106 104.5 123
   vertex 106 105 123.5
   vertex 106.5 105 123
  endloop
 endfacet
 facet normal 1 0 0
  outer loop
   vertex 109.5 104 123
   vertex 109.5 105 123
   vertex 109.5 104 124
  endloop
 endfacet
 facet normal 1 0 -0
  outer loop
   vertex 109.5 104 124
   vertex 109.5 105 123
   vertex 109.5 105 124
  endloop
 endfacet
 facet normal -0.70710678118654746 0 -0.70710678118654746
  outer loop
   vertex 105 106 123.5
   vertex 105 105 123.5
   vertex 104.5 105 124
  endloop
 endfacet
 facet normal -0.70710678118654746 0 -0.70710678118654746
  outer loop
   vertex 104.5 106 124
   vertex 105 106 123.5
   vertex 104.5 105 124
  endloop
 endfacet
 facet normal 0 0 -1
  outer loop
   vertex 106 105 123.5
   vertex 105 105 123.5
   vertex 106 106 123.5
  endloop
 endfacet
 facet normal 0 0 -1
  outer loop
   vertex 106 106 123.5
   vertex 105 105 123.5
   vertex 105 106 123.5
  endloop
 endfacet
 facet normal -0.70710678118654746 0 -0.70710678118654746
  outer loop
   vertex 106.5 105 123
   vertex 106 106 123.5
   vertex 106.5 106 123
  endloop
 endfacet
 facet normal -0.70710678118654746 -0 -0.70710678118654746
  outer loop
   vertex 106 105 123.5
   vertex 106 106 123.5
   vertex 106.5 105 123
  endloop
 endfacet
 facet normal 1 0 0
  outer loop
   vertex 109.5 105 123
   vertex 109.5 106 123
   vertex 109.5 105 124
  endloop
 endfacet
 facet normal 1 0 -0
  outer loop
   vertex 109.5 105 124
   vertex 109.5 106 123
   vertex 109.5 106 124
  endloop
 endfacet
 facet normal -0.70710678118654746 0 -0.70710678118654746
  outer loop
   vertex 105 107 123.5
   vertex 105 106 123.5
   vertex 104.5 106 124
  endloop
 endfacet
 facet normal -0.70710678118654746 0 -0.70710678118654746
  outer loop
   vertex 104.5 107 124
   vertex 105 107 123.5
   vertex 104.5 106 124
  endloop
 endfacet
 facet normal 0 0 -1
  outer loop
   vertex 106 106 123.5
   vertex 105 106 123.5
   vertex 106 107 123.5
  endloop
 endfacet
 facet normal 0 0 -1
  outer loop
   vertex 106 107 123.5
   vertex 105 106 123.5
   vertex 105 107 123.5
  endloop
 endfacet
 facet normal -0.70710678118654746 0 -0.70710678118654746
  outer loop
   vertex 106.5 106 123
   vertex 106 107 123.5
   vertex 106.5 107 123
  endloop
 endfacet
 facet normal -0.70710678118654746 -0 -0.70710678118654746
  outer loop
   vertex 106 106 123.5
   vertex 106 107 123.5
   vertex 106.5 106 123
  endloop
 endfacet
 facet normal 0.57735026918962584 -0.57735026918962584 -0.57735026918962584
  outer loop
   vertex 110 106.5 124
   vertex 109.5 107 123
   vertex 110 107 123.5
  endloop
 endfacet
 facet normal 0.57735026918962584 -0.57735026918962584 -0.57735026918962584
  outer loop
   vertex 110 106.5 124
   vertex 109.5 106 124
   vertex 109.5 107 123
  endloop
 endfacet
 facet normal 1 0 0
  outer loop
   vertex 109.5 106 124
   vertex 109.5 106 123
   vertex 109.5 107 123
  endloop
 endfacet
 facet normal 0.57735026918962584 -0.57735026918962584 -0.57735026918962584
  outer loop
   vertex 110 106.5 124
   vertex 110 107 123.5
   vertex 110.5 107 124
  endloop
 endfacet
 facet normal -0.57735026918962584 0.57735026918962584 -0.57735026918962584
  outer loop
   vertex 105 107 123.5
   vertex 104.5 107 124
   vertex 105 107.5 124
  endloop
 endfacet
 facet normal -0.57735026918962584 0.57735026918962584 -0.57735026918962584
  outer loop
   vertex 105 107.5 124
   vertex 105.5 108 124
   vertex 106 108 123.5
  endloop
 endfacet
 facet normal -0.57735026918962584 0.57735026918962584 -0.57735026918962584
  outer loop
   vertex 105 107.5 124
   vertex 106 108 123.5
   vertex 105 107 123.5
  endloop
 endfacet
 facet normal 0 -0 -1
  outer loop
   vertex 105 107 123.5
   vertex 106 108 123.5
   vertex 106 107 123.5
  endloop
 endfacet
 facet normal -0.57735026918962584 0.57735026918962584 -0.57735026918962584
  outer loop
   vertex 106.5 107 123
   vertex 107 108 123.5
   vertex 107 107.5 123
  endloop
 endfacet
 facet normal -0.57735026918962584 0.57735026918962584 -0.57735026918962584
  outer loop
   vertex 106.5 107 123
   vertex 106 107 123.5
   vertex 107 108 123.5
  endloop
 endfacet
 facet normal 0 0 -1
  outer loop
   vertex 106 107 123.5
   vertex 106 108 123.5
   vertex 107 108 123.5
  endloop
 endfacet
 facet normal -0.57735026918962584 0.57735026918962584 -0.57735026918962584
  outer loop
   vertex 107 107.5 123
   vertex 107 108 123.5
   vertex 107.5 108 123
  endloop
 endfacet
 facet normal 0.70710678118654746 0 -0.70710678118654746
  outer loop
   vertex 110 107 123.5
   vertex 109.5 108 123
   vertex 110 108 123.5
  endloop
 endfacet
 facet normal 0.70710678118654746 0 -0.70710678118654746
  outer loop
   vertex 109.5 107 123
   vertex 109.5 108 123
   vertex 110 107 123.5
  endloop
 endfacet
 facet normal 0.70710678118654746 0 -0.70710678118654746
  outer loop
   vertex 110.5 108 124
   vertex 110.5 107 124
   vertex 110 107 123.5
  endloop
 endfacet
 facet normal 0.70710678118654746 0 -0.70710678118654746
  outer loop
   vertex 110 108 123.5
   vertex 110.5 108 124
   vertex 110 107 123.5
  endloop
 endfacet
 facet normal -0.70710678118654746 0 -0.70710678118654746
  outer loop
   vertex 106 109 123.5
   vertex 106 108 123.5
   vertex 105.5 108 124
  endloop
 endfacet
 facet normal -0.70710678118654746 0 -0.70710678118654746
  outer loop
   vertex 105.5 109 124
   vertex 106 109 123.5
   vertex 105.5 108 124
  endloop
 endfacet
 facet normal 0 0 -1
  outer loop
   vertex 107 108 123.5
   vertex 106 108 123.5
   vertex 107 109 123.5
  endloop
 endfacet
 facet normal 0 0 -1
  outer loop
   vertex 107 109 123.5
   vertex 106 108 123.5
   vertex 106 109 123.5
  endloop
 endfacet
 facet normal -0.70710678118654746 0 -0.70710678118654746
  outer loop
   vertex 107.5 108 123
   vertex 107 109 123.5
   vertex 107.5 109 123
  endloop
 endfacet
 facet normal -0.70710678118654746 -0 -0.70710678118654746
  outer loop
   vertex 107 108 123.5
   vertex 107 109 123.5
   vertex 107.5 108 123
  endloop
 endfacet
 facet normal 0.70710678118654746 0 -0.70710678118654746
  outer loop
   vertex 110 108 123.5
   vertex 109.5 109 123
   vertex 110 109 123.5
  endloop
 endfacet
 facet normal 0.70710678118654746 0 -0.70710678118654746
  outer loop
   vertex 109.5 108 123
   vertex 109.5 109 123
   vertex 110 108 123.5
  endloop
 endfacet
 facet normal 0.70710678118654746 0 -0.70710678118654746
  outer loop
   vertex 110.5 109 124
   vertex 110.5 108 124
   vertex 110 108 123.5
  endloop
 endfacet
 facet normal 0.70710678118654746 0 -0.70710678118654746
  outer loop
   vertex 110 109 123.5
   vertex 110.5 109 124
   vertex 110 108 123.5
  endloop
 endfacet
 facet normal -0.70710678118654746 0 -0.70710678118654746
  outer loop
   vertex 106 110 123.5
   vertex 106 109 123.5
   vertex 105.5 109 124
  endloop
 endfacet
 facet normal -0.70710678118654746 0 -0.70710678118654746
  outer loop
   vertex 105.5 110 124
   vertex 106 110 123.5
   vertex 105.5 109 124
  endloop
 endfacet
 facet normal 0 0 -1
  outer loop
   vertex 107 109 123.5
   vertex 106 109 123.5
   vertex 107 110 123.5
  endloop
 endfacet
 facet normal 0 0 -1
  outer loop
   vertex 107 110 123.5
   vertex 106 109 123.5
   vertex 106 110 123.5
  endloop
 endfacet
 facet normal -0.70710678118654746 0 -0.70710678118654746
  outer loop
   vertex 107.5 109 123
   vertex 107 110 123.5
   vertex 107.5 110 123
  endloop
 endfacet
 facet normal -0.70710678118654746 -0 -0.70710678118654746
  outer loop
   vertex 107 109 123.5
   vertex 107 110 123.5
   vertex 107.5 109 123
  endloop
 endfacet
 facet normal 0.57735026918962584 0.57735026918962584 -0.57735026918962584
  outer loop
   vertex 109 109.5 123
   vertex 108.5 110 123
   vertex 109 110 123.5
  endloop
 endfacet
 facet normal 0.57735026918962584 0.57735026918962584 -0.57735026918962584
  outer loop
   vertex 109 109.5 123
   vertex 110 109 123.5
   vertex 109.5 109 123
  endloop
 endfacet
 facet normal 0.57735026918962584 0.57735026918962584 -0.57735026918962584
  outer loop
   vertex 109 109.5 123
   vertex 109 110 123.5
   vertex 110 109 123.5
  endloop
 endfacet
 facet normal -0 -0 -1
  outer loop
   vertex 109 110 123.5
   vertex 110 110 123.5
   vertex 110 109 123.5
  endloop
 endfacet
 facet normal 0.70710678118654746 0 -0.70710678118654746
  outer loop
   vertex 110.5 110 124
   vertex 110.5 109 124
   vertex 110 109 123.5
  endloop
 endfacet
 facet normal 0.70710678118654746 0 -0.70710678118654746
  outer loop
   vertex 110 110 123.5
   vertex 110.5 110 124
   vertex 110 109 123.5
  endloop
 endfacet
 facet normal -0.70710678118654746 0 -0.70710678118654746
  outer loop
   vertex 106 111 123.5
   vertex 106 110 123.5
   vertex 105.5 110 124
  endloop
 endfacet
 facet normal -0.70710678118654746 0 -0.70710678118654746
  outer loop
   vertex 105.5 111 124
   vertex 106 111 123.5
   vertex 105.5 110 124
  endloop
 endfacet
 facet normal 0 0 -1
  outer loop
   vertex 107 110 123.5
   vertex 106 110 123.5
   vertex 107 111 123.5
  endloop
 endfacet
 facet normal 0 0 -1
  outer loop
   vertex 107 111 123.5
   vertex 106 110 123.5
   vertex 106 111 123.5
  endloop
 endfacet
 facet normal -0.57735026918962584 0.57735026918962584 -0.57735026918962584
  outer loop
   vertex 107.5 110 123
   vertex 108 111 123.5
   vertex 108 110.5 123
  endloop
 endfacet
 facet normal -0.57735026918962584 0.57735026918962584 -0.57735026918962584
  outer loop
   vertex 107.5 110 123
   vertex 107 110 123.5
   vertex 108 111 123.5
  endloop
 endfacet
 facet normal 0 0 -1
  outer loop
   vertex 107 110 123.5
   vertex 107 111 123.5
   vertex 108 111 123.5
  endloop
 endfacet
 facet normal 0.57735026918962584 0.57735026918962584 -0.57735026918962584
  outer loop
   vertex 108 110.5 123
   vertex 109 110 123.5
   vertex 108.5 110 123
  endloop
 endfacet
 facet normal 0.57735026918962584 0.57735026918962584 -0.57735026918962584
  outer loop
   vertex 108 110.5 123
   vertex 108 111 123.5
   vertex 109 110 123.5
  endloop
 endfacet
 facet normal -0 -0 -1
  outer loop
   vertex 108 111 123.5
   vertex 109 111 123.5
   vertex 109 110 123.5
  endloop
 endfacet
 facet normal 0.57735026918962584 0.57735026918962584 -0.57735026918962584
  outer loop
   vertex 109.5 111 124
   vertex 110 110.5 124
   vertex 110 110 123.5
  endloop
 endfacet
 facet normal 0.57735026918962584 0.57735026918962584 -0.57735026918962584
  outer loop
   vertex 109.5 111 124
   vertex 110 110 123.5
   vertex 109 111 123.5
  endloop
 endfacet
 facet normal 0 0 -1
  outer loop
   vertex 109 111 123.5
   vertex 110 110 123.5
   vertex 109 110 123.5
  endloop
 endfacet
 facet normal 0.57735026918962584 0.57735026918962584 -0.57735026918962584
  outer loop
   vertex 110.5 110 124
   vertex 110 110 123.5
   vertex 110 110.5 124
  endloop
 endfacet
 facet normal -0.57735026918962584 0.57735026918962584 -0.57735026918962584
  outer loop
   vertex 106 111 123.5
   vertex 105.5 111 124
   vertex 106 111.5 124
  endloop
 endfacet
 facet normal 0 0.70710678118654746 -0.70710678118654746
  outer loop
   vertex 107 111 123.5
   vertex 106 111 123.5
   vertex 106 111.5 124
  endloop
 endfacet
 facet normal 0 0.70710678118654746 -0.70710678118654746
  outer loop
   vertex 107 111.5 124
   vertex 107 111 123.5
   vertex 106 111.5 124
  endloop
 endfacet
 facet normal 0 0.70710678118654746 -0.70710678118654746
  outer loop
   vertex 108 111 123.5
   vertex 107 111 123.5
   vertex 107 111.5 124
  endloop
 endfacet
 facet normal 0 0.70710678118654746 -0.70710678118654746
  outer loop
   vertex 108 111.5 124
   vertex 108 111 123.5
   vertex 107 111.5 124
  endloop
 endfacet
 facet normal 0 0.70710678118654746 -0.70710678118654746
  outer loop
   vertex 109 111 123.5
   vertex 108 111 123.5
   vertex 108 111.5 124
  endloop
 endfacet
 facet normal 0 0.70710678118654746 -0.70710678118654746
  outer loop
   vertex 109 111.5 124
   vertex 109 111 123.5
   vertex 108 111.5 124
  endloop
 endfacet
 facet normal 0.57735026918962584 0.57735026918962584 -0.57735026918962584
  outer loop
   vertex 109.5 111 124
   vertex 109 111 123.5
   vertex 109 111.5 124
  endloop
 endfacet
 facet normal -0.57735026918962584 -0.57735026918962584 -0.57735026918962584
  outer loop
   vertex 105 96 124.5
   vertex 105 95.5 125
   vertex 104.5 96 125
  endloop
 endfacet
 facet normal 0.57735026918962584 -0.57735026918962584 -0.57735026918962584
  outer loop
   vertex 105 95.5 125
   vertex 105 96 124.5
   vertex 105.5 96 125
  endloop
 endfacet
 facet normal -0.70710678118654746 0 -0.70710678118654746
  outer loop
   vertex 105 97 124.5
   vertex 105 96 124.5
   vertex 104.5 96 125
  endloop
 endfacet
 facet normal -0.70710678118654746 0 -0.70710678118654746
  outer loop
   vertex 104.5 97 125
   vertex 105 97 124.5
   vertex 104.5 96 125
  endloop
 endfacet
 facet normal 0.57735026918962584 -0.57735026918962584 -0.57735026918962584
  outer loop
   vertex 106 96.5 125
   vertex 105.5 96 125
   vertex 105 96 124.5
  endloop
 endfacet
 facet normal 0.57735026918962584 -0.57735026918962584 -0.57735026918962584
  outer loop
   vertex 106 96.5 125
   vertex 105 96 124.5
   vertex 106 97 124.5
  endloop
 endfacet
 facet normal 0 0 -1
  outer loop
   vertex 106 97 124.5
   vertex 105 96 124.5
   vertex 105 97 124.5
  endloop
 endfacet
 facet normal 0.57735026918962584 -0.57735026918962584 -0.57735026918962584
  outer loop
   vertex 106 96.5 125
   vertex 106 97 124.5
   vertex 106.5 97 125
  endloop
 endfacet
 facet normal -0.70710678118654746 0 -0.70710678118654746
  outer loop
   vertex 105 98 124.5
   vertex 105 97 124.5
   vertex 104.5 97 125
  endloop
 endfacet
 facet normal -0.70710678118654746 0 -0.70710678118654746
  outer loop
   vertex 104.5 98 125
   vertex 105 98 124.5
   vertex 104.5 97 125
  endloop
 endfacet
 facet normal -0.57735026918962584 -0.57735026918962584 -0.57735026918962584
  outer loop
   vertex 106 97.5 124
   vertex 105 98 124.5
   vertex 105.5 98 124
  endloop
 endfacet
 facet normal -0.57735026918962584 -0.57735026918962584 -0.57735026918962584
  outer loop
   vertex 106 97.5 124
   vertex 106 97 124.5
   vertex 105 98 124.5
  endloop
 endfacet
 facet normal 0 0 -1
  outer loop
   vertex 106 97 124.5
   vertex 105 97 124.5
   vertex 105 98 124.5
  endloop
 endfacet
 facet normal 0.57735026918962584 -0.57735026918962584 -0.57735026918962584
  outer loop
   vertex 106 97 124.5
   vertex 107 97.5 125
   vertex 106.5 97 125
  endloop
 endfacet
 facet normal 0.57735026918962584 -0.57735026918962584 -0.57735026918962584
  outer loop
   vertex 106 97 124.5
   vertex 106 97.5 124
   vertex 107 97.5 125
  endloop
 endfacet
 facet normal 0 -1 0
  outer loop
   vertex 106 97.5 124
   vertex 107 97.5 124
   vertex 107 97.5 125
  endloop
 endfacet
 facet normal 0.70710678118654746 -0.70710678118654746 0
  outer loop
   vertex 107 97.5 125
   vertex 107 97.5 124
   vertex 107.5 98 124
  endloop
 endfacet
 facet normal 0.70710678118654746 -0.70710678118654746 0
  outer loop
   vertex 107.5 98 125
   vertex 107 97.5 125
   vertex 107.5 98 124
  endloop
 endfacet
 facet normal -0.57735026918962584 -0.57735026918962584 -0.57735026918962584
  outer loop
   vertex 104 99 124.5
   vertex 104 98.5 125
   vertex 103.5 99 125
  endloop
 endfacet
 facet normal -0.57735026918962584 -0.57735026918962584 -0.57735026918962584
  outer loop
   vertex 104.5 98 125
   vertex 104 98.5 125
   vertex 104 99 124.5
  endloop
 endfacet
 facet normal -0.57735026918962584 -0.57735026918962584 -0.57735026918962584
  outer loop
   vertex 105 98 124.5
   vertex 104.5 98 125
   vertex 104 99 124.5
  endloop
 endfacet
 facet normal -0.57735026918962584 -0.57735026918962584 -0.57735026918962584
  outer loop
   vertex 105 98 124.5
   vertex 104 99 124.5
   vertex 104.5 99 124
  endloop
 endfacet
 facet normal -0.57735026918962584 -0.57735026918962584 -0.57735026918962584
  outer loop
   vertex 105 98 124.5
   vertex 104.5 99 124
   vertex 105 98.5 124
  endloop
 endfacet
 facet normal -0.57735026918962584 -0.57735026918962584 -0.57735026918962584
  outer loop
   vertex 105.5 98 124
   vertex 105 98 124.5
   vertex 105 98.5 124
  endloop
 endfacet
 facet normal 0.57735026918962584 0.57735026918962584 0.57735026918962584
  outer loop
   vertex 106 98.5 125
   vertex 106 99 124.5
   vertex 105.5 99 125
  endloop
 endfacet
 facet normal 0 0.70710678118654746 0.70710678118654746
  outer loop
   vertex 106 99 124.5
   vertex 107 98.5 125
   vertex 107 99 124.5
  endloop
 endfacet
 facet normal 0 0.70710678118654746 0.70710678118654746
  outer loop
   vertex 106 98.5 125
   vertex 107 98.5 125
   vertex 106 99 124.5
  endloop
 endfacet
 facet normal 0.57735026918962584 0.57735026918962584 0.57735026918962584
  outer loop
   vertex 107 99 124.5
   vertex 107 98.5 125
   vertex 107.5 98 125
  endloop
 endfacet
 facet normal 0.57735026918962584 0.57735026918962584 0.57735026918962584
  outer loop
   vertex 107 99 124.5
   vertex 107.5 98 125
   vertex 107.5 99 124
  endloop
 endfacet
 facet normal 1 0 0
  outer loop
   vertex 107.5 99 124
   vertex 107.5 98 125
   vertex 107.5 98 124
  endloop
 endfacet
 facet normal -0.70710678118654746 0 -0.70710678118654746
  outer loop
   vertex 104 100 124.5
   vertex 104 99 124.5
   vertex 103.5 99 125
  endloop
 endfacet
 facet normal -0.70710678118654746 0 -0.70710678118654746
  outer loop
   vertex 103.5 100 125
   vertex 104 100 124.5
   vertex 103.5 99 125
  endloop
 endfacet
 facet normal -0.70710678118654746 0 -0.70710678118654746
  outer loop
   vertex 104.5 99 124
   vertex 104 100 124.5
   vertex 104.5 100 124
  endloop
 endfacet
 facet normal -0.70710678118654746 -0 -0.70710678118654746
  outer loop
   vertex 104 99 124.5
   vertex 104 100 124.5
   vertex 104.5 99 124
  endloop
 endfacet
 facet normal 0.57735026918962584 0.57735026918962584 0.57735026918962584
  outer loop
   vertex 106 99.5 124
   vertex 105.5 99 125
   vertex 106 99 124.5
  endloop
 endfacet
 facet normal 0.57735026918962584 0.57735026918962584 0.57735026918962584
  outer loop
   vertex 106 99.5 124
   vertex 105.5 100 124
   vertex 105.5 99 125
  endloop
 endfacet
 facet normal 1 0 0
  outer loop
   vertex 105.5 100 124
   vertex 105.5 100 125
   vertex 105.5 99 125
  endloop
 endfacet
 facet normal -0.57735026918962584 0.57735026918962584 0.57735026918962584
  outer loop
   vertex 106.5 100 124
   vertex 106 99.5 124
   vertex 106 99 124.5
  endloop
 endfacet
 facet normal -0.57735026918962584 0.57735026918962584 0.57735026918962584
  outer loop
   vertex 106.5 100 124
   vertex 106 99 124.5
   vertex 107 100 124.5
  endloop
 endfacet
 facet normal 0 0 1
  outer loop
   vertex 107 100 124.5
   vertex 106 99 124.5
   vertex 107 99 124.5
  endloop
 endfacet
 facet normal 0.70710678118654746 0 0.70710678118654746
  outer loop
   vertex 107.5 99 124
   vertex 107.5 100 124
   vertex 107 100 124.5
  endloop
 endfacet
 facet normal 0.70710678118654746 0 0.70710678118654746
  outer loop
   vertex 107 99 124.5
   vertex 107.5 99 124
   vertex 107 100 124.5
  endloop
 endfacet
 facet normal -0.70710678118654746 0 -0.70710678118654746
  outer loop
   vertex 104 101 124.5
   vertex 104 100 124.5
   vertex 103.5 100 125
  endloop
 endfacet
 facet normal -0.70710678118654746 0 -0.70710678118654746
  outer loop
   vertex 103.5 101 125
   vertex 104 101 124.5
   vertex 103.5 100 125
  endloop
 endfacet
 facet normal -0.70710678118654746 0 -0.70710678118654746
  outer loop
   vertex 104.5 100 124
   vertex 104 101 124.5
   vertex 104.5 101 124
  endloop
 endfacet
 facet normal -0.70710678118654746 -0 -0.70710678118654746
  outer loop
   vertex 104 100 124.5
   vertex 104 101 124.5
   vertex 104.5 100 124
  endloop
 endfacet
 facet normal 0.57735026918962584 -0.57735026918962584 0.57735026918962584
  outer loop
   vertex 106 101 124.5
   vertex 105.5 100 124
   vertex 106 100.5 124
  endloop
 endfacet
 facet normal 0.57735026918962584 -0.57735026918962584 0.57735026918962584
  outer loop
   vertex 106 101 124.5
   vertex 105.5 101 125
   vertex 105.5 100 124
  endloop
 endfacet
 facet normal 1 -0 0
  outer loop
   vertex 105.5 101 125
   vertex 105.5 100 125
   vertex 105.5 100 124
  endloop
 endfacet
 facet normal -0.57735026918962584 -0.57735026918962584 0.57735026918962584
  outer loop
   vertex 106 100.5 124
   vertex 106.5 100 124
   vertex 107 100 124.5
  endloop
 endfacet
 facet normal -0.57735026918962584 -0.57735026918962584 0.57735026918962584
  outer loop
   vertex 106 100.5 124
   vertex 107 100 124.5
   vertex 106 101 124.5
  endloop
 endfacet
 facet normal 0 -0 1
  outer loop
   vertex 106 101 124.5
   vertex 107 100 124.5
   vertex 107 101 124.5
  endloop
 endfacet
 facet normal 0.70710678118654746 0 0.70710678118654746
  outer loop
   vertex 107.5 100 124
   vertex 107 101 124.5
   vertex 107 100 124.5
  endloop
 endfacet
 facet normal -0.57735026918962573 -0.57735026918962573 0.57735026918962573
  outer loop
   vertex 107.5 100 124
   vertex 108 100.5 125
   vertex 107 101 124.5
  endloop
 endfacet
 facet normal 0.70710678118654746 -0.70710678118654746 0
  outer loop
   vertex 107.5 100 124
   vertex 108 100.5 124
   vertex 108 100.5 125
  endloop
 endfacet
 facet normal -0.57735026918962584 -0.57735026918962584 0.57735026918962584
  outer loop
   vertex 108 100.5 125
   vertex 107.5 101 125
   vertex 107 101 124.5
  endloop
 endfacet
 facet normal 0.70710678118654746 -0.70710678118654746 0
  outer loop
   vertex 108 100.5 125
   vertex 108 100.5 124
   vertex 108.5 101 124
  endloop
 endfacet
 facet normal 0.70710678118654746 -0.70710678118654746 0
  outer loop
   vertex 108.5 101 125
   vertex 108 100.5 125
   vertex 108.5 101 124
  endloop
 endfacet
 facet normal -0.70710678118654746 0 -0.70710678118654746
  outer loop
   vertex 104 102 124.5
   vertex 104 101 124.5
   vertex 103.5 101 125
  endloop
 endfacet
 facet normal -0.70710678118654746 0 -0.70710678118654746
  outer loop
   vertex 103.5 102 125
   vertex 104 102 124.5
   vertex 103.5 101 125
  endloop
 endfacet
 facet normal -0.70710678118654746 0 -0.70710678118654746
  outer loop
   vertex 104.5 101 124
   vertex 104 102 124.5
   vertex 104.5 102 124
  endloop
 endfacet
 facet normal -0.70710678118654746 -0 -0.70710678118654746
  outer loop
   vertex 104 101 124.5
   vertex 104 102 124.5
   vertex 104.5 101 124
  endloop
 endfacet
 facet normal 0.70710678118654746 0 0.70710678118654746
  outer loop
   vertex 106 102 124.5
   vertex 105.5 101 125
   vertex 106 101 124.5
  endloop
 endfacet
 facet normal 0.70710678118654746 -0 0.70710678118654746
  outer loop
   vertex 105.5 102 125
   vertex 105.5 101 125
   vertex 106 102 124.5
  endloop
 endfacet
 facet normal 0 0 1
  outer loop
   vertex 107 101 124.5
   vertex 107 102 124.5
   vertex 106 101 124.5
  endloop
 endfacet
 facet normal -0 0 1
  outer loop
   vertex 107 102 124.5
   vertex 106 102 124.5
   vertex 106 101 124.5
  endloop
 endfacet
 facet normal -0.70710678118654746 0 0.70710678118654746
  outer loop
   vertex 107.5 102 125
   vertex 107 101 124.5
   vertex 107.5 101 125
  endloop
 endfacet
 facet normal -0.70710678118654746 0 0.70710678118654746
  outer loop
   vertex 107 102 124.5
   vertex 107 101 124.5
   vertex 107.5 102 125
  endloop
 endfacet
 facet normal 1 0 0
  outer loop
   vertex 108.5 101 124
   vertex 108.5 102 124
   vertex 108.5 101 125
  endloop
 endfacet
 facet normal 1 0 -0
  outer loop
   vertex 108.5 101 125
   vertex 108.5 102 124
   vertex 108.5 102 125
  endloop
 endfacet
 facet normal -0.70710678118654746 0 -0.70710678118654746
  outer loop
   vertex 104 103 124.5
   vertex 104 102 124.5
   vertex 103.5 102 125
  endloop
 endfacet
 facet normal -0.70710678118654746 0 -0.70710678118654746
  outer loop
   vertex 103.5 103 125
   vertex 104 103 124.5
   vertex 103.5 102 125
  endloop
 endfacet
 facet normal -0.70710678118654746 0 -0.70710678118654746
  outer loop
   vertex 104.5 102 124
   vertex 104 103 124.5
   vertex 104.5 103 124
  endloop
 endfacet
 facet normal -0.70710678118654746 -0 -0.70710678118654746
  outer loop
   vertex 104 102 124.5
   vertex 104 103 124.5
   vertex 104.5 102 124
  endloop
 endfacet
 facet normal 0.57735026918962584 -0.57735026918962584 0.57735026918962584
  outer loop
   vertex 106 102 124.5
   vertex 106 102.5 125
   vertex 105.5 102 125
  endloop
 endfacet
 facet normal 0 -0.70710678118654746 0.70710678118654746
  outer loop
   vertex 107 102 124.5
   vertex 106 102.5 125
   vertex 106 102 124.5
  endloop
 endfacet
 facet normal 0 -0.70710678118654746 0.70710678118654746
  outer loop
   vertex 107 102.5 125
   vertex 106 102.5 125
   vertex 107 102 124.5
  endloop
 endfacet
 facet normal -0.57735026918962584 -0.57735026918962584 0.57735026918962584
  outer loop
   vertex 107.5 102 125
   vertex 107 102.5 125
   vertex 107 102 124.5
  endloop
 endfacet
 facet normal 0.70710678118654746 -0.70710678118654746 0
  outer loop
   vertex 108.5 102 124
   vertex 109 102.5 125
   vertex 108.5 102 125
  endloop
 endfacet
 facet normal 0.70710678118654746 -0.70710678118654746 0
  outer loop
   vertex 109 102.5 124
   vertex 109 102.5 125
   vertex 108.5 102 124
  endloop
 endfacet
 facet normal 0.70710678118654746 -0.70710678118654746 0
  outer loop
   vertex 109 102.5 125
   vertex 109 102.5 124
   vertex 109.5 103 124
  endloop
 endfacet
 facet normal 0.70710678118654746 -0.70710678118654746 0
  outer loop
   vertex 109.5 103 125
   vertex 109 102.5 125
   vertex 109.5 103 124
  endloop
 endfacet
 facet normal -0.70710678118654746 0 -0.70710678118654746
  outer loop
   vertex 104 104 124.5
   vertex 104 103 124.5
   vertex 103.5 103 125
  endloop
 endfacet
 facet normal -0.70710678118654746 0 -0.70710678118654746
  outer loop
   vertex 103.5 104 125
   vertex 104 104 124.5
   vertex 103.5 103 125
  endloop
 endfacet
 facet normal -0.70710678118654746 0 -0.70710678118654746
  outer loop
   vertex 104.5 103 124
   vertex 104 104 124.5
   vertex 104.5 104 124
  endloop
 endfacet
 facet normal -0.70710678118654746 -0 -0.70710678118654746
  outer loop
   vertex 104 103 124.5
   vertex 104 104 124.5
   vertex 104.5 103 124
  endloop
 endfacet
 facet normal 1 0 0
  outer loop
   vertex 109.5 103 124
   vertex 109.5 104 124
   vertex 109.5 103 125
  endloop
 endfacet
 facet normal 1 0 -0
  outer loop
   vertex 109.5 103 125
   vertex 109.5 104 124
   vertex 109.5 104 125
  endloop
 endfacet
 facet normal -0.70710678118654746 0 -0.70710678118654746
  outer loop
   vertex 104 105 124.5
   vertex 104 104 124.5
   vertex 103.5 104 125
  endloop
 endfacet
 facet normal -0.70710678118654746 0 -0.70710678118654746
  outer loop
   vertex 103.5 105 125
   vertex 104 105 124.5
   vertex 103.5 104 125
  endloop
 endfacet
 facet normal -0.70710678118654746 0 -0.70710678118654746
  outer loop
   vertex 104.5 104 124
   vertex 104 105 124.5
   vertex 104.5 105 124
  endloop
 endfacet
 facet normal -0.70710678118654746 -0 -0.70710678118654746
  outer loop
   vertex 104 104 124.5
   vertex 104 105 124.5
   vertex 104.5 104 124
  endloop
 endfacet
 facet normal 1 0 0
  outer loop
   vertex 109.5 104 124
   vertex 109.5 105 124
   vertex 109.5 104 125
  endloop
 endfacet
 facet normal 1 0 -0
  outer loop
   vertex 109.5 104 125
   vertex 109.5 105 124
   vertex 109.5 105 125
  endloop
 endfacet
 facet normal -0.70710678118654746 0 -0.70710678118654746
  outer loop
   vertex 104 106 124.5
   vertex 104 105 124.5
   vertex 103.5 105 125
  endloop
 endfacet
 facet normal -0.70710678118654746 0 -0.70710678118654746
  outer loop
   vertex 103.5 106 125
   vertex 104 106 124.5
   vertex 103.5 105 125
  endloop
 endfacet
 facet normal -0.70710678118654746 0 -0.70710678118654746
  outer loop
   vertex 104.5 105 124
   vertex 104 106 124.5
   vertex 104.5 106 124
  endloop
 endfacet
 facet normal -0.70710678118654746 -0 -0.70710678118654746
  outer loop
   vertex 104 105 124.5
   vertex 104 106 124.5
   vertex 104.5 105 124
  endloop
 endfacet
 facet normal 0.57735026918962584 -0.57735026918962584 -0.57735026918962584
  outer loop
   vertex 110 105.5 125
   vertex 109.5 106 124
   vertex 110 106 124.5
  endloop
 endfacet
 facet normal 0.57735026918962584 -0.57735026918962584 -0.57735026918962584
  outer loop
   vertex 110 105.5 125
   vertex 109.5 105 125
   vertex 109.5 106 124
  endloop
 endfacet
 facet normal 1 0 0
  outer loop
   vertex 109.5 105 125
   vertex 109.5 105 124
   vertex 109.5 106 124
  endloop
 endfacet
 facet normal 0.57735026918962584 -0.57735026918962584 -0.57735026918962584
  outer loop
   vertex 110 105.5 125
   vertex 110 106 124.5
   vertex 110.5 106 125
  endloop
 endfacet
 facet normal -0.70710678118654746 0 -0.70710678118654746
  outer loop
   vertex 104 107 124.5
   vertex 104 106 124.5
   vertex 103.5 106 125
  endloop
 endfacet
 facet normal -0.70710678118654746 0 -0.70710678118654746
  outer loop
   vertex 103.5 107 125
   vertex 104 107 124.5
   vertex 103.5 106 125
  endloop
 endfacet
 facet normal -0.70710678118654746 0 -0.70710678118654746
  outer loop
   vertex 104.5 106 124
   vertex 104 107 124.5
   vertex 104.5 107 124
  endloop
 endfacet
 facet normal -0.70710678118654746 -0 -0.70710678118654746
  outer loop
   vertex 104 106 124.5
   vertex 104 107 124.5
   vertex 104.5 106 124
  endloop
 endfacet
 facet normal 0.57735026918962584 -0.57735026918962584 -0.57735026918962584
  outer loop
   vertex 109.5 106 124
   vertex 110 106.5 124
   vertex 110 106 124.5
  endloop
 endfacet
 facet normal 0.57735026918962584 -0.57735026918962584 -0.57735026918962584
  outer loop
   vertex 110 106 124.5
   vertex 110 106.5 124
   vertex 110.5 107 124
  endloop
 endfacet
 facet normal 0.57735026918962584 -0.57735026918962584 -0.57735026918962584
  outer loop
   vertex 110 106 124.5
   vertex 110.5 107 124
   vertex 110.5 106 125
  endloop
 endfacet
 facet normal 1 0 -0
  outer loop
   vertex 110.5 106 125
   vertex 110.5 107 124
   vertex 110.5 107 125
  endloop
 endfacet
 facet normal -0.57735026918962584 0.57735026918962584 -0.57735026918962584
  outer loop
   vertex 104 107 124.5
   vertex 103.5 107 125
   vertex 104 107.5 125
  endloop
 endfacet
 facet normal -0.57735026918962584 0.57735026918962584 -0.57735026918962584
  outer loop
   vertex 105 108 124.5
   vertex 104 107.5 125
   vertex 104.5 108 125
  endloop
 endfacet
 facet normal -0.57735026918962584 0.57735026918962584 -0.57735026918962584
  outer loop
   vertex 105 107.5 124
   vertex 104 107.5 125
   vertex 105 108 124.5
  endloop
 endfacet
 facet normal -0.57735026918962584 0.57735026918962584 -0.57735026918962584
  outer loop
   vertex 105 107.5 124
   vertex 104 107 124.5
   vertex 104 107.5 125
  endloop
 endfacet
 facet normal -0.57735026918962584 0.57735026918962584 -0.57735026918962584
  outer loop
   vertex 105 107.5 124
   vertex 104.5 107 124
   vertex 104 107 124.5
  endloop
 endfacet
 facet normal -0.57735026918962584 0.57735026918962584 -0.57735026918962584
  outer loop
   vertex 105 107.5 124
   vertex 105 108 124.5
   vertex 105.5 108 124
  endloop
 endfacet
 facet normal 1 0 0
  outer loop
   vertex 110.5 107 124
   vertex 110.5 108 124
   vertex 110.5 107 125
  endloop
 endfacet
 facet normal 1 0 -0
  outer loop
   vertex 110.5 107 125
   vertex 110.5 108 124
   vertex 110.5 108 125
  endloop
 endfacet
 facet normal -0.70710678118654746 0 -0.70710678118654746
  outer loop
   vertex 105 109 124.5
   vertex 105 108 124.5
   vertex 104.5 108 125
  endloop
 endfacet
 facet normal -0.70710678118654746 0 -0.70710678118654746
  outer loop
   vertex 104.5 109 125
   vertex 105 109 124.5
   vertex 104.5 108 125
  endloop
 endfacet
 facet normal -0.70710678118654746 0 -0.70710678118654746
  outer loop
   vertex 105.5 108 124
   vertex 105 109 124.5
   vertex 105.5 109 124
  endloop
 endfacet
 facet normal -0.70710678118654746 -0 -0.70710678118654746
  outer loop
   vertex 105 108 124.5
   vertex 105 109 124.5
   vertex 105.5 108 124
  endloop
 endfacet
 facet normal 1 0 0
  outer loop
   vertex 110.5 108 124
   vertex 110.5 109 124
   vertex 110.5 108 125
  endloop
 endfacet
 facet normal 1 0 -0
  outer loop
   vertex 110.5 108 125
   vertex 110.5 109 124
   vertex 110.5 109 125
  endloop
 endfacet
 facet normal -0.70710678118654746 0 -0.70710678118654746
  outer loop
   vertex 105 110 124.5
   vertex 105 109 124.5
   vertex 104.5 109 125
  endloop
 endfacet
 facet normal -0.70710678118654746 0 -0.70710678118654746
  outer loop
   vertex 104.5 110 125
   vertex 105 110 124.5
   vertex 104.5 109 125
  endloop
 endfacet
 facet normal -0.70710678118654746 0 -0.70710678118654746
  outer loop
   vertex 105.5 109 124
   vertex 105 110 124.5
   vertex 105.5 110 124
  endloop
 endfacet
 facet normal -0.70710678118654746 -0 -0.70710678118654746
  outer loop
   vertex 105 109 124.5
   vertex 105 110 124.5
   vertex 105.5 109 124
  endloop
 endfacet
 facet normal 1 0 0
  outer loop
   vertex 110.5 109 124
   vertex 110.5 110 124
   vertex 110.5 109 125
  endloop
 endfacet
 facet normal 1 0 -0
  outer loop
   vertex 110.5 109 125
   vertex 110.5 110 124
   vertex 110.5 110 125
  endloop
 endfacet
 facet normal -0.70710678118654746 0 -0.70710678118654746
  outer loop
   vertex 105 111 124.5
   vertex 105 110 124.5
   vertex 104.5 110 125
  endloop
 endfacet
 facet normal -0.70710678118654746 0 -0.70710678118654746
  outer loop
   vertex 104.5 111 125
   vertex 105 111 124.5
   vertex 104.5 110 125
  endloop
 endfacet
 facet normal -0.70710678118654746 0 -0.70710678118654746
  outer loop
   vertex 105.5 110 124
   vertex 105 111 124.5
   vertex 105.5 111 124
  endloop
 endfacet
 facet normal -0.70710678118654746 -0 -0.70710678118654746
  outer loop
   vertex 105 110 124.5
   vertex 105 111 124.5
   vertex 105.5 110 124
  endloop
 endfacet
 facet normal 0.70710678118654746 0.70710678118654746 0
  outer loop
   vertex 110 110.5 124
   vertex 109.5 111 125
   vertex 110 110.5 125
  endloop
 endfacet
 facet normal 0.70710678118654746 0.70710678118654746 0
  outer loop
   vertex 109.5 111 124
   vertex 109.5 111 125
   vertex 110 110.5 124
  endloop
 endfacet
 facet normal 0.70710678118654746 0.70710678118654746 -0
  outer loop
   vertex 110.5 110 125
   vertex 110.5 110 124
   vertex 110 110.5 124
  endloop
 endfacet
 facet normal 0.70710678118654746 0.70710678118654746 0
  outer loop
   vertex 110 110.5 125
   vertex 110.5 110 125
   vertex 110 110.5 124
  endloop
 endfacet
 facet normal -0.57735026918962584 0.57735026918962584 -0.57735026918962584
  outer loop
   vertex 105 111 124.5
   vertex 104.5 111 125
   vertex 105 111.5 125
  endloop
 endfacet
 facet normal -0.57735026918962584 0.57735026918962584 -0.57735026918962584
  outer loop
   vertex 106 112 124.5
   vertex 105 111.5 125
   vertex 105.5 112 125
  endloop
 endfacet
 facet normal -0.57735026918962584 0.57735026918962584 -0.57735026918962584
  outer loop
   vertex 106 111.5 124
   vertex 105 111.5 125
   vertex 106 112 124.5
  endloop
 endfacet
 facet normal -0.57735026918962584 0.57735026918962584 -0.57735026918962584
  outer loop
   vertex 106 111.5 124
   vertex 105 111 124.5
   vertex 105 111.5 125
  endloop
 endfacet
 facet normal -0.57735026918962584 0.57735026918962584 -0.57735026918962584
  outer loop
   vertex 106 111.5 124
   vertex 105.5 111 124
   vertex 105 111 124.5
  endloop
 endfacet
 facet normal 0 0.70710678118654746 -0.70710678118654746
  outer loop
   vertex 106 111.5 124
   vertex 107 112 124.5
   vertex 107 111.5 124
  endloop
 endfacet
 facet normal 0 0.70710678118654746 -0.70710678118654746
  outer loop
   vertex 106 112 124.5
   vertex 107 112 124.5
   vertex 106 111.5 124
  endloop
 endfacet
 facet normal 0 0.70710678118654746 -0.70710678118654746
  outer loop
   vertex 107 111.5 124
   vertex 108 112 124.5
   vertex 108 111.5 124
  endloop
 endfacet
 facet normal 0 0.70710678118654746 -0.70710678118654746
  outer loop
   vertex 107 112 124.5
   vertex 108 112 124.5
   vertex 107 111.5 124
  endloop
 endfacet
 facet normal 0.57735026918962584 0.57735026918962584 -0.57735026918962584
  outer loop
   vertex 108.5 112 125
   vertex 108 111.5 124
   vertex 108 112 124.5
  endloop
 endfacet
 facet normal 0.57735026918962584 0.57735026918962584 -0.57735026918962584
  outer loop
   vertex 108.5 112 125
   vertex 109 111.5 125
   vertex 108 111.5 124
  endloop
 endfacet
 facet normal 0 1 -0
  outer loop
   vertex 109 111.5 125
   vertex 109 111.5 124
   vertex 108 111.5 124
  endloop
 endfacet
 facet normal 0.70710678118654746 0.70710678118654746 -0
  outer loop
   vertex 109.5 111 125
   vertex 109.5 111 124
   vertex 109 111.5 124
  endloop
 endfacet
 facet normal 0.70710678118654746 0.70710678118654746 0
  outer loop
   vertex 109 111.5 125
   vertex 109.5 111 125
   vertex 109 111.5 124
  endloop
 endfacet
 facet normal -0.57735026918962584 0.57735026918962584 -0.57735026918962584
  outer loop
   vertex 106 112 124.5
   vertex 105.5 112 125
   vertex 106 112.5 125
  endloop
 endfacet
 facet normal 0 0.70710678118654746 -0.70710678118654746
  outer loop
   vertex 107 112 124.5
   vertex 106 112 124.5
   vertex 106 112.5 125
  endloop
 endfacet
 facet normal 0 0.70710678118654746 -0.70710678118654746
  outer loop
   vertex 107 112.5 125
   vertex 107 112 124.5
   vertex 106 112.5 125
  endloop
 endfacet
 facet normal 0 0.70710678118654746 -0.70710678118654746
  outer loop
   vertex 108 112 124.5
   vertex 107 112 124.5
   vertex 107 112.5 125
  endloop
 endfacet
 facet normal 0 0.70710678118654746 -0.70710678118654746
  outer loop
   vertex 108 112.5 125
   vertex 108 112 124.5
   vertex 107 112.5 125
  endloop
 endfacet
 facet normal 0.57735026918962584 0.57735026918962584 -0.57735026918962584
  outer loop
   vertex 108.5 112 125
   vertex 108 112 124.5
   vertex 108 112.5 125
  endloop
 endfacet
 facet normal -0.57735026918962584 -0.57735026918962584 -0.57735026918962584
  outer loop
   vertex 107 89 125.5
   vertex 107 88.5 126
   vertex 106.5 89 126
  endloop
 endfacet
 facet normal 0.57735026918962584 -0.57735026918962584 -0.57735026918962584
  outer loop
   vertex 107 88.5 126
   vertex 107 89 125.5
   vertex 107.5 89 126
  endloop
 endfacet
 facet normal -0.70710678118654746 0 -0.70710678118654746
  outer loop
   vertex 107 90 125.5
   vertex 107 89 125.5
   vertex 106.5 89 126
  endloop
 endfacet
 facet normal -0.70710678118654746 0 -0.70710678118654746
  outer loop
   vertex 106.5 90 126
   vertex 107 90 125.5
   vertex 106.5 89 126
  endloop
 endfacet
 facet normal 0.70710678118654746 0 -0.70710678118654746
  outer loop
   vertex 107.5 90 126
   vertex 107.5 89 126
   vertex 107 89 125.5
  endloop
 endfacet
 facet normal 0.70710678118654746 0 -0.70710678118654746
  outer loop
   vertex 107 90 125.5
   vertex 107.5 90 126
   vertex 107 89 125.5
  endloop
 endfacet
 facet normal -0.57735026918962584 0.57735026918962584 -0.57735026918962584
  outer loop
   vertex 107 90 125.5
   vertex 106.5 90 126
   vertex 107 90.5 126
  endloop
 endfacet
 facet normal 0.57735026918962584 0.57735026918962584 -0.57735026918962584
  outer loop
   vertex 107.5 90 126
   vertex 107 90 125.5
   vertex 107 90.5 126
  endloop
 endfacet
 facet normal -0.57735026918962584 -0.57735026918962584 -0.57735026918962584
  outer loop
   vertex 105 92 125.5
   vertex 105 91.5 126
   vertex 104.5 92 126
  endloop
 endfacet
 facet normal 0.57735026918962584 -0.57735026918962584 -0.57735026918962584
  outer loop
   vertex 105 91.5 126
   vertex 105 92 125.5
   vertex 105.5 92 126
  endloop
 endfacet
 facet normal -0.70710678118654746 0 -0.70710678118654746
  outer loop
   vertex 105 93 125.5
   vertex 105 92 125.5
   vertex 104.5 92 126
  endloop
 endfacet
 facet normal -0.70710678118654746 0 -0.70710678118654746
  outer loop
   vertex 104.5 93 126
   vertex 105 93 125.5
   vertex 104.5 92 126
  endloop
 endfacet
 facet normal 0.70710678118654746 0 -0.70710678118654746
  outer loop
   vertex 105.5 93 126
   vertex 105.5 92 126
   vertex 105 92 125.5
  endloop
 endfacet
 facet normal 0.70710678118654746 0 -0.70710678118654746
  outer loop
   vertex 105 93 125.5
   vertex 105.5 93 126
   vertex 105 92 125.5
  endloop
 endfacet
 facet normal -0.70710678118654746 0 -0.70710678118654746
  outer loop
   vertex 105 94 125.5
   vertex 105 93 125.5
   vertex 104.5 93 126
  endloop
 endfacet
 facet normal -0.70710678118654746 0 -0.70710678118654746
  outer loop
   vertex 104.5 94 126
   vertex 105 94 125.5
   vertex 104.5 93 126
  endloop
 endfacet
 facet normal 0.70710678118654746 0 -0.70710678118654746
  outer loop
   vertex 105.5 94 126
   vertex 105.5 93 126
   vertex 105 93 125.5
  endloop
 endfacet
 facet normal 0.70710678118654746 0 -0.70710678118654746
  outer loop
   vertex 105 94 125.5
   vertex 105.5 94 126
   vertex 105 93 125.5
  endloop
 endfacet
 facet normal -0.70710678118654746 0 -0.70710678118654746
  outer loop
   vertex 105 95 125.5
   vertex 105 94 125.5
   vertex 104.5 94 126
  endloop
 endfacet
 facet normal -0.70710678118654746 0 -0.70710678118654746
  outer loop
   vertex 104.5 95 126
   vertex 105 95 125.5
   vertex 104.5 94 126
  endloop
 endfacet
 facet normal 0.57735026918962584 -0.57735026918962584 -0.57735026918962584
  outer loop
   vertex 106 94.5 126
   vertex 105.5 94 126
   vertex 105 94 125.5
  endloop
 endfacet
 facet normal 0.57735026918962584 -0.57735026918962584 -0.57735026918962584
  outer loop
   vertex 106 94.5 126
   vertex 105 94 125.5
   vertex 106 95 125.5
  endloop
 endfacet
 facet normal 0 0 -1
  outer loop
   vertex 106 95 125.5
   vertex 105 94 125.5
   vertex 105 95 125.5
  endloop
 endfacet
 facet normal 0.57735026918962584 -0.57735026918962584 -0.57735026918962584
  outer loop
   vertex 106 94.5 126
   vertex 106 95 125.5
   vertex 106.5 95 126
  endloop
 endfacet
 facet normal -0.57735026918962584 -0.57735026918962584 -0.57735026918962584
  outer loop
   vertex 104 96 125.5
   vertex 104 95.5 126
   vertex 103.5 96 126
  endloop
 endfacet
 facet normal -0.57735026918962584 -0.57735026918962584 -0.57735026918962584
  outer loop
   vertex 104.5 95 126
   vertex 104 95.5 126
   vertex 104 96 125.5
  endloop
 endfacet
 facet normal -0.57735026918962584 -0.57735026918962584 -0.57735026918962584
  outer loop
   vertex 105 95 125.5
   vertex 104.5 95 126
   vertex 104 96 125.5
  endloop
 endfacet
 facet normal -0.57735026918962584 -0.57735026918962584 -0.57735026918962584
  outer loop
   vertex 105 95 125.5
   vertex 104 96 125.5
   vertex 104.5 96 125
  endloop
 endfacet
 facet normal -0.57735026918962584 -0.57735026918962584 -0.57735026918962584
  outer loop
   vertex 105 95 125.5
   vertex 104.5 96 125
   vertex 105 95.5 125
  endloop
 endfacet
 facet normal 0.57735026918962584 -0.57735026918962584 -0.57735026918962584
  outer loop
   vertex 105.5 96 125
   vertex 105 95 125.5
   vertex 105 95.5 125
  endloop
 endfacet
 facet normal 0.57735026918962584 -0.57735026918962584 -0.57735026918962584
  outer loop
   vertex 105.5 96 125
   vertex 106 96 125.5
   vertex 105 95 125.5
  endloop
 endfacet
 facet normal 0 0 -1
  outer loop
   vertex 106 96 125.5
   vertex 106 95 125.5
   vertex 105 95 125.5
  endloop
 endfacet
 facet normal 0.70710678118654746 0 -0.70710678118654746
  outer loop
   vertex 106.5 96 126
   vertex 106.5 95 126
   vertex 106 95 125.5
  endloop
 endfacet
 facet normal 0.70710678118654746 0 -0.70710678118654746
  outer loop
   vertex 106 96 125.5
   vertex 106.5 96 126
   vertex 106 95 125.5
  endloop
 endfacet
 facet normal -0.70710678118654746 0 -0.70710678118654746
  outer loop
   vertex 104 97 125.5
   vertex 104 96 125.5
   vertex 103.5 96 126
  endloop
 endfacet
 facet normal -0.70710678118654746 0 -0.70710678118654746
  outer loop
   vertex 103.5 97 126
   vertex 104 97 125.5
   vertex 103.5 96 126
  endloop
 endfacet
 facet normal 0.44721359549995793 0 -0.89442719099991586
  outer loop
   vertex 104 97 125.5
   vertex 105 96.5 126
   vertex 104 96 125.5
  endloop
 endfacet
 facet normal 0.57735026918962584 0.57735026918962584 -0.57735026918962584
  outer loop
   vertex 104 97 125.5
   vertex 104.5 97 126
   vertex 105 96.5 126
  endloop
 endfacet
 facet normal -0.30151134457776363 0.90453403373329089 -0.30151134457776363
  outer loop
   vertex 104 96 125.5
   vertex 105 96.5 126
   vertex 104.5 96 125
  endloop
 endfacet
 facet normal -0.57735026918962584 0.57735026918962584 0.57735026918962584
  outer loop
   vertex 105 97 125.5
   vertex 104.5 97 125
   vertex 105 96.5 126
  endloop
 endfacet
 facet normal -0.89442719099991586 0 0.44721359549995793
  outer loop
   vertex 104.5 96 125
   vertex 105 96.5 126
   vertex 104.5 97 125
  endloop
 endfacet
 facet normal 0 0.89442719099991586 -0.44721359549995793
  outer loop
   vertex 106 96.5 126
   vertex 105.5 96 125
   vertex 105 96.5 126
  endloop
 endfacet
 facet normal 0.57735026918962584 0.57735026918962584 -0.57735026918962584
  outer loop
   vertex 106 96.5 126
   vertex 106 96 125.5
   vertex 105.5 96 125
  endloop
 endfacet
 facet normal 0.90453403373329089 0.30151134457776363 0.30151134457776363
  outer loop
   vertex 105 96.5 126
   vertex 105.5 96 125
   vertex 105 97 125.5
  endloop
 endfacet
 facet normal 0.57735026918962584 -0.57735026918962584 0.57735026918962584
  outer loop
   vertex 106 96.5 125
   vertex 106 97 125.5
   vertex 105.5 96 125
  endloop
 endfacet
 facet normal 0 -0.44721359549995793 0.89442719099991586
  outer loop
   vertex 105 97 125.5
   vertex 105.5 96 125
   vertex 106 97 125.5
  endloop
 endfacet
 facet normal 0.57735026918962584 0.57735026918962584 -0.57735026918962584
  outer loop
   vertex 106 96 125.5
   vertex 106 96.5 126
   vertex 106.5 96 126
  endloop
 endfacet
 facet normal 0.57735026918962584 -0.57735026918962584 0.57735026918962584
  outer loop
   vertex 106 96.5 125
   vertex 106.5 97 125
   vertex 106 97 125.5
  endloop
 endfacet
 facet normal -0.57735026918962584 0.57735026918962584 -0.57735026918962584
  outer loop
   vertex 104 97 125.5
   vertex 103.5 97 126
   vertex 104 97.5 126
  endloop
 endfacet
 facet normal -0.70710678118654746 0 0.70710678118654746
  outer loop
   vertex 105 97 125.5
   vertex 105 98 125.5
   vertex 104.5 98 125
  endloop
 endfacet
 facet normal -0.70710678118654746 0 0.70710678118654746
  outer loop
   vertex 105 97 125.5
   vertex 104.5 98 125
   vertex 104.5 97 125
  endloop
 endfacet
 facet normal 0.57735026918962584 0.57735026918962584 -0.57735026918962584
  outer loop
   vertex 104 97 125.5
   vertex 104 97.5 126
   vertex 104.5 97 126
  endloop
 endfacet
 facet normal 0 0 1
  outer loop
   vertex 106 97 125.5
   vertex 106 98 125.5
   vertex 105 97 125.5
  endloop
 endfacet
 facet normal -0 0 1
  outer loop
   vertex 106 98 125.5
   vertex 105 98 125.5
   vertex 105 97 125.5
  endloop
 endfacet
 facet normal 0.57735026918962584 -0.57735026918962584 0.57735026918962584
  outer loop
   vertex 106.5 97 125
   vertex 107 97.5 125
   vertex 107 98 125.5
  endloop
 endfacet
 facet normal 0.57735026918962584 -0.57735026918962584 0.57735026918962584
  outer loop
   vertex 106.5 97 125
   vertex 107 98 125.5
   vertex 106 97 125.5
  endloop
 endfacet
 facet normal 0 0 1
  outer loop
   vertex 106 97 125.5
   vertex 107 98 125.5
   vertex 106 98 125.5
  endloop
 endfacet
 facet normal 0.57735026918962584 -0.57735026918962584 0.57735026918962584
  outer loop
   vertex 107 97.5 125
   vertex 107.5 98 125
   vertex 107 98 125.5
  endloop
 endfacet
 facet normal -0.57735026918962584 -0.57735026918962584 -0.57735026918962584
  outer loop
   vertex 103 99 125.5
   vertex 103 98.5 126
   vertex 102.5 99 126
  endloop
 endfacet
 facet normal -0.57735026918962584 -0.57735026918962584 0.57735026918962584
  outer loop
   vertex 104 99 125.5
   vertex 103.5 99 125
   vertex 104 98.5 125
  endloop
 endfacet
 facet normal 0.57735026918962584 -0.57735026918962584 -0.57735026918962584
  outer loop
   vertex 103.5 99 126
   vertex 103 98.5 126
   vertex 103 99 125.5
  endloop
 endfacet
 facet normal -0.57735026918962584 -0.57735026918962584 0.57735026918962584
  outer loop
   vertex 104 98.5 125
   vertex 104.5 98 125
   vertex 105 98 125.5
  endloop
 endfacet
 facet normal -0.57735026918962584 -0.57735026918962584 0.57735026918962584
  outer loop
   vertex 104 98.5 125
   vertex 105 98 125.5
   vertex 104 99 125.5
  endloop
 endfacet
 facet normal 0 -0 1
  outer loop
   vertex 104 99 125.5
   vertex 105 98 125.5
   vertex 105 99 125.5
  endloop
 endfacet
 facet normal 0.57735026918962584 0.57735026918962584 0.57735026918962584
  outer loop
   vertex 106 98.5 125
   vertex 105.5 99 125
   vertex 105 99 125.5
  endloop
 endfacet
 facet normal 0.57735026918962584 0.57735026918962584 0.57735026918962584
  outer loop
   vertex 106 98.5 125
   vertex 105 99 125.5
   vertex 106 98 125.5
  endloop
 endfacet
 facet normal 0 0 1
  outer loop
   vertex 106 98 125.5
   vertex 105 99 125.5
   vertex 105 98 125.5
  endloop
 endfacet
 facet normal -0 0.70710678118654746 0.70710678118654746
  outer loop
   vertex 107 98.5 125
   vertex 106 98.5 125
   vertex 106 98 125.5
  endloop
 endfacet
 facet normal 0 0.70710678118654746 0.70710678118654746
  outer loop
   vertex 107 98 125.5
   vertex 107 98.5 125
   vertex 106 98 125.5
  endloop
 endfacet
 facet normal 0.57735026918962584 0.57735026918962584 0.57735026918962584
  outer loop
   vertex 107.5 98 125
   vertex 107 98.5 125
   vertex 107 98 125.5
  endloop
 endfacet
 facet normal -0.70710678118654746 0 -0.70710678118654746
  outer loop
   vertex 103 100 125.5
   vertex 103 99 125.5
   vertex 102.5 99 126
  endloop
 endfacet
 facet normal -0.70710678118654746 0 -0.70710678118654746
  outer loop
   vertex 102.5 100 126
   vertex 103 100 125.5
   vertex 102.5 99 126
  endloop
 endfacet
 facet normal 0.70710678118654746 0 -0.70710678118654746
  outer loop
   vertex 103.5 99 126
   vertex 103 99 125.5
   vertex 103 100 125.5
  endloop
 endfacet
 facet normal 0.70710678118654746 0 -0.70710678118654746
  outer loop
   vertex 103.5 99 126
   vertex 103 100 125.5
   vertex 103.5 100 126
  endloop
 endfacet
 facet normal -0.70710678118654746 0 0.70710678118654746
  outer loop
   vertex 103.5 99 125
   vertex 104 99 125.5
   vertex 103.5 100 125
  endloop
 endfacet
 facet normal -0.70710678118654746 0 0.70710678118654746
  outer loop
   vertex 103.5 100 125
   vertex 104 99 125.5
   vertex 104 100 125.5
  endloop
 endfacet
 facet normal 0 0 1
  outer loop
   vertex 105 99 125.5
   vertex 105 100 125.5
   vertex 104 99 125.5
  endloop
 endfacet
 facet normal -0 0 1
  outer loop
   vertex 105 100 125.5
   vertex 104 100 125.5
   vertex 104 99 125.5
  endloop
 endfacet
 facet normal 0.70710678118654746 0 0.70710678118654746
  outer loop
   vertex 105.5 99 125
   vertex 105.5 100 125
   vertex 105 100 125.5
  endloop
 endfacet
 facet normal 0.70710678118654746 0 0.70710678118654746
  outer loop
   vertex 105 99 125.5
   vertex 105.5 99 125
   vertex 105 100 125.5
  endloop
 endfacet
 facet normal -0.70710678118654746 0 -0.70710678118654746
  outer loop
   vertex 103 101 125.5
   vertex 103 100 125.5
   vertex 102.5 100 126
  endloop
 endfacet
 facet normal -0.70710678118654746 0 -0.70710678118654746
  outer loop
   vertex 102.5 101 126
   vertex 103 101 125.5
   vertex 102.5 100 126
  endloop
 endfacet
 facet normal 0.70710678118654746 0 -0.70710678118654746
  outer loop
   vertex 103.5 100 126
   vertex 103 100 125.5
   vertex 103 101 125.5
  endloop
 endfacet
 facet normal 0.70710678118654746 0 -0.70710678118654746
  outer loop
   vertex 103.5 100 126
   vertex 103 101 125.5
   vertex 103.5 101 126
  endloop
 endfacet
 facet normal -0.70710678118654746 0 0.70710678118654746
  outer loop
   vertex 103.5 100 125
   vertex 104 100 125.5
   vertex 103.5 101 125
  endloop
 endfacet
 facet normal -0.70710678118654746 0 0.70710678118654746
  outer loop
   vertex 103.5 101 125
   vertex 104 100 125.5
   vertex 104 101 125.5
  endloop
 endfacet
 facet normal 0 0 1
  outer loop
   vertex 105 100 125.5
   vertex 105 101 125.5
   vertex 104 100 125.5
  endloop
 endfacet
 facet normal -0 0 1
  outer loop
   vertex 105 101 125.5
   vertex 104 101 125.5
   vertex 104 100 125.5
  endloop
 endfacet
 facet normal 0.70710678118654746 0 0.70710678118654746
  outer loop
   vertex 105.5 100 125
   vertex 105.5 101 125
   vertex 105 101 125.5
  endloop
 endfacet
 facet normal 0.70710678118654746 0 0.70710678118654746
  outer loop
   vertex 105 100 125.5
   vertex 105.5 100 125
   vertex 105 101 125.5
  endloop
 endfacet
 facet normal -0.57735026918962584 -0.57735026918962584 0.57735026918962584
  outer loop
   vertex 108 100.5 125
   vertex 108 101 125.5
   vertex 107.5 101 125
  endloop
 endfacet
 facet normal 0.57735026918962584 -0.57735026918962584 0.57735026918962584
  outer loop
   vertex 108 100.5 125
   vertex 108.5 101 125
   vertex 108 101 125.5
  endloop
 endfacet
 facet normal -0.70710678118654746 0 -0.70710678118654746
  outer loop
   vertex 103 102 125.5
   vertex 103 101 125.5
   vertex 102.5 101 126
  endloop
 endfacet
 facet normal -0.70710678118654746 0 -0.70710678118654746
  outer loop
   vertex 102.5 102 126
   vertex 103 102 125.5
   vertex 102.5 101 126
  endloop
 endfacet
 facet normal 0.70710678118654746 0 -0.70710678118654746
  outer loop
   vertex 103.5 101 126
   vertex 103 101 125.5
   vertex 103 102 125.5
  endloop
 endfacet
 facet normal 0.70710678118654746 0 -0.70710678118654746
  outer loop
   vertex 103.5 101 126
   vertex 103 102 125.5
   vertex 103.5 102 126
  endloop
 endfacet
 facet normal -0.70710678118654746 0 0.70710678118654746
  outer loop
   vertex 103.5 101 125
   vertex 104 101 125.5
   vertex 103.5 102 125
  endloop
 endfacet
 facet normal -0.70710678118654746 0 0.70710678118654746
  outer loop
   vertex 103.5 102 125
   vertex 104 101 125.5
   vertex 104 102 125.5
  endloop
 endfacet
 facet normal 0 0 1
  outer loop
   vertex 105 101 125.5
   vertex 105 102 125.5
   vertex 104 101 125.5
  endloop
 endfacet
 facet normal -0 0 1
  outer loop
   vertex 105 102 125.5
   vertex 104 102 125.5
   vertex 104 101 125.5
  endloop
 endfacet
 facet normal 0.70710678118654746 0 0.70710678118654746
  outer loop
   vertex 105.5 101 125
   vertex 105.5 102 125
   vertex 105 102 125.5
  endloop
 endfacet
 facet normal 0.70710678118654746 0 0.70710678118654746
  outer loop
   vertex 105 101 125.5
   vertex 105.5 101 125
   vertex 105 102 125.5
  endloop
 endfacet
 facet normal -0.70710678118654746 0 0.70710678118654746
  outer loop
   vertex 108 101 125.5
   vertex 108 102 125.5
   vertex 107.5 102 125
  endloop
 endfacet
 facet normal -0.70710678118654746 0 0.70710678118654746
  outer loop
   vertex 107.5 101 125
   vertex 108 101 125.5
   vertex 107.5 102 125
  endloop
 endfacet
 facet normal 0.70710678118654746 0 0.70710678118654746
  outer loop
   vertex 108.5 101 125
   vertex 108.5 102 125
   vertex 108 102 125.5
  endloop
 endfacet
 facet normal 0.70710678118654746 0 0.70710678118654746
  outer loop
   vertex 108 101 125.5
   vertex 108.5 101 125
   vertex 108 102 125.5
  endloop
 endfacet
 facet normal -0.70710678118654746 0 -0.70710678118654746
  outer loop
   vertex 103 103 125.5
   vertex 103 102 125.5
   vertex 102.5 102 126
  endloop
 endfacet
 facet normal -0.70710678118654746 0 -0.70710678118654746
  outer loop
   vertex 102.5 103 126
   vertex 103 103 125.5
   vertex 102.5 102 126
  endloop
 endfacet
 facet normal 0.70710678118654746 0 -0.70710678118654746
  outer loop
   vertex 103.5 102 126
   vertex 103 102 125.5
   vertex 103 103 125.5
  endloop
 endfacet
 facet normal 0.70710678118654746 0 -0.70710678118654746
  outer loop
   vertex 103.5 102 126
   vertex 103 103 125.5
   vertex 103.5 103 126
  endloop
 endfacet
 facet normal -0.70710678118654746 0 0.70710678118654746
  outer loop
   vertex 103.5 102 125
   vertex 104 102 125.5
   vertex 103.5 103 125
  endloop
 endfacet
 facet normal -0.70710678118654746 0 0.70710678118654746
  outer loop
   vertex 103.5 103 125
   vertex 104 102 125.5
   vertex 104 103 125.5
  endloop
 endfacet
 facet normal 0 0 1
  outer loop
   vertex 105 102 125.5
   vertex 105 103 125.5
   vertex 104 102 125.5
  endloop
 endfacet
 facet normal -0 0 1
  outer loop
   vertex 105 103 125.5
   vertex 104 103 125.5
   vertex 104 102 125.5
  endloop
 endfacet
 facet normal 0.57735026918962584 -0.57735026918962584 0.57735026918962584
  outer loop
   vertex 105.5 102 125
   vertex 106 102.5 125
   vertex 106 103 125.5
  endloop
 endfacet
 facet normal 0.57735026918962584 -0.57735026918962584 0.57735026918962584
  outer loop
   vertex 105.5 102 125
   vertex 106 103 125.5
   vertex 105 102 125.5
  endloop
 endfacet
 facet normal 0 0 1
  outer loop
   vertex 105 102 125.5
   vertex 106 103 125.5
   vertex 105 103 125.5
  endloop
 endfacet
 facet normal 0 -0.70710678118654746 0.70710678118654746
  outer loop
   vertex 106 102.5 125
   vertex 107 102.5 125
   vertex 107 103 125.5
  endloop
 endfacet
 facet normal 0 -0.70710678118654746 0.70710678118654746
  outer loop
   vertex 106 103 125.5
   vertex 106 102.5 125
   vertex 107 103 125.5
  endloop
 endfacet
 facet normal -0.57735026918962584 -0.57735026918962584 0.57735026918962584
  outer loop
   vertex 107 102.5 125
   vertex 107.5 103 126
   vertex 107 103 125.5
  endloop
 endfacet
 facet normal -0.57735026918962584 -0.57735026918962584 0.57735026918962584
  outer loop
   vertex 107.5 102 125
   vertex 107.5 103 126
   vertex 107 102.5 125
  endloop
 endfacet
 facet normal -0.57735026918962584 -0.57735026918962584 0.57735026918962584
  outer loop
   vertex 107.5 102 125
   vertex 108 102.5 126
   vertex 107.5 103 126
  endloop
 endfacet
 facet normal -0.57735026918962584 -0.57735026918962584 0.57735026918962584
  outer loop
   vertex 107.5 102 125
   vertex 108 102 125.5
   vertex 108 102.5 126
  endloop
 endfacet
 facet normal 0.57735026918962584 -0.57735026918962584 0.57735026918962584
  outer loop
   vertex 108.5 102 125
   vertex 108 102.5 126
   vertex 108 102 125.5
  endloop
 endfacet
 facet normal 0.57735026918962584 -0.57735026918962584 0.57735026918962584
  outer loop
   vertex 108.5 102 125
   vertex 109 102.5 125
   vertex 108 102.5 126
  endloop
 endfacet
 facet normal -0 -1 -0
  outer loop
   vertex 109 102.5 125
   vertex 109 102.5 126
   vertex 108 102.5 126
  endloop
 endfacet
 facet normal 0.70710678118654746 -0.70710678118654746 0
  outer loop
   vertex 109 102.5 126
   vertex 109 102.5 125
   vertex 109.5 103 125
  endloop
 endfacet
 facet normal 0.70710678118654746 -0.70710678118654746 0
  outer loop
   vertex 109.5 103 126
   vertex 109 102.5 126
   vertex 109.5 103 125
  endloop
 endfacet
 facet normal -0.70710678118654746 0 -0.70710678118654746
  outer loop
   vertex 103 104 125.5
   vertex 103 103 125.5
   vertex 102.5 103 126
  endloop
 endfacet
 facet normal -0.70710678118654746 0 -0.70710678118654746
  outer loop
   vertex 102.5 104 126
   vertex 103 104 125.5
   vertex 102.5 103 126
  endloop
 endfacet
 facet normal 0.70710678118654746 0 -0.70710678118654746
  outer loop
   vertex 103.5 103 126
   vertex 103 103 125.5
   vertex 103 104 125.5
  endloop
 endfacet
 facet normal 0.70710678118654746 0 -0.70710678118654746
  outer loop
   vertex 103.5 103 126
   vertex 103 104 125.5
   vertex 103.5 104 126
  endloop
 endfacet
 facet normal -0.70710678118654746 0 0.70710678118654746
  outer loop
   vertex 103.5 103 125
   vertex 104 103 125.5
   vertex 103.5 104 125
  endloop
 endfacet
 facet normal -0.70710678118654746 0 0.70710678118654746
  outer loop
   vertex 103.5 104 125
   vertex 104 103 125.5
   vertex 104 104 125.5
  endloop
 endfacet
 facet normal -0.57735026918962584 -0.57735026918962584 0.57735026918962584
  outer loop
   vertex 104.5 104 126
   vertex 105 103 125.5
   vertex 105 103.5 126
  endloop
 endfacet
 facet normal -0.57735026918962584 -0.57735026918962584 0.57735026918962584
  outer loop
   vertex 104.5 104 126
   vertex 104 104 125.5
   vertex 105 103 125.5
  endloop
 endfacet
 facet normal 0 0 1
  outer loop
   vertex 104 104 125.5
   vertex 104 103 125.5
   vertex 105 103 125.5
  endloop
 endfacet
 facet normal 0 -0.70710678118654746 0.70710678118654746
  outer loop
   vertex 106 103 125.5
   vertex 105 103.5 126
   vertex 105 103 125.5
  endloop
 endfacet
 facet normal 0 -0.70710678118654746 0.70710678118654746
  outer loop
   vertex 106 103.5 126
   vertex 105 103.5 126
   vertex 106 103 125.5
  endloop
 endfacet
 facet normal 0 -0.70710678118654746 0.70710678118654746
  outer loop
   vertex 107 103 125.5
   vertex 106 103.5 126
   vertex 106 103 125.5
  endloop
 endfacet
 facet normal 0 -0.70710678118654746 0.70710678118654746
  outer loop
   vertex 107 103.5 126
   vertex 106 103.5 126
   vertex 107 103 125.5
  endloop
 endfacet
 facet normal -0.57735026918962584 -0.57735026918962584 0.57735026918962584
  outer loop
   vertex 107.5 103 126
   vertex 107 103.5 126
   vertex 107 103 125.5
  endloop
 endfacet
 facet normal 1 0 0
  outer loop
   vertex 109.5 103 125
   vertex 109.5 104 125
   vertex 109.5 103 126
  endloop
 endfacet
 facet normal 1 0 -0
  outer loop
   vertex 109.5 103 126
   vertex 109.5 104 125
   vertex 109.5 104 126
  endloop
 endfacet
 facet normal -0.70710678118654746 0 -0.70710678118654746
  outer loop
   vertex 103 105 125.5
   vertex 103 104 125.5
   vertex 102.5 104 126
  endloop
 endfacet
 facet normal -0.70710678118654746 0 -0.70710678118654746
  outer loop
   vertex 102.5 105 126
   vertex 103 105 125.5
   vertex 102.5 104 126
  endloop
 endfacet
 facet normal -0.89442719099991586 0 0.44721359549995793
  outer loop
   vertex 103.5 104 125
   vertex 104 104.5 126
   vertex 103.5 105 125
  endloop
 endfacet
 facet normal -0.57735026918962584 -0.57735026918962584 0.57735026918962584
  outer loop
   vertex 103.5 104 125
   vertex 104 104 125.5
   vertex 104 104.5 126
  endloop
 endfacet
 facet normal -0.30151134457776363 -0.90453403373329089 -0.30151134457776363
  outer loop
   vertex 103.5 105 125
   vertex 104 104.5 126
   vertex 103 105 125.5
  endloop
 endfacet
 facet normal 0.57735026918962584 -0.57735026918962584 -0.57735026918962584
  outer loop
   vertex 103.5 104 126
   vertex 103 104 125.5
   vertex 104 104.5 126
  endloop
 endfacet
 facet normal 0.44721359549995793 0 -0.89442719099991586
  outer loop
   vertex 103 105 125.5
   vertex 104 104.5 126
   vertex 103 104 125.5
  endloop
 endfacet
 facet normal -0.57735026918962584 -0.57735026918962584 0.57735026918962584
  outer loop
   vertex 104.5 104 126
   vertex 104 104.5 126
   vertex 104 104 125.5
  endloop
 endfacet
 facet normal 1 0 0
  outer loop
   vertex 109.5 104 125
   vertex 109.5 105 125
   vertex 109.5 104 126
  endloop
 endfacet
 facet normal 1 0 -0
  outer loop
   vertex 109.5 104 126
   vertex 109.5 105 125
   vertex 109.5 105 126
  endloop
 endfacet
 facet normal -0.70710678118654746 0 -0.70710678118654746
  outer loop
   vertex 103 106 125.5
   vertex 103 105 125.5
   vertex 102.5 105 126
  endloop
 endfacet
 facet normal -0.70710678118654746 0 -0.70710678118654746
  outer loop
   vertex 102.5 106 126
   vertex 103 106 125.5
   vertex 102.5 105 126
  endloop
 endfacet
 facet normal -0.70710678118654746 0 -0.70710678118654746
  outer loop
   vertex 103.5 105 125
   vertex 103 106 125.5
   vertex 103.5 106 125
  endloop
 endfacet
 facet normal -0.70710678118654746 -0 -0.70710678118654746
  outer loop
   vertex 103 105 125.5
   vertex 103 106 125.5
   vertex 103.5 105 125
  endloop
 endfacet
 facet normal 0.70710678118654746 -0.70710678118654746 0
  outer loop
   vertex 109.5 105 125
   vertex 110 105.5 126
   vertex 109.5 105 126
  endloop
 endfacet
 facet normal 0.70710678118654746 -0.70710678118654746 0
  outer loop
   vertex 110 105.5 125
   vertex 110 105.5 126
   vertex 109.5 105 125
  endloop
 endfacet
 facet normal 0.70710678118654746 -0.70710678118654746 0
  outer loop
   vertex 110 105.5 126
   vertex 110 105.5 125
   vertex 110.5 106 125
  endloop
 endfacet
 facet normal 0.70710678118654746 -0.70710678118654746 0
  outer loop
   vertex 110.5 106 126
   vertex 110 105.5 126
   vertex 110.5 106 125
  endloop
 endfacet
 facet normal -0.70710678118654746 0 -0.70710678118654746
  outer loop
   vertex 103 107 125.5
   vertex 103 106 125.5
   vertex 102.5 106 126
  endloop
 endfacet
 facet normal -0.70710678118654746 0 -0.70710678118654746
  outer loop
   vertex 102.5 107 126
   vertex 103 107 125.5
   vertex 102.5 106 126
  endloop
 endfacet
 facet normal -0.70710678118654746 0 -0.70710678118654746
  outer loop
   vertex 103.5 106 125
   vertex 103 107 125.5
   vertex 103.5 107 125
  endloop
 endfacet
 facet normal -0.70710678118654746 -0 -0.70710678118654746
  outer loop
   vertex 103 106 125.5
   vertex 103 107 125.5
   vertex 103.5 106 125
  endloop
 endfacet
 facet normal 1 0 0
  outer loop
   vertex 110.5 106 125
   vertex 110.5 107 125
   vertex 110.5 106 126
  endloop
 endfacet
 facet normal 1 0 -0
  outer loop
   vertex 110.5 106 126
   vertex 110.5 107 125
   vertex 110.5 107 126
  endloop
 endfacet
 facet normal -0.57735026918962584 0.57735026918962584 -0.57735026918962584
  outer loop
   vertex 103 107 125.5
   vertex 102.5 107 126
   vertex 103 107.5 126
  endloop
 endfacet
 facet normal -0.57735026918962584 0.57735026918962584 -0.57735026918962584
  outer loop
   vertex 104 108 125.5
   vertex 103 107.5 126
   vertex 103.5 108 126
  endloop
 endfacet
 facet normal -0.57735026918962584 0.57735026918962584 -0.57735026918962584
  outer loop
   vertex 104 107.5 125
   vertex 103 107.5 126
   vertex 104 108 125.5
  endloop
 endfacet
 facet normal -0.57735026918962584 0.57735026918962584 -0.57735026918962584
  outer loop
   vertex 104 107.5 125
   vertex 103 107 125.5
   vertex 103 107.5 126
  endloop
 endfacet
 facet normal -0.57735026918962584 0.57735026918962584 -0.57735026918962584
  outer loop
   vertex 104 107.5 125
   vertex 103.5 107 125
   vertex 103 107 125.5
  endloop
 endfacet
 facet normal -0.57735026918962584 0.57735026918962584 -0.57735026918962584
  outer loop
   vertex 104 107.5 125
   vertex 104 108 125.5
   vertex 104.5 108 125
  endloop
 endfacet
 facet normal 1 0 0
  outer loop
   vertex 110.5 107 125
   vertex 110.5 108 125
   vertex 110.5 107 126
  endloop
 endfacet
 facet normal 1 0 -0
  outer loop
   vertex 110.5 107 126
   vertex 110.5 108 125
   vertex 110.5 108 126
  endloop
 endfacet
 facet normal -0.70710678118654746 0 -0.70710678118654746
  outer loop
   vertex 104 109 125.5
   vertex 104 108 125.5
   vertex 103.5 108 126
  endloop
 endfacet
 facet normal -0.70710678118654746 0 -0.70710678118654746
  outer loop
   vertex 103.5 109 126
   vertex 104 109 125.5
   vertex 103.5 108 126
  endloop
 endfacet
 facet normal -0.70710678118654746 0 -0.70710678118654746
  outer loop
   vertex 104.5 108 125
   vertex 104 109 125.5
   vertex 104.5 109 125
  endloop
 endfacet
 facet normal -0.70710678118654746 -0 -0.70710678118654746
  outer loop
   vertex 104 108 125.5
   vertex 104 109 125.5
   vertex 104.5 108 125
  endloop
 endfacet
 facet normal 1 0 0
  outer loop
   vertex 110.5 108 125
   vertex 110.5 109 125
   vertex 110.5 108 126
  endloop
 endfacet
 facet normal 1 0 -0
  outer loop
   vertex 110.5 108 126
   vertex 110.5 109 125
   vertex 110.5 109 126
  endloop
 endfacet
 facet normal -0.70710678118654746 0 -0.70710678118654746
  outer loop
   vertex 104 110 125.5
   vertex 104 109 125.5
   vertex 103.5 109 126
  endloop
 endfacet
 facet normal -0.70710678118654746 0 -0.70710678118654746
  outer loop
   vertex 103.5 110 126
   vertex 104 110 125.5
   vertex 103.5 109 126
  endloop
 endfacet
 facet normal -0.70710678118654746 0 -0.70710678118654746
  outer loop
   vertex 104.5 109 125
   vertex 104 110 125.5
   vertex 104.5 110 125
  endloop
 endfacet
 facet normal -0.70710678118654746 -0 -0.70710678118654746
  outer loop
   vertex 104 109 125.5
   vertex 104 110 125.5
   vertex 104.5 109 125
  endloop
 endfacet
 facet normal 0.57735026918962584 0.57735026918962584 0.57735026918962584
  outer loop
   vertex 110 110 125.5
   vertex 109.5 110 126
   vertex 110 109.5 126
  endloop
 endfacet
 facet normal 0.57735026918962584 0.57735026918962584 0.57735026918962584
  outer loop
   vertex 110 110 125.5
   vertex 110 109.5 126
   vertex 110.5 109 126
  endloop
 endfacet
 facet normal 0.57735026918962584 0.57735026918962584 0.57735026918962584
  outer loop
   vertex 110 110 125.5
   vertex 110.5 109 126
   vertex 110.5 110 125
  endloop
 endfacet
 facet normal 1 0 0
  outer loop
   vertex 110.5 110 125
   vertex 110.5 109 126
   vertex 110.5 109 125
  endloop
 endfacet
 facet normal -0.57735026918962584 0.57735026918962584 -0.57735026918962584
  outer loop
   vertex 104 110 125.5
   vertex 103.5 110 126
   vertex 104 110.5 126
  endloop
 endfacet
 facet normal -0.57735026918962584 0.57735026918962584 -0.57735026918962584
  outer loop
   vertex 104 110.5 126
   vertex 104.5 110 125
   vertex 104 110 125.5
  endloop
 endfacet
 facet normal -0.57735026918962584 0.57735026918962584 -0.57735026918962584
  outer loop
   vertex 104 110.5 126
   vertex 104.5 111 126
   vertex 104.5 110 125
  endloop
 endfacet
 facet normal -1 0 0
  outer loop
   vertex 104.5 111 126
   vertex 104.5 111 125
   vertex 104.5 110 125
  endloop
 endfacet
 facet normal 0.57735026918962584 0.57735026918962584 0.57735026918962584
  outer loop
   vertex 109 111 125.5
   vertex 108.5 111 126
   vertex 109 110.5 126
  endloop
 endfacet
 facet normal 0.57735026918962584 0.57735026918962584 0.57735026918962584
  outer loop
   vertex 109.5 110 126
   vertex 109 111 125.5
   vertex 109 110.5 126
  endloop
 endfacet
 facet normal 0.57735026918962584 0.57735026918962584 0.57735026918962584
  outer loop
   vertex 110 110 125.5
   vertex 109 111 125.5
   vertex 109.5 110 126
  endloop
 endfacet
 facet normal 0.57735026918962584 0.57735026918962584 0.57735026918962584
  outer loop
   vertex 110 110 125.5
   vertex 109.5 111 125
   vertex 109 111 125.5
  endloop
 endfacet
 facet normal 0.57735026918962584 0.57735026918962584 0.57735026918962584
  outer loop
   vertex 110 110 125.5
   vertex 110 110.5 125
   vertex 109.5 111 125
  endloop
 endfacet
 facet normal 0.57735026918962584 0.57735026918962584 0.57735026918962584
  outer loop
   vertex 110.5 110 125
   vertex 110 110.5 125
   vertex 110 110 125.5
  endloop
 endfacet
 facet normal -0.57735026918962584 0.57735026918962584 -0.57735026918962584
  outer loop
   vertex 105 112 125.5
   vertex 105 111.5 125
   vertex 104.5 111 125
  endloop
 endfacet
 facet normal -0.57735026918962584 0.57735026918962584 -0.57735026918962584
  outer loop
   vertex 105 112 125.5
   vertex 104.5 111 125
   vertex 104.5 112 126
  endloop
 endfacet
 facet normal -1 0 0
  outer loop
   vertex 104.5 112 126
   vertex 104.5 111 125
   vertex 104.5 111 126
  endloop
 endfacet
 facet normal -0.57735026918962584 0.57735026918962584 -0.57735026918962584
  outer loop
   vertex 105 111.5 125
   vertex 105 112 125.5
   vertex 105.5 112 125
  endloop
 endfacet
 facet normal 0.57735026918962584 0.57735026918962584 0.57735026918962584
  outer loop
   vertex 109 111.5 125
   vertex 108.5 111 126
   vertex 109 111 125.5
  endloop
 endfacet
 facet normal 0.57735026918962584 0.57735026918962584 0.57735026918962584
  outer loop
   vertex 109 111.5 125
   vertex 108.5 112 125
   vertex 108.5 111 126
  endloop
 endfacet
 facet normal 1 0 0
  outer loop
   vertex 108.5 112 125
   vertex 108.5 112 126
   vertex 108.5 111 126
  endloop
 endfacet
 facet normal 0.57735026918962584 0.57735026918962584 0.57735026918962584
  outer loop
   vertex 109.5 111 125
   vertex 109 111.5 125
   vertex 109 111 125.5
  endloop
 endfacet
 facet normal -0.57735026918962584 0.57735026918962584 -0.57735026918962584
  outer loop
   vertex 105 112 125.5
   vertex 104.5 112 126
   vertex 105 112.5 126
  endloop
 endfacet
 facet normal -0.57735026918962584 0.57735026918962584 -0.57735026918962584
  outer loop
   vertex 105.5 112 125
   vertex 105 112 125.5
   vertex 105 112.5 126
  endloop
 endfacet
 facet normal -0.57735026918962584 0.57735026918962584 -0.57735026918962584
  outer loop
   vertex 105.5 112 125
   vertex 105 112.5 126
   vertex 106 112.5 125
  endloop
 endfacet
 facet normal -0 1 0
  outer loop
   vertex 106 112.5 125
   vertex 105 112.5 126
   vertex 106 112.5 126
  endloop
 endfacet
 facet normal 0 1 0
  outer loop
   vertex 107 112.5 125
   vertex 106 112.5 125
   vertex 107 112.5 126
  endloop
 endfacet
 facet normal -0 1 0
  outer loop
   vertex 106 112.5 125
   vertex 106 112.5 126
   vertex 107 112.5 126
  endloop
 endfacet
 facet normal 0 1 0
  outer loop
   vertex 108 112.5 125
   vertex 107 112.5 125
   vertex 108 112.5 126
  endloop
 endfacet
 facet normal -0 1 0
  outer loop
   vertex 107 112.5 125
   vertex 107 112.5 126
   vertex 108 112.5 126
  endloop
 endfacet
 facet normal 0.70710678118654746 0.70710678118654746 -0
  outer loop
   vertex 108.5 112 126
   vertex 108.5 112 125
   vertex 108 112.5 125
  endloop
 endfacet
 facet normal 0.70710678118654746 0.70710678118654746 0
  outer loop
   vertex 108 112.5 126
   vertex 108.5 112 126
   vertex 108 112.5 125
  endloop
 endfacet
 facet normal -0.57735026918962584 -0.57735026918962584 -0.57735026918962584
  outer loop
   vertex 109 87 126.5
   vertex 109 86.5 127
   vertex 108.5 87 127
  endloop
 endfacet
 facet normal -0 -0.70710678118654746 -0.70710678118654746
  outer loop
   vertex 109 87 126.5
   vertex 110 87 126.5
   vertex 110 86.5 127
  endloop
 endfacet
 facet normal 0 -0.70710678118654746 -0.70710678118654746
  outer loop
   vertex 109 86.5 127
   vertex 109 87 126.5
   vertex 110 86.5 127
  endloop
 endfacet
 facet normal 0.57735026918962584 -0.57735026918962584 -0.57735026918962584
  outer loop
   vertex 110 86.5 127
   vertex 110 87 126.5
   vertex 110.5 87 127
  endloop
 endfacet
 facet normal -0.57735026918962584 -0.57735026918962584 -0.57735026918962584
  outer loop
   vertex 107 88 126.5
   vertex 107 87.5 127
   vertex 106.5 88 127
  endloop
 endfacet
 facet normal -0 -0.70710678118654746 -0.70710678118654746
  outer loop
   vertex 107 88 126.5
   vertex 108 88 126.5
   vertex 108 87.5 127
  endloop
 endfacet
 facet normal 0 -0.70710678118654746 -0.70710678118654746
  outer loop
   vertex 107 87.5 127
   vertex 107 88 126.5
   vertex 108 87.5 127
  endloop
 endfacet
 facet normal -0.57735026918962584 0.57735026918962584 -0.57735026918962584
  outer loop
   vertex 108.5 87 127
   vertex 109 87.5 127
   vertex 109 87 126.5
  endloop
 endfacet
 facet normal 0.57735026918962584 -0.57735026918962584 -0.57735026918962584
  outer loop
   vertex 108 87.5 127
   vertex 108 88 126.5
   vertex 108.5 88 127
  endloop
 endfacet
 facet normal 0 0.70710678118654746 -0.70710678118654746
  outer loop
   vertex 110 87 126.5
   vertex 109 87 126.5
   vertex 109 87.5 127
  endloop
 endfacet
 facet normal 0 0.70710678118654746 -0.70710678118654746
  outer loop
   vertex 110 87.5 127
   vertex 110 87 126.5
   vertex 109 87.5 127
  endloop
 endfacet
 facet normal 0.57735026918962584 0.57735026918962584 -0.57735026918962584
  outer loop
   vertex 110.5 87 127
   vertex 110 87 126.5
   vertex 110 87.5 127
  endloop
 endfacet
 facet normal -0.57735026918962584 -0.57735026918962584 -0.57735026918962584
  outer loop
   vertex 106 89 126.5
   vertex 106 88.5 127
   vertex 105.5 89 127
  endloop
 endfacet
 facet normal -0.57735026918962584 -0.57735026918962584 -0.57735026918962584
  outer loop
   vertex 106.5 88 127
   vertex 106 88.5 127
   vertex 106 89 126.5
  endloop
 endfacet
 facet normal -0.57735026918962584 -0.57735026918962584 -0.57735026918962584
  outer loop
   vertex 107 88 126.5
   vertex 106.5 88 127
   vertex 106 89 126.5
  endloop
 endfacet
 facet normal -0.57735026918962584 -0.57735026918962584 -0.57735026918962584
  outer loop
   vertex 107 88 126.5
   vertex 106 89 126.5
   vertex 106.5 89 126
  endloop
 endfacet
 facet normal -0.57735026918962584 -0.57735026918962584 -0.57735026918962584
  outer loop
   vertex 107 88 126.5
   vertex 106.5 89 126
   vertex 107 88.5 126
  endloop
 endfacet
 facet normal 0.57735026918962584 -0.57735026918962584 -0.57735026918962584
  outer loop
   vertex 107.5 89 126
   vertex 107 88 126.5
   vertex 107 88.5 126
  endloop
 endfacet
 facet normal 0.57735026918962584 -0.57735026918962584 -0.57735026918962584
  outer loop
   vertex 107.5 89 126
   vertex 108 89 126.5
   vertex 107 88 126.5
  endloop
 endfacet
 facet normal 0 0 -1
  outer loop
   vertex 108 89 126.5
   vertex 108 88 126.5
   vertex 107 88 126.5
  endloop
 endfacet
 facet normal 0.70710678118654746 0 -0.70710678118654746
  outer loop
   vertex 108.5 89 127
   vertex 108.5 88 127
   vertex 108 88 126.5
  endloop
 endfacet
 facet normal 0.70710678118654746 0 -0.70710678118654746
  outer loop
   vertex 108 89 126.5
   vertex 108.5 89 127
   vertex 108 88 126.5
  endloop
 endfacet
 facet normal -0.57735026918962584 -0.57735026918962584 -0.57735026918962584
  outer loop
   vertex 105 90 126.5
   vertex 105 89.5 127
   vertex 104.5 90 127
  endloop
 endfacet
 facet normal -0.57735026918962584 -0.57735026918962584 -0.57735026918962584
  outer loop
   vertex 105.5 89 127
   vertex 105 89.5 127
   vertex 105 90 126.5
  endloop
 endfacet
 facet normal -0.57735026918962584 -0.57735026918962584 -0.57735026918962584
  outer loop
   vertex 105.5 89 127
   vertex 105 90 126.5
   vertex 106 89 126.5
  endloop
 endfacet
 facet normal 0 0 -1
  outer loop
   vertex 106 89 126.5
   vertex 105 90 126.5
   vertex 106 90 126.5
  endloop
 endfacet
 facet normal -0.70710678118654746 0 -0.70710678118654746
  outer loop
   vertex 106.5 89 126
   vertex 106 90 126.5
   vertex 106.5 90 126
  endloop
 endfacet
 facet normal -0.70710678118654746 -0 -0.70710678118654746
  outer loop
   vertex 106 89 126.5
   vertex 106 90 126.5
   vertex 106.5 89 126
  endloop
 endfacet
 facet normal 0.70710678118654746 0 -0.70710678118654746
  outer loop
   vertex 108 89 126.5
   vertex 107.5 90 126
   vertex 108 90 126.5
  endloop
 endfacet
 facet normal 0.70710678118654746 0 -0.70710678118654746
  outer loop
   vertex 107.5 89 126
   vertex 107.5 90 126
   vertex 108 89 126.5
  endloop
 endfacet
 facet normal 0.70710678118654746 0 -0.70710678118654746
  outer loop
   vertex 108.5 90 127
   vertex 108.5 89 127
   vertex 108 89 126.5
  endloop
 endfacet
 facet normal 0.70710678118654746 0 -0.70710678118654746
  outer loop
   vertex 108 90 126.5
   vertex 108.5 90 127
   vertex 108 89 126.5
  endloop
 endfacet
 facet normal -0.70710678118654746 0 -0.70710678118654746
  outer loop
   vertex 105 91 126.5
   vertex 105 90 126.5
   vertex 104.5 90 127
  endloop
 endfacet
 facet normal -0.70710678118654746 0 -0.70710678118654746
  outer loop
   vertex 104.5 91 127
   vertex 105 91 126.5
   vertex 104.5 90 127
  endloop
 endfacet
 facet normal 0 0 -1
  outer loop
   vertex 106 90 126.5
   vertex 105 90 126.5
   vertex 106 91 126.5
  endloop
 endfacet
 facet normal 0 0 -1
  outer loop
   vertex 106 91 126.5
   vertex 105 90 126.5
   vertex 105 91 126.5
  endloop
 endfacet
 facet normal -0.57735026918962584 0.57735026918962584 -0.57735026918962584
  outer loop
   vertex 106.5 90 126
   vertex 107 91 126.5
   vertex 107 90.5 126
  endloop
 endfacet
 facet normal -0.57735026918962584 0.57735026918962584 -0.57735026918962584
  outer loop
   vertex 106.5 90 126
   vertex 106 90 126.5
   vertex 107 91 126.5
  endloop
 endfacet
 facet normal 0 0 -1
  outer loop
   vertex 106 90 126.5
   vertex 106 91 126.5
   vertex 107 91 126.5
  endloop
 endfacet
 facet normal 0.57735026918962584 0.57735026918962584 -0.57735026918962584
  outer loop
   vertex 107 90.5 126
   vertex 107 91 126.5
   vertex 107.5 91 127
  endloop
 endfacet
 facet normal 0.57735026918962584 0.57735026918962584 -0.57735026918962584
  outer loop
   vertex 107.5 90 126
   vertex 107 90.5 126
   vertex 107.5 91 127
  endloop
 endfacet
 facet normal 0.57735026918962584 0.57735026918962584 -0.57735026918962584
  outer loop
   vertex 107.5 90 126
   vertex 107.5 91 127
   vertex 108 90.5 127
  endloop
 endfacet
 facet normal 0.57735026918962584 0.57735026918962584 -0.57735026918962584
  outer loop
   vertex 107.5 90 126
   vertex 108 90.5 127
   vertex 108 90 126.5
  endloop
 endfacet
 facet normal 0.57735026918962584 0.57735026918962584 -0.57735026918962584
  outer loop
   vertex 108.5 90 127
   vertex 108 90 126.5
   vertex 108 90.5 127
  endloop
 endfacet
 facet normal -0.57735026918962584 -0.57735026918962584 -0.57735026918962584
  outer loop
   vertex 105 91.5 126
   vertex 105 91 126.5
   vertex 104.5 91 127
  endloop
 endfacet
 facet normal -0.57735026918962584 -0.57735026918962584 -0.57735026918962584
  outer loop
   vertex 105 91.5 126
   vertex 104.5 91 127
   vertex 104.5 92 126
  endloop
 endfacet
 facet normal -1 0 0
  outer loop
   vertex 104.5 92 126
   vertex 104.5 91 127
   vertex 104.5 92 127
  endloop
 endfacet
 facet normal 0.57735026918962584 -0.57735026918962584 -0.57735026918962584
  outer loop
   vertex 105.5 92 126
   vertex 105 91 126.5
   vertex 105 91.5 126
  endloop
 endfacet
 facet normal 0.57735026918962584 -0.57735026918962584 -0.57735026918962584
  outer loop
   vertex 105.5 92 126
   vertex 106 92 126.5
   vertex 105 91 126.5
  endloop
 endfacet
 facet normal 0 0 -1
  outer loop
   vertex 106 92 126.5
   vertex 106 91 126.5
   vertex 105 91 126.5
  endloop
 endfacet
 facet normal 0.57735026918962584 0.57735026918962584 -0.57735026918962584
  outer loop
   vertex 106.5 92 127
   vertex 107 91.5 127
   vertex 107 91 126.5
  endloop
 endfacet
 facet normal 0.57735026918962584 0.57735026918962584 -0.57735026918962584
  outer loop
   vertex 106.5 92 127
   vertex 107 91 126.5
   vertex 106 92 126.5
  endloop
 endfacet
 facet normal 0 0 -1
  outer loop
   vertex 106 92 126.5
   vertex 107 91 126.5
   vertex 106 91 126.5
  endloop
 endfacet
 facet normal 0.57735026918962584 0.57735026918962584 -0.57735026918962584
  outer loop
   vertex 107.5 91 127
   vertex 107 91 126.5
   vertex 107 91.5 127
  endloop
 endfacet
 facet normal -0.57735026918962584 -0.57735026918962584 -0.57735026918962584
  outer loop
   vertex 104 93 126.5
   vertex 104 92.5 127
   vertex 103.5 93 127
  endloop
 endfacet
 facet normal 0.57735026918962584 -0.57735026918962584 -0.57735026918962584
  outer loop
   vertex 104 92.5 127
   vertex 104 93 126.5
   vertex 104.5 93 127
  endloop
 endfacet
 facet normal -0.57735026918962584 0.57735026918962584 0.57735026918962584
  outer loop
   vertex 105 92.5 127
   vertex 105 93 126.5
   vertex 104.5 92 127
  endloop
 endfacet
 facet normal -0.57735026918962584 0.57735026918962584 0.57735026918962584
  outer loop
   vertex 104.5 92 127
   vertex 105 93 126.5
   vertex 104.5 93 126
  endloop
 endfacet
 facet normal -1 0 0
  outer loop
   vertex 104.5 92 127
   vertex 104.5 93 126
   vertex 104.5 92 126
  endloop
 endfacet
 facet normal 0 0.70710678118654746 -0.70710678118654746
  outer loop
   vertex 106 92 126.5
   vertex 105 92.5 127
   vertex 106 92.5 127
  endloop
 endfacet
 facet normal 0.57735026918962573 0.57735026918962573 0.57735026918962573
  outer loop
   vertex 106 92 126.5
   vertex 105.5 93 126
   vertex 105 92.5 127
  endloop
 endfacet
 facet normal 0.70710678118654746 0 -0.70710678118654746
  outer loop
   vertex 106 92 126.5
   vertex 105.5 92 126
   vertex 105.5 93 126
  endloop
 endfacet
 facet normal 0.57735026918962584 0.57735026918962584 0.57735026918962584
  outer loop
   vertex 105.5 93 126
   vertex 105 93 126.5
   vertex 105 92.5 127
  endloop
 endfacet
 facet normal 0.57735026918962584 0.57735026918962584 -0.57735026918962584
  outer loop
   vertex 106.5 92 127
   vertex 106 92 126.5
   vertex 106 92.5 127
  endloop
 endfacet
 facet normal -0.57735026918962584 0.57735026918962584 -0.57735026918962584
  outer loop
   vertex 104 93 126.5
   vertex 103.5 93 127
   vertex 104 93.5 127
  endloop
 endfacet
 facet normal -0.70710678118654746 0 0.70710678118654746
  outer loop
   vertex 105 93 126.5
   vertex 105 94 126.5
   vertex 104.5 94 126
  endloop
 endfacet
 facet normal -0.70710678118654746 0 0.70710678118654746
  outer loop
   vertex 105 93 126.5
   vertex 104.5 94 126
   vertex 104.5 93 126
  endloop
 endfacet
 facet normal 0.57735026918962584 0.57735026918962584 -0.57735026918962584
  outer loop
   vertex 104 93 126.5
   vertex 104 93.5 127
   vertex 104.5 93 127
  endloop
 endfacet
 facet normal 0.70710678118654746 0 0.70710678118654746
  outer loop
   vertex 105.5 93 126
   vertex 105.5 94 126
   vertex 105 94 126.5
  endloop
 endfacet
 facet normal 0.70710678118654746 0 0.70710678118654746
  outer loop
   vertex 105 93 126.5
   vertex 105.5 93 126
   vertex 105 94 126.5
  endloop
 endfacet
 facet normal -0.70710678118654746 0 0.70710678118654746
  outer loop
   vertex 105 94 126.5
   vertex 105 95 126.5
   vertex 104.5 95 126
  endloop
 endfacet
 facet normal -0.70710678118654746 0 0.70710678118654746
  outer loop
   vertex 104.5 94 126
   vertex 105 94 126.5
   vertex 104.5 95 126
  endloop
 endfacet
 facet normal 0.57735026918962584 -0.57735026918962584 0.57735026918962584
  outer loop
   vertex 105.5 94 126
   vertex 106 94.5 126
   vertex 106 95 126.5
  endloop
 endfacet
 facet normal 0.57735026918962584 -0.57735026918962584 0.57735026918962584
  outer loop
   vertex 105.5 94 126
   vertex 106 95 126.5
   vertex 105 94 126.5
  endloop
 endfacet
 facet normal 0 0 1
  outer loop
   vertex 105 94 126.5
   vertex 106 95 126.5
   vertex 105 95 126.5
  endloop
 endfacet
 facet normal 0.57735026918962584 -0.57735026918962584 0.57735026918962584
  outer loop
   vertex 106 94.5 126
   vertex 106.5 95 126
   vertex 106 95 126.5
  endloop
 endfacet
 facet normal -0.57735026918962584 -0.57735026918962584 -0.57735026918962584
  outer loop
   vertex 103 96 126.5
   vertex 103 95.5 127
   vertex 102.5 96 127
  endloop
 endfacet
 facet normal -0.57735026918962584 -0.57735026918962584 0.57735026918962584
  outer loop
   vertex 104 96 126.5
   vertex 103.5 96 126
   vertex 104 95.5 126
  endloop
 endfacet
 facet normal 0.57735026918962584 -0.57735026918962584 -0.57735026918962584
  outer loop
   vertex 103.5 96 127
   vertex 103 95.5 127
   vertex 103 96 126.5
  endloop
 endfacet
 facet normal -0.57735026918962584 -0.57735026918962584 0.57735026918962584
  outer loop
   vertex 104 95.5 126
   vertex 104.5 95 126
   vertex 105 95 126.5
  endloop
 endfacet
 facet normal -0.57735026918962584 -0.57735026918962584 0.57735026918962584
  outer loop
   vertex 104 95.5 126
   vertex 105 95 126.5
   vertex 104 96 126.5
  endloop
 endfacet
 facet normal 0 -0 1
  outer loop
   vertex 104 96 126.5
   vertex 105 95 126.5
   vertex 105 96 126.5
  endloop
 endfacet
 facet normal 0 0 1
  outer loop
   vertex 106 95 126.5
   vertex 106 96 126.5
   vertex 105 95 126.5
  endloop
 endfacet
 facet normal -0 0 1
  outer loop
   vertex 106 96 126.5
   vertex 105 96 126.5
   vertex 105 95 126.5
  endloop
 endfacet
 facet normal 0.70710678118654746 0 0.70710678118654746
  outer loop
   vertex 106.5 95 126
   vertex 106.5 96 126
   vertex 106 96 126.5
  endloop
 endfacet
 facet normal 0.70710678118654746 0 0.70710678118654746
  outer loop
   vertex 106 95 126.5
   vertex 106.5 95 126
   vertex 106 96 126.5
  endloop
 endfacet
 facet normal -0.57735026918962584 0.57735026918962584 -0.57735026918962584
  outer loop
   vertex 103 96 126.5
   vertex 102.5 96 127
   vertex 103 96.5 127
  endloop
 endfacet
 facet normal -0.70710678118654746 0 0.70710678118654746
  outer loop
   vertex 104 96 126.5
   vertex 104 97 126.5
   vertex 103.5 97 126
  endloop
 endfacet
 facet normal -0.70710678118654746 0 0.70710678118654746
  outer loop
   vertex 104 96 126.5
   vertex 103.5 97 126
   vertex 103.5 96 126
  endloop
 endfacet
 facet normal 0.57735026918962584 0.57735026918962584 -0.57735026918962584
  outer loop
   vertex 103 96 126.5
   vertex 103 96.5 127
   vertex 103.5 96 127
  endloop
 endfacet
 facet normal 0.57735026918962584 0.57735026918962584 0.57735026918962584
  outer loop
   vertex 105 96.5 126
   vertex 104.5 97 126
   vertex 104 97 126.5
  endloop
 endfacet
 facet normal 0.57735026918962584 0.57735026918962584 0.57735026918962584
  outer loop
   vertex 105 96.5 126
   vertex 104 97 126.5
   vertex 105 96 126.5
  endloop
 endfacet
 facet normal 0 0 1
  outer loop
   vertex 105 96 126.5
   vertex 104 97 126.5
   vertex 104 96 126.5
  endloop
 endfacet
 facet normal -0 0.70710678118654746 0.70710678118654746
  outer loop
   vertex 106 96.5 126
   vertex 105 96.5 126
   vertex 105 96 126.5
  endloop
 endfacet
 facet normal 0 0.70710678118654746 0.70710678118654746
  outer loop
   vertex 106 96 126.5
   vertex 106 96.5 126
   vertex 105 96 126.5
  endloop
 endfacet
 facet normal 0.57735026918962584 0.57735026918962584 0.57735026918962584
  outer loop
   vertex 106.5 96 126
   vertex 106 96.5 126
   vertex 106 96 126.5
  endloop
 endfacet
 facet normal -0.57735026918962584 0.57735026918962584 0.57735026918962584
  outer loop
   vertex 103.5 97 126
   vertex 104 97 126.5
   vertex 104 97.5 126
  endloop
 endfacet
 facet normal 0.57735026918962584 0.57735026918962584 0.57735026918962584
  outer loop
   vertex 104.5 97 126
   vertex 104 97.5 126
   vertex 104 97 126.5
  endloop
 endfacet
 facet normal -0.57735026918962584 -0.57735026918962584 0.57735026918962584
  outer loop
   vertex 103 98.5 126
   vertex 103 99 126.5
   vertex 102.5 99 126
  endloop
 endfacet
 facet normal 0.57735026918962584 -0.57735026918962584 0.57735026918962584
  outer loop
   vertex 103 98.5 126
   vertex 103.5 99 126
   vertex 103 99 126.5
  endloop
 endfacet
 facet normal -0.70710678118654746 0 0.70710678118654746
  outer loop
   vertex 103 99 126.5
   vertex 103 100 126.5
   vertex 102.5 100 126
  endloop
 endfacet
 facet normal -0.70710678118654746 0 0.70710678118654746
  outer loop
   vertex 102.5 99 126
   vertex 103 99 126.5
   vertex 102.5 100 126
  endloop
 endfacet
 facet normal 0.70710678118654746 0 0.70710678118654746
  outer loop
   vertex 103.5 99 126
   vertex 103.5 100 126
   vertex 103 100 126.5
  endloop
 endfacet
 facet normal 0.70710678118654746 0 0.70710678118654746
  outer loop
   vertex 103 99 126.5
   vertex 103.5 99 126
   vertex 103 100 126.5
  endloop
 endfacet
 facet normal -0.70710678118654746 0 0.70710678118654746
  outer loop
   vertex 103 100 126.5
   vertex 103 101 126.5
   vertex 102.5 101 126
  endloop
 endfacet
 facet normal -0.70710678118654746 0 0.70710678118654746
  outer loop
   vertex 102.5 100 126
   vertex 103 100 126.5
   vertex 102.5 101 126
  endloop
 endfacet
 facet normal 0.70710678118654746 0 0.70710678118654746
  outer loop
   vertex 103.5 100 126
   vertex 103.5 101 126
   vertex 103 101 126.5
  endloop
 endfacet
 facet normal 0.70710678118654746 0 0.70710678118654746
  outer loop
   vertex 103 100 126.5
   vertex 103.5 100 126
   vertex 103 101 126.5
  endloop
 endfacet
 facet normal -0.57735026918962584 -0.57735026918962584 -0.57735026918962584
  outer loop
   vertex 102 102 126.5
   vertex 102 101.5 127
   vertex 101.5 102 127
  endloop
 endfacet
 facet normal -0.70710678118654746 0 0.70710678118654746
  outer loop
   vertex 102.5 102 126
   vertex 102.5 101 126
   vertex 103 101 126.5
  endloop
 endfacet
 facet normal -0.70710678118654746 0 0.70710678118654746
  outer loop
   vertex 102.5 102 126
   vertex 103 101 126.5
   vertex 103 102 126.5
  endloop
 endfacet
 facet normal 0.57735026918962584 -0.57735026918962584 -0.57735026918962584
  outer loop
   vertex 102.5 102 127
   vertex 102 101.5 127
   vertex 102 102 126.5
  endloop
 endfacet
 facet normal 0.70710678118654746 0 0.70710678118654746
  outer loop
   vertex 103.5 101 126
   vertex 103.5 102 126
   vertex 103 102 126.5
  endloop
 endfacet
 facet normal 0.70710678118654746 0 0.70710678118654746
  outer loop
   vertex 103 101 126.5
   vertex 103.5 101 126
   vertex 103 102 126.5
  endloop
 endfacet
 facet normal -0.70710678118654746 0 -0.70710678118654746
  outer loop
   vertex 102 103 126.5
   vertex 102 102 126.5
   vertex 101.5 102 127
  endloop
 endfacet
 facet normal -0.70710678118654746 0 -0.70710678118654746
  outer loop
   vertex 101.5 103 127
   vertex 102 103 126.5
   vertex 101.5 102 127
  endloop
 endfacet
 facet normal 0.70710678118654746 0 -0.70710678118654746
  outer loop
   vertex 102.5 102 127
   vertex 102 102 126.5
   vertex 102 103 126.5
  endloop
 endfacet
 facet normal 0.70710678118654746 0 -0.70710678118654746
  outer loop
   vertex 102.5 102 127
   vertex 102 103 126.5
   vertex 102.5 103 127
  endloop
 endfacet
 facet normal -0.70710678118654746 0 0.70710678118654746
  outer loop
   vertex 102.5 102 126
   vertex 103 102 126.5
   vertex 102.5 103 126
  endloop
 endfacet
 facet normal -0.70710678118654746 0 0.70710678118654746
  outer loop
   vertex 102.5 103 126
   vertex 103 102 126.5
   vertex 103 103 126.5
  endloop
 endfacet
 facet normal 0.70710678118654746 0 0.70710678118654746
  outer loop
   vertex 103.5 102 126
   vertex 103.5 103 126
   vertex 103 103 126.5
  endloop
 endfacet
 facet normal 0.70710678118654746 0 0.70710678118654746
  outer loop
   vertex 103 102 126.5
   vertex 103.5 102 126
   vertex 103 103 126.5
  endloop
 endfacet
 facet normal -0.57735026918962584 -0.57735026918962584 0.57735026918962584
  outer loop
   vertex 108 102.5 126
   vertex 108 103 126.5
   vertex 107.5 103 126
  endloop
 endfacet
 facet normal 0 -0.70710678118654746 0.70710678118654746
  outer loop
   vertex 108 102.5 126
   vertex 109 102.5 126
   vertex 109 103 126.5
  endloop
 endfacet
 facet normal 0 -0.70710678118654746 0.70710678118654746
  outer loop
   vertex 108 103 126.5
   vertex 108 102.5 126
   vertex 109 103 126.5
  endloop
 endfacet
 facet normal 0.57735026918962584 -0.57735026918962584 0.57735026918962584
  outer loop
   vertex 109 102.5 126
   vertex 109.5 103 126
   vertex 109 103 126.5
  endloop
 endfacet
 facet normal -0.70710678118654746 0 -0.70710678118654746
  outer loop
   vertex 102 104 126.5
   vertex 102 103 126.5
   vertex 101.5 103 127
  endloop
 endfacet
 facet normal -0.70710678118654746 0 -0.70710678118654746
  outer loop
   vertex 101.5 104 127
   vertex 102 104 126.5
   vertex 101.5 103 127
  endloop
 endfacet
 facet normal 0.70710678118654746 0 -0.70710678118654746
  outer loop
   vertex 102.5 103 127
   vertex 102 103 126.5
   vertex 102 104 126.5
  endloop
 endfacet
 facet normal 0.70710678118654746 0 -0.70710678118654746
  outer loop
   vertex 102.5 103 127
   vertex 102 104 126.5
   vertex 102.5 104 127
  endloop
 endfacet
 facet normal -0.70710678118654746 0 0.70710678118654746
  outer loop
   vertex 102.5 103 126
   vertex 103 103 126.5
   vertex 102.5 104 126
  endloop
 endfacet
 facet normal -0.70710678118654746 0 0.70710678118654746
  outer loop
   vertex 102.5 104 126
   vertex 103 103 126.5
   vertex 103 104 126.5
  endloop
 endfacet
 facet normal 0.70710678118654746 0 0.70710678118654746
  outer loop
   vertex 103.5 103 126
   vertex 103.5 104 126
   vertex 103 104 126.5
  endloop
 endfacet
 facet normal 0.70710678118654746 0 0.70710678118654746
  outer loop
   vertex 103 103 126.5
   vertex 103.5 103 126
   vertex 103 104 126.5
  endloop
 endfacet
 facet normal -0.57735026918962584 -0.57735026918962584 0.57735026918962584
  outer loop
   vertex 105 103.5 126
   vertex 105 104 126.5
   vertex 104.5 104 126
  endloop
 endfacet
 facet normal 0 -0.70710678118654746 0.70710678118654746
  outer loop
   vertex 105 103.5 126
   vertex 106 103.5 126
   vertex 106 104 126.5
  endloop
 endfacet
 facet normal 0 -0.70710678118654746 0.70710678118654746
  outer loop
   vertex 105 104 126.5
   vertex 105 103.5 126
   vertex 106 104 126.5
  endloop
 endfacet
 facet normal 0 -0.70710678118654746 0.70710678118654746
  outer loop
   vertex 106 103.5 126
   vertex 107 103.5 126
   vertex 107 104 126.5
  endloop
 endfacet
 facet normal 0 -0.70710678118654746 0.70710678118654746
  outer loop
   vertex 106 104 126.5
   vertex 106 103.5 126
   vertex 107 104 126.5
  endloop
 endfacet
 facet normal -0.57735026918962584 -0.57735026918962584 0.57735026918962584
  outer loop
   vertex 107 103.5 126
   vertex 107.5 103 126
   vertex 108 103 126.5
  endloop
 endfacet
 facet normal -0.57735026918962584 -0.57735026918962584 0.57735026918962584
  outer loop
   vertex 107 103.5 126
   vertex 108 103 126.5
   vertex 107 104 126.5
  endloop
 endfacet
 facet normal 0 -0 1
  outer loop
   vertex 107 104 126.5
   vertex 108 103 126.5
   vertex 108 104 126.5
  endloop
 endfacet
 facet normal -0.57735026918962584 -0.57735026918962584 0.57735026918962584
  outer loop
   vertex 108.5 104 127
   vertex 109 103 126.5
   vertex 109 103.5 127
  endloop
 endfacet
 facet normal -0.57735026918962584 -0.57735026918962584 0.57735026918962584
  outer loop
   vertex 108.5 104 127
   vertex 108 104 126.5
   vertex 109 103 126.5
  endloop
 endfacet
 facet normal 0 0 1
  outer loop
   vertex 108 104 126.5
   vertex 108 103 126.5
   vertex 109 103 126.5
  endloop
 endfacet
 facet normal 0.57735026918962584 -0.57735026918962584 0.57735026918962584
  outer loop
   vertex 109 103.5 127
   vertex 109 103 126.5
   vertex 109.5 103 126
  endloop
 endfacet
 facet normal 0.57735026918962584 -0.57735026918962584 0.57735026918962584
  outer loop
   vertex 109 103.5 127
   vertex 109.5 103 126
   vertex 109.5 104 127
  endloop
 endfacet
 facet normal 1 0 0
  outer loop
   vertex 109.5 104 127
   vertex 109.5 103 126
   vertex 109.5 104 126
  endloop
 endfacet
 facet normal -0.57735026918962584 0.57735026918962584 -0.57735026918962584
  outer loop
   vertex 102 104 126.5
   vertex 101.5 104 127
   vertex 102 104.5 127
  endloop
 endfacet
 facet normal 0.57735026918962584 0.57735026918962584 -0.57735026918962584
  outer loop
   vertex 102 104 126.5
   vertex 102 104.5 127
   vertex 102.5 104 127
  endloop
 endfacet
 facet normal -0.57735026918962584 -0.57735026918962584 0.57735026918962584
  outer loop
   vertex 103 104 126.5
   vertex 103 104.5 127
   vertex 102.5 104 126
  endloop
 endfacet
 facet normal -0.57735026918962584 -0.57735026918962584 0.57735026918962584
  outer loop
   vertex 102.5 104 126
   vertex 103 104.5 127
   vertex 102.5 105 127
  endloop
 endfacet
 facet normal -1 0 -0
  outer loop
   vertex 102.5 104 126
   vertex 102.5 105 127
   vertex 102.5 105 126
  endloop
 endfacet
 facet normal 0.57735026918962584 -0.57735026918962584 0.57735026918962584
  outer loop
   vertex 104 105 126.5
   vertex 103.5 105 127
   vertex 103 104.5 127
  endloop
 endfacet
 facet normal 0.57735026918962584 -0.57735026918962584 0.57735026918962584
  outer loop
   vertex 104 104.5 126
   vertex 104 105 126.5
   vertex 103 104.5 127
  endloop
 endfacet
 facet normal 0.57735026918962584 -0.57735026918962584 0.57735026918962584
  outer loop
   vertex 104 104.5 126
   vertex 103 104.5 127
   vertex 103 104 126.5
  endloop
 endfacet
 facet normal 0.57735026918962584 -0.57735026918962584 0.57735026918962584
  outer loop
   vertex 104 104.5 126
   vertex 103 104 126.5
   vertex 103.5 104 126
  endloop
 endfacet
 facet normal -0.57735026918962584 -0.57735026918962584 0.57735026918962584
  outer loop
   vertex 104 104.5 126
   vertex 104.5 104 126
   vertex 105 104 126.5
  endloop
 endfacet
 facet normal -0.57735026918962584 -0.57735026918962584 0.57735026918962584
  outer loop
   vertex 104 104.5 126
   vertex 105 104 126.5
   vertex 104 105 126.5
  endloop
 endfacet
 facet normal 0 -0 1
  outer loop
   vertex 104 105 126.5
   vertex 105 104 126.5
   vertex 105 105 126.5
  endloop
 endfacet
 facet normal 0 0 1
  outer loop
   vertex 106 104 126.5
   vertex 106 105 126.5
   vertex 105 104 126.5
  endloop
 endfacet
 facet normal -0 0 1
  outer loop
   vertex 106 105 126.5
   vertex 105 105 126.5
   vertex 105 104 126.5
  endloop
 endfacet
 facet normal -0.57735026918962584 -0.57735026918962584 0.57735026918962584
  outer loop
   vertex 106.5 105 127
   vertex 107 104 126.5
   vertex 107 104.5 127
  endloop
 endfacet
 facet normal -0.57735026918962584 -0.57735026918962584 0.57735026918962584
  outer loop
   vertex 106.5 105 127
   vertex 106 105 126.5
   vertex 107 104 126.5
  endloop
 endfacet
 facet normal 0 0 1
  outer loop
   vertex 106 105 126.5
   vertex 106 104 126.5
   vertex 107 104 126.5
  endloop
 endfacet
 facet normal 0 -0.70710678118654746 0.70710678118654746
  outer loop
   vertex 108 104 126.5
   vertex 107 104.5 127
   vertex 107 104 126.5
  endloop
 endfacet
 facet normal 0 -0.70710678118654746 0.70710678118654746
  outer loop
   vertex 108 104.5 127
   vertex 107 104.5 127
   vertex 108 104 126.5
  endloop
 endfacet
 facet normal -0.57735026918962584 -0.57735026918962584 0.57735026918962584
  outer loop
   vertex 108.5 104 127
   vertex 108 104.5 127
   vertex 108 104 126.5
  endloop
 endfacet
 facet normal 1 0 0
  outer loop
   vertex 109.5 104 126
   vertex 109.5 105 126
   vertex 109.5 104 127
  endloop
 endfacet
 facet normal 1 0 -0
  outer loop
   vertex 109.5 104 127
   vertex 109.5 105 126
   vertex 109.5 105 127
  endloop
 endfacet
 facet normal -1 0 0
  outer loop
   vertex 102.5 105 126
   vertex 102.5 105 127
   vertex 102.5 106 126
  endloop
 endfacet
 facet normal -1 -0 -0
  outer loop
   vertex 102.5 105 127
   vertex 102.5 106 127
   vertex 102.5 106 126
  endloop
 endfacet
 facet normal 0.70710678118654746 0 0.70710678118654746
  outer loop
   vertex 104 106 126.5
   vertex 103.5 105 127
   vertex 104 105 126.5
  endloop
 endfacet
 facet normal 0.70710678118654746 -0 0.70710678118654746
  outer loop
   vertex 103.5 106 127
   vertex 103.5 105 127
   vertex 104 106 126.5
  endloop
 endfacet
 facet normal 0 0 1
  outer loop
   vertex 105 105 126.5
   vertex 105 106 126.5
   vertex 104 105 126.5
  endloop
 endfacet
 facet normal -0 0 1
  outer loop
   vertex 105 106 126.5
   vertex 104 106 126.5
   vertex 104 105 126.5
  endloop
 endfacet
 facet normal -0.57735026918962584 -0.57735026918962584 0.57735026918962584
  outer loop
   vertex 105.5 106 127
   vertex 106 105 126.5
   vertex 106 105.5 127
  endloop
 endfacet
 facet normal -0.57735026918962584 -0.57735026918962584 0.57735026918962584
  outer loop
   vertex 105.5 106 127
   vertex 105 106 126.5
   vertex 106 105 126.5
  endloop
 endfacet
 facet normal 0 0 1
  outer loop
   vertex 105 106 126.5
   vertex 105 105 126.5
   vertex 106 105 126.5
  endloop
 endfacet
 facet normal -0.57735026918962584 -0.57735026918962584 0.57735026918962584
  outer loop
   vertex 106.5 105 127
   vertex 106 105.5 127
   vertex 106 105 126.5
  endloop
 endfacet
 facet normal 0.57735026918962584 -0.57735026918962584 0.57735026918962584
  outer loop
   vertex 110 106 126.5
   vertex 109.5 105 126
   vertex 110 105.5 126
  endloop
 endfacet
 facet normal 0.57735026918962584 -0.57735026918962584 0.57735026918962584
  outer loop
   vertex 110 106 126.5
   vertex 109.5 106 127
   vertex 109.5 105 126
  endloop
 endfacet
 facet normal 1 -0 0
  outer loop
   vertex 109.5 106 127
   vertex 109.5 105 127
   vertex 109.5 105 126
  endloop
 endfacet
 facet normal 0.57735026918962584 -0.57735026918962584 0.57735026918962584
  outer loop
   vertex 110 105.5 126
   vertex 110.5 106 126
   vertex 110 106 126.5
  endloop
 endfacet
 facet normal -1 0 0
  outer loop
   vertex 102.5 106 126
   vertex 102.5 106 127
   vertex 102.5 107 126
  endloop
 endfacet
 facet normal -1 -0 -0
  outer loop
   vertex 102.5 106 127
   vertex 102.5 107 127
   vertex 102.5 107 126
  endloop
 endfacet
 facet normal 0.57735026918962584 -0.57735026918962584 0.57735026918962584
  outer loop
   vertex 104 106 126.5
   vertex 104 106.5 127
   vertex 103.5 106 127
  endloop
 endfacet
 facet normal 0.57735026918962584 -0.57735026918962584 0.57735026918962584
  outer loop
   vertex 104 106.5 127
   vertex 105 107 126.5
   vertex 104.5 107 127
  endloop
 endfacet
 facet normal 0.57735026918962584 -0.57735026918962584 0.57735026918962584
  outer loop
   vertex 104 106.5 127
   vertex 104 106 126.5
   vertex 105 107 126.5
  endloop
 endfacet
 facet normal 0 -0 1
  outer loop
   vertex 104 106 126.5
   vertex 105 106 126.5
   vertex 105 107 126.5
  endloop
 endfacet
 facet normal -0.70710678118654746 0 0.70710678118654746
  outer loop
   vertex 105.5 107 127
   vertex 105 106 126.5
   vertex 105.5 106 127
  endloop
 endfacet
 facet normal -0.70710678118654746 0 0.70710678118654746
  outer loop
   vertex 105 107 126.5
   vertex 105 106 126.5
   vertex 105.5 107 127
  endloop
 endfacet
 facet normal 0.70710678118654746 0 0.70710678118654746
  outer loop
   vertex 110 107 126.5
   vertex 109.5 106 127
   vertex 110 106 126.5
  endloop
 endfacet
 facet normal 0.70710678118654746 -0 0.70710678118654746
  outer loop
   vertex 109.5 107 127
   vertex 109.5 106 127
   vertex 110 107 126.5
  endloop
 endfacet
 facet normal 0.70710678118654746 0 0.70710678118654746
  outer loop
   vertex 110.5 106 126
   vertex 110.5 107 126
   vertex 110 107 126.5
  endloop
 endfacet
 facet normal 0.70710678118654746 0 0.70710678118654746
  outer loop
   vertex 110 106 126.5
   vertex 110.5 106 126
   vertex 110 107 126.5
  endloop
 endfacet
 facet normal -0.57735026918962584 0.57735026918962584 -0.57735026918962584
  outer loop
   vertex 103 108 126.5
   vertex 103 107.5 126
   vertex 102.5 107 126
  endloop
 endfacet
 facet normal -0.57735026918962584 0.57735026918962584 -0.57735026918962584
  outer loop
   vertex 103 108 126.5
   vertex 102.5 107 126
   vertex 102.5 108 127
  endloop
 endfacet
 facet normal -1 0 0
  outer loop
   vertex 102.5 108 127
   vertex 102.5 107 126
   vertex 102.5 107 127
  endloop
 endfacet
 facet normal -0.57735026918962584 0.57735026918962584 -0.57735026918962584
  outer loop
   vertex 103 107.5 126
   vertex 103 108 126.5
   vertex 103.5 108 126
  endloop
 endfacet
 facet normal 0.57735026918962584 -0.57735026918962584 0.57735026918962584
  outer loop
   vertex 105 107 126.5
   vertex 105 107.5 127
   vertex 104.5 107 127
  endloop
 endfacet
 facet normal -0.57735026918962584 -0.57735026918962584 0.57735026918962584
  outer loop
   vertex 105.5 107 127
   vertex 105 107.5 127
   vertex 105 107 126.5
  endloop
 endfacet
 facet normal 0.57735026918962584 0.57735026918962584 0.57735026918962584
  outer loop
   vertex 109 108 126.5
   vertex 108.5 108 127
   vertex 109 107.5 127
  endloop
 endfacet
 facet normal 0.57735026918962584 0.57735026918962584 0.57735026918962584
  outer loop
   vertex 109.5 107 127
   vertex 109 108 126.5
   vertex 109 107.5 127
  endloop
 endfacet
 facet normal 0.57735026918962584 0.57735026918962584 0.57735026918962584
  outer loop
   vertex 109.5 107 127
   vertex 110 107 126.5
   vertex 109 108 126.5
  endloop
 endfacet
 facet normal 0 0 1
  outer loop
   vertex 110 107 126.5
   vertex 110 108 126.5
   vertex 109 108 126.5
  endloop
 endfacet
 facet normal 0.70710678118654746 0 0.70710678118654746
  outer loop
   vertex 110.5 107 126
   vertex 110.5 108 126
   vertex 110 108 126.5
  endloop
 endfacet
 facet normal 0.70710678118654746 0 0.70710678118654746
  outer loop
   vertex 110 107 126.5
   vertex 110.5 107 126
   vertex 110 108 126.5
  endloop
 endfacet
 facet normal -0.57735026918962584 0.57735026918962584 -0.57735026918962584
  outer loop
   vertex 103 108 126.5
   vertex 102.5 108 127
   vertex 103 108.5 127
  endloop
 endfacet
 facet normal -0.57735026918962584 0.57735026918962584 -0.57735026918962584
  outer loop
   vertex 103 108.5 127
   vertex 103.5 108 126
   vertex 103 108 126.5
  endloop
 endfacet
 facet normal -0.57735026918962584 0.57735026918962584 -0.57735026918962584
  outer loop
   vertex 103 108.5 127
   vertex 103.5 109 127
   vertex 103.5 108 126
  endloop
 endfacet
 facet normal -1 0 0
  outer loop
   vertex 103.5 109 127
   vertex 103.5 109 126
   vertex 103.5 108 126
  endloop
 endfacet
 facet normal 0.70710678118654746 0 0.70710678118654746
  outer loop
   vertex 109 109 126.5
   vertex 108.5 108 127
   vertex 109 108 126.5
  endloop
 endfacet
 facet normal 0.70710678118654746 -0 0.70710678118654746
  outer loop
   vertex 108.5 109 127
   vertex 108.5 108 127
   vertex 109 109 126.5
  endloop
 endfacet
 facet normal 0 0 1
  outer loop
   vertex 110 108 126.5
   vertex 110 109 126.5
   vertex 109 108 126.5
  endloop
 endfacet
 facet normal -0 0 1
  outer loop
   vertex 110 109 126.5
   vertex 109 109 126.5
   vertex 109 108 126.5
  endloop
 endfacet
 facet normal 0.70710678118654746 0 0.70710678118654746
  outer loop
   vertex 110.5 108 126
   vertex 110.5 109 126
   vertex 110 109 126.5
  endloop
 endfacet
 facet normal 0.70710678118654746 0 0.70710678118654746
  outer loop
   vertex 110 108 126.5
   vertex 110.5 108 126
   vertex 110 109 126.5
  endloop
 endfacet
 facet normal -1 0 0
  outer loop
   vertex 103.5 109 126
   vertex 103.5 109 127
   vertex 103.5 110 126
  endloop
 endfacet
 facet normal -1 -0 -0
  outer loop
   vertex 103.5 109 127
   vertex 103.5 110 127
   vertex 103.5 110 126
  endloop
 endfacet
 facet normal 0.70710678118654746 0 0.70710678118654746
  outer loop
   vertex 109 110 126.5
   vertex 108.5 109 127
   vertex 109 109 126.5
  endloop
 endfacet
 facet normal 0.70710678118654746 -0 0.70710678118654746
  outer loop
   vertex 108.5 110 127
   vertex 108.5 109 127
   vertex 109 110 126.5
  endloop
 endfacet
 facet normal 0.57735026918962584 0.57735026918962584 0.57735026918962584
  outer loop
   vertex 110 109.5 126
   vertex 109.5 110 126
   vertex 109 110 126.5
  endloop
 endfacet
 facet normal 0.57735026918962584 0.57735026918962584 0.57735026918962584
  outer loop
   vertex 110 109.5 126
   vertex 109 110 126.5
   vertex 110 109 126.5
  endloop
 endfacet
 facet normal 0 0 1
  outer loop
   vertex 110 109 126.5
   vertex 109 110 126.5
   vertex 109 109 126.5
  endloop
 endfacet
 facet normal 0.57735026918962584 0.57735026918962584 0.57735026918962584
  outer loop
   vertex 110.5 109 126
   vertex 110 109.5 126
   vertex 110 109 126.5
  endloop
 endfacet
 facet normal -0.57735026918962584 0.57735026918962584 -0.57735026918962584
  outer loop
   vertex 104 111 126.5
   vertex 104 110.5 126
   vertex 103.5 110 126
  endloop
 endfacet
 facet normal -0.57735026918962584 0.57735026918962584 -0.57735026918962584
  outer loop
   vertex 104 111 126.5
   vertex 103.5 110 126
   vertex 103.5 111 127
  endloop
 endfacet
 facet normal -1 0 0
  outer loop
   vertex 103.5 111 127
   vertex 103.5 110 126
   vertex 103.5 110 127
  endloop
 endfacet
 facet normal -0.57735026918962584 0.57735026918962584 -0.57735026918962584
  outer loop
   vertex 104 110.5 126
   vertex 104 111 126.5
   vertex 104.5 111 126
  endloop
 endfacet
 facet normal 0.57735026918962584 0.57735026918962584 0.57735026918962584
  outer loop
   vertex 108 111 126.5
   vertex 107.5 111 127
   vertex 108 110.5 127
  endloop
 endfacet
 facet normal 0.57735026918962584 0.57735026918962584 0.57735026918962584
  outer loop
   vertex 108.5 110 127
   vertex 108 111 126.5
   vertex 108 110.5 127
  endloop
 endfacet
 facet normal 0.57735026918962584 0.57735026918962584 0.57735026918962584
  outer loop
   vertex 109 110 126.5
   vertex 108 111 126.5
   vertex 108.5 110 127
  endloop
 endfacet
 facet normal 0.57735026918962584 0.57735026918962584 0.57735026918962584
  outer loop
   vertex 109 110 126.5
   vertex 108.5 111 126
   vertex 108 111 126.5
  endloop
 endfacet
 facet normal 0.57735026918962584 0.57735026918962584 0.57735026918962584
  outer loop
   vertex 109 110 126.5
   vertex 109 110.5 126
   vertex 108.5 111 126
  endloop
 endfacet
 facet normal 0.57735026918962584 0.57735026918962584 0.57735026918962584
  outer loop
   vertex 109.5 110 126
   vertex 109 110.5 126
   vertex 109 110 126.5
  endloop
 endfacet
 facet normal -0.57735026918962584 0.57735026918962584 -0.57735026918962584
  outer loop
   vertex 104 111 126.5
   vertex 103.5 111 127
   vertex 104 111.5 127
  endloop
 endfacet
 facet normal -0.57735026918962584 0.57735026918962584 -0.57735026918962584
  outer loop
   vertex 104 111.5 127
   vertex 104.5 111 126
   vertex 104 111 126.5
  endloop
 endfacet
 facet normal -0.57735026918962584 0.57735026918962584 -0.57735026918962584
  outer loop
   vertex 104 111.5 127
   vertex 104.5 112 127
   vertex 104.5 111 126
  endloop
 endfacet
 facet normal -1 0 0
  outer loop
   vertex 104.5 112 127
   vertex 104.5 112 126
   vertex 104.5 111 126
  endloop
 endfacet
 facet normal 0.57735026918962584 0.57735026918962584 0.57735026918962584
  outer loop
   vertex 107 112 126.5
   vertex 106.5 112 127
   vertex 107 111.5 127
  endloop
 endfacet
 facet normal 0.57735026918962584 0.57735026918962584 0.57735026918962584
  outer loop
   vertex 107.5 111 127
   vertex 107 112 126.5
   vertex 107 111.5 127
  endloop
 endfacet
 facet normal 0.57735026918962584 0.57735026918962584 0.57735026918962584
  outer loop
   vertex 107.5 111 127
   vertex 108 111 126.5
   vertex 107 112 126.5
  endloop
 endfacet
 facet normal 0 0 1
  outer loop
   vertex 108 111 126.5
   vertex 108 112 126.5
   vertex 107 112 126.5
  endloop
 endfacet
 facet normal 0.70710678118654746 0 0.70710678118654746
  outer loop
   vertex 108.5 111 126
   vertex 108.5 112 126
   vertex 108 112 126.5
  endloop
 endfacet
 facet normal 0.70710678118654746 0 0.70710678118654746
  outer loop
   vertex 108 111 126.5
   vertex 108.5 111 126
   vertex 108 112 126.5
  endloop
 endfacet
 facet normal -0.70710678118654746 0.70710678118654746 0
  outer loop
   vertex 104.5 112 126
   vertex 104.5 112 127
   vertex 105 112.5 127
  endloop
 endfacet
 facet normal -0.70710678118654746 0.70710678118654746 0
  outer loop
   vertex 105 112.5 126
   vertex 104.5 112 126
   vertex 105 112.5 127
  endloop
 endfacet
 facet normal 0 1 0
  outer loop
   vertex 106 112.5 126
   vertex 105 112.5 126
   vertex 106 112.5 127
  endloop
 endfacet
 facet normal -0 1 0
  outer loop
   vertex 105 112.5 126
   vertex 105 112.5 127
   vertex 106 112.5 127
  endloop
 endfacet
 facet normal 0.57735026918962584 0.57735026918962584 0.57735026918962584
  outer loop
   vertex 106.5 112 127
   vertex 107 112 126.5
   vertex 107 112.5 126
  endloop
 endfacet
 facet normal 0.57735026918962584 0.57735026918962584 0.57735026918962584
  outer loop
   vertex 106.5 112 127
   vertex 107 112.5 126
   vertex 106 112.5 127
  endloop
 endfacet
 facet normal 0 1 0
  outer loop
   vertex 106 112.5 127
   vertex 107 112.5 126
   vertex 106 112.5 126
  endloop
 endfacet
 facet normal -0 0.70710678118654746 0.70710678118654746
  outer loop
   vertex 108 112.5 126
   vertex 107 112.5 126
   vertex 107 112 126.5
  endloop
 endfacet
 facet normal 0 0.70710678118654746 0.70710678118654746
  outer loop
   vertex 108 112 126.5
   vertex 108 112.5 126
   vertex 107 112 126.5
  endloop
 endfacet
 facet normal 0.57735026918962584 0.57735026918962584 0.57735026918962584
  outer loop
   vertex 108.5 112 126
   vertex 108 112.5 126
   vertex 108 112 126.5
  endloop
 endfacet
 facet normal -0.57735026918962584 -0.57735026918962584 -0.57735026918962584
  outer loop
   vertex 108 87 127.5
   vertex 108 86.5 128
   vertex 107.5 87 128
  endloop
 endfacet
 facet normal -0.57735026918962584 -0.57735026918962584 -0.57735026918962584
  outer loop
   vertex 108 87 127.5
   vertex 108.5 87 127
   vertex 109 86.5 127
  endloop
 endfacet
 facet normal -0.57735026918962584 -0.57735026918962584 -0.57735026918962584
  outer loop
   vertex 108 87 127.5
   vertex 109 86.5 127
   vertex 108 86.5 128
  endloop
 endfacet
 facet normal 0 -1 0
  outer loop
   vertex 108 86.5 128
   vertex 109 86.5 127
   vertex 109 86.5 128
  endloop
 endfacet
 facet normal 0.57735026918962584 -0.57735026918962584 0.57735026918962584
  outer loop
   vertex 110 87 127.5
   vertex 109.5 87 128
   vertex 109 86.5 128
  endloop
 endfacet
 facet normal 0.57735026918962584 -0.57735026918962584 0.57735026918962584
  outer loop
   vertex 110 87 127.5
   vertex 109 86.5 128
   vertex 110 86.5 127
  endloop
 endfacet
 facet normal 0 -1 0
  outer loop
   vertex 110 86.5 127
   vertex 109 86.5 128
   vertex 109 86.5 127
  endloop
 endfacet
 facet normal 0.57735026918962584 -0.57735026918962584 0.57735026918962584
  outer loop
   vertex 110 86.5 127
   vertex 110.5 87 127
   vertex 110 87 127.5
  endloop
 endfacet
 facet normal -0.70710678118654746 -0.70710678118654746 -0
  outer loop
   vertex 107 87.5 127
   vertex 107 87.5 128
   vertex 106.5 88 128
  endloop
 endfacet
 facet normal -0.70710678118654746 -0.70710678118654746 0
  outer loop
   vertex 106.5 88 127
   vertex 107 87.5 127
   vertex 106.5 88 128
  endloop
 endfacet
 facet normal -0.57735026918962584 -0.57735026918962584 -0.57735026918962584
  outer loop
   vertex 107.5 87 128
   vertex 108 87.5 127
   vertex 108 87 127.5
  endloop
 endfacet
 facet normal -0.57735026918962584 -0.57735026918962584 -0.57735026918962584
  outer loop
   vertex 107.5 87 128
   vertex 107 87.5 128
   vertex 108 87.5 127
  endloop
 endfacet
 facet normal 0 -1 0
  outer loop
   vertex 107 87.5 128
   vertex 107 87.5 127
   vertex 108 87.5 127
  endloop
 endfacet
 facet normal 0.57735026918962584 -0.57735026918962584 -0.57735026918962584
  outer loop
   vertex 108.5 88 127
   vertex 108 87 127.5
   vertex 108 87.5 127
  endloop
 endfacet
 facet normal 0.57735026918962584 -0.57735026918962584 -0.57735026918962584
  outer loop
   vertex 108.5 88 127
   vertex 109 88 127.5
   vertex 108 87 127.5
  endloop
 endfacet
 facet normal -0.57735026918962584 0.57735026918962584 -0.57735026918962584
  outer loop
   vertex 108.5 87 127
   vertex 108 87 127.5
   vertex 109 87.5 127
  endloop
 endfacet
 facet normal -0.57735026918962584 0.57735026918962584 -0.57735026918962584
  outer loop
   vertex 109 87.5 127
   vertex 108 87 127.5
   vertex 109 88 127.5
  endloop
 endfacet
 facet normal 0.70710678118654746 0 0.70710678118654746
  outer loop
   vertex 110 87 127.5
   vertex 109.5 88 128
   vertex 109.5 87 128
  endloop
 endfacet
 facet normal 0.57735026918962573 0.57735026918962573 -0.57735026918962573
  outer loop
   vertex 110 87 127.5
   vertex 109 87.5 127
   vertex 109.5 88 128
  endloop
 endfacet
 facet normal 0 0.70710678118654746 0.70710678118654746
  outer loop
   vertex 110 87 127.5
   vertex 110 87.5 127
   vertex 109 87.5 127
  endloop
 endfacet
 facet normal 0.57735026918962584 0.57735026918962584 -0.57735026918962584
  outer loop
   vertex 109 88 127.5
   vertex 109.5 88 128
   vertex 109 87.5 127
  endloop
 endfacet
 facet normal 0.57735026918962584 0.57735026918962584 0.57735026918962584
  outer loop
   vertex 110.5 87 127
   vertex 110 87.5 127
   vertex 110 87 127.5
  endloop
 endfacet
 facet normal -0.57735026918962584 -0.57735026918962584 -0.57735026918962584
  outer loop
   vertex 105 89 127.5
   vertex 105 88.5 128
   vertex 104.5 89 128
  endloop
 endfacet
 facet normal -0.57735026918962584 -0.57735026918962584 -0.57735026918962584
  outer loop
   vertex 105 89 127.5
   vertex 105.5 89 127
   vertex 106 88.5 127
  endloop
 endfacet
 facet normal -0.57735026918962584 -0.57735026918962584 -0.57735026918962584
  outer loop
   vertex 105 89 127.5
   vertex 106 88.5 127
   vertex 105 88.5 128
  endloop
 endfacet
 facet normal 0 -1 0
  outer loop
   vertex 105 88.5 128
   vertex 106 88.5 127
   vertex 106 88.5 128
  endloop
 endfacet
 facet normal -0.70710678118654746 -0.70710678118654746 0
  outer loop
   vertex 106.5 88 128
   vertex 106 88.5 127
   vertex 106.5 88 127
  endloop
 endfacet
 facet normal -0.70710678118654746 -0.70710678118654746 0
  outer loop
   vertex 106 88.5 128
   vertex 106 88.5 127
   vertex 106.5 88 128
  endloop
 endfacet
 facet normal 0.57735026918962584 0.57735026918962584 -0.57735026918962584
  outer loop
   vertex 109 88 127.5
   vertex 108.5 89 128
   vertex 109 88.5 128
  endloop
 endfacet
 facet normal 0.57735026918962584 0.57735026918962584 -0.57735026918962584
  outer loop
   vertex 109 88 127.5
   vertex 108.5 88 127
   vertex 108.5 89 128
  endloop
 endfacet
 facet normal 1 0 -0
  outer loop
   vertex 108.5 88 127
   vertex 108.5 89 127
   vertex 108.5 89 128
  endloop
 endfacet
 facet normal 0.57735026918962584 0.57735026918962584 -0.57735026918962584
  outer loop
   vertex 109.5 88 128
   vertex 109 88 127.5
   vertex 109 88.5 128
  endloop
 endfacet
 facet normal -0.57735026918962584 -0.57735026918962584 -0.57735026918962584
  outer loop
   vertex 105 89.5 127
   vertex 105 89 127.5
   vertex 104.5 89 128
  endloop
 endfacet
 facet normal -0.57735026918962584 -0.57735026918962584 -0.57735026918962584
  outer loop
   vertex 105 89.5 127
   vertex 104.5 89 128
   vertex 104.5 90 127
  endloop
 endfacet
 facet normal -1 0 0
  outer loop
   vertex 104.5 90 127
   vertex 104.5 89 128
   vertex 104.5 90 128
  endloop
 endfacet
 facet normal -0.57735026918962584 -0.57735026918962584 -0.57735026918962584
  outer loop
   vertex 105.5 89 127
   vertex 105 89 127.5
   vertex 105 89.5 127
  endloop
 endfacet
 facet normal 0.57735026918962584 0.57735026918962584 0.57735026918962584
  outer loop
   vertex 108 90 127.5
   vertex 107.5 90 128
   vertex 108 89.5 128
  endloop
 endfacet
 facet normal 0.57735026918962584 0.57735026918962584 0.57735026918962584
  outer loop
   vertex 108 90 127.5
   vertex 108 89.5 128
   vertex 108.5 89 128
  endloop
 endfacet
 facet normal 0.57735026918962584 0.57735026918962584 0.57735026918962584
  outer loop
   vertex 108 90 127.5
   vertex 108.5 89 128
   vertex 108.5 90 127
  endloop
 endfacet
 facet normal 1 0 0
  outer loop
   vertex 108.5 90 127
   vertex 108.5 89 128
   vertex 108.5 89 127
  endloop
 endfacet
 facet normal -0.57735026918962584 -0.57735026918962584 -0.57735026918962584
  outer loop
   vertex 104 91 127.5
   vertex 104 90.5 128
   vertex 103.5 91 128
  endloop
 endfacet
 facet normal -0.57735026918962584 -0.57735026918962584 -0.57735026918962584
  outer loop
   vertex 104 91 127.5
   vertex 104.5 90 128
   vertex 104 90.5 128
  endloop
 endfacet
 facet normal -0.57735026918962584 -0.57735026918962584 -0.57735026918962584
  outer loop
   vertex 104 91 127.5
   vertex 104.5 91 127
   vertex 104.5 90 128
  endloop
 endfacet
 facet normal -1 0 0
  outer loop
   vertex 104.5 91 127
   vertex 104.5 90 127
   vertex 104.5 90 128
  endloop
 endfacet
 facet normal 0.57735026918962584 0.57735026918962584 0.57735026918962584
  outer loop
   vertex 106 91 127.5
   vertex 105.5 91 128
   vertex 106 90.5 128
  endloop
 endfacet
 facet normal 0 0.70710678118654746 0.70710678118654746
  outer loop
   vertex 106 91 127.5
   vertex 107 90.5 128
   vertex 107 91 127.5
  endloop
 endfacet
 facet normal 0 0.70710678118654746 0.70710678118654746
  outer loop
   vertex 106 90.5 128
   vertex 107 90.5 128
   vertex 106 91 127.5
  endloop
 endfacet
 facet normal 0.57735026918962584 0.57735026918962584 0.57735026918962584
  outer loop
   vertex 107.5 90 128
   vertex 107 91 127.5
   vertex 107 90.5 128
  endloop
 endfacet
 facet normal 0.57735026918962584 0.57735026918962584 0.57735026918962584
  outer loop
   vertex 108 90 127.5
   vertex 107 91 127.5
   vertex 107.5 90 128
  endloop
 endfacet
 facet normal 0.57735026918962584 0.57735026918962584 0.57735026918962584
  outer loop
   vertex 108 90 127.5
   vertex 107.5 91 127
   vertex 107 91 127.5
  endloop
 endfacet
 facet normal 0.57735026918962584 0.57735026918962584 0.57735026918962584
  outer loop
   vertex 108 90 127.5
   vertex 108 90.5 127
   vertex 107.5 91 127
  endloop
 endfacet
 facet normal 0.57735026918962584 0.57735026918962584 0.57735026918962584
  outer loop
   vertex 108.5 90 127
   vertex 108 90.5 127
   vertex 108 90 127.5
  endloop
 endfacet
 facet normal -0.70710678118654746 0 -0.70710678118654746
  outer loop
   vertex 104 92 127.5
   vertex 104 91 127.5
   vertex 103.5 91 128
  endloop
 endfacet
 facet normal -0.70710678118654746 0 -0.70710678118654746
  outer loop
   vertex 103.5 92 128
   vertex 104 92 127.5
   vertex 103.5 91 128
  endloop
 endfacet
 facet normal 0.44721359549995793 0 -0.89442719099991586
  outer loop
   vertex 104 92 127.5
   vertex 105 91.5 128
   vertex 104 91 127.5
  endloop
 endfacet
 facet normal 0.57735026918962584 0.57735026918962584 -0.57735026918962584
  outer loop
   vertex 104 92 127.5
   vertex 104.5 92 128
   vertex 105 91.5 128
  endloop
 endfacet
 facet normal -0.30151134457776363 0.90453403373329089 -0.30151134457776363
  outer loop
   vertex 104 91 127.5
   vertex 105 91.5 128
   vertex 104.5 91 127
  endloop
 endfacet
 facet normal -0.57735026918962584 0.57735026918962584 0.57735026918962584
  outer loop
   vertex 105 92 127.5
   vertex 104.5 92 127
   vertex 105 91.5 128
  endloop
 endfacet
 facet normal -0.89442719099991586 0 0.44721359549995793
  outer loop
   vertex 104.5 91 127
   vertex 105 91.5 128
   vertex 104.5 92 127
  endloop
 endfacet
 facet normal 0.57735026918962584 0.57735026918962584 0.57735026918962584
  outer loop
   vertex 105.5 91 128
   vertex 105 92 127.5
   vertex 105 91.5 128
  endloop
 endfacet
 facet normal 0.57735026918962584 0.57735026918962584 0.57735026918962584
  outer loop
   vertex 105.5 91 128
   vertex 106 91 127.5
   vertex 105 92 127.5
  endloop
 endfacet
 facet normal 0 0 1
  outer loop
   vertex 106 91 127.5
   vertex 106 92 127.5
   vertex 105 92 127.5
  endloop
 endfacet
 facet normal 0.57735026918962584 0.57735026918962584 0.57735026918962584
  outer loop
   vertex 107 91.5 127
   vertex 106.5 92 127
   vertex 106 92 127.5
  endloop
 endfacet
 facet normal 0.57735026918962584 0.57735026918962584 0.57735026918962584
  outer loop
   vertex 107 91.5 127
   vertex 106 92 127.5
   vertex 107 91 127.5
  endloop
 endfacet
 facet normal 0 0 1
  outer loop
   vertex 107 91 127.5
   vertex 106 92 127.5
   vertex 106 91 127.5
  endloop
 endfacet
 facet normal 0.57735026918962584 0.57735026918962584 0.57735026918962584
  outer loop
   vertex 107.5 91 127
   vertex 107 91.5 127
   vertex 107 91 127.5
  endloop
 endfacet
 facet normal -0.57735026918962584 -0.57735026918962584 -0.57735026918962584
  outer loop
   vertex 103 93 127.5
   vertex 103 92.5 128
   vertex 102.5 93 128
  endloop
 endfacet
 facet normal -0.57735026918962584 0.57735026918962584 -0.57735026918962584
  outer loop
   vertex 104 92 127.5
   vertex 103.5 92 128
   vertex 104 92.5 128
  endloop
 endfacet
 facet normal -0.57735026918962584 -0.57735026918962584 0.57735026918962584
  outer loop
   vertex 104 93 127.5
   vertex 103.5 93 127
   vertex 104 92.5 127
  endloop
 endfacet
 facet normal 0.57735026918962584 -0.57735026918962584 -0.57735026918962584
  outer loop
   vertex 103 92.5 128
   vertex 103 93 127.5
   vertex 103.5 93 128
  endloop
 endfacet
 facet normal -0.57735026918962584 0.57735026918962584 0.57735026918962584
  outer loop
   vertex 105 92 127.5
   vertex 105 92.5 127
   vertex 104.5 92 127
  endloop
 endfacet
 facet normal 0.57735026918962584 0.57735026918962584 -0.57735026918962584
  outer loop
   vertex 104 92 127.5
   vertex 104 92.5 128
   vertex 104.5 92 128
  endloop
 endfacet
 facet normal 0.57735026918962584 -0.57735026918962584 0.57735026918962584
  outer loop
   vertex 104.5 93 127
   vertex 104 93 127.5
   vertex 104 92.5 127
  endloop
 endfacet
 facet normal -0 0.70710678118654746 0.70710678118654746
  outer loop
   vertex 106 92.5 127
   vertex 105 92.5 127
   vertex 105 92 127.5
  endloop
 endfacet
 facet normal 0 0.70710678118654746 0.70710678118654746
  outer loop
   vertex 106 92 127.5
   vertex 106 92.5 127
   vertex 105 92 127.5
  endloop
 endfacet
 facet normal 0.57735026918962584 0.57735026918962584 0.57735026918962584
  outer loop
   vertex 106.5 92 127
   vertex 106 92.5 127
   vertex 106 92 127.5
  endloop
 endfacet
 facet normal -0.57735026918962584 0.57735026918962584 -0.57735026918962584
  outer loop
   vertex 103 93 127.5
   vertex 102.5 93 128
   vertex 103 93.5 128
  endloop
 endfacet
 facet normal -0.57735026918962584 0.57735026918962584 0.57735026918962584
  outer loop
   vertex 103.5 93 127
   vertex 104 93 127.5
   vertex 104 93.5 127
  endloop
 endfacet
 facet normal 0.57735026918962584 0.57735026918962584 -0.57735026918962584
  outer loop
   vertex 103 93 127.5
   vertex 103 93.5 128
   vertex 103.5 93 128
  endloop
 endfacet
 facet normal 0.57735026918962584 0.57735026918962584 0.57735026918962584
  outer loop
   vertex 104.5 93 127
   vertex 104 93.5 127
   vertex 104 93 127.5
  endloop
 endfacet
 facet normal -0.57735026918962584 -0.57735026918962584 0.57735026918962584
  outer loop
   vertex 103 95.5 127
   vertex 103 96 127.5
   vertex 102.5 96 127
  endloop
 endfacet
 facet normal 0.57735026918962584 -0.57735026918962584 0.57735026918962584
  outer loop
   vertex 103 95.5 127
   vertex 103.5 96 127
   vertex 103 96 127.5
  endloop
 endfacet
 facet normal -0.57735026918962584 0.57735026918962584 0.57735026918962584
  outer loop
   vertex 102.5 96 127
   vertex 103 96 127.5
   vertex 103 96.5 127
  endloop
 endfacet
 facet normal 0.57735026918962584 0.57735026918962584 0.57735026918962584
  outer loop
   vertex 103.5 96 127
   vertex 103 96.5 127
   vertex 103 96 127.5
  endloop
 endfacet
 facet normal -0.57735026918962584 -0.57735026918962584 -0.57735026918962584
  outer loop
   vertex 102 99 127.5
   vertex 102 98.5 128
   vertex 101.5 99 128
  endloop
 endfacet
 facet normal 0.57735026918962584 -0.57735026918962584 -0.57735026918962584
  outer loop
   vertex 102 98.5 128
   vertex 102 99 127.5
   vertex 102.5 99 128
  endloop
 endfacet
 facet normal -0.70710678118654746 0 -0.70710678118654746
  outer loop
   vertex 102 100 127.5
   vertex 102 99 127.5
   vertex 101.5 99 128
  endloop
 endfacet
 facet normal -0.70710678118654746 0 -0.70710678118654746
  outer loop
   vertex 101.5 100 128
   vertex 102 100 127.5
   vertex 101.5 99 128
  endloop
 endfacet
 facet normal 0.70710678118654746 0 -0.70710678118654746
  outer loop
   vertex 102.5 100 128
   vertex 102.5 99 128
   vertex 102 99 127.5
  endloop
 endfacet
 facet normal 0.70710678118654746 0 -0.70710678118654746
  outer loop
   vertex 102 100 127.5
   vertex 102.5 100 128
   vertex 102 99 127.5
  endloop
 endfacet
 facet normal -0.70710678118654746 0 -0.70710678118654746
  outer loop
   vertex 102 101 127.5
   vertex 102 100 127.5
   vertex 101.5 100 128
  endloop
 endfacet
 facet normal -0.70710678118654746 0 -0.70710678118654746
  outer loop
   vertex 101.5 101 128
   vertex 102 101 127.5
   vertex 101.5 100 128
  endloop
 endfacet
 facet normal 0.70710678118654746 0 -0.70710678118654746
  outer loop
   vertex 102.5 101 128
   vertex 102.5 100 128
   vertex 102 100 127.5
  endloop
 endfacet
 facet normal 0.70710678118654746 0 -0.70710678118654746
  outer loop
   vertex 102 101 127.5
   vertex 102.5 101 128
   vertex 102 100 127.5
  endloop
 endfacet
 facet normal -0.57735026918962584 -0.57735026918962584 -0.57735026918962584
  outer loop
   vertex 102 101.5 127
   vertex 102 101 127.5
   vertex 101.5 101 128
  endloop
 endfacet
 facet normal -0.57735026918962584 -0.57735026918962584 -0.57735026918962584
  outer loop
   vertex 102 101.5 127
   vertex 101.5 101 128
   vertex 101.5 102 127
  endloop
 endfacet
 facet normal -1 0 0
  outer loop
   vertex 101.5 102 127
   vertex 101.5 101 128
   vertex 101.5 102 128
  endloop
 endfacet
 facet normal 0.57735026918962584 -0.57735026918962584 -0.57735026918962584
  outer loop
   vertex 102 101 127.5
   vertex 102 101.5 127
   vertex 102.5 102 127
  endloop
 endfacet
 facet normal 0.57735026918962584 -0.57735026918962584 -0.57735026918962584
  outer loop
   vertex 102 101 127.5
   vertex 102.5 102 127
   vertex 102.5 101 128
  endloop
 endfacet
 facet normal 1 0 -0
  outer loop
   vertex 102.5 101 128
   vertex 102.5 102 127
   vertex 102.5 102 128
  endloop
 endfacet
 facet normal -1 0 0
  outer loop
   vertex 101.5 102 127
   vertex 101.5 102 128
   vertex 101.5 103 127
  endloop
 endfacet
 facet normal -1 -0 -0
  outer loop
   vertex 101.5 102 128
   vertex 101.5 103 128
   vertex 101.5 103 127
  endloop
 endfacet
 facet normal 1 0 0
  outer loop
   vertex 102.5 102 127
   vertex 102.5 103 127
   vertex 102.5 102 128
  endloop
 endfacet
 facet normal 1 0 -0
  outer loop
   vertex 102.5 102 128
   vertex 102.5 103 127
   vertex 102.5 103 128
  endloop
 endfacet
 facet normal -1 0 0
  outer loop
   vertex 101.5 103 127
   vertex 101.5 103 128
   vertex 101.5 104 127
  endloop
 endfacet
 facet normal -1 -0 -0
  outer loop
   vertex 101.5 103 128
   vertex 101.5 104 128
   vertex 101.5 104 127
  endloop
 endfacet
 facet normal 1 0 0
  outer loop
   vertex 102.5 103 127
   vertex 102.5 104 127
   vertex 102.5 103 128
  endloop
 endfacet
 facet normal 1 0 -0
  outer loop
   vertex 102.5 103 128
   vertex 102.5 104 127
   vertex 102.5 104 128
  endloop
 endfacet
 facet normal -0.57735026918962584 -0.57735026918962584 0.57735026918962584
  outer loop
   vertex 109 103.5 127
   vertex 109 104 127.5
   vertex 108.5 104 127
  endloop
 endfacet
 facet normal 0.57735026918962584 -0.57735026918962584 0.57735026918962584
  outer loop
   vertex 109 103.5 127
   vertex 109.5 104 127
   vertex 109 104 127.5
  endloop
 endfacet
 facet normal -0.70710678118654746 0.70710678118654746 0
  outer loop
   vertex 101.5 104 127
   vertex 101.5 104 128
   vertex 102 104.5 128
  endloop
 endfacet
 facet normal -0.70710678118654746 0.70710678118654746 0
  outer loop
   vertex 102 104.5 127
   vertex 101.5 104 127
   vertex 102 104.5 128
  endloop
 endfacet
 facet normal 0.70710678118654746 0.70710678118654746 0
  outer loop
   vertex 102 104.5 127
   vertex 102 104.5 128
   vertex 102.5 104 128
  endloop
 endfacet
 facet normal 0.70710678118654746 0.70710678118654746 0
  outer loop
   vertex 102 104.5 127
   vertex 102.5 104 128
   vertex 102.5 104 127
  endloop
 endfacet
 facet normal -0.57735026918962584 -0.57735026918962584 0.57735026918962584
  outer loop
   vertex 103 104.5 127
   vertex 103 105 127.5
   vertex 102.5 105 127
  endloop
 endfacet
 facet normal 0.57735026918962584 -0.57735026918962584 0.57735026918962584
  outer loop
   vertex 103 104.5 127
   vertex 103.5 105 127
   vertex 103 105 127.5
  endloop
 endfacet
 facet normal -0.57735026918962584 -0.57735026918962584 0.57735026918962584
  outer loop
   vertex 107 104.5 127
   vertex 107 105 127.5
   vertex 106.5 105 127
  endloop
 endfacet
 facet normal 0 -0.70710678118654746 0.70710678118654746
  outer loop
   vertex 107 104.5 127
   vertex 108 104.5 127
   vertex 108 105 127.5
  endloop
 endfacet
 facet normal 0 -0.70710678118654746 0.70710678118654746
  outer loop
   vertex 107 105 127.5
   vertex 107 104.5 127
   vertex 108 105 127.5
  endloop
 endfacet
 facet normal -0.57735026918962584 -0.57735026918962584 0.57735026918962584
  outer loop
   vertex 108 104.5 127
   vertex 108.5 104 127
   vertex 109 104 127.5
  endloop
 endfacet
 facet normal -0.57735026918962584 -0.57735026918962584 0.57735026918962584
  outer loop
   vertex 108 104.5 127
   vertex 109 104 127.5
   vertex 108 105 127.5
  endloop
 endfacet
 facet normal 0 -0 1
  outer loop
   vertex 108 105 127.5
   vertex 109 104 127.5
   vertex 109 105 127.5
  endloop
 endfacet
 facet normal 0.70710678118654746 0 0.70710678118654746
  outer loop
   vertex 109.5 104 127
   vertex 109.5 105 127
   vertex 109 105 127.5
  endloop
 endfacet
 facet normal 0.70710678118654746 0 0.70710678118654746
  outer loop
   vertex 109 104 127.5
   vertex 109.5 104 127
   vertex 109 105 127.5
  endloop
 endfacet
 facet normal -0.70710678118654746 0 0.70710678118654746
  outer loop
   vertex 103 105 127.5
   vertex 103 106 127.5
   vertex 102.5 106 127
  endloop
 endfacet
 facet normal -0.70710678118654746 0 0.70710678118654746
  outer loop
   vertex 102.5 105 127
   vertex 103 105 127.5
   vertex 102.5 106 127
  endloop
 endfacet
 facet normal 0.70710678118654746 0 0.70710678118654746
  outer loop
   vertex 103.5 105 127
   vertex 103.5 106 127
   vertex 103 106 127.5
  endloop
 endfacet
 facet normal 0.70710678118654746 0 0.70710678118654746
  outer loop
   vertex 103 105 127.5
   vertex 103.5 105 127
   vertex 103 106 127.5
  endloop
 endfacet
 facet normal -0.57735026918962584 -0.57735026918962584 0.57735026918962584
  outer loop
   vertex 106 105.5 127
   vertex 106 106 127.5
   vertex 105.5 106 127
  endloop
 endfacet
 facet normal -0.57735026918962584 -0.57735026918962584 0.57735026918962584
  outer loop
   vertex 106 105.5 127
   vertex 106.5 105 127
   vertex 107 105 127.5
  endloop
 endfacet
 facet normal -0.57735026918962584 -0.57735026918962584 0.57735026918962584
  outer loop
   vertex 106 105.5 127
   vertex 107 105 127.5
   vertex 106 106 127.5
  endloop
 endfacet
 facet normal 0 -0 1
  outer loop
   vertex 106 106 127.5
   vertex 107 105 127.5
   vertex 107 106 127.5
  endloop
 endfacet
 facet normal 0 0 1
  outer loop
   vertex 108 105 127.5
   vertex 108 106 127.5
   vertex 107 105 127.5
  endloop
 endfacet
 facet normal -0 0 1
  outer loop
   vertex 108 106 127.5
   vertex 107 106 127.5
   vertex 107 105 127.5
  endloop
 endfacet
 facet normal 0 0 1
  outer loop
   vertex 109 105 127.5
   vertex 109 106 127.5
   vertex 108 105 127.5
  endloop
 endfacet
 facet normal -0 0 1
  outer loop
   vertex 109 106 127.5
   vertex 108 106 127.5
   vertex 108 105 127.5
  endloop
 endfacet
 facet normal 0.70710678118654746 0 0.70710678118654746
  outer loop
   vertex 109.5 105 127
   vertex 109.5 106 127
   vertex 109 106 127.5
  endloop
 endfacet
 facet normal 0.70710678118654746 0 0.70710678118654746
  outer loop
   vertex 109 105 127.5
   vertex 109.5 105 127
   vertex 109 106 127.5
  endloop
 endfacet
 facet normal -0.57735026918962584 -0.57735026918962584 0.57735026918962584
  outer loop
   vertex 103 106 127.5
   vertex 103 106.5 128
   vertex 102.5 107 128
  endloop
 endfacet
 facet normal -0.57735026918962584 -0.57735026918962584 0.57735026918962584
  outer loop
   vertex 103 106 127.5
   vertex 102.5 107 128
   vertex 102.5 106 127
  endloop
 endfacet
 facet normal -1 0 -0
  outer loop
   vertex 102.5 106 127
   vertex 102.5 107 128
   vertex 102.5 107 127
  endloop
 endfacet
 facet normal 0.57735026918962584 -0.57735026918962584 0.57735026918962584
  outer loop
   vertex 104 107 127.5
   vertex 103.5 107 128
   vertex 103 106.5 128
  endloop
 endfacet
 facet normal 0.57735026918962584 -0.57735026918962584 0.57735026918962584
  outer loop
   vertex 104 106.5 127
   vertex 104 107 127.5
   vertex 103 106.5 128
  endloop
 endfacet
 facet normal 0.57735026918962584 -0.57735026918962584 0.57735026918962584
  outer loop
   vertex 104 106.5 127
   vertex 103 106.5 128
   vertex 103 106 127.5
  endloop
 endfacet
 facet normal 0.57735026918962584 -0.57735026918962584 0.57735026918962584
  outer loop
   vertex 104 106.5 127
   vertex 103 106 127.5
   vertex 103.5 106 127
  endloop
 endfacet
 facet normal 0.57735026918962584 -0.57735026918962584 0.57735026918962584
  outer loop
   vertex 104 106.5 127
   vertex 104.5 107 127
   vertex 104 107 127.5
  endloop
 endfacet
 facet normal -0.70710678118654746 0 0.70710678118654746
  outer loop
   vertex 106 106 127.5
   vertex 106 107 127.5
   vertex 105.5 107 127
  endloop
 endfacet
 facet normal -0.70710678118654746 0 0.70710678118654746
  outer loop
   vertex 105.5 106 127
   vertex 106 106 127.5
   vertex 105.5 107 127
  endloop
 endfacet
 facet normal -0.57735026918962584 -0.57735026918962584 0.57735026918962584
  outer loop
   vertex 106.5 107 128
   vertex 107 106 127.5
   vertex 107 106.5 128
  endloop
 endfacet
 facet normal -0.57735026918962584 -0.57735026918962584 0.57735026918962584
  outer loop
   vertex 106.5 107 128
   vertex 106 107 127.5
   vertex 107 106 127.5
  endloop
 endfacet
 facet normal 0 0 1
  outer loop
   vertex 106 107 127.5
   vertex 106 106 127.5
   vertex 107 106 127.5
  endloop
 endfacet
 facet normal 0.57735026918962584 -0.57735026918962584 0.57735026918962584
  outer loop
   vertex 107 106.5 128
   vertex 108 107 127.5
   vertex 107.5 107 128
  endloop
 endfacet
 facet normal 0.57735026918962584 -0.57735026918962584 0.57735026918962584
  outer loop
   vertex 107 106.5 128
   vertex 107 106 127.5
   vertex 108 107 127.5
  endloop
 endfacet
 facet normal 0 -0 1
  outer loop
   vertex 107 106 127.5
   vertex 108 106 127.5
   vertex 108 107 127.5
  endloop
 endfacet
 facet normal 0 0 1
  outer loop
   vertex 109 106 127.5
   vertex 109 107 127.5
   vertex 108 106 127.5
  endloop
 endfacet
 facet normal -0 0 1
  outer loop
   vertex 109 107 127.5
   vertex 108 107 127.5
   vertex 108 106 127.5
  endloop
 endfacet
 facet normal 0.70710678118654746 0 0.70710678118654746
  outer loop
   vertex 109.5 106 127
   vertex 109.5 107 127
   vertex 109 107 127.5
  endloop
 endfacet
 facet normal 0.70710678118654746 0 0.70710678118654746
  outer loop
   vertex 109 106 127.5
   vertex 109.5 106 127
   vertex 109 107 127.5
  endloop
 endfacet
 facet normal -0.57735026918962584 0.57735026918962584 0.57735026918962584
  outer loop
   vertex 103 107.5 128
   vertex 103 108 127.5
   vertex 102.5 108 127
  endloop
 endfacet
 facet normal -0.57735026918962584 0.57735026918962584 0.57735026918962584
  outer loop
   vertex 103 107.5 128
   vertex 102.5 108 127
   vertex 102.5 107 128
  endloop
 endfacet
 facet normal -1 0 0
  outer loop
   vertex 102.5 107 128
   vertex 102.5 108 127
   vertex 102.5 107 127
  endloop
 endfacet
 facet normal 0.57735026918962584 0.57735026918962584 0.57735026918962584
  outer loop
   vertex 103.5 107 128
   vertex 103 108 127.5
   vertex 103 107.5 128
  endloop
 endfacet
 facet normal 0.57735026918962584 0.57735026918962584 0.57735026918962584
  outer loop
   vertex 103.5 107 128
   vertex 104 107 127.5
   vertex 103 108 127.5
  endloop
 endfacet
 facet normal 0 0 1
  outer loop
   vertex 104 107 127.5
   vertex 104 108 127.5
   vertex 103 108 127.5
  endloop
 endfacet
 facet normal 0.57735026918962584 -0.57735026918962584 0.57735026918962584
  outer loop
   vertex 104.5 107 127
   vertex 105 107.5 127
   vertex 105 108 127.5
  endloop
 endfacet
 facet normal 0.57735026918962584 -0.57735026918962584 0.57735026918962584
  outer loop
   vertex 104.5 107 127
   vertex 105 108 127.5
   vertex 104 107 127.5
  endloop
 endfacet
 facet normal 0 0 1
  outer loop
   vertex 104 107 127.5
   vertex 105 108 127.5
   vertex 104 108 127.5
  endloop
 endfacet
 facet normal -0.57735026918962584 -0.57735026918962584 0.57735026918962584
  outer loop
   vertex 105 107.5 127
   vertex 105.5 107 127
   vertex 106 107 127.5
  endloop
 endfacet
 facet normal -0.57735026918962584 -0.57735026918962584 0.57735026918962584
  outer loop
   vertex 105 107.5 127
   vertex 106 107 127.5
   vertex 105 108 127.5
  endloop
 endfacet
 facet normal 0 -0 1
  outer loop
   vertex 105 108 127.5
   vertex 106 107 127.5
   vertex 106 108 127.5
  endloop
 endfacet
 facet normal -0.57735026918962584 0.57735026918962584 0.57735026918962584
  outer loop
   vertex 107 107.5 128
   vertex 106 107 127.5
   vertex 106.5 107 128
  endloop
 endfacet
 facet normal -0.57735026918962584 0.57735026918962584 0.57735026918962584
  outer loop
   vertex 107 107.5 128
   vertex 107 108 127.5
   vertex 106 107 127.5
  endloop
 endfacet
 facet normal -0 0 1
  outer loop
   vertex 107 108 127.5
   vertex 106 108 127.5
   vertex 106 107 127.5
  endloop
 endfacet
 facet normal 0.57735026918962584 0.57735026918962584 0.57735026918962584
  outer loop
   vertex 107.5 107 128
   vertex 107 108 127.5
   vertex 107 107.5 128
  endloop
 endfacet
 facet normal 0.57735026918962584 0.57735026918962584 0.57735026918962584
  outer loop
   vertex 107.5 107 128
   vertex 108 107 127.5
   vertex 107 108 127.5
  endloop
 endfacet
 facet normal 0 0 1
  outer loop
   vertex 108 107 127.5
   vertex 108 108 127.5
   vertex 107 108 127.5
  endloop
 endfacet
 facet normal 0.57735026918962584 0.57735026918962584 0.57735026918962584
  outer loop
   vertex 109 107.5 127
   vertex 108.5 108 127
   vertex 108 108 127.5
  endloop
 endfacet
 facet normal 0.57735026918962584 0.57735026918962584 0.57735026918962584
  outer loop
   vertex 109 107.5 127
   vertex 108 108 127.5
   vertex 109 107 127.5
  endloop
 endfacet
 facet normal 0 0 1
  outer loop
   vertex 109 107 127.5
   vertex 108 108 127.5
   vertex 108 107 127.5
  endloop
 endfacet
 facet normal 0.57735026918962584 0.57735026918962584 0.57735026918962584
  outer loop
   vertex 109.5 107 127
   vertex 109 107.5 127
   vertex 109 107 127.5
  endloop
 endfacet
 facet normal -0.57735026918962584 0.57735026918962584 0.57735026918962584
  outer loop
   vertex 102.5 108 127
   vertex 103 108 127.5
   vertex 103 108.5 127
  endloop
 endfacet
 facet normal -0.57735026918962584 0.57735026918962584 0.57735026918962584
  outer loop
   vertex 103.5 109 127
   vertex 103 108.5 127
   vertex 103 108 127.5
  endloop
 endfacet
 facet normal -0.57735026918962584 0.57735026918962584 0.57735026918962584
  outer loop
   vertex 103.5 109 127
   vertex 103 108 127.5
   vertex 104 109 127.5
  endloop
 endfacet
 facet normal 0 0 1
  outer loop
   vertex 104 109 127.5
   vertex 103 108 127.5
   vertex 104 108 127.5
  endloop
 endfacet
 facet normal -0.57735026918962584 -0.57735026918962584 0.57735026918962584
  outer loop
   vertex 104.5 109 128
   vertex 105 108 127.5
   vertex 105 108.5 128
  endloop
 endfacet
 facet normal -0.57735026918962584 -0.57735026918962584 0.57735026918962584
  outer loop
   vertex 104.5 109 128
   vertex 104 109 127.5
   vertex 105 108 127.5
  endloop
 endfacet
 facet normal 0 0 1
  outer loop
   vertex 104 109 127.5
   vertex 104 108 127.5
   vertex 105 108 127.5
  endloop
 endfacet
 facet normal 0.57735026918962584 -0.57735026918962584 0.57735026918962584
  outer loop
   vertex 105 108.5 128
   vertex 106 109 127.5
   vertex 105.5 109 128
  endloop
 endfacet
 facet normal 0.57735026918962584 -0.57735026918962584 0.57735026918962584
  outer loop
   vertex 105 108.5 128
   vertex 105 108 127.5
   vertex 106 109 127.5
  endloop
 endfacet
 facet normal 0 -0 1
  outer loop
   vertex 105 108 127.5
   vertex 106 108 127.5
   vertex 106 109 127.5
  endloop
 endfacet
 facet normal 0 0 1
  outer loop
   vertex 107 108 127.5
   vertex 107 109 127.5
   vertex 106 108 127.5
  endloop
 endfacet
 facet normal -0 0 1
  outer loop
   vertex 107 109 127.5
   vertex 106 109 127.5
   vertex 106 108 127.5
  endloop
 endfacet
 facet normal 0 0 1
  outer loop
   vertex 108 108 127.5
   vertex 108 109 127.5
   vertex 107 108 127.5
  endloop
 endfacet
 facet normal -0 0 1
  outer loop
   vertex 108 109 127.5
   vertex 107 109 127.5
   vertex 107 108 127.5
  endloop
 endfacet
 facet normal 0.70710678118654746 0 0.70710678118654746
  outer loop
   vertex 108.5 108 127
   vertex 108.5 109 127
   vertex 108 109 127.5
  endloop
 endfacet
 facet normal 0.70710678118654746 0 0.70710678118654746
  outer loop
   vertex 108 108 127.5
   vertex 108.5 108 127
   vertex 108 109 127.5
  endloop
 endfacet
 facet normal -0.70710678118654746 0 0.70710678118654746
  outer loop
   vertex 104 109 127.5
   vertex 104 110 127.5
   vertex 103.5 110 127
  endloop
 endfacet
 facet normal -0.70710678118654746 0 0.70710678118654746
  outer loop
   vertex 103.5 109 127
   vertex 104 109 127.5
   vertex 103.5 110 127
  endloop
 endfacet
 facet normal -0.57735026918962584 0.57735026918962584 0.57735026918962584
  outer loop
   vertex 105 109.5 128
   vertex 104 109 127.5
   vertex 104.5 109 128
  endloop
 endfacet
 facet normal -0.57735026918962584 0.57735026918962584 0.57735026918962584
  outer loop
   vertex 105 109.5 128
   vertex 105 110 127.5
   vertex 104 109 127.5
  endloop
 endfacet
 facet normal -0 0 1
  outer loop
   vertex 105 110 127.5
   vertex 104 110 127.5
   vertex 104 109 127.5
  endloop
 endfacet
 facet normal 0.57735026918962584 0.57735026918962584 0.57735026918962584
  outer loop
   vertex 105.5 109 128
   vertex 105 110 127.5
   vertex 105 109.5 128
  endloop
 endfacet
 facet normal 0.57735026918962584 0.57735026918962584 0.57735026918962584
  outer loop
   vertex 105.5 109 128
   vertex 106 109 127.5
   vertex 105 110 127.5
  endloop
 endfacet
 facet normal 0 0 1
  outer loop
   vertex 106 109 127.5
   vertex 106 110 127.5
   vertex 105 110 127.5
  endloop
 endfacet
 facet normal 0 0 1
  outer loop
   vertex 107 109 127.5
   vertex 107 110 127.5
   vertex 106 109 127.5
  endloop
 endfacet
 facet normal -0 0 1
  outer loop
   vertex 107 110 127.5
   vertex 106 110 127.5
   vertex 106 109 127.5
  endloop
 endfacet
 facet normal 0 0 1
  outer loop
   vertex 108 109 127.5
   vertex 108 110 127.5
   vertex 107 109 127.5
  endloop
 endfacet
 facet normal -0 0 1
  outer loop
   vertex 108 110 127.5
   vertex 107 110 127.5
   vertex 107 109 127.5
  endloop
 endfacet
 facet normal 0.70710678118654746 0 0.70710678118654746
  outer loop
   vertex 108.5 109 127
   vertex 108.5 110 127
   vertex 108 110 127.5
  endloop
 endfacet
 facet normal 0.70710678118654746 0 0.70710678118654746
  outer loop
   vertex 108 109 127.5
   vertex 108.5 109 127
   vertex 108 110 127.5
  endloop
 endfacet
 facet normal -0.70710678118654746 0 0.70710678118654746
  outer loop
   vertex 104 110 127.5
   vertex 104 111 127.5
   vertex 103.5 111 127
  endloop
 endfacet
 facet normal -0.70710678118654746 0 0.70710678118654746
  outer loop
   vertex 103.5 110 127
   vertex 104 110 127.5
   vertex 103.5 111 127
  endloop
 endfacet
 facet normal 0 0 1
  outer loop
   vertex 105 110 127.5
   vertex 105 111 127.5
   vertex 104 110 127.5
  endloop
 endfacet
 facet normal -0 0 1
  outer loop
   vertex 105 111 127.5
   vertex 104 111 127.5
   vertex 104 110 127.5
  endloop
 endfacet
 facet normal 0 0 1
  outer loop
   vertex 106 110 127.5
   vertex 106 111 127.5
   vertex 105 110 127.5
  endloop
 endfacet
 facet normal -0 0 1
  outer loop
   vertex 106 111 127.5
   vertex 105 111 127.5
   vertex 105 110 127.5
  endloop
 endfacet
 facet normal 0 0 1
  outer loop
   vertex 107 110 127.5
   vertex 107 111 127.5
   vertex 106 110 127.5
  endloop
 endfacet
 facet normal -0 0 1
  outer loop
   vertex 107 111 127.5
   vertex 106 111 127.5
   vertex 106 110 127.5
  endloop
 endfacet
 facet normal 0.57735026918962584 0.57735026918962584 0.57735026918962584
  outer loop
   vertex 108 110.5 127
   vertex 107.5 111 127
   vertex 107 111 127.5
  endloop
 endfacet
 facet normal 0.57735026918962584 0.57735026918962584 0.57735026918962584
  outer loop
   vertex 108 110.5 127
   vertex 107 111 127.5
   vertex 108 110 127.5
  endloop
 endfacet
 facet normal 0 0 1
  outer loop
   vertex 108 110 127.5
   vertex 107 111 127.5
   vertex 107 110 127.5
  endloop
 endfacet
 facet normal 0.57735026918962584 0.57735026918962584 0.57735026918962584
  outer loop
   vertex 108.5 110 127
   vertex 108 110.5 127
   vertex 108 110 127.5
  endloop
 endfacet
 facet normal -0.57735026918962584 0.57735026918962584 0.57735026918962584
  outer loop
   vertex 103.5 111 127
   vertex 104 111 127.5
   vertex 104 111.5 127
  endloop
 endfacet
 facet normal -0.57735026918962584 0.57735026918962584 0.57735026918962584
  outer loop
   vertex 104.5 112 127
   vertex 104 111.5 127
   vertex 104 111 127.5
  endloop
 endfacet
 facet normal -0.57735026918962584 0.57735026918962584 0.57735026918962584
  outer loop
   vertex 104.5 112 127
   vertex 104 111 127.5
   vertex 105 112 127.5
  endloop
 endfacet
 facet normal 0 0 1
  outer loop
   vertex 105 112 127.5
   vertex 104 111 127.5
   vertex 105 111 127.5
  endloop
 endfacet
 facet normal 0 0 1
  outer loop
   vertex 106 111 127.5
   vertex 106 112 127.5
   vertex 105 111 127.5
  endloop
 endfacet
 facet normal -0 0 1
  outer loop
   vertex 106 112 127.5
   vertex 105 112 127.5
   vertex 105 111 127.5
  endloop
 endfacet
 facet normal 0.57735026918962584 0.57735026918962584 0.57735026918962584
  outer loop
   vertex 107 111.5 127
   vertex 106.5 112 127
   vertex 106 112 127.5
  endloop
 endfacet
 facet normal 0.57735026918962584 0.57735026918962584 0.57735026918962584
  outer loop
   vertex 107 111.5 127
   vertex 106 112 127.5
   vertex 107 111 127.5
  endloop
 endfacet
 facet normal 0 0 1
  outer loop
   vertex 107 111 127.5
   vertex 106 112 127.5
   vertex 106 111 127.5
  endloop
 endfacet
 facet normal 0.57735026918962584 0.57735026918962584 0.57735026918962584
  outer loop
   vertex 107.5 111 127
   vertex 107 111.5 127
   vertex 107 111 127.5
  endloop
 endfacet
 facet normal -0.57735026918962584 0.57735026918962584 0.57735026918962584
  outer loop
   vertex 104.5 112 127
   vertex 105 112 127.5
   vertex 105 112.5 127
  endloop
 endfacet
 facet normal -0 0.70710678118654746 0.70710678118654746
  outer loop
   vertex 106 112.5 127
   vertex 105 112.5 127
   vertex 105 112 127.5
  endloop
 endfacet
 facet normal 0 0.70710678118654746 0.70710678118654746
  outer loop
   vertex 106 112 127.5
   vertex 106 112.5 127
   vertex 105 112 127.5
  endloop
 endfacet
 facet normal 0.57735026918962584 0.57735026918962584 0.57735026918962584
  outer loop
   vertex 106.5 112 127
   vertex 106 112.5 127
   vertex 106 112 127.5
  endloop
 endfacet
 facet normal -0.57735026918962584 -0.57735026918962584 -0.57735026918962584
  outer loop
   vertex 106 87 128.5
   vertex 106 86.5 129
   vertex 105.5 87 129
  endloop
 endfacet
 facet normal -0 -0.70710678118654746 -0.70710678118654746
  outer loop
   vertex 106 87 128.5
   vertex 107 87 128.5
   vertex 107 86.5 129
  endloop
 endfacet
 facet normal 0 -0.70710678118654746 -0.70710678118654746
  outer loop
   vertex 106 86.5 129
   vertex 106 87 128.5
   vertex 107 86.5 129
  endloop
 endfacet
 facet normal -0.57735026918962584 -0.57735026918962584 -0.57735026918962584
  outer loop
   vertex 107 87 128.5
   vertex 107.5 87 128
   vertex 108 86.5 128
  endloop
 endfacet
 facet normal -0.57735026918962584 -0.57735026918962584 -0.57735026918962584
  outer loop
   vertex 107 87 128.5
   vertex 108 86.5 128
   vertex 107 86.5 129
  endloop
 endfacet
 facet normal 0 -1 0
  outer loop
   vertex 107 86.5 129
   vertex 108 86.5 128
   vertex 108 86.5 129
  endloop
 endfacet
 facet normal 0 -1 -0
  outer loop
   vertex 109 86.5 128
   vertex 109 86.5 129
   vertex 108 86.5 128
  endloop
 endfacet
 facet normal -0 -1 0
  outer loop
   vertex 108 86.5 128
   vertex 109 86.5 129
   vertex 108 86.5 129
  endloop
 endfacet
 facet normal 0.70710678118654746 -0.70710678118654746 0
  outer loop
   vertex 109 86.5 129
   vertex 109 86.5 128
   vertex 109.5 87 128
  endloop
 endfacet
 facet normal 0.70710678118654746 -0.70710678118654746 0
  outer loop
   vertex 109.5 87 129
   vertex 109 86.5 129
   vertex 109.5 87 128
  endloop
 endfacet
 facet normal -0.57735026918962584 -0.57735026918962584 -0.57735026918962584
  outer loop
   vertex 105 88 128.5
   vertex 105 87.5 129
   vertex 104.5 88 129
  endloop
 endfacet
 facet normal -0.57735026918962584 -0.57735026918962584 -0.57735026918962584
  outer loop
   vertex 105.5 87 129
   vertex 105 87.5 129
   vertex 105 88 128.5
  endloop
 endfacet
 facet normal -0.57735026918962584 -0.57735026918962584 -0.57735026918962584
  outer loop
   vertex 105.5 87 129
   vertex 105 88 128.5
   vertex 106 87 128.5
  endloop
 endfacet
 facet normal 0 0 -1
  outer loop
   vertex 106 87 128.5
   vertex 105 88 128.5
   vertex 106 88 128.5
  endloop
 endfacet
 facet normal -0.57735026918962584 -0.57735026918962584 -0.57735026918962584
  outer loop
   vertex 107 87.5 128
   vertex 106 88 128.5
   vertex 106.5 88 128
  endloop
 endfacet
 facet normal -0.57735026918962584 -0.57735026918962584 -0.57735026918962584
  outer loop
   vertex 107 87.5 128
   vertex 107 87 128.5
   vertex 106 88 128.5
  endloop
 endfacet
 facet normal 0 0 -1
  outer loop
   vertex 107 87 128.5
   vertex 106 87 128.5
   vertex 106 88 128.5
  endloop
 endfacet
 facet normal -0.57735026918962584 -0.57735026918962584 -0.57735026918962584
  outer loop
   vertex 107.5 87 128
   vertex 107 87 128.5
   vertex 107 87.5 128
  endloop
 endfacet
 facet normal 1 0 0
  outer loop
   vertex 109.5 87 128
   vertex 109.5 88 128
   vertex 109.5 87 129
  endloop
 endfacet
 facet normal 1 0 -0
  outer loop
   vertex 109.5 87 129
   vertex 109.5 88 128
   vertex 109.5 88 129
  endloop
 endfacet
 facet normal -0.57735026918962584 -0.57735026918962584 -0.57735026918962584
  outer loop
   vertex 105 88.5 128
   vertex 105 88 128.5
   vertex 104.5 88 129
  endloop
 endfacet
 facet normal -0.57735026918962584 -0.57735026918962584 -0.57735026918962584
  outer loop
   vertex 105 88.5 128
   vertex 104.5 88 129
   vertex 104.5 89 128
  endloop
 endfacet
 facet normal -1 0 0
  outer loop
   vertex 104.5 89 128
   vertex 104.5 88 129
   vertex 104.5 89 129
  endloop
 endfacet
 facet normal 0 -0.70710678118654746 -0.70710678118654746
  outer loop
   vertex 106 88.5 128
   vertex 105 88 128.5
   vertex 105 88.5 128
  endloop
 endfacet
 facet normal 0 -0.70710678118654746 -0.70710678118654746
  outer loop
   vertex 106 88 128.5
   vertex 105 88 128.5
   vertex 106 88.5 128
  endloop
 endfacet
 facet normal -0.57735026918962584 -0.57735026918962584 -0.57735026918962584
  outer loop
   vertex 106.5 88 128
   vertex 106 88 128.5
   vertex 106 88.5 128
  endloop
 endfacet
 facet normal 0.57735026918962584 0.57735026918962584 0.57735026918962584
  outer loop
   vertex 107 88.5 129
   vertex 107 89 128.5
   vertex 106.5 89 129
  endloop
 endfacet
 facet normal -0.57735026918962584 0.57735026918962584 0.57735026918962584
  outer loop
   vertex 107 88.5 129
   vertex 107.5 89 129
   vertex 107 89 128.5
  endloop
 endfacet
 facet normal 0.70710678118654746 0.70710678118654746 0
  outer loop
   vertex 109 88.5 128
   vertex 108.5 89 129
   vertex 109 88.5 129
  endloop
 endfacet
 facet normal 0.70710678118654746 0.70710678118654746 0
  outer loop
   vertex 108.5 89 128
   vertex 108.5 89 129
   vertex 109 88.5 128
  endloop
 endfacet
 facet normal 0.70710678118654746 0.70710678118654746 -0
  outer loop
   vertex 109.5 88 129
   vertex 109.5 88 128
   vertex 109 88.5 128
  endloop
 endfacet
 facet normal 0.70710678118654746 0.70710678118654746 0
  outer loop
   vertex 109 88.5 129
   vertex 109.5 88 129
   vertex 109 88.5 128
  endloop
 endfacet
 facet normal -0.57735026918962584 -0.57735026918962584 -0.57735026918962584
  outer loop
   vertex 104 90 128.5
   vertex 104 89.5 129
   vertex 103.5 90 129
  endloop
 endfacet
 facet normal 0.57735026918962584 -0.57735026918962584 -0.57735026918962584
  outer loop
   vertex 104 89.5 129
   vertex 104 90 128.5
   vertex 104.5 90 129
  endloop
 endfacet
 facet normal -0.57735026918962584 0.57735026918962584 0.57735026918962584
  outer loop
   vertex 105 89.5 129
   vertex 105 90 128.5
   vertex 104.5 89 129
  endloop
 endfacet
 facet normal -0.57735026918962584 0.57735026918962584 0.57735026918962584
  outer loop
   vertex 104.5 89 129
   vertex 105 90 128.5
   vertex 104.5 90 128
  endloop
 endfacet
 facet normal -1 0 0
  outer loop
   vertex 104.5 89 129
   vertex 104.5 90 128
   vertex 104.5 89 128
  endloop
 endfacet
 facet normal 0 0.70710678118654746 0.70710678118654746
  outer loop
   vertex 105 90 128.5
   vertex 106 89.5 129
   vertex 106 90 128.5
  endloop
 endfacet
 facet normal 0 0.70710678118654746 0.70710678118654746
  outer loop
   vertex 105 89.5 129
   vertex 106 89.5 129
   vertex 105 90 128.5
  endloop
 endfacet
 facet normal 0.57735026918962584 0.57735026918962584 0.57735026918962584
  outer loop
   vertex 106.5 89 129
   vertex 106 90 128.5
   vertex 106 89.5 129
  endloop
 endfacet
 facet normal 0.57735026918962584 0.57735026918962584 0.57735026918962584
  outer loop
   vertex 106.5 89 129
   vertex 107 89 128.5
   vertex 106 90 128.5
  endloop
 endfacet
 facet normal 0 0 1
  outer loop
   vertex 107 89 128.5
   vertex 107 90 128.5
   vertex 106 90 128.5
  endloop
 endfacet
 facet normal 0.70710678118654746 0.70710678118654746 0
  outer loop
   vertex 107.5 90 128
   vertex 108 89.5 129
   vertex 108 89.5 128
  endloop
 endfacet
 facet normal -0.57735026918962573 0.57735026918962573 0.57735026918962573
  outer loop
   vertex 107.5 90 128
   vertex 107 89 128.5
   vertex 108 89.5 129
  endloop
 endfacet
 facet normal 0.70710678118654746 0 0.70710678118654746
  outer loop
   vertex 107.5 90 128
   vertex 107 90 128.5
   vertex 107 89 128.5
  endloop
 endfacet
 facet normal -0.57735026918962584 0.57735026918962584 0.57735026918962584
  outer loop
   vertex 107.5 89 129
   vertex 108 89.5 129
   vertex 107 89 128.5
  endloop
 endfacet
 facet normal 0.70710678118654746 0.70710678118654746 -0
  outer loop
   vertex 108.5 89 129
   vertex 108.5 89 128
   vertex 108 89.5 128
  endloop
 endfacet
 facet normal 0.70710678118654746 0.70710678118654746 0
  outer loop
   vertex 108 89.5 129
   vertex 108.5 89 129
   vertex 108 89.5 128
  endloop
 endfacet
 facet normal -0.57735026918962584 -0.57735026918962584 0.57735026918962584
  outer loop
   vertex 104 90.5 128
   vertex 104 91 128.5
   vertex 103.5 91 128
  endloop
 endfacet
 facet normal -0.57735026918962584 0.57735026918962584 -0.57735026918962584
  outer loop
   vertex 104 90 128.5
   vertex 103.5 90 129
   vertex 104 90.5 129
  endloop
 endfacet
 facet normal 0.57735026918962584 0.57735026918962584 -0.57735026918962584
  outer loop
   vertex 104.5 90 129
   vertex 104 90 128.5
   vertex 104 90.5 129
  endloop
 endfacet
 facet normal -0.57735026918962584 -0.57735026918962584 0.57735026918962584
  outer loop
   vertex 105 90 128.5
   vertex 104 91 128.5
   vertex 104.5 90 128
  endloop
 endfacet
 facet normal 0 0 1
  outer loop
   vertex 105 90 128.5
   vertex 105 91 128.5
   vertex 104 91 128.5
  endloop
 endfacet
 facet normal -0.57735026918962584 -0.57735026918962584 0.57735026918962584
  outer loop
   vertex 104 91 128.5
   vertex 104 90.5 128
   vertex 104.5 90 128
  endloop
 endfacet
 facet normal 0.57735026918962584 0.57735026918962584 0.57735026918962584
  outer loop
   vertex 106 90.5 128
   vertex 105.5 91 128
   vertex 105 91 128.5
  endloop
 endfacet
 facet normal 0.57735026918962584 0.57735026918962584 0.57735026918962584
  outer loop
   vertex 106 90.5 128
   vertex 105 91 128.5
   vertex 106 90 128.5
  endloop
 endfacet
 facet normal 0 0 1
  outer loop
   vertex 106 90 128.5
   vertex 105 91 128.5
   vertex 105 90 128.5
  endloop
 endfacet
 facet normal -0 0.70710678118654746 0.70710678118654746
  outer loop
   vertex 107 90.5 128
   vertex 106 90.5 128
   vertex 106 90 128.5
  endloop
 endfacet
 facet normal 0 0.70710678118654746 0.70710678118654746
  outer loop
   vertex 107 90 128.5
   vertex 107 90.5 128
   vertex 106 90 128.5
  endloop
 endfacet
 facet normal 0.57735026918962584 0.57735026918962584 0.57735026918962584
  outer loop
   vertex 107.5 90 128
   vertex 107 90.5 128
   vertex 107 90 128.5
  endloop
 endfacet
 facet normal -0.70710678118654746 0 0.70710678118654746
  outer loop
   vertex 104 91 128.5
   vertex 104 92 128.5
   vertex 103.5 92 128
  endloop
 endfacet
 facet normal -0.70710678118654746 0 0.70710678118654746
  outer loop
   vertex 103.5 91 128
   vertex 104 91 128.5
   vertex 103.5 92 128
  endloop
 endfacet
 facet normal 0.57735026918962584 0.57735026918962584 0.57735026918962584
  outer loop
   vertex 105 91.5 128
   vertex 104.5 92 128
   vertex 104 92 128.5
  endloop
 endfacet
 facet normal 0.57735026918962584 0.57735026918962584 0.57735026918962584
  outer loop
   vertex 105 91.5 128
   vertex 104 92 128.5
   vertex 105 91 128.5
  endloop
 endfacet
 facet normal 0 0 1
  outer loop
   vertex 105 91 128.5
   vertex 104 92 128.5
   vertex 104 91 128.5
  endloop
 endfacet
 facet normal 0.57735026918962584 0.57735026918962584 0.57735026918962584
  outer loop
   vertex 105.5 91 128
   vertex 105 91.5 128
   vertex 105 91 128.5
  endloop
 endfacet
 facet normal -0.57735026918962584 -0.57735026918962584 0.57735026918962584
  outer loop
   vertex 103 92.5 128
   vertex 103 93 128.5
   vertex 102.5 93 128
  endloop
 endfacet
 facet normal -0.57735026918962584 0.57735026918962584 0.57735026918962584
  outer loop
   vertex 104 92.5 128
   vertex 103.5 92 128
   vertex 104 92 128.5
  endloop
 endfacet
 facet normal 0.57735026918962584 -0.57735026918962584 0.57735026918962584
  outer loop
   vertex 103.5 93 128
   vertex 103 93 128.5
   vertex 103 92.5 128
  endloop
 endfacet
 facet normal 0.57735026918962584 0.57735026918962584 0.57735026918962584
  outer loop
   vertex 104.5 92 128
   vertex 104 92.5 128
   vertex 104 92 128.5
  endloop
 endfacet
 facet normal -0.57735026918962584 0.57735026918962584 0.57735026918962584
  outer loop
   vertex 102.5 93 128
   vertex 103 93 128.5
   vertex 103 93.5 128
  endloop
 endfacet
 facet normal 0.57735026918962584 0.57735026918962584 0.57735026918962584
  outer loop
   vertex 103.5 93 128
   vertex 103 93.5 128
   vertex 103 93 128.5
  endloop
 endfacet
 facet normal -0.57735026918962584 -0.57735026918962584 0.57735026918962584
  outer loop
   vertex 102 98.5 128
   vertex 102 99 128.5
   vertex 101.5 99 128
  endloop
 endfacet
 facet normal 0.57735026918962584 -0.57735026918962584 0.57735026918962584
  outer loop
   vertex 102 98.5 128
   vertex 102.5 99 128
   vertex 102 99 128.5
  endloop
 endfacet
 facet normal -0.70710678118654746 0 0.70710678118654746
  outer loop
   vertex 102 99 128.5
   vertex 102 100 128.5
   vertex 101.5 100 128
  endloop
 endfacet
 facet normal -0.70710678118654746 0 0.70710678118654746
  outer loop
   vertex 101.5 99 128
   vertex 102 99 128.5
   vertex 101.5 100 128
  endloop
 endfacet
 facet normal 0.70710678118654746 0 0.70710678118654746
  outer loop
   vertex 102.5 99 128
   vertex 102.5 100 128
   vertex 102 100 128.5
  endloop
 endfacet
 facet normal 0.70710678118654746 0 0.70710678118654746
  outer loop
   vertex 102 99 128.5
   vertex 102.5 99 128
   vertex 102 100 128.5
  endloop
 endfacet
 facet normal -0.70710678118654746 0 0.70710678118654746
  outer loop
   vertex 102 100 128.5
   vertex 102 101 128.5
   vertex 101.5 101 128
  endloop
 endfacet
 facet normal -0.70710678118654746 0 0.70710678118654746
  outer loop
   vertex 101.5 100 128
   vertex 102 100 128.5
   vertex 101.5 101 128
  endloop
 endfacet
 facet normal 0.70710678118654746 0 0.70710678118654746
  outer loop
   vertex 102.5 100 128
   vertex 102.5 101 128
   vertex 102 101 128.5
  endloop
 endfacet
 facet normal 0.70710678118654746 0 0.70710678118654746
  outer loop
   vertex 102 100 128.5
   vertex 102.5 100 128
   vertex 102 101 128.5
  endloop
 endfacet
 facet normal -0.70710678118654746 0 0.70710678118654746
  outer loop
   vertex 102 101 128.5
   vertex 102 102 128.5
   vertex 101.5 102 128
  endloop
 endfacet
 facet normal -0.70710678118654746 0 0.70710678118654746
  outer loop
   vertex 101.5 101 128
   vertex 102 101 128.5
   vertex 101.5 102 128
  endloop
 endfacet
 facet normal 0.70710678118654746 0 0.70710678118654746
  outer loop
   vertex 102.5 101 128
   vertex 102.5 102 128
   vertex 102 102 128.5
  endloop
 endfacet
 facet normal 0.70710678118654746 0 0.70710678118654746
  outer loop
   vertex 102 101 128.5
   vertex 102.5 101 128
   vertex 102 102 128.5
  endloop
 endfacet
 facet normal -0.70710678118654746 0 0.70710678118654746
  outer loop
   vertex 102 102 128.5
   vertex 102 103 128.5
   vertex 101.5 103 128
  endloop
 endfacet
 facet normal -0.70710678118654746 0 0.70710678118654746
  outer loop
   vertex 101.5 102 128
   vertex 102 102 128.5
   vertex 101.5 103 128
  endloop
 endfacet
 facet normal 0.70710678118654746 0 0.70710678118654746
  outer loop
   vertex 102.5 102 128
   vertex 102.5 103 128
   vertex 102 103 128.5
  endloop
 endfacet
 facet normal 0.70710678118654746 0 0.70710678118654746
  outer loop
   vertex 102 102 128.5
   vertex 102.5 102 128
   vertex 102 103 128.5
  endloop
 endfacet
 facet normal -0.70710678118654746 0 0.70710678118654746
  outer loop
   vertex 102 103 128.5
   vertex 102 104 128.5
   vertex 101.5 104 128
  endloop
 endfacet
 facet normal -0.70710678118654746 0 0.70710678118654746
  outer loop
   vertex 101.5 103 128
   vertex 102 103 128.5
   vertex 101.5 104 128
  endloop
 endfacet
 facet normal 0.70710678118654746 0 0.70710678118654746
  outer loop
   vertex 102.5 103 128
   vertex 102.5 104 128
   vertex 102 104 128.5
  endloop
 endfacet
 facet normal 0.70710678118654746 0 0.70710678118654746
  outer loop
   vertex 102 103 128.5
   vertex 102.5 103 128
   vertex 102 104 128.5
  endloop
 endfacet
 facet normal -0.57735026918962584 0.57735026918962584 0.57735026918962584
  outer loop
   vertex 101.5 104 128
   vertex 102 104 128.5
   vertex 102 104.5 128
  endloop
 endfacet
 facet normal 0.57735026918962584 0.57735026918962584 0.57735026918962584
  outer loop
   vertex 102.5 104 128
   vertex 102 104.5 128
   vertex 102 104 128.5
  endloop
 endfacet
 facet normal -0.57735026918962584 -0.57735026918962584 0.57735026918962584
  outer loop
   vertex 103 106.5 128
   vertex 103 107 128.5
   vertex 102.5 107 128
  endloop
 endfacet
 facet normal 0.57735026918962584 -0.57735026918962584 0.57735026918962584
  outer loop
   vertex 103 106.5 128
   vertex 103.5 107 128
   vertex 103 107 128.5
  endloop
 endfacet
 facet normal -0.57735026918962584 -0.57735026918962584 0.57735026918962584
  outer loop
   vertex 107 106.5 128
   vertex 107 107 128.5
   vertex 106.5 107 128
  endloop
 endfacet
 facet normal 0.57735026918962584 -0.57735026918962584 0.57735026918962584
  outer loop
   vertex 107 106.5 128
   vertex 107.5 107 128
   vertex 107 107 128.5
  endloop
 endfacet
 facet normal -0.57735026918962584 0.57735026918962584 0.57735026918962584
  outer loop
   vertex 102.5 107 128
   vertex 103 107 128.5
   vertex 103 107.5 128
  endloop
 endfacet
 facet normal 0.57735026918962584 0.57735026918962584 0.57735026918962584
  outer loop
   vertex 103.5 107 128
   vertex 103 107.5 128
   vertex 103 107 128.5
  endloop
 endfacet
 facet normal -0.57735026918962584 0.57735026918962584 0.57735026918962584
  outer loop
   vertex 106.5 107 128
   vertex 107 107 128.5
   vertex 107 107.5 128
  endloop
 endfacet
 facet normal 0.57735026918962584 0.57735026918962584 0.57735026918962584
  outer loop
   vertex 107.5 107 128
   vertex 107 107.5 128
   vertex 107 107 128.5
  endloop
 endfacet
 facet normal -0.57735026918962584 -0.57735026918962584 0.57735026918962584
  outer loop
   vertex 105 108.5 128
   vertex 105 109 128.5
   vertex 104.5 109 128
  endloop
 endfacet
 facet normal 0.57735026918962584 -0.57735026918962584 0.57735026918962584
  outer loop
   vertex 105 108.5 128
   vertex 105.5 109 128
   vertex 105 109 128.5
  endloop
 endfacet
 facet normal -0.57735026918962584 0.57735026918962584 0.57735026918962584
  outer loop
   vertex 104.5 109 128
   vertex 105 109 128.5
   vertex 105 109.5 128
  endloop
 endfacet
 facet normal 0.57735026918962584 0.57735026918962584 0.57735026918962584
  outer loop
   vertex 105.5 109 128
   vertex 105 109.5 128
   vertex 105 109 128.5
  endloop
 endfacet
 facet normal -0.57735026918962584 -0.57735026918962584 -0.57735026918962584
  outer loop
   vertex 108 85 129.5
   vertex 108 84.5 130
   vertex 107.5 85 130
  endloop
 endfacet
 facet normal 0.57735026918962584 -0.57735026918962584 -0.57735026918962584
  outer loop
   vertex 108 84.5 130
   vertex 108 85 129.5
   vertex 108.5 85 130
  endloop
 endfacet
 facet normal -0.57735026918962584 -0.57735026918962584 -0.57735026918962584
  outer loop
   vertex 106 86 129.5
   vertex 106 85.5 130
   vertex 105.5 86 130
  endloop
 endfacet
 facet normal -0 -0.70710678118654746 -0.70710678118654746
  outer loop
   vertex 106 86 129.5
   vertex 107 86 129.5
   vertex 107 85.5 130
  endloop
 endfacet
 facet normal 0 -0.70710678118654746 -0.70710678118654746
  outer loop
   vertex 106 85.5 130
   vertex 106 86 129.5
   vertex 107 85.5 130
  endloop
 endfacet
 facet normal -0.57735026918962584 0.57735026918962584 -0.57735026918962584
  outer loop
   vertex 107.5 85 130
   vertex 108 85.5 130
   vertex 108 85 129.5
  endloop
 endfacet
 facet normal 0.57735026918962584 -0.57735026918962584 -0.57735026918962584
  outer loop
   vertex 107 85.5 130
   vertex 107 86 129.5
   vertex 107.5 86 130
  endloop
 endfacet
 facet normal 0.57735026918962584 0.57735026918962584 -0.57735026918962584
  outer loop
   vertex 108.5 85 130
   vertex 108 85 129.5
   vertex 108 85.5 130
  endloop
 endfacet
 facet normal -0.57735026918962584 -0.57735026918962584 -0.57735026918962584
  outer loop
   vertex 105 87 129.5
   vertex 105 86.5 130
   vertex 104.5 87 130
  endloop
 endfacet
 facet normal -0.57735026918962584 -0.57735026918962584 -0.57735026918962584
  outer loop
   vertex 105.5 86 130
   vertex 105 86.5 130
   vertex 105 87 129.5
  endloop
 endfacet
 facet normal -0.57735026918962584 -0.57735026918962584 -0.57735026918962584
  outer loop
   vertex 106 86 129.5
   vertex 105.5 86 130
   vertex 105 87 129.5
  endloop
 endfacet
 facet normal -0.57735026918962584 -0.57735026918962584 -0.57735026918962584
  outer loop
   vertex 106 86 129.5
   vertex 105 87 129.5
   vertex 105.5 87 129
  endloop
 endfacet
 facet normal -0.57735026918962584 -0.57735026918962584 -0.57735026918962584
  outer loop
   vertex 106 86 129.5
   vertex 105.5 87 129
   vertex 106 86.5 129
  endloop
 endfacet
 facet normal 0 -0.70710678118654746 -0.70710678118654746
  outer loop
   vertex 107 86.5 129
   vertex 106 86 129.5
   vertex 106 86.5 129
  endloop
 endfacet
 facet normal 0 -0.70710678118654746 -0.70710678118654746
  outer loop
   vertex 107 86 129.5
   vertex 106 86 129.5
   vertex 107 86.5 129
  endloop
 endfacet
 facet normal 0 -0.70710678118654746 -0.70710678118654746
  outer loop
   vertex 107 86 129.5
   vertex 107 86.5 129
   vertex 108 86.5 129
  endloop
 endfacet
 facet normal 0.57735026918962573 -0.57735026918962573 0.57735026918962573
  outer loop
   vertex 107 86 129.5
   vertex 108 86.5 129
   vertex 107.5 87 130
  endloop
 endfacet
 facet normal 0.70710678118654746 0 -0.70710678118654746
  outer loop
   vertex 107 86 129.5
   vertex 107.5 87 130
   vertex 107.5 86 130
  endloop
 endfacet
 facet normal 0.57735026918962584 -0.57735026918962584 0.57735026918962584
  outer loop
   vertex 107.5 87 130
   vertex 108 86.5 129
   vertex 108 87 129.5
  endloop
 endfacet
 facet normal 0 -0.70710678118654746 0.70710678118654746
  outer loop
   vertex 108 86.5 129
   vertex 109 86.5 129
   vertex 109 87 129.5
  endloop
 endfacet
 facet normal 0 -0.70710678118654746 0.70710678118654746
  outer loop
   vertex 108 87 129.5
   vertex 108 86.5 129
   vertex 109 87 129.5
  endloop
 endfacet
 facet normal 0.57735026918962584 -0.57735026918962584 0.57735026918962584
  outer loop
   vertex 109 86.5 129
   vertex 109.5 87 129
   vertex 109 87 129.5
  endloop
 endfacet
 facet normal -0.57735026918962584 -0.57735026918962584 -0.57735026918962584
  outer loop
   vertex 105 87.5 129
   vertex 105 87 129.5
   vertex 104.5 87 130
  endloop
 endfacet
 facet normal -0.57735026918962584 -0.57735026918962584 -0.57735026918962584
  outer loop
   vertex 105 87.5 129
   vertex 104.5 87 130
   vertex 104.5 88 129
  endloop
 endfacet
 facet normal -1 0 0
  outer loop
   vertex 104.5 88 129
   vertex 104.5 87 130
   vertex 104.5 88 130
  endloop
 endfacet
 facet normal -0.57735026918962584 -0.57735026918962584 -0.57735026918962584
  outer loop
   vertex 105.5 87 129
   vertex 105 87 129.5
   vertex 105 87.5 129
  endloop
 endfacet
 facet normal 0.57735026918962584 0.57735026918962584 0.57735026918962584
  outer loop
   vertex 106 87.5 130
   vertex 106 88 129.5
   vertex 105.5 88 130
  endloop
 endfacet
 facet normal 0 0.70710678118654746 0.70710678118654746
  outer loop
   vertex 106 88 129.5
   vertex 107 87.5 130
   vertex 107 88 129.5
  endloop
 endfacet
 facet normal 0 0.70710678118654746 0.70710678118654746
  outer loop
   vertex 106 87.5 130
   vertex 107 87.5 130
   vertex 106 88 129.5
  endloop
 endfacet
 facet normal 0.57735026918962584 0.57735026918962584 0.57735026918962584
  outer loop
   vertex 107.5 87 130
   vertex 107 88 129.5
   vertex 107 87.5 130
  endloop
 endfacet
 facet normal 0.57735026918962584 0.57735026918962584 0.57735026918962584
  outer loop
   vertex 107.5 87 130
   vertex 108 87 129.5
   vertex 107 88 129.5
  endloop
 endfacet
 facet normal 0 0 1
  outer loop
   vertex 108 87 129.5
   vertex 108 88 129.5
   vertex 107 88 129.5
  endloop
 endfacet
 facet normal 0 0 1
  outer loop
   vertex 109 87 129.5
   vertex 109 88 129.5
   vertex 108 87 129.5
  endloop
 endfacet
 facet normal -0 0 1
  outer loop
   vertex 109 88 129.5
   vertex 108 88 129.5
   vertex 108 87 129.5
  endloop
 endfacet
 facet normal 0.70710678118654746 0 0.70710678118654746
  outer loop
   vertex 109.5 87 129
   vertex 109.5 88 129
   vertex 109 88 129.5
  endloop
 endfacet
 facet normal 0.70710678118654746 0 0.70710678118654746
  outer loop
   vertex 109 87 129.5
   vertex 109.5 87 129
   vertex 109 88 129.5
  endloop
 endfacet
 facet normal -0.57735026918962584 0.57735026918962584 0.57735026918962584
  outer loop
   vertex 105 88.5 130
   vertex 105 89 129.5
   vertex 104.5 89 129
  endloop
 endfacet
 facet normal -0.57735026918962584 0.57735026918962584 0.57735026918962584
  outer loop
   vertex 105 88.5 130
   vertex 104.5 89 129
   vertex 104.5 88 130
  endloop
 endfacet
 facet normal -1 0 0
  outer loop
   vertex 104.5 88 130
   vertex 104.5 89 129
   vertex 104.5 88 129
  endloop
 endfacet
 facet normal 0.57735026918962584 0.57735026918962584 0.57735026918962584
  outer loop
   vertex 105.5 88 130
   vertex 105 89 129.5
   vertex 105 88.5 130
  endloop
 endfacet
 facet normal 0.57735026918962584 0.57735026918962584 0.57735026918962584
  outer loop
   vertex 105.5 88 130
   vertex 106 88 129.5
   vertex 105 89 129.5
  endloop
 endfacet
 facet normal 0 0 1
  outer loop
   vertex 106 88 129.5
   vertex 106 89 129.5
   vertex 105 89 129.5
  endloop
 endfacet
 facet normal 0.57735026918962584 0.57735026918962584 0.57735026918962584
  outer loop
   vertex 107 88.5 129
   vertex 106.5 89 129
   vertex 106 89 129.5
  endloop
 endfacet
 facet normal 0.57735026918962584 0.57735026918962584 0.57735026918962584
  outer loop
   vertex 107 88.5 129
   vertex 106 89 129.5
   vertex 107 88 129.5
  endloop
 endfacet
 facet normal 0 0 1
  outer loop
   vertex 107 88 129.5
   vertex 106 89 129.5
   vertex 106 88 129.5
  endloop
 endfacet
 facet normal -0.57735026918962584 0.57735026918962584 0.57735026918962584
  outer loop
   vertex 107.5 89 129
   vertex 107 88.5 129
   vertex 107 88 129.5
  endloop
 endfacet
 facet normal -0.57735026918962584 0.57735026918962584 0.57735026918962584
  outer loop
   vertex 107.5 89 129
   vertex 107 88 129.5
   vertex 108 89 129.5
  endloop
 endfacet
 facet normal 0 0 1
  outer loop
   vertex 108 89 129.5
   vertex 107 88 129.5
   vertex 108 88 129.5
  endloop
 endfacet
 facet normal 0.57735026918962584 0.57735026918962584 0.57735026918962584
  outer loop
   vertex 109 88.5 129
   vertex 108.5 89 129
   vertex 108 89 129.5
  endloop
 endfacet
 facet normal 0.57735026918962584 0.57735026918962584 0.57735026918962584
  outer loop
   vertex 109 88.5 129
   vertex 108 89 129.5
   vertex 109 88 129.5
  endloop
 endfacet
 facet normal 0 0 1
  outer loop
   vertex 109 88 129.5
   vertex 108 89 129.5
   vertex 108 88 129.5
  endloop
 endfacet
 facet normal 0.57735026918962584 0.57735026918962584 0.57735026918962584
  outer loop
   vertex 109.5 88 129
   vertex 109 88.5 129
   vertex 109 88 129.5
  endloop
 endfacet
 facet normal -0.57735026918962584 -0.57735026918962584 0.57735026918962584
  outer loop
   vertex 104 89.5 129
   vertex 104 90 129.5
   vertex 103.5 90 129
  endloop
 endfacet
 facet normal -0.57735026918962584 0.57735026918962584 0.57735026918962584
  outer loop
   vertex 105 89.5 129
   vertex 104.5 89 129
   vertex 105 89 129.5
  endloop
 endfacet
 facet normal 0.57735026918962584 -0.57735026918962584 0.57735026918962584
  outer loop
   vertex 104.5 90 129
   vertex 104 90 129.5
   vertex 104 89.5 129
  endloop
 endfacet
 facet normal -0 0.70710678118654746 0.70710678118654746
  outer loop
   vertex 106 89.5 129
   vertex 105 89.5 129
   vertex 105 89 129.5
  endloop
 endfacet
 facet normal 0 0.70710678118654746 0.70710678118654746
  outer loop
   vertex 106 89 129.5
   vertex 106 89.5 129
   vertex 105 89 129.5
  endloop
 endfacet
 facet normal 0.57735026918962584 0.57735026918962584 0.57735026918962584
  outer loop
   vertex 106.5 89 129
   vertex 106 89.5 129
   vertex 106 89 129.5
  endloop
 endfacet
 facet normal -0.57735026918962584 0.57735026918962584 0.57735026918962584
  outer loop
   vertex 107.5 89 129
   vertex 108 89 129.5
   vertex 108 89.5 129
  endloop
 endfacet
 facet normal 0.57735026918962584 0.57735026918962584 0.57735026918962584
  outer loop
   vertex 108.5 89 129
   vertex 108 89.5 129
   vertex 108 89 129.5
  endloop
 endfacet
 facet normal -0.57735026918962584 0.57735026918962584 0.57735026918962584
  outer loop
   vertex 103.5 90 129
   vertex 104 90 129.5
   vertex 104 90.5 129
  endloop
 endfacet
 facet normal 0.57735026918962584 0.57735026918962584 0.57735026918962584
  outer loop
   vertex 104.5 90 129
   vertex 104 90.5 129
   vertex 104 90 129.5
  endloop
 endfacet
 facet normal -0.57735026918962584 -0.57735026918962584 0.57735026918962584
  outer loop
   vertex 108 84.5 130
   vertex 108 85 130.5
   vertex 107.5 85 130
  endloop
 endfacet
 facet normal 0.57735026918962584 -0.57735026918962584 0.57735026918962584
  outer loop
   vertex 108 84.5 130
   vertex 108.5 85 130
   vertex 108 85 130.5
  endloop
 endfacet
 facet normal -0.57735026918962584 -0.57735026918962584 0.57735026918962584
  outer loop
   vertex 106 85.5 130
   vertex 106 86 130.5
   vertex 105.5 86 130
  endloop
 endfacet
 facet normal 0 -0.70710678118654746 0.70710678118654746
  outer loop
   vertex 106 85.5 130
   vertex 107 85.5 130
   vertex 107 86 130.5
  endloop
 endfacet
 facet normal 0 -0.70710678118654746 0.70710678118654746
  outer loop
   vertex 106 86 130.5
   vertex 106 85.5 130
   vertex 107 86 130.5
  endloop
 endfacet
 facet normal -0.57735026918962584 0.57735026918962584 0.57735026918962584
  outer loop
   vertex 108 85.5 130
   vertex 107.5 85 130
   vertex 108 85 130.5
  endloop
 endfacet
 facet normal 0.57735026918962584 -0.57735026918962584 0.57735026918962584
  outer loop
   vertex 107.5 86 130
   vertex 107 86 130.5
   vertex 107 85.5 130
  endloop
 endfacet
 facet normal 0.57735026918962584 0.57735026918962584 0.57735026918962584
  outer loop
   vertex 108.5 85 130
   vertex 108 85.5 130
   vertex 108 85 130.5
  endloop
 endfacet
 facet normal -0.57735026918962584 -0.57735026918962584 0.57735026918962584
  outer loop
   vertex 105 86.5 130
   vertex 105 87 130.5
   vertex 104.5 87 130
  endloop
 endfacet
 facet normal -0.57735026918962584 -0.57735026918962584 0.57735026918962584
  outer loop
   vertex 105 86.5 130
   vertex 105.5 86 130
   vertex 106 86 130.5
  endloop
 endfacet
 facet normal -0.57735026918962584 -0.57735026918962584 0.57735026918962584
  outer loop
   vertex 105 86.5 130
   vertex 106 86 130.5
   vertex 105 87 130.5
  endloop
 endfacet
 facet normal 0 -0 1
  outer loop
   vertex 105 87 130.5
   vertex 106 86 130.5
   vertex 106 87 130.5
  endloop
 endfacet
 facet normal 0 0 1
  outer loop
   vertex 107 86 130.5
   vertex 107 87 130.5
   vertex 106 86 130.5
  endloop
 endfacet
 facet normal -0 0 1
  outer loop
   vertex 107 87 130.5
   vertex 106 87 130.5
   vertex 106 86 130.5
  endloop
 endfacet
 facet normal 0.70710678118654746 0 0.70710678118654746
  outer loop
   vertex 107.5 86 130
   vertex 107.5 87 130
   vertex 107 87 130.5
  endloop
 endfacet
 facet normal 0.70710678118654746 0 0.70710678118654746
  outer loop
   vertex 107 86 130.5
   vertex 107.5 86 130
   vertex 107 87 130.5
  endloop
 endfacet
 facet normal -0.70710678118654746 0 0.70710678118654746
  outer loop
   vertex 105 87 130.5
   vertex 105 88 130.5
   vertex 104.5 88 130
  endloop
 endfacet
 facet normal -0.70710678118654746 0 0.70710678118654746
  outer loop
   vertex 104.5 87 130
   vertex 105 87 130.5
   vertex 104.5 88 130
  endloop
 endfacet
 facet normal 0.57735026918962584 0.57735026918962584 0.57735026918962584
  outer loop
   vertex 106 87.5 130
   vertex 105.5 88 130
   vertex 105 88 130.5
  endloop
 endfacet
 facet normal 0.57735026918962584 0.57735026918962584 0.57735026918962584
  outer loop
   vertex 106 87.5 130
   vertex 105 88 130.5
   vertex 106 87 130.5
  endloop
 endfacet
 facet normal 0 0 1
  outer loop
   vertex 106 87 130.5
   vertex 105 88 130.5
   vertex 105 87 130.5
  endloop
 endfacet
 facet normal -0 0.70710678118654746 0.70710678118654746
  outer loop
   vertex 107 87.5 130
   vertex 106 87.5 130
   vertex 106 87 130.5
  endloop
 endfacet
 facet normal 0 0.70710678118654746 0.70710678118654746
  outer loop
   vertex 107 87 130.5
   vertex 107 87.5 130
   vertex 106 87 130.5
  endloop
 endfacet
 facet normal 0.57735026918962584 0.57735026918962584 0.57735026918962584
  outer loop
   vertex 107.5 87 130
   vertex 107 87.5 130
   vertex 107 87 130.5
  endloop
 endfacet
 facet normal -0.57735026918962584 0.57735026918962584 0.57735026918962584
  outer loop
   vertex 104.5 88 130
   vertex 105 88 130.5
   vertex 105 88.5 130
  endloop
 endfacet
 facet normal 0.57735026918962584 0.57735026918962584 0.57735026918962584
  outer loop
   vertex 105.5 88 130
   vertex 105 88.5 130
   vertex 105 88 130.5
  endloop
 endfacet
endsolid
