solid Visualization Toolkit generated SLA File
 facet normal -0.57735026918962584 -0.57735026918962584 -0.57735026918962584
  outer loop
   vertex 146 97 118.5
   vertex 146 96.5 119
   vertex 145.5 97 119
  endloop
 endfacet
 facet normal 0.57735026918962584 -0.57735026918962584 -0.57735026918962584
  outer loop
   vertex 146 96.5 119
   vertex 146 97 118.5
   vertex 146.5 97 119
  endloop
 endfacet
 facet normal -0.57735026918962584 -0.57735026918962584 -0.57735026918962584
  outer loop
   vertex 145 98 118.5
   vertex 145 97.5 119
   vertex 144.5 98 119
  endloop
 endfacet
 facet normal -0.57735026918962584 -0.57735026918962584 -0.57735026918962584
  outer loop
   vertex 145.5 97 119
   vertex 145 97.5 119
   vertex 145 98 118.5
  endloop
 endfacet
 facet normal -0.57735026918962584 -0.57735026918962584 -0.57735026918962584
  outer loop
   vertex 145.5 97 119
   vertex 145 98 118.5
   vertex 146 97 118.5
  endloop
 endfacet
 facet normal 0 0 -1
  outer loop
   vertex 146 97 118.5
   vertex 145 98 118.5
   vertex 146 98 118.5
  endloop
 endfacet
 facet normal 0.57735026918962584 -0.57735026918962584 -0.57735026918962584
  outer loop
   vertex 147 97.5 119
   vertex 146.5 97 119
   vertex 146 97 118.5
  endloop
 endfacet
 facet normal 0.57735026918962584 -0.57735026918962584 -0.57735026918962584
  outer loop
   vertex 147 97.5 119
   vertex 146 97 118.5
   vertex 147 98 118.5
  endloop
 endfacet
 facet normal 0 0 -1
  outer loop
   vertex 147 98 118.5
   vertex 146 97 118.5
   vertex 146 98 118.5
  endloop
 endfacet
 facet normal 0.57735026918962584 -0.57735026918962584 -0.57735026918962584
  outer loop
   vertex 147 97.5 119
   vertex 147 98 118.5
   vertex 147.5 98 119
  endloop
 endfacet
 facet normal -0.70710678118654746 0 -0.70710678118654746
  outer loop
   vertex 145 99 118.5
   vertex 145 98 118.5
   vertex 144.5 98 119
  endloop
 endfacet
 facet normal -0.70710678118654746 0 -0.70710678118654746
  outer loop
   vertex 144.5 99 119
   vertex 145 99 118.5
   vertex 144.5 98 119
  endloop
 endfacet
 facet normal 0 0 -1
  outer loop
   vertex 146 98 118.5
   vertex 145 98 118.5
   vertex 146 99 118.5
  endloop
 endfacet
 facet normal 0 0 -1
  outer loop
   vertex 146 99 118.5
   vertex 145 98 118.5
   vertex 145 99 118.5
  endloop
 endfacet
 facet normal 0 0 -1
  outer loop
   vertex 147 98 118.5
   vertex 146 98 118.5
   vertex 147 99 118.5
  endloop
 endfacet
 facet normal 0 0 -1
  outer loop
   vertex 147 99 118.5
   vertex 146 98 118.5
   vertex 146 99 118.5
  endloop
 endfacet
 facet normal 0.70710678118654746 0 -0.70710678118654746
  outer loop
   vertex 147.5 99 119
   vertex 147.5 98 119
   vertex 147 98 118.5
  endloop
 endfacet
 facet normal 0.70710678118654746 0 -0.70710678118654746
  outer loop
   vertex 147 99 118.5
   vertex 147.5 99 119
   vertex 147 98 118.5
  endloop
 endfacet
 facet normal -0.57735026918962584 -0.57735026918962584 -0.57735026918962584
  outer loop
   vertex 144 100 118.5
   vertex 144 99.5 119
   vertex 143.5 100 119
  endloop
 endfacet
 facet normal -0.57735026918962584 -0.57735026918962584 -0.57735026918962584
  outer loop
   vertex 144.5 99 119
   vertex 144 99.5 119
   vertex 144 100 118.5
  endloop
 endfacet
 facet normal -0.57735026918962584 -0.57735026918962584 -0.57735026918962584
  outer loop
   vertex 144.5 99 119
   vertex 144 100 118.5
   vertex 145 99 118.5
  endloop
 endfacet
 facet normal 0 0 -1
  outer loop
   vertex 145 99 118.5
   vertex 144 100 118.5
   vertex 145 100 118.5
  endloop
 endfacet
 facet normal 0 0 -1
  outer loop
   vertex 146 99 118.5
   vertex 145 99 118.5
   vertex 146 100 118.5
  endloop
 endfacet
 facet normal 0 0 -1
  outer loop
   vertex 146 100 118.5
   vertex 145 99 118.5
   vertex 145 100 118.5
  endloop
 endfacet
 facet normal 0 0 -1
  outer loop
   vertex 147 99 118.5
   vertex 146 99 118.5
   vertex 147 100 118.5
  endloop
 endfacet
 facet normal 0 0 -1
  outer loop
   vertex 147 100 118.5
   vertex 146 99 118.5
   vertex 146 100 118.5
  endloop
 endfacet
 facet normal 0.70710678118654746 0 -0.70710678118654746
  outer loop
   vertex 147.5 100 119
   vertex 147.5 99 119
   vertex 147 99 118.5
  endloop
 endfacet
 facet normal 0.70710678118654746 0 -0.70710678118654746
  outer loop
   vertex 147 100 118.5
   vertex 147.5 100 119
   vertex 147 99 118.5
  endloop
 endfacet
 facet normal -0.57735026918962584 -0.57735026918962584 -0.57735026918962584
  outer loop
   vertex 143 101 118.5
   vertex 143 100.5 119
   vertex 142.5 101 119
  endloop
 endfacet
 facet normal -0.57735026918962584 -0.57735026918962584 -0.57735026918962584
  outer loop
   vertex 143.5 100 119
   vertex 143 100.5 119
   vertex 143 101 118.5
  endloop
 endfacet
 facet normal -0.57735026918962584 -0.57735026918962584 -0.57735026918962584
  outer loop
   vertex 143.5 100 119
   vertex 143 101 118.5
   vertex 144 100 118.5
  endloop
 endfacet
 facet normal 0 0 -1
  outer loop
   vertex 144 100 118.5
   vertex 143 101 118.5
   vertex 144 101 118.5
  endloop
 endfacet
 facet normal 0 0 -1
  outer loop
   vertex 145 100 118.5
   vertex 144 100 118.5
   vertex 145 101 118.5
  endloop
 endfacet
 facet normal 0 0 -1
  outer loop
   vertex 145 101 118.5
   vertex 144 100 118.5
   vertex 144 101 118.5
  endloop
 endfacet
 facet normal 0 0 -1
  outer loop
   vertex 146 100 118.5
   vertex 145 100 118.5
   vertex 146 101 118.5
  endloop
 endfacet
 facet normal 0 0 -1
  outer loop
   vertex 146 101 118.5
   vertex 145 100 118.5
   vertex 145 101 118.5
  endloop
 endfacet
 facet normal 0 0 -1
  outer loop
   vertex 147 100 118.5
   vertex 146 100 118.5
   vertex 147 101 118.5
  endloop
 endfacet
 facet normal 0 0 -1
  outer loop
   vertex 147 101 118.5
   vertex 146 100 118.5
   vertex 146 101 118.5
  endloop
 endfacet
 facet normal 0.70710678118654746 0 -0.70710678118654746
  outer loop
   vertex 147.5 101 119
   vertex 147.5 100 119
   vertex 147 100 118.5
  endloop
 endfacet
 facet normal 0.70710678118654746 0 -0.70710678118654746
  outer loop
   vertex 147 101 118.5
   vertex 147.5 101 119
   vertex 147 100 118.5
  endloop
 endfacet
 facet normal -0.70710678118654746 0 -0.70710678118654746
  outer loop
   vertex 143 102 118.5
   vertex 143 101 118.5
   vertex 142.5 101 119
  endloop
 endfacet
 facet normal -0.70710678118654746 0 -0.70710678118654746
  outer loop
   vertex 142.5 102 119
   vertex 143 102 118.5
   vertex 142.5 101 119
  endloop
 endfacet
 facet normal 0 0 -1
  outer loop
   vertex 144 101 118.5
   vertex 143 101 118.5
   vertex 144 102 118.5
  endloop
 endfacet
 facet normal 0 0 -1
  outer loop
   vertex 144 102 118.5
   vertex 143 101 118.5
   vertex 143 102 118.5
  endloop
 endfacet
 facet normal 0 0 -1
  outer loop
   vertex 145 101 118.5
   vertex 144 101 118.5
   vertex 145 102 118.5
  endloop
 endfacet
 facet normal 0 0 -1
  outer loop
   vertex 145 102 118.5
   vertex 144 101 118.5
   vertex 144 102 118.5
  endloop
 endfacet
 facet normal 0 0 -1
  outer loop
   vertex 146 101 118.5
   vertex 145 101 118.5
   vertex 146 102 118.5
  endloop
 endfacet
 facet normal 0 0 -1
  outer loop
   vertex 146 102 118.5
   vertex 145 101 118.5
   vertex 145 102 118.5
  endloop
 endfacet
 facet normal 0.57735026918962584 0.57735026918962584 -0.57735026918962584
  outer loop
   vertex 146.5 102 119
   vertex 147 101.5 119
   vertex 147 101 118.5
  endloop
 endfacet
 facet normal 0.57735026918962584 0.57735026918962584 -0.57735026918962584
  outer loop
   vertex 146.5 102 119
   vertex 147 101 118.5
   vertex 146 102 118.5
  endloop
 endfacet
 facet normal 0 0 -1
  outer loop
   vertex 146 102 118.5
   vertex 147 101 118.5
   vertex 146 101 118.5
  endloop
 endfacet
 facet normal 0.57735026918962584 0.57735026918962584 -0.57735026918962584
  outer loop
   vertex 147.5 101 119
   vertex 147 101 118.5
   vertex 147 101.5 119
  endloop
 endfacet
 facet normal -0.57735026918962584 0.57735026918962584 -0.57735026918962584
  outer loop
   vertex 143 102 118.5
   vertex 142.5 102 119
   vertex 143 102.5 119
  endloop
 endfacet
 facet normal -0.57735026918962584 0.57735026918962584 -0.57735026918962584
  outer loop
   vertex 143 102.5 119
   vertex 143.5 103 119
   vertex 144 103 118.5
  endloop
 endfacet
 facet normal -0.57735026918962584 0.57735026918962584 -0.57735026918962584
  outer loop
   vertex 143 102.5 119
   vertex 144 103 118.5
   vertex 143 102 118.5
  endloop
 endfacet
 facet normal 0 -0 -1
  outer loop
   vertex 143 102 118.5
   vertex 144 103 118.5
   vertex 144 102 118.5
  endloop
 endfacet
 facet normal 0 0 -1
  outer loop
   vertex 145 102 118.5
   vertex 144 102 118.5
   vertex 145 103 118.5
  endloop
 endfacet
 facet normal 0 0 -1
  outer loop
   vertex 145 103 118.5
   vertex 144 102 118.5
   vertex 144 103 118.5
  endloop
 endfacet
 facet normal 0.57735026918962584 0.57735026918962584 -0.57735026918962584
  outer loop
   vertex 145.5 103 119
   vertex 146 102.5 119
   vertex 146 102 118.5
  endloop
 endfacet
 facet normal 0.57735026918962584 0.57735026918962584 -0.57735026918962584
  outer loop
   vertex 145.5 103 119
   vertex 146 102 118.5
   vertex 145 103 118.5
  endloop
 endfacet
 facet normal 0 0 -1
  outer loop
   vertex 145 103 118.5
   vertex 146 102 118.5
   vertex 145 102 118.5
  endloop
 endfacet
 facet normal 0.57735026918962584 0.57735026918962584 -0.57735026918962584
  outer loop
   vertex 146.5 102 119
   vertex 146 102 118.5
   vertex 146 102.5 119
  endloop
 endfacet
 facet normal -0.57735026918962584 0.57735026918962584 -0.57735026918962584
  outer loop
   vertex 144 103 118.5
   vertex 143.5 103 119
   vertex 144 103.5 119
  endloop
 endfacet
 facet normal 0 0.70710678118654746 -0.70710678118654746
  outer loop
   vertex 145 103 118.5
   vertex 144 103 118.5
   vertex 144 103.5 119
  endloop
 endfacet
 facet normal 0 0.70710678118654746 -0.70710678118654746
  outer loop
   vertex 145 103.5 119
   vertex 145 103 118.5
   vertex 144 103.5 119
  endloop
 endfacet
 facet normal 0.57735026918962584 0.57735026918962584 -0.57735026918962584
  outer loop
   vertex 145.5 103 119
   vertex 145 103 118.5
   vertex 145 103.5 119
  endloop
 endfacet
 facet normal -0.57735026918962584 -0.57735026918962584 -0.57735026918962584
  outer loop
   vertex 146 95 119.5
   vertex 146 94.5 120
   vertex 145.5 95 120
  endloop
 endfacet
 facet normal -0 -0.70710678118654746 -0.70710678118654746
  outer loop
   vertex 146 95 119.5
   vertex 147 95 119.5
   vertex 147 94.5 120
  endloop
 endfacet
 facet normal 0 -0.70710678118654746 -0.70710678118654746
  outer loop
   vertex 146 94.5 120
   vertex 146 95 119.5
   vertex 147 94.5 120
  endloop
 endfacet
 facet normal 0.57735026918962584 -0.57735026918962584 -0.57735026918962584
  outer loop
   vertex 147 94.5 120
   vertex 147 95 119.5
   vertex 147.5 95 120
  endloop
 endfacet
 facet normal -0.57735026918962584 -0.57735026918962584 -0.57735026918962584
  outer loop
   vertex 144 96 119.5
   vertex 144 95.5 120
   vertex 143.5 96 120
  endloop
 endfacet
 facet normal -0 -0.70710678118654746 -0.70710678118654746
  outer loop
   vertex 144 96 119.5
   vertex 145 96 119.5
   vertex 145 95.5 120
  endloop
 endfacet
 facet normal 0 -0.70710678118654746 -0.70710678118654746
  outer loop
   vertex 144 95.5 120
   vertex 144 96 119.5
   vertex 145 95.5 120
  endloop
 endfacet
 facet normal -0.57735026918962584 -0.57735026918962584 -0.57735026918962584
  outer loop
   vertex 145.5 95 120
   vertex 145 95.5 120
   vertex 145 96 119.5
  endloop
 endfacet
 facet normal -0.57735026918962584 -0.57735026918962584 -0.57735026918962584
  outer loop
   vertex 145.5 95 120
   vertex 145 96 119.5
   vertex 146 95 119.5
  endloop
 endfacet
 facet normal 0 0 -1
  outer loop
   vertex 146 95 119.5
   vertex 145 96 119.5
   vertex 146 96 119.5
  endloop
 endfacet
 facet normal 0 0 -1
  outer loop
   vertex 147 95 119.5
   vertex 146 95 119.5
   vertex 147 96 119.5
  endloop
 endfacet
 facet normal 0 0 -1
  outer loop
   vertex 147 96 119.5
   vertex 146 95 119.5
   vertex 146 96 119.5
  endloop
 endfacet
 facet normal 0.57735026918962584 -0.57735026918962584 -0.57735026918962584
  outer loop
   vertex 148 95.5 120
   vertex 147.5 95 120
   vertex 147 95 119.5
  endloop
 endfacet
 facet normal 0.57735026918962584 -0.57735026918962584 -0.57735026918962584
  outer loop
   vertex 148 95.5 120
   vertex 147 95 119.5
   vertex 148 96 119.5
  endloop
 endfacet
 facet normal 0 0 -1
  outer loop
   vertex 148 96 119.5
   vertex 147 95 119.5
   vertex 147 96 119.5
  endloop
 endfacet
 facet normal 0.57735026918962584 -0.57735026918962584 -0.57735026918962584
  outer loop
   vertex 148 95.5 120
   vertex 148 96 119.5
   vertex 148.5 96 120
  endloop
 endfacet
 facet normal -0.70710678118654746 0 -0.70710678118654746
  outer loop
   vertex 144 97 119.5
   vertex 144 96 119.5
   vertex 143.5 96 120
  endloop
 endfacet
 facet normal -0.70710678118654746 0 -0.70710678118654746
  outer loop
   vertex 143.5 97 120
   vertex 144 97 119.5
   vertex 143.5 96 120
  endloop
 endfacet
 facet normal 0 0 -1
  outer loop
   vertex 145 96 119.5
   vertex 144 96 119.5
   vertex 145 97 119.5
  endloop
 endfacet
 facet normal 0 0 -1
  outer loop
   vertex 145 97 119.5
   vertex 144 96 119.5
   vertex 144 97 119.5
  endloop
 endfacet
 facet normal -0.57735026918962584 -0.57735026918962584 -0.57735026918962584
  outer loop
   vertex 146 96.5 119
   vertex 145 97 119.5
   vertex 145.5 97 119
  endloop
 endfacet
 facet normal -0.57735026918962584 -0.57735026918962584 -0.57735026918962584
  outer loop
   vertex 146 96.5 119
   vertex 146 96 119.5
   vertex 145 97 119.5
  endloop
 endfacet
 facet normal 0 0 -1
  outer loop
   vertex 146 96 119.5
   vertex 145 96 119.5
   vertex 145 97 119.5
  endloop
 endfacet
 facet normal 0.57735026918962584 -0.57735026918962584 -0.57735026918962584
  outer loop
   vertex 146.5 97 119
   vertex 146 96 119.5
   vertex 146 96.5 119
  endloop
 endfacet
 facet normal 0.57735026918962584 -0.57735026918962584 -0.57735026918962584
  outer loop
   vertex 146.5 97 119
   vertex 147 97 119.5
   vertex 146 96 119.5
  endloop
 endfacet
 facet normal 0 0 -1
  outer loop
   vertex 147 97 119.5
   vertex 147 96 119.5
   vertex 146 96 119.5
  endloop
 endfacet
 facet normal 0 0 -1
  outer loop
   vertex 148 96 119.5
   vertex 147 96 119.5
   vertex 148 97 119.5
  endloop
 endfacet
 facet normal 0 0 -1
  outer loop
   vertex 148 97 119.5
   vertex 147 96 119.5
   vertex 147 97 119.5
  endloop
 endfacet
 facet normal 0.57735026918962584 -0.57735026918962584 -0.57735026918962584
  outer loop
   vertex 149 96.5 120
   vertex 148.5 96 120
   vertex 148 96 119.5
  endloop
 endfacet
 facet normal 0.57735026918962584 -0.57735026918962584 -0.57735026918962584
  outer loop
   vertex 149 96.5 120
   vertex 148 96 119.5
   vertex 149 97 119.5
  endloop
 endfacet
 facet normal 0 0 -1
  outer loop
   vertex 149 97 119.5
   vertex 148 96 119.5
   vertex 148 97 119.5
  endloop
 endfacet
 facet normal 0.57735026918962584 -0.57735026918962584 -0.57735026918962584
  outer loop
   vertex 149 96.5 120
   vertex 149 97 119.5
   vertex 149.5 97 120
  endloop
 endfacet
 facet normal -0.57735026918962584 -0.57735026918962584 -0.57735026918962584
  outer loop
   vertex 143 98 119.5
   vertex 143 97.5 120
   vertex 142.5 98 120
  endloop
 endfacet
 facet normal -0.57735026918962584 -0.57735026918962584 -0.57735026918962584
  outer loop
   vertex 143.5 97 120
   vertex 143 97.5 120
   vertex 143 98 119.5
  endloop
 endfacet
 facet normal -0.57735026918962584 -0.57735026918962584 -0.57735026918962584
  outer loop
   vertex 143.5 97 120
   vertex 143 98 119.5
   vertex 144 97 119.5
  endloop
 endfacet
 facet normal 0 0 -1
  outer loop
   vertex 144 97 119.5
   vertex 143 98 119.5
   vertex 144 98 119.5
  endloop
 endfacet
 facet normal -0.57735026918962584 -0.57735026918962584 -0.57735026918962584
  outer loop
   vertex 145 97.5 119
   vertex 144 98 119.5
   vertex 144.5 98 119
  endloop
 endfacet
 facet normal -0.57735026918962584 -0.57735026918962584 -0.57735026918962584
  outer loop
   vertex 145 97.5 119
   vertex 145 97 119.5
   vertex 144 98 119.5
  endloop
 endfacet
 facet normal 0 0 -1
  outer loop
   vertex 145 97 119.5
   vertex 144 97 119.5
   vertex 144 98 119.5
  endloop
 endfacet
 facet normal -0.57735026918962584 -0.57735026918962584 -0.57735026918962584
  outer loop
   vertex 145.5 97 119
   vertex 145 97 119.5
   vertex 145 97.5 119
  endloop
 endfacet
 facet normal 0.57735026918962584 -0.57735026918962584 -0.57735026918962584
  outer loop
   vertex 146.5 97 119
   vertex 147 97.5 119
   vertex 147 97 119.5
  endloop
 endfacet
 facet normal 0.57735026918962584 -0.57735026918962584 -0.57735026918962584
  outer loop
   vertex 147.5 98 119
   vertex 147 97 119.5
   vertex 147 97.5 119
  endloop
 endfacet
 facet normal 0.57735026918962584 -0.57735026918962584 -0.57735026918962584
  outer loop
   vertex 147.5 98 119
   vertex 148 98 119.5
   vertex 147 97 119.5
  endloop
 endfacet
 facet normal 0 0 -1
  outer loop
   vertex 148 98 119.5
   vertex 148 97 119.5
   vertex 147 97 119.5
  endloop
 endfacet
 facet normal 0 0 -1
  outer loop
   vertex 149 97 119.5
   vertex 148 97 119.5
   vertex 149 98 119.5
  endloop
 endfacet
 facet normal 0 0 -1
  outer loop
   vertex 149 98 119.5
   vertex 148 97 119.5
   vertex 148 98 119.5
  endloop
 endfacet
 facet normal 0.70710678118654746 0 -0.70710678118654746
  outer loop
   vertex 149.5 98 120
   vertex 149.5 97 120
   vertex 149 97 119.5
  endloop
 endfacet
 facet normal 0.70710678118654746 0 -0.70710678118654746
  outer loop
   vertex 149 98 119.5
   vertex 149.5 98 120
   vertex 149 97 119.5
  endloop
 endfacet
 facet normal -0.70710678118654746 0 -0.70710678118654746
  outer loop
   vertex 143 99 119.5
   vertex 143 98 119.5
   vertex 142.5 98 120
  endloop
 endfacet
 facet normal -0.70710678118654746 0 -0.70710678118654746
  outer loop
   vertex 142.5 99 120
   vertex 143 99 119.5
   vertex 142.5 98 120
  endloop
 endfacet
 facet normal 0 0 -1
  outer loop
   vertex 144 98 119.5
   vertex 143 98 119.5
   vertex 144 99 119.5
  endloop
 endfacet
 facet normal 0 0 -1
  outer loop
   vertex 144 99 119.5
   vertex 143 98 119.5
   vertex 143 99 119.5
  endloop
 endfacet
 facet normal -0.70710678118654746 0 -0.70710678118654746
  outer loop
   vertex 144.5 98 119
   vertex 144 99 119.5
   vertex 144.5 99 119
  endloop
 endfacet
 facet normal -0.70710678118654746 -0 -0.70710678118654746
  outer loop
   vertex 144 98 119.5
   vertex 144 99 119.5
   vertex 144.5 98 119
  endloop
 endfacet
 facet normal 0.70710678118654746 0 -0.70710678118654746
  outer loop
   vertex 148 98 119.5
   vertex 147.5 99 119
   vertex 148 99 119.5
  endloop
 endfacet
 facet normal 0.70710678118654746 0 -0.70710678118654746
  outer loop
   vertex 147.5 98 119
   vertex 147.5 99 119
   vertex 148 98 119.5
  endloop
 endfacet
 facet normal 0 0 -1
  outer loop
   vertex 149 98 119.5
   vertex 148 98 119.5
   vertex 149 99 119.5
  endloop
 endfacet
 facet normal 0 0 -1
  outer loop
   vertex 149 99 119.5
   vertex 148 98 119.5
   vertex 148 99 119.5
  endloop
 endfacet
 facet normal 0.70710678118654746 0 -0.70710678118654746
  outer loop
   vertex 149.5 99 120
   vertex 149.5 98 120
   vertex 149 98 119.5
  endloop
 endfacet
 facet normal 0.70710678118654746 0 -0.70710678118654746
  outer loop
   vertex 149 99 119.5
   vertex 149.5 99 120
   vertex 149 98 119.5
  endloop
 endfacet
 facet normal -0.57735026918962584 -0.57735026918962584 -0.57735026918962584
  outer loop
   vertex 142 100 119.5
   vertex 142 99.5 120
   vertex 141.5 100 120
  endloop
 endfacet
 facet normal -0.57735026918962584 -0.57735026918962584 -0.57735026918962584
  outer loop
   vertex 142.5 99 120
   vertex 142 99.5 120
   vertex 142 100 119.5
  endloop
 endfacet
 facet normal -0.57735026918962584 -0.57735026918962584 -0.57735026918962584
  outer loop
   vertex 142.5 99 120
   vertex 142 100 119.5
   vertex 143 99 119.5
  endloop
 endfacet
 facet normal 0 0 -1
  outer loop
   vertex 143 99 119.5
   vertex 142 100 119.5
   vertex 143 100 119.5
  endloop
 endfacet
 facet normal -0.57735026918962584 -0.57735026918962584 -0.57735026918962584
  outer loop
   vertex 144 99.5 119
   vertex 143 100 119.5
   vertex 143.5 100 119
  endloop
 endfacet
 facet normal -0.57735026918962584 -0.57735026918962584 -0.57735026918962584
  outer loop
   vertex 144 99.5 119
   vertex 144 99 119.5
   vertex 143 100 119.5
  endloop
 endfacet
 facet normal 0 0 -1
  outer loop
   vertex 144 99 119.5
   vertex 143 99 119.5
   vertex 143 100 119.5
  endloop
 endfacet
 facet normal -0.57735026918962584 -0.57735026918962584 -0.57735026918962584
  outer loop
   vertex 144.5 99 119
   vertex 144 99 119.5
   vertex 144 99.5 119
  endloop
 endfacet
 facet normal 0.70710678118654746 0 -0.70710678118654746
  outer loop
   vertex 148 99 119.5
   vertex 147.5 100 119
   vertex 148 100 119.5
  endloop
 endfacet
 facet normal 0.70710678118654746 0 -0.70710678118654746
  outer loop
   vertex 147.5 99 119
   vertex 147.5 100 119
   vertex 148 99 119.5
  endloop
 endfacet
 facet normal 0 0 -1
  outer loop
   vertex 149 99 119.5
   vertex 148 99 119.5
   vertex 149 100 119.5
  endloop
 endfacet
 facet normal 0 0 -1
  outer loop
   vertex 149 100 119.5
   vertex 148 99 119.5
   vertex 148 100 119.5
  endloop
 endfacet
 facet normal 0.70710678118654746 0 -0.70710678118654746
  outer loop
   vertex 149.5 100 120
   vertex 149.5 99 120
   vertex 149 99 119.5
  endloop
 endfacet
 facet normal 0.70710678118654746 0 -0.70710678118654746
  outer loop
   vertex 149 100 119.5
   vertex 149.5 100 120
   vertex 149 99 119.5
  endloop
 endfacet
 facet normal -0.70710678118654746 0 -0.70710678118654746
  outer loop
   vertex 142 101 119.5
   vertex 142 100 119.5
   vertex 141.5 100 120
  endloop
 endfacet
 facet normal -0.70710678118654746 0 -0.70710678118654746
  outer loop
   vertex 141.5 101 120
   vertex 142 101 119.5
   vertex 141.5 100 120
  endloop
 endfacet
 facet normal -0.57735026918962584 -0.57735026918962584 -0.57735026918962584
  outer loop
   vertex 143 100.5 119
   vertex 142 101 119.5
   vertex 142.5 101 119
  endloop
 endfacet
 facet normal -0.57735026918962584 -0.57735026918962584 -0.57735026918962584
  outer loop
   vertex 143 100.5 119
   vertex 143 100 119.5
   vertex 142 101 119.5
  endloop
 endfacet
 facet normal 0 0 -1
  outer loop
   vertex 143 100 119.5
   vertex 142 100 119.5
   vertex 142 101 119.5
  endloop
 endfacet
 facet normal -0.57735026918962584 -0.57735026918962584 -0.57735026918962584
  outer loop
   vertex 143.5 100 119
   vertex 143 100 119.5
   vertex 143 100.5 119
  endloop
 endfacet
 facet normal 0.70710678118654746 0 -0.70710678118654746
  outer loop
   vertex 148 100 119.5
   vertex 147.5 101 119
   vertex 148 101 119.5
  endloop
 endfacet
 facet normal 0.70710678118654746 0 -0.70710678118654746
  outer loop
   vertex 147.5 100 119
   vertex 147.5 101 119
   vertex 148 100 119.5
  endloop
 endfacet
 facet normal 0 0 -1
  outer loop
   vertex 149 100 119.5
   vertex 148 100 119.5
   vertex 149 101 119.5
  endloop
 endfacet
 facet normal 0 0 -1
  outer loop
   vertex 149 101 119.5
   vertex 148 100 119.5
   vertex 148 101 119.5
  endloop
 endfacet
 facet normal 0.70710678118654746 0 -0.70710678118654746
  outer loop
   vertex 149.5 101 120
   vertex 149.5 100 120
   vertex 149 100 119.5
  endloop
 endfacet
 facet normal 0.70710678118654746 0 -0.70710678118654746
  outer loop
   vertex 149 101 119.5
   vertex 149.5 101 120
   vertex 149 100 119.5
  endloop
 endfacet
 facet normal -0.57735026918962584 -0.57735026918962584 -0.57735026918962584
  outer loop
   vertex 141 102 119.5
   vertex 141 101.5 120
   vertex 140.5 102 120
  endloop
 endfacet
 facet normal -0.57735026918962584 -0.57735026918962584 -0.57735026918962584
  outer loop
   vertex 141.5 101 120
   vertex 141 101.5 120
   vertex 141 102 119.5
  endloop
 endfacet
 facet normal -0.57735026918962584 -0.57735026918962584 -0.57735026918962584
  outer loop
   vertex 141.5 101 120
   vertex 141 102 119.5
   vertex 142 101 119.5
  endloop
 endfacet
 facet normal 0 0 -1
  outer loop
   vertex 142 101 119.5
   vertex 141 102 119.5
   vertex 142 102 119.5
  endloop
 endfacet
 facet normal -0.70710678118654746 0 -0.70710678118654746
  outer loop
   vertex 142.5 101 119
   vertex 142 102 119.5
   vertex 142.5 102 119
  endloop
 endfacet
 facet normal -0.70710678118654746 -0 -0.70710678118654746
  outer loop
   vertex 142 101 119.5
   vertex 142 102 119.5
   vertex 142.5 101 119
  endloop
 endfacet
 facet normal 0.57735026918962584 0.57735026918962584 -0.57735026918962584
  outer loop
   vertex 147 101.5 119
   vertex 146.5 102 119
   vertex 147 102 119.5
  endloop
 endfacet
 facet normal 0.57735026918962584 0.57735026918962584 -0.57735026918962584
  outer loop
   vertex 147 101.5 119
   vertex 148 101 119.5
   vertex 147.5 101 119
  endloop
 endfacet
 facet normal 0.57735026918962584 0.57735026918962584 -0.57735026918962584
  outer loop
   vertex 147 101.5 119
   vertex 147 102 119.5
   vertex 148 101 119.5
  endloop
 endfacet
 facet normal -0 -0 -1
  outer loop
   vertex 147 102 119.5
   vertex 148 102 119.5
   vertex 148 101 119.5
  endloop
 endfacet
 facet normal 0 0 -1
  outer loop
   vertex 149 101 119.5
   vertex 148 101 119.5
   vertex 149 102 119.5
  endloop
 endfacet
 facet normal 0 0 -1
  outer loop
   vertex 149 102 119.5
   vertex 148 101 119.5
   vertex 148 102 119.5
  endloop
 endfacet
 facet normal 0.70710678118654746 0 -0.70710678118654746
  outer loop
   vertex 149.5 102 120
   vertex 149.5 101 120
   vertex 149 101 119.5
  endloop
 endfacet
 facet normal 0.70710678118654746 0 -0.70710678118654746
  outer loop
   vertex 149 102 119.5
   vertex 149.5 102 120
   vertex 149 101 119.5
  endloop
 endfacet
 facet normal -0.70710678118654746 0 -0.70710678118654746
  outer loop
   vertex 141 103 119.5
   vertex 141 102 119.5
   vertex 140.5 102 120
  endloop
 endfacet
 facet normal -0.70710678118654746 0 -0.70710678118654746
  outer loop
   vertex 140.5 103 120
   vertex 141 103 119.5
   vertex 140.5 102 120
  endloop
 endfacet
 facet normal 0 0 -1
  outer loop
   vertex 142 102 119.5
   vertex 141 102 119.5
   vertex 142 103 119.5
  endloop
 endfacet
 facet normal 0 0 -1
  outer loop
   vertex 142 103 119.5
   vertex 141 102 119.5
   vertex 141 103 119.5
  endloop
 endfacet
 facet normal -0.57735026918962584 0.57735026918962584 -0.57735026918962584
  outer loop
   vertex 142.5 102 119
   vertex 143 103 119.5
   vertex 143 102.5 119
  endloop
 endfacet
 facet normal -0.57735026918962584 0.57735026918962584 -0.57735026918962584
  outer loop
   vertex 142.5 102 119
   vertex 142 102 119.5
   vertex 143 103 119.5
  endloop
 endfacet
 facet normal 0 0 -1
  outer loop
   vertex 142 102 119.5
   vertex 142 103 119.5
   vertex 143 103 119.5
  endloop
 endfacet
 facet normal -0.57735026918962584 0.57735026918962584 -0.57735026918962584
  outer loop
   vertex 143 102.5 119
   vertex 143 103 119.5
   vertex 143.5 103 119
  endloop
 endfacet
 facet normal 0.57735026918962584 0.57735026918962584 -0.57735026918962584
  outer loop
   vertex 146 102.5 119
   vertex 145.5 103 119
   vertex 146 103 119.5
  endloop
 endfacet
 facet normal 0.57735026918962584 0.57735026918962584 -0.57735026918962584
  outer loop
   vertex 146 102.5 119
   vertex 147 102 119.5
   vertex 146.5 102 119
  endloop
 endfacet
 facet normal 0.57735026918962584 0.57735026918962584 -0.57735026918962584
  outer loop
   vertex 146 102.5 119
   vertex 146 103 119.5
   vertex 147 102 119.5
  endloop
 endfacet
 facet normal -0 -0 -1
  outer loop
   vertex 146 103 119.5
   vertex 147 103 119.5
   vertex 147 102 119.5
  endloop
 endfacet
 facet normal 0 0 -1
  outer loop
   vertex 148 102 119.5
   vertex 147 102 119.5
   vertex 148 103 119.5
  endloop
 endfacet
 facet normal 0 0 -1
  outer loop
   vertex 148 103 119.5
   vertex 147 102 119.5
   vertex 147 103 119.5
  endloop
 endfacet
 facet normal 0.57735026918962584 0.57735026918962584 -0.57735026918962584
  outer loop
   vertex 148.5 103 120
   vertex 149 102.5 120
   vertex 149 102 119.5
  endloop
 endfacet
 facet normal 0.57735026918962584 0.57735026918962584 -0.57735026918962584
  outer loop
   vertex 148.5 103 120
   vertex 149 102 119.5
   vertex 148 103 119.5
  endloop
 endfacet
 facet normal 0 0 -1
  outer loop
   vertex 148 103 119.5
   vertex 149 102 119.5
   vertex 148 102 119.5
  endloop
 endfacet
 facet normal 0.57735026918962584 0.57735026918962584 -0.57735026918962584
  outer loop
   vertex 149.5 102 120
   vertex 149 102 119.5
   vertex 149 102.5 120
  endloop
 endfacet
 facet normal -0.57735026918962584 0.57735026918962584 -0.57735026918962584
  outer loop
   vertex 141 103 119.5
   vertex 140.5 103 120
   vertex 141 103.5 120
  endloop
 endfacet
 facet normal -0.57735026918962584 0.57735026918962584 -0.57735026918962584
  outer loop
   vertex 141 103.5 120
   vertex 141.5 104 120
   vertex 142 104 119.5
  endloop
 endfacet
 facet normal -0.57735026918962584 0.57735026918962584 -0.57735026918962584
  outer loop
   vertex 141 103.5 120
   vertex 142 104 119.5
   vertex 141 103 119.5
  endloop
 endfacet
 facet normal 0 -0 -1
  outer loop
   vertex 141 103 119.5
   vertex 142 104 119.5
   vertex 142 103 119.5
  endloop
 endfacet
 facet normal 0 0 -1
  outer loop
   vertex 143 103 119.5
   vertex 142 103 119.5
   vertex 143 104 119.5
  endloop
 endfacet
 facet normal 0 0 -1
  outer loop
   vertex 143 104 119.5
   vertex 142 103 119.5
   vertex 142 104 119.5
  endloop
 endfacet
 facet normal -0.57735026918962584 0.57735026918962584 -0.57735026918962584
  outer loop
   vertex 143.5 103 119
   vertex 144 104 119.5
   vertex 144 103.5 119
  endloop
 endfacet
 facet normal -0.57735026918962584 0.57735026918962584 -0.57735026918962584
  outer loop
   vertex 143.5 103 119
   vertex 143 103 119.5
   vertex 144 104 119.5
  endloop
 endfacet
 facet normal 0 0 -1
  outer loop
   vertex 143 103 119.5
   vertex 143 104 119.5
   vertex 144 104 119.5
  endloop
 endfacet
 facet normal 0 0.70710678118654746 -0.70710678118654746
  outer loop
   vertex 144 103.5 119
   vertex 145 104 119.5
   vertex 145 103.5 119
  endloop
 endfacet
 facet normal 0 0.70710678118654746 -0.70710678118654746
  outer loop
   vertex 144 104 119.5
   vertex 145 104 119.5
   vertex 144 103.5 119
  endloop
 endfacet
 facet normal 0.57735026918962584 0.57735026918962584 -0.57735026918962584
  outer loop
   vertex 145 103.5 119
   vertex 146 103 119.5
   vertex 145.5 103 119
  endloop
 endfacet
 facet normal 0.57735026918962584 0.57735026918962584 -0.57735026918962584
  outer loop
   vertex 145 103.5 119
   vertex 145 104 119.5
   vertex 146 103 119.5
  endloop
 endfacet
 facet normal -0 -0 -1
  outer loop
   vertex 145 104 119.5
   vertex 146 104 119.5
   vertex 146 103 119.5
  endloop
 endfacet
 facet normal 0.57735026918962584 0.57735026918962584 -0.57735026918962584
  outer loop
   vertex 146.5 104 120
   vertex 147 103.5 120
   vertex 147 103 119.5
  endloop
 endfacet
 facet normal 0.57735026918962584 0.57735026918962584 -0.57735026918962584
  outer loop
   vertex 146.5 104 120
   vertex 147 103 119.5
   vertex 146 104 119.5
  endloop
 endfacet
 facet normal 0 0 -1
  outer loop
   vertex 146 104 119.5
   vertex 147 103 119.5
   vertex 146 103 119.5
  endloop
 endfacet
 facet normal 0 0.70710678118654746 -0.70710678118654746
  outer loop
   vertex 148 103 119.5
   vertex 147 103 119.5
   vertex 147 103.5 120
  endloop
 endfacet
 facet normal 0 0.70710678118654746 -0.70710678118654746
  outer loop
   vertex 148 103.5 120
   vertex 148 103 119.5
   vertex 147 103.5 120
  endloop
 endfacet
 facet normal 0.57735026918962584 0.57735026918962584 -0.57735026918962584
  outer loop
   vertex 148.5 103 120
   vertex 148 103 119.5
   vertex 148 103.5 120
  endloop
 endfacet
 facet normal -0.57735026918962584 0.57735026918962584 -0.57735026918962584
  outer loop
   vertex 142 104 119.5
   vertex 141.5 104 120
   vertex 142 104.5 120
  endloop
 endfacet
 facet normal 0 0.70710678118654746 -0.70710678118654746
  outer loop
   vertex 143 104 119.5
   vertex 142 104 119.5
   vertex 142 104.5 120
  endloop
 endfacet
 facet normal 0 0.70710678118654746 -0.70710678118654746
  outer loop
   vertex 143 104.5 120
   vertex 143 104 119.5
   vertex 142 104.5 120
  endloop
 endfacet
 facet normal 0 0.70710678118654746 -0.70710678118654746
  outer loop
   vertex 144 104 119.5
   vertex 143 104 119.5
   vertex 143 104.5 120
  endloop
 endfacet
 facet normal 0 0.70710678118654746 -0.70710678118654746
  outer loop
   vertex 144 104.5 120
   vertex 144 104 119.5
   vertex 143 104.5 120
  endloop
 endfacet
 facet normal 0 0.70710678118654746 -0.70710678118654746
  outer loop
   vertex 145 104 119.5
   vertex 144 104 119.5
   vertex 144 104.5 120
  endloop
 endfacet
 facet normal 0 0.70710678118654746 -0.70710678118654746
  outer loop
   vertex 145 104.5 120
   vertex 145 104 119.5
   vertex 144 104.5 120
  endloop
 endfacet
 facet normal 0 0.70710678118654746 -0.70710678118654746
  outer loop
   vertex 146 104 119.5
   vertex 145 104 119.5
   vertex 145 104.5 120
  endloop
 endfacet
 facet normal 0 0.70710678118654746 -0.70710678118654746
  outer loop
   vertex 146 104.5 120
   vertex 146 104 119.5
   vertex 145 104.5 120
  endloop
 endfacet
 facet normal 0.57735026918962584 0.57735026918962584 -0.57735026918962584
  outer loop
   vertex 146.5 104 120
   vertex 146 104 119.5
   vertex 146 104.5 120
  endloop
 endfacet
 facet normal -0.57735026918962584 -0.57735026918962584 -0.57735026918962584
  outer loop
   vertex 145 94 120.5
   vertex 145 93.5 121
   vertex 144.5 94 121
  endloop
 endfacet
 facet normal -0 -0.70710678118654746 -0.70710678118654746
  outer loop
   vertex 145 94 120.5
   vertex 146 94 120.5
   vertex 146 93.5 121
  endloop
 endfacet
 facet normal 0 -0.70710678118654746 -0.70710678118654746
  outer loop
   vertex 145 93.5 121
   vertex 145 94 120.5
   vertex 146 93.5 121
  endloop
 endfacet
 facet normal -0 -0.70710678118654746 -0.70710678118654746
  outer loop
   vertex 146 94 120.5
   vertex 147 94 120.5
   vertex 147 93.5 121
  endloop
 endfacet
 facet normal 0 -0.70710678118654746 -0.70710678118654746
  outer loop
   vertex 146 93.5 121
   vertex 146 94 120.5
   vertex 147 93.5 121
  endloop
 endfacet
 facet normal -0 -0.70710678118654746 -0.70710678118654746
  outer loop
   vertex 147 94 120.5
   vertex 148 94 120.5
   vertex 148 93.5 121
  endloop
 endfacet
 facet normal 0 -0.70710678118654746 -0.70710678118654746
  outer loop
   vertex 147 93.5 121
   vertex 147 94 120.5
   vertex 148 93.5 121
  endloop
 endfacet
 facet normal 0.57735026918962584 -0.57735026918962584 -0.57735026918962584
  outer loop
   vertex 148 93.5 121
   vertex 148 94 120.5
   vertex 148.5 94 121
  endloop
 endfacet
 facet normal -0.57735026918962584 -0.57735026918962584 -0.57735026918962584
  outer loop
   vertex 144 95 120.5
   vertex 144 94.5 121
   vertex 143.5 95 121
  endloop
 endfacet
 facet normal -0.57735026918962584 -0.57735026918962584 -0.57735026918962584
  outer loop
   vertex 144.5 94 121
   vertex 144 94.5 121
   vertex 144 95 120.5
  endloop
 endfacet
 facet normal -0.57735026918962584 -0.57735026918962584 -0.57735026918962584
  outer loop
   vertex 144.5 94 121
   vertex 144 95 120.5
   vertex 145 94 120.5
  endloop
 endfacet
 facet normal 0 0 -1
  outer loop
   vertex 145 94 120.5
   vertex 144 95 120.5
   vertex 145 95 120.5
  endloop
 endfacet
 facet normal -0.57735026918962584 -0.57735026918962584 -0.57735026918962584
  outer loop
   vertex 146 94.5 120
   vertex 145 95 120.5
   vertex 145.5 95 120
  endloop
 endfacet
 facet normal -0.57735026918962584 -0.57735026918962584 -0.57735026918962584
  outer loop
   vertex 146 94.5 120
   vertex 146 94 120.5
   vertex 145 95 120.5
  endloop
 endfacet
 facet normal 0 0 -1
  outer loop
   vertex 146 94 120.5
   vertex 145 94 120.5
   vertex 145 95 120.5
  endloop
 endfacet
 facet normal 0 -0.70710678118654746 -0.70710678118654746
  outer loop
   vertex 147 94.5 120
   vertex 146 94 120.5
   vertex 146 94.5 120
  endloop
 endfacet
 facet normal 0 -0.70710678118654746 -0.70710678118654746
  outer loop
   vertex 147 94 120.5
   vertex 146 94 120.5
   vertex 147 94.5 120
  endloop
 endfacet
 facet normal 0.57735026918962584 -0.57735026918962584 -0.57735026918962584
  outer loop
   vertex 147.5 95 120
   vertex 147 94 120.5
   vertex 147 94.5 120
  endloop
 endfacet
 facet normal 0.57735026918962584 -0.57735026918962584 -0.57735026918962584
  outer loop
   vertex 147.5 95 120
   vertex 148 95 120.5
   vertex 147 94 120.5
  endloop
 endfacet
 facet normal 0 0 -1
  outer loop
   vertex 148 95 120.5
   vertex 148 94 120.5
   vertex 147 94 120.5
  endloop
 endfacet
 facet normal 0.57735026918962584 -0.57735026918962584 -0.57735026918962584
  outer loop
   vertex 149 94.5 121
   vertex 148.5 94 121
   vertex 148 94 120.5
  endloop
 endfacet
 facet normal 0.57735026918962584 -0.57735026918962584 -0.57735026918962584
  outer loop
   vertex 149 94.5 121
   vertex 148 94 120.5
   vertex 149 95 120.5
  endloop
 endfacet
 facet normal 0 0 -1
  outer loop
   vertex 149 95 120.5
   vertex 148 94 120.5
   vertex 148 95 120.5
  endloop
 endfacet
 facet normal -0 -0.70710678118654746 -0.70710678118654746
  outer loop
   vertex 149 95 120.5
   vertex 150 95 120.5
   vertex 150 94.5 121
  endloop
 endfacet
 facet normal 0 -0.70710678118654746 -0.70710678118654746
  outer loop
   vertex 149 94.5 121
   vertex 149 95 120.5
   vertex 150 94.5 121
  endloop
 endfacet
 facet normal 0.57735026918962584 -0.57735026918962584 -0.57735026918962584
  outer loop
   vertex 150 94.5 121
   vertex 150 95 120.5
   vertex 150.5 95 121
  endloop
 endfacet
 facet normal -0.57735026918962584 -0.57735026918962584 -0.57735026918962584
  outer loop
   vertex 143 96 120.5
   vertex 143 95.5 121
   vertex 142.5 96 121
  endloop
 endfacet
 facet normal -0.57735026918962584 -0.57735026918962584 -0.57735026918962584
  outer loop
   vertex 143.5 95 121
   vertex 143 95.5 121
   vertex 143 96 120.5
  endloop
 endfacet
 facet normal -0.57735026918962584 -0.57735026918962584 -0.57735026918962584
  outer loop
   vertex 144 95 120.5
   vertex 143.5 95 121
   vertex 143 96 120.5
  endloop
 endfacet
 facet normal -0.57735026918962584 -0.57735026918962584 -0.57735026918962584
  outer loop
   vertex 144 95 120.5
   vertex 143 96 120.5
   vertex 143.5 96 120
  endloop
 endfacet
 facet normal -0.57735026918962584 -0.57735026918962584 -0.57735026918962584
  outer loop
   vertex 144 95 120.5
   vertex 143.5 96 120
   vertex 144 95.5 120
  endloop
 endfacet
 facet normal 0 -0.70710678118654746 -0.70710678118654746
  outer loop
   vertex 145 95.5 120
   vertex 144 95 120.5
   vertex 144 95.5 120
  endloop
 endfacet
 facet normal 0 -0.70710678118654746 -0.70710678118654746
  outer loop
   vertex 145 95 120.5
   vertex 144 95 120.5
   vertex 145 95.5 120
  endloop
 endfacet
 facet normal -0.57735026918962584 -0.57735026918962584 -0.57735026918962584
  outer loop
   vertex 145.5 95 120
   vertex 145 95 120.5
   vertex 145 95.5 120
  endloop
 endfacet
 facet normal 0.57735026918962584 -0.57735026918962584 -0.57735026918962584
  outer loop
   vertex 147.5 95 120
   vertex 148 95.5 120
   vertex 148 95 120.5
  endloop
 endfacet
 facet normal 0.57735026918962584 -0.57735026918962584 -0.57735026918962584
  outer loop
   vertex 148.5 96 120
   vertex 148 95 120.5
   vertex 148 95.5 120
  endloop
 endfacet
 facet normal 0.57735026918962584 -0.57735026918962584 -0.57735026918962584
  outer loop
   vertex 148.5 96 120
   vertex 149 96 120.5
   vertex 148 95 120.5
  endloop
 endfacet
 facet normal 0 0 -1
  outer loop
   vertex 149 96 120.5
   vertex 149 95 120.5
   vertex 148 95 120.5
  endloop
 endfacet
 facet normal 0 0 -1
  outer loop
   vertex 150 95 120.5
   vertex 149 95 120.5
   vertex 150 96 120.5
  endloop
 endfacet
 facet normal 0 0 -1
  outer loop
   vertex 150 96 120.5
   vertex 149 95 120.5
   vertex 149 96 120.5
  endloop
 endfacet
 facet normal 0.70710678118654746 0 -0.70710678118654746
  outer loop
   vertex 150.5 96 121
   vertex 150.5 95 121
   vertex 150 95 120.5
  endloop
 endfacet
 facet normal 0.70710678118654746 0 -0.70710678118654746
  outer loop
   vertex 150 96 120.5
   vertex 150.5 96 121
   vertex 150 95 120.5
  endloop
 endfacet
 facet normal -0.57735026918962584 -0.57735026918962584 -0.57735026918962584
  outer loop
   vertex 142 97 120.5
   vertex 142 96.5 121
   vertex 141.5 97 121
  endloop
 endfacet
 facet normal -0.57735026918962584 -0.57735026918962584 -0.57735026918962584
  outer loop
   vertex 142.5 96 121
   vertex 142 96.5 121
   vertex 142 97 120.5
  endloop
 endfacet
 facet normal -0.57735026918962584 -0.57735026918962584 -0.57735026918962584
  outer loop
   vertex 142.5 96 121
   vertex 142 97 120.5
   vertex 143 96 120.5
  endloop
 endfacet
 facet normal 0 0 -1
  outer loop
   vertex 143 96 120.5
   vertex 142 97 120.5
   vertex 143 97 120.5
  endloop
 endfacet
 facet normal -0.70710678118654746 0 -0.70710678118654746
  outer loop
   vertex 143.5 96 120
   vertex 143 97 120.5
   vertex 143.5 97 120
  endloop
 endfacet
 facet normal -0.70710678118654746 -0 -0.70710678118654746
  outer loop
   vertex 143 96 120.5
   vertex 143 97 120.5
   vertex 143.5 96 120
  endloop
 endfacet
 facet normal 0.57735026918962584 -0.57735026918962584 -0.57735026918962584
  outer loop
   vertex 148.5 96 120
   vertex 149 96.5 120
   vertex 149 96 120.5
  endloop
 endfacet
 facet normal 0.57735026918962584 -0.57735026918962584 -0.57735026918962584
  outer loop
   vertex 149.5 97 120
   vertex 149 96 120.5
   vertex 149 96.5 120
  endloop
 endfacet
 facet normal 0.57735026918962584 -0.57735026918962584 -0.57735026918962584
  outer loop
   vertex 149.5 97 120
   vertex 150 97 120.5
   vertex 149 96 120.5
  endloop
 endfacet
 facet normal 0 0 -1
  outer loop
   vertex 150 97 120.5
   vertex 150 96 120.5
   vertex 149 96 120.5
  endloop
 endfacet
 facet normal 0.70710678118654746 0 -0.70710678118654746
  outer loop
   vertex 150.5 97 121
   vertex 150.5 96 121
   vertex 150 96 120.5
  endloop
 endfacet
 facet normal 0.70710678118654746 0 -0.70710678118654746
  outer loop
   vertex 150 97 120.5
   vertex 150.5 97 121
   vertex 150 96 120.5
  endloop
 endfacet
 facet normal -0.57735026918962584 -0.57735026918962584 -0.57735026918962584
  outer loop
   vertex 156 97 120.5
   vertex 156 96.5 121
   vertex 155.5 97 121
  endloop
 endfacet
 facet normal 0.57735026918962584 -0.57735026918962584 -0.57735026918962584
  outer loop
   vertex 156 96.5 121
   vertex 156 97 120.5
   vertex 156.5 97 121
  endloop
 endfacet
 facet normal -0.70710678118654746 0 -0.70710678118654746
  outer loop
   vertex 142 98 120.5
   vertex 142 97 120.5
   vertex 141.5 97 121
  endloop
 endfacet
 facet normal -0.70710678118654746 0 -0.70710678118654746
  outer loop
   vertex 141.5 98 121
   vertex 142 98 120.5
   vertex 141.5 97 121
  endloop
 endfacet
 facet normal -0.57735026918962584 -0.57735026918962584 -0.57735026918962584
  outer loop
   vertex 143 97.5 120
   vertex 142 98 120.5
   vertex 142.5 98 120
  endloop
 endfacet
 facet normal -0.57735026918962584 -0.57735026918962584 -0.57735026918962584
  outer loop
   vertex 143 97.5 120
   vertex 143 97 120.5
   vertex 142 98 120.5
  endloop
 endfacet
 facet normal 0 0 -1
  outer loop
   vertex 143 97 120.5
   vertex 142 97 120.5
   vertex 142 98 120.5
  endloop
 endfacet
 facet normal -0.57735026918962584 -0.57735026918962584 -0.57735026918962584
  outer loop
   vertex 143.5 97 120
   vertex 143 97 120.5
   vertex 143 97.5 120
  endloop
 endfacet
 facet normal 0.70710678118654746 0 -0.70710678118654746
  outer loop
   vertex 150 97 120.5
   vertex 149.5 98 120
   vertex 150 98 120.5
  endloop
 endfacet
 facet normal 0.70710678118654746 0 -0.70710678118654746
  outer loop
   vertex 149.5 97 120
   vertex 149.5 98 120
   vertex 150 97 120.5
  endloop
 endfacet
 facet normal 0.57735026918962584 -0.57735026918962584 -0.57735026918962584
  outer loop
   vertex 151 97.5 121
   vertex 150.5 97 121
   vertex 150 97 120.5
  endloop
 endfacet
 facet normal 0.57735026918962584 -0.57735026918962584 -0.57735026918962584
  outer loop
   vertex 151 97.5 121
   vertex 150 97 120.5
   vertex 151 98 120.5
  endloop
 endfacet
 facet normal 0 0 -1
  outer loop
   vertex 151 98 120.5
   vertex 150 97 120.5
   vertex 150 98 120.5
  endloop
 endfacet
 facet normal 0.57735026918962584 -0.57735026918962584 -0.57735026918962584
  outer loop
   vertex 151 97.5 121
   vertex 151 98 120.5
   vertex 151.5 98 121
  endloop
 endfacet
 facet normal -0.57735026918962584 -0.57735026918962584 -0.57735026918962584
  outer loop
   vertex 155 98 120.5
   vertex 155 97.5 121
   vertex 154.5 98 121
  endloop
 endfacet
 facet normal -0.57735026918962584 -0.57735026918962584 -0.57735026918962584
  outer loop
   vertex 155.5 97 121
   vertex 155 97.5 121
   vertex 155 98 120.5
  endloop
 endfacet
 facet normal -0.57735026918962584 -0.57735026918962584 -0.57735026918962584
  outer loop
   vertex 155.5 97 121
   vertex 155 98 120.5
   vertex 156 97 120.5
  endloop
 endfacet
 facet normal 0 0 -1
  outer loop
   vertex 156 97 120.5
   vertex 155 98 120.5
   vertex 156 98 120.5
  endloop
 endfacet
 facet normal 0.70710678118654746 0 -0.70710678118654746
  outer loop
   vertex 156.5 98 121
   vertex 156.5 97 121
   vertex 156 97 120.5
  endloop
 endfacet
 facet normal 0.70710678118654746 0 -0.70710678118654746
  outer loop
   vertex 156 98 120.5
   vertex 156.5 98 121
   vertex 156 97 120.5
  endloop
 endfacet
 facet normal -0.57735026918962584 -0.57735026918962584 -0.57735026918962584
  outer loop
   vertex 141 99 120.5
   vertex 141 98.5 121
   vertex 140.5 99 121
  endloop
 endfacet
 facet normal -0.57735026918962584 -0.57735026918962584 -0.57735026918962584
  outer loop
   vertex 141.5 98 121
   vertex 141 98.5 121
   vertex 141 99 120.5
  endloop
 endfacet
 facet normal -0.57735026918962584 -0.57735026918962584 -0.57735026918962584
  outer loop
   vertex 141.5 98 121
   vertex 141 99 120.5
   vertex 142 98 120.5
  endloop
 endfacet
 facet normal 0 0 -1
  outer loop
   vertex 142 98 120.5
   vertex 141 99 120.5
   vertex 142 99 120.5
  endloop
 endfacet
 facet normal -0.70710678118654746 0 -0.70710678118654746
  outer loop
   vertex 142.5 98 120
   vertex 142 99 120.5
   vertex 142.5 99 120
  endloop
 endfacet
 facet normal -0.70710678118654746 -0 -0.70710678118654746
  outer loop
   vertex 142 98 120.5
   vertex 142 99 120.5
   vertex 142.5 98 120
  endloop
 endfacet
 facet normal 0.70710678118654746 0 -0.70710678118654746
  outer loop
   vertex 150 98 120.5
   vertex 149.5 99 120
   vertex 150 99 120.5
  endloop
 endfacet
 facet normal 0.70710678118654746 0 -0.70710678118654746
  outer loop
   vertex 149.5 98 120
   vertex 149.5 99 120
   vertex 150 98 120.5
  endloop
 endfacet
 facet normal 0 0 -1
  outer loop
   vertex 151 98 120.5
   vertex 150 98 120.5
   vertex 151 99 120.5
  endloop
 endfacet
 facet normal 0 0 -1
  outer loop
   vertex 151 99 120.5
   vertex 150 98 120.5
   vertex 150 99 120.5
  endloop
 endfacet
 facet normal 0.70710678118654746 0 -0.70710678118654746
  outer loop
   vertex 151.5 99 121
   vertex 151.5 98 121
   vertex 151 98 120.5
  endloop
 endfacet
 facet normal 0.70710678118654746 0 -0.70710678118654746
  outer loop
   vertex 151 99 120.5
   vertex 151.5 99 121
   vertex 151 98 120.5
  endloop
 endfacet
 facet normal -0.70710678118654746 0 -0.70710678118654746
  outer loop
   vertex 155 99 120.5
   vertex 155 98 120.5
   vertex 154.5 98 121
  endloop
 endfacet
 facet normal -0.70710678118654746 0 -0.70710678118654746
  outer loop
   vertex 154.5 99 121
   vertex 155 99 120.5
   vertex 154.5 98 121
  endloop
 endfacet
 facet normal 0 0 -1
  outer loop
   vertex 156 98 120.5
   vertex 155 98 120.5
   vertex 156 99 120.5
  endloop
 endfacet
 facet normal 0 0 -1
  outer loop
   vertex 156 99 120.5
   vertex 155 98 120.5
   vertex 155 99 120.5
  endloop
 endfacet
 facet normal 0.70710678118654746 0 -0.70710678118654746
  outer loop
   vertex 156.5 99 121
   vertex 156.5 98 121
   vertex 156 98 120.5
  endloop
 endfacet
 facet normal 0.70710678118654746 0 -0.70710678118654746
  outer loop
   vertex 156 99 120.5
   vertex 156.5 99 121
   vertex 156 98 120.5
  endloop
 endfacet
 facet normal -0.70710678118654746 0 -0.70710678118654746
  outer loop
   vertex 141 100 120.5
   vertex 141 99 120.5
   vertex 140.5 99 121
  endloop
 endfacet
 facet normal -0.70710678118654746 0 -0.70710678118654746
  outer loop
   vertex 140.5 100 121
   vertex 141 100 120.5
   vertex 140.5 99 121
  endloop
 endfacet
 facet normal -0.57735026918962584 -0.57735026918962584 -0.57735026918962584
  outer loop
   vertex 142 99.5 120
   vertex 141 100 120.5
   vertex 141.5 100 120
  endloop
 endfacet
 facet normal -0.57735026918962584 -0.57735026918962584 -0.57735026918962584
  outer loop
   vertex 142 99.5 120
   vertex 142 99 120.5
   vertex 141 100 120.5
  endloop
 endfacet
 facet normal 0 0 -1
  outer loop
   vertex 142 99 120.5
   vertex 141 99 120.5
   vertex 141 100 120.5
  endloop
 endfacet
 facet normal -0.57735026918962584 -0.57735026918962584 -0.57735026918962584
  outer loop
   vertex 142.5 99 120
   vertex 142 99 120.5
   vertex 142 99.5 120
  endloop
 endfacet
 facet normal 0.70710678118654746 0 -0.70710678118654746
  outer loop
   vertex 150 99 120.5
   vertex 149.5 100 120
   vertex 150 100 120.5
  endloop
 endfacet
 facet normal 0.70710678118654746 0 -0.70710678118654746
  outer loop
   vertex 149.5 99 120
   vertex 149.5 100 120
   vertex 150 99 120.5
  endloop
 endfacet
 facet normal 0.57735026918962584 0.57735026918962584 -0.57735026918962584
  outer loop
   vertex 150.5 100 121
   vertex 151 99.5 121
   vertex 151 99 120.5
  endloop
 endfacet
 facet normal 0.57735026918962584 0.57735026918962584 -0.57735026918962584
  outer loop
   vertex 150.5 100 121
   vertex 151 99 120.5
   vertex 150 100 120.5
  endloop
 endfacet
 facet normal 0 0 -1
  outer loop
   vertex 150 100 120.5
   vertex 151 99 120.5
   vertex 150 99 120.5
  endloop
 endfacet
 facet normal 0.57735026918962584 0.57735026918962584 -0.57735026918962584
  outer loop
   vertex 151.5 99 121
   vertex 151 99 120.5
   vertex 151 99.5 121
  endloop
 endfacet
 facet normal -0.70710678118654746 0 -0.70710678118654746
  outer loop
   vertex 155 100 120.5
   vertex 155 99 120.5
   vertex 154.5 99 121
  endloop
 endfacet
 facet normal -0.70710678118654746 0 -0.70710678118654746
  outer loop
   vertex 154.5 100 121
   vertex 155 100 120.5
   vertex 154.5 99 121
  endloop
 endfacet
 facet normal 0.57735026918962584 0.57735026918962584 -0.57735026918962584
  outer loop
   vertex 155.5 100 121
   vertex 156 99.5 121
   vertex 156 99 120.5
  endloop
 endfacet
 facet normal 0.57735026918962584 0.57735026918962584 -0.57735026918962584
  outer loop
   vertex 155.5 100 121
   vertex 156 99 120.5
   vertex 155 100 120.5
  endloop
 endfacet
 facet normal 0 0 -1
  outer loop
   vertex 155 100 120.5
   vertex 156 99 120.5
   vertex 155 99 120.5
  endloop
 endfacet
 facet normal 0.57735026918962584 0.57735026918962584 -0.57735026918962584
  outer loop
   vertex 156.5 99 121
   vertex 156 99 120.5
   vertex 156 99.5 121
  endloop
 endfacet
 facet normal -0.70710678118654746 0 -0.70710678118654746
  outer loop
   vertex 141 101 120.5
   vertex 141 100 120.5
   vertex 140.5 100 121
  endloop
 endfacet
 facet normal -0.70710678118654746 0 -0.70710678118654746
  outer loop
   vertex 140.5 101 121
   vertex 141 101 120.5
   vertex 140.5 100 121
  endloop
 endfacet
 facet normal -0.70710678118654746 0 -0.70710678118654746
  outer loop
   vertex 141.5 100 120
   vertex 141 101 120.5
   vertex 141.5 101 120
  endloop
 endfacet
 facet normal -0.70710678118654746 -0 -0.70710678118654746
  outer loop
   vertex 141 100 120.5
   vertex 141 101 120.5
   vertex 141.5 100 120
  endloop
 endfacet
 facet normal 0.70710678118654746 0 -0.70710678118654746
  outer loop
   vertex 150 100 120.5
   vertex 149.5 101 120
   vertex 150 101 120.5
  endloop
 endfacet
 facet normal 0.70710678118654746 0 -0.70710678118654746
  outer loop
   vertex 149.5 100 120
   vertex 149.5 101 120
   vertex 150 100 120.5
  endloop
 endfacet
 facet normal 0.70710678118654746 0 -0.70710678118654746
  outer loop
   vertex 150.5 101 121
   vertex 150.5 100 121
   vertex 150 100 120.5
  endloop
 endfacet
 facet normal 0.70710678118654746 0 -0.70710678118654746
  outer loop
   vertex 150 101 120.5
   vertex 150.5 101 121
   vertex 150 100 120.5
  endloop
 endfacet
 facet normal -0.57735026918962584 0.57735026918962584 -0.57735026918962584
  outer loop
   vertex 155 100 120.5
   vertex 154.5 100 121
   vertex 155 100.5 121
  endloop
 endfacet
 facet normal 0.57735026918962584 0.57735026918962584 -0.57735026918962584
  outer loop
   vertex 155.5 100 121
   vertex 155 100 120.5
   vertex 155 100.5 121
  endloop
 endfacet
 facet normal -0.57735026918962584 -0.57735026918962584 -0.57735026918962584
  outer loop
   vertex 141 101.5 120
   vertex 141 101 120.5
   vertex 140.5 101 121
  endloop
 endfacet
 facet normal -0.57735026918962584 -0.57735026918962584 -0.57735026918962584
  outer loop
   vertex 141 101.5 120
   vertex 140.5 101 121
   vertex 140.5 102 120
  endloop
 endfacet
 facet normal -1 0 0
  outer loop
   vertex 140.5 102 120
   vertex 140.5 101 121
   vertex 140.5 102 121
  endloop
 endfacet
 facet normal -0.57735026918962584 -0.57735026918962584 -0.57735026918962584
  outer loop
   vertex 141.5 101 120
   vertex 141 101 120.5
   vertex 141 101.5 120
  endloop
 endfacet
 facet normal 0.70710678118654746 0 -0.70710678118654746
  outer loop
   vertex 150 101 120.5
   vertex 149.5 102 120
   vertex 150 102 120.5
  endloop
 endfacet
 facet normal 0.70710678118654746 0 -0.70710678118654746
  outer loop
   vertex 149.5 101 120
   vertex 149.5 102 120
   vertex 150 101 120.5
  endloop
 endfacet
 facet normal 0.70710678118654746 0 -0.70710678118654746
  outer loop
   vertex 150.5 102 121
   vertex 150.5 101 121
   vertex 150 101 120.5
  endloop
 endfacet
 facet normal 0.70710678118654746 0 -0.70710678118654746
  outer loop
   vertex 150 102 120.5
   vertex 150.5 102 121
   vertex 150 101 120.5
  endloop
 endfacet
 facet normal -1 0 0
  outer loop
   vertex 140.5 102 120
   vertex 140.5 102 121
   vertex 140.5 103 120
  endloop
 endfacet
 facet normal -1 -0 -0
  outer loop
   vertex 140.5 102 121
   vertex 140.5 103 121
   vertex 140.5 103 120
  endloop
 endfacet
 facet normal 0.57735026918962584 0.57735026918962584 -0.57735026918962584
  outer loop
   vertex 149 102.5 120
   vertex 148.5 103 120
   vertex 149 103 120.5
  endloop
 endfacet
 facet normal 0.57735026918962584 0.57735026918962584 -0.57735026918962584
  outer loop
   vertex 149 102.5 120
   vertex 149 103 120.5
   vertex 149.5 103 121
  endloop
 endfacet
 facet normal 0.57735026918962584 0.57735026918962584 -0.57735026918962584
  outer loop
   vertex 149.5 102 120
   vertex 149 102.5 120
   vertex 149.5 103 121
  endloop
 endfacet
 facet normal 0.57735026918962584 0.57735026918962584 -0.57735026918962584
  outer loop
   vertex 149.5 102 120
   vertex 149.5 103 121
   vertex 150 102.5 121
  endloop
 endfacet
 facet normal 0.57735026918962584 0.57735026918962584 -0.57735026918962584
  outer loop
   vertex 149.5 102 120
   vertex 150 102.5 121
   vertex 150 102 120.5
  endloop
 endfacet
 facet normal 0.57735026918962584 0.57735026918962584 -0.57735026918962584
  outer loop
   vertex 150.5 102 121
   vertex 150 102 120.5
   vertex 150 102.5 121
  endloop
 endfacet
 facet normal -0.57735026918962584 0.57735026918962584 -0.57735026918962584
  outer loop
   vertex 141 104 120.5
   vertex 141 103.5 120
   vertex 140.5 103 120
  endloop
 endfacet
 facet normal -0.57735026918962584 0.57735026918962584 -0.57735026918962584
  outer loop
   vertex 141 104 120.5
   vertex 140.5 103 120
   vertex 140.5 104 121
  endloop
 endfacet
 facet normal -1 0 0
  outer loop
   vertex 140.5 104 121
   vertex 140.5 103 120
   vertex 140.5 103 121
  endloop
 endfacet
 facet normal -0.57735026918962584 0.57735026918962584 -0.57735026918962584
  outer loop
   vertex 141 103.5 120
   vertex 141 104 120.5
   vertex 141.5 104 120
  endloop
 endfacet
 facet normal 0.57735026918962584 0.57735026918962584 -0.57735026918962584
  outer loop
   vertex 147 103.5 120
   vertex 146.5 104 120
   vertex 147 104 120.5
  endloop
 endfacet
 facet normal 0 0.70710678118654746 -0.70710678118654746
  outer loop
   vertex 147 103.5 120
   vertex 148 104 120.5
   vertex 148 103.5 120
  endloop
 endfacet
 facet normal 0 0.70710678118654746 -0.70710678118654746
  outer loop
   vertex 147 104 120.5
   vertex 148 104 120.5
   vertex 147 103.5 120
  endloop
 endfacet
 facet normal 0.57735026918962584 0.57735026918962584 -0.57735026918962584
  outer loop
   vertex 148 103.5 120
   vertex 148 104 120.5
   vertex 148.5 104 121
  endloop
 endfacet
 facet normal 0.57735026918962584 0.57735026918962584 -0.57735026918962584
  outer loop
   vertex 148.5 103 120
   vertex 148 103.5 120
   vertex 148.5 104 121
  endloop
 endfacet
 facet normal 0.57735026918962584 0.57735026918962584 -0.57735026918962584
  outer loop
   vertex 148.5 103 120
   vertex 148.5 104 121
   vertex 149 103.5 121
  endloop
 endfacet
 facet normal 0.57735026918962584 0.57735026918962584 -0.57735026918962584
  outer loop
   vertex 148.5 103 120
   vertex 149 103.5 121
   vertex 149 103 120.5
  endloop
 endfacet
 facet normal 0.57735026918962584 0.57735026918962584 -0.57735026918962584
  outer loop
   vertex 149.5 103 121
   vertex 149 103 120.5
   vertex 149 103.5 121
  endloop
 endfacet
 facet normal -0.57735026918962584 0.57735026918962584 -0.57735026918962584
  outer loop
   vertex 141 104 120.5
   vertex 140.5 104 121
   vertex 141 104.5 121
  endloop
 endfacet
 facet normal -0.57735026918962584 0.57735026918962584 -0.57735026918962584
  outer loop
   vertex 142 105 120.5
   vertex 141 104.5 121
   vertex 141.5 105 121
  endloop
 endfacet
 facet normal -0.57735026918962584 0.57735026918962584 -0.57735026918962584
  outer loop
   vertex 142 104.5 120
   vertex 141 104.5 121
   vertex 142 105 120.5
  endloop
 endfacet
 facet normal -0.57735026918962584 0.57735026918962584 -0.57735026918962584
  outer loop
   vertex 142 104.5 120
   vertex 141 104 120.5
   vertex 141 104.5 121
  endloop
 endfacet
 facet normal -0.57735026918962584 0.57735026918962584 -0.57735026918962584
  outer loop
   vertex 142 104.5 120
   vertex 141.5 104 120
   vertex 141 104 120.5
  endloop
 endfacet
 facet normal 0 0.70710678118654746 -0.70710678118654746
  outer loop
   vertex 142 104.5 120
   vertex 143 105 120.5
   vertex 143 104.5 120
  endloop
 endfacet
 facet normal 0 0.70710678118654746 -0.70710678118654746
  outer loop
   vertex 142 105 120.5
   vertex 143 105 120.5
   vertex 142 104.5 120
  endloop
 endfacet
 facet normal 0 0.70710678118654746 -0.70710678118654746
  outer loop
   vertex 143 104.5 120
   vertex 144 105 120.5
   vertex 144 104.5 120
  endloop
 endfacet
 facet normal 0 0.70710678118654746 -0.70710678118654746
  outer loop
   vertex 143 105 120.5
   vertex 144 105 120.5
   vertex 143 104.5 120
  endloop
 endfacet
 facet normal 0 0.70710678118654746 -0.70710678118654746
  outer loop
   vertex 144 104.5 120
   vertex 145 105 120.5
   vertex 145 104.5 120
  endloop
 endfacet
 facet normal 0 0.70710678118654746 -0.70710678118654746
  outer loop
   vertex 144 105 120.5
   vertex 145 105 120.5
   vertex 144 104.5 120
  endloop
 endfacet
 facet normal 0 0.70710678118654746 -0.70710678118654746
  outer loop
   vertex 145 104.5 120
   vertex 146 105 120.5
   vertex 146 104.5 120
  endloop
 endfacet
 facet normal 0 0.70710678118654746 -0.70710678118654746
  outer loop
   vertex 145 105 120.5
   vertex 146 105 120.5
   vertex 145 104.5 120
  endloop
 endfacet
 facet normal 0.57735026918962584 0.57735026918962584 -0.57735026918962584
  outer loop
   vertex 146 104.5 120
   vertex 146 105 120.5
   vertex 146.5 105 121
  endloop
 endfacet
 facet normal 0.57735026918962584 0.57735026918962584 -0.57735026918962584
  outer loop
   vertex 146.5 104 120
   vertex 146 104.5 120
   vertex 146.5 105 121
  endloop
 endfacet
 facet normal 0.57735026918962584 0.57735026918962584 -0.57735026918962584
  outer loop
   vertex 146.5 104 120
   vertex 146.5 105 121
   vertex 147 104.5 121
  endloop
 endfacet
 facet normal 0.57735026918962584 0.57735026918962584 -0.57735026918962584
  outer loop
   vertex 146.5 104 120
   vertex 147 104.5 121
   vertex 147 104 120.5
  endloop
 endfacet
 facet normal 0 0.70710678118654746 -0.70710678118654746
  outer loop
   vertex 148 104 120.5
   vertex 147 104 120.5
   vertex 147 104.5 121
  endloop
 endfacet
 facet normal 0 0.70710678118654746 -0.70710678118654746
  outer loop
   vertex 148 104.5 121
   vertex 148 104 120.5
   vertex 147 104.5 121
  endloop
 endfacet
 facet normal 0.57735026918962584 0.57735026918962584 -0.57735026918962584
  outer loop
   vertex 148.5 104 121
   vertex 148 104 120.5
   vertex 148 104.5 121
  endloop
 endfacet
 facet normal -0.57735026918962584 0.57735026918962584 -0.57735026918962584
  outer loop
   vertex 142 105 120.5
   vertex 141.5 105 121
   vertex 142 105.5 121
  endloop
 endfacet
 facet normal 0 0.70710678118654746 -0.70710678118654746
  outer loop
   vertex 143 105 120.5
   vertex 142 105 120.5
   vertex 142 105.5 121
  endloop
 endfacet
 facet normal 0 0.70710678118654746 -0.70710678118654746
  outer loop
   vertex 143 105.5 121
   vertex 143 105 120.5
   vertex 142 105.5 121
  endloop
 endfacet
 facet normal 0 0.70710678118654746 -0.70710678118654746
  outer loop
   vertex 144 105 120.5
   vertex 143 105 120.5
   vertex 143 105.5 121
  endloop
 endfacet
 facet normal 0 0.70710678118654746 -0.70710678118654746
  outer loop
   vertex 144 105.5 121
   vertex 144 105 120.5
   vertex 143 105.5 121
  endloop
 endfacet
 facet normal 0 0.70710678118654746 -0.70710678118654746
  outer loop
   vertex 145 105 120.5
   vertex 144 105 120.5
   vertex 144 105.5 121
  endloop
 endfacet
 facet normal 0 0.70710678118654746 -0.70710678118654746
  outer loop
   vertex 145 105.5 121
   vertex 145 105 120.5
   vertex 144 105.5 121
  endloop
 endfacet
 facet normal 0 0.70710678118654746 -0.70710678118654746
  outer loop
   vertex 146 105 120.5
   vertex 145 105 120.5
   vertex 145 105.5 121
  endloop
 endfacet
 facet normal 0 0.70710678118654746 -0.70710678118654746
  outer loop
   vertex 146 105.5 121
   vertex 146 105 120.5
   vertex 145 105.5 121
  endloop
 endfacet
 facet normal 0.57735026918962584 0.57735026918962584 -0.57735026918962584
  outer loop
   vertex 146.5 105 121
   vertex 146 105 120.5
   vertex 146 105.5 121
  endloop
 endfacet
 facet normal -0.57735026918962584 -0.57735026918962584 -0.57735026918962584
  outer loop
   vertex 144 93 121.5
   vertex 144 92.5 122
   vertex 143.5 93 122
  endloop
 endfacet
 facet normal -0 -0.70710678118654746 -0.70710678118654746
  outer loop
   vertex 144 93 121.5
   vertex 145 93 121.5
   vertex 145 92.5 122
  endloop
 endfacet
 facet normal 0 -0.70710678118654746 -0.70710678118654746
  outer loop
   vertex 144 92.5 122
   vertex 144 93 121.5
   vertex 145 92.5 122
  endloop
 endfacet
 facet normal -0 -0.70710678118654746 -0.70710678118654746
  outer loop
   vertex 145 93 121.5
   vertex 146 93 121.5
   vertex 146 92.5 122
  endloop
 endfacet
 facet normal 0 -0.70710678118654746 -0.70710678118654746
  outer loop
   vertex 145 92.5 122
   vertex 145 93 121.5
   vertex 146 92.5 122
  endloop
 endfacet
 facet normal -0 -0.70710678118654746 -0.70710678118654746
  outer loop
   vertex 146 93 121.5
   vertex 147 93 121.5
   vertex 147 92.5 122
  endloop
 endfacet
 facet normal 0 -0.70710678118654746 -0.70710678118654746
  outer loop
   vertex 146 92.5 122
   vertex 146 93 121.5
   vertex 147 92.5 122
  endloop
 endfacet
 facet normal -0 -0.70710678118654746 -0.70710678118654746
  outer loop
   vertex 147 93 121.5
   vertex 148 93 121.5
   vertex 148 92.5 122
  endloop
 endfacet
 facet normal 0 -0.70710678118654746 -0.70710678118654746
  outer loop
   vertex 147 92.5 122
   vertex 147 93 121.5
   vertex 148 92.5 122
  endloop
 endfacet
 facet normal -0 -0.70710678118654746 -0.70710678118654746
  outer loop
   vertex 148 93 121.5
   vertex 149 93 121.5
   vertex 149 92.5 122
  endloop
 endfacet
 facet normal 0 -0.70710678118654746 -0.70710678118654746
  outer loop
   vertex 148 92.5 122
   vertex 148 93 121.5
   vertex 149 92.5 122
  endloop
 endfacet
 facet normal 0.57735026918962584 -0.57735026918962584 -0.57735026918962584
  outer loop
   vertex 149 92.5 122
   vertex 149 93 121.5
   vertex 149.5 93 122
  endloop
 endfacet
 facet normal -0.57735026918962584 -0.57735026918962584 -0.57735026918962584
  outer loop
   vertex 143 94 121.5
   vertex 143 93.5 122
   vertex 142.5 94 122
  endloop
 endfacet
 facet normal -0.57735026918962584 -0.57735026918962584 -0.57735026918962584
  outer loop
   vertex 143.5 93 122
   vertex 143 93.5 122
   vertex 143 94 121.5
  endloop
 endfacet
 facet normal -0.57735026918962584 -0.57735026918962584 -0.57735026918962584
  outer loop
   vertex 143.5 93 122
   vertex 143 94 121.5
   vertex 144 93 121.5
  endloop
 endfacet
 facet normal 0 0 -1
  outer loop
   vertex 144 93 121.5
   vertex 143 94 121.5
   vertex 144 94 121.5
  endloop
 endfacet
 facet normal -0.57735026918962584 -0.57735026918962584 -0.57735026918962584
  outer loop
   vertex 145 93.5 121
   vertex 144 94 121.5
   vertex 144.5 94 121
  endloop
 endfacet
 facet normal -0.57735026918962584 -0.57735026918962584 -0.57735026918962584
  outer loop
   vertex 145 93.5 121
   vertex 145 93 121.5
   vertex 144 94 121.5
  endloop
 endfacet
 facet normal 0 0 -1
  outer loop
   vertex 145 93 121.5
   vertex 144 93 121.5
   vertex 144 94 121.5
  endloop
 endfacet
 facet normal 0 -0.70710678118654746 -0.70710678118654746
  outer loop
   vertex 146 93.5 121
   vertex 145 93 121.5
   vertex 145 93.5 121
  endloop
 endfacet
 facet normal 0 -0.70710678118654746 -0.70710678118654746
  outer loop
   vertex 146 93 121.5
   vertex 145 93 121.5
   vertex 146 93.5 121
  endloop
 endfacet
 facet normal 0 -0.70710678118654746 -0.70710678118654746
  outer loop
   vertex 147 93.5 121
   vertex 146 93 121.5
   vertex 146 93.5 121
  endloop
 endfacet
 facet normal 0 -0.70710678118654746 -0.70710678118654746
  outer loop
   vertex 147 93 121.5
   vertex 146 93 121.5
   vertex 147 93.5 121
  endloop
 endfacet
 facet normal 0 -0.70710678118654746 -0.70710678118654746
  outer loop
   vertex 148 93.5 121
   vertex 147 93 121.5
   vertex 147 93.5 121
  endloop
 endfacet
 facet normal 0 -0.70710678118654746 -0.70710678118654746
  outer loop
   vertex 148 93 121.5
   vertex 147 93 121.5
   vertex 148 93.5 121
  endloop
 endfacet
 facet normal 0.57735026918962584 -0.57735026918962584 -0.57735026918962584
  outer loop
   vertex 148.5 94 121
   vertex 148 93 121.5
   vertex 148 93.5 121
  endloop
 endfacet
 facet normal 0.57735026918962584 -0.57735026918962584 -0.57735026918962584
  outer loop
   vertex 148.5 94 121
   vertex 149 94 121.5
   vertex 148 93 121.5
  endloop
 endfacet
 facet normal 0 0 -1
  outer loop
   vertex 149 94 121.5
   vertex 149 93 121.5
   vertex 148 93 121.5
  endloop
 endfacet
 facet normal 0.57735026918962584 -0.57735026918962584 -0.57735026918962584
  outer loop
   vertex 150 93.5 122
   vertex 149.5 93 122
   vertex 149 93 121.5
  endloop
 endfacet
 facet normal 0.57735026918962584 -0.57735026918962584 -0.57735026918962584
  outer loop
   vertex 150 93.5 122
   vertex 149 93 121.5
   vertex 150 94 121.5
  endloop
 endfacet
 facet normal 0 0 -1
  outer loop
   vertex 150 94 121.5
   vertex 149 93 121.5
   vertex 149 94 121.5
  endloop
 endfacet
 facet normal 0.57735026918962584 -0.57735026918962584 -0.57735026918962584
  outer loop
   vertex 150 93.5 122
   vertex 150 94 121.5
   vertex 150.5 94 122
  endloop
 endfacet
 facet normal -0.70710678118654746 0 -0.70710678118654746
  outer loop
   vertex 143 95 121.5
   vertex 143 94 121.5
   vertex 142.5 94 122
  endloop
 endfacet
 facet normal -0.70710678118654746 0 -0.70710678118654746
  outer loop
   vertex 142.5 95 122
   vertex 143 95 121.5
   vertex 142.5 94 122
  endloop
 endfacet
 facet normal -0.57735026918962584 -0.57735026918962584 -0.57735026918962584
  outer loop
   vertex 144 94.5 121
   vertex 143 95 121.5
   vertex 143.5 95 121
  endloop
 endfacet
 facet normal -0.57735026918962584 -0.57735026918962584 -0.57735026918962584
  outer loop
   vertex 144 94.5 121
   vertex 144 94 121.5
   vertex 143 95 121.5
  endloop
 endfacet
 facet normal 0 0 -1
  outer loop
   vertex 144 94 121.5
   vertex 143 94 121.5
   vertex 143 95 121.5
  endloop
 endfacet
 facet normal -0.57735026918962584 -0.57735026918962584 -0.57735026918962584
  outer loop
   vertex 144.5 94 121
   vertex 144 94 121.5
   vertex 144 94.5 121
  endloop
 endfacet
 facet normal 0.57735026918962584 -0.57735026918962584 -0.57735026918962584
  outer loop
   vertex 148.5 94 121
   vertex 149 94.5 121
   vertex 149 94 121.5
  endloop
 endfacet
 facet normal 0 -0.70710678118654746 -0.70710678118654746
  outer loop
   vertex 150 94.5 121
   vertex 149 94 121.5
   vertex 149 94.5 121
  endloop
 endfacet
 facet normal 0 -0.70710678118654746 -0.70710678118654746
  outer loop
   vertex 150 94 121.5
   vertex 149 94 121.5
   vertex 150 94.5 121
  endloop
 endfacet
 facet normal 0.57735026918962584 -0.57735026918962584 -0.57735026918962584
  outer loop
   vertex 150.5 95 121
   vertex 151 95 121.5
   vertex 151 94.5 122
  endloop
 endfacet
 facet normal 0.57735026918962584 -0.57735026918962584 -0.57735026918962584
  outer loop
   vertex 150 94.5 121
   vertex 150.5 95 121
   vertex 151 94.5 122
  endloop
 endfacet
 facet normal 0.57735026918962584 -0.57735026918962584 -0.57735026918962584
  outer loop
   vertex 150 94.5 121
   vertex 151 94.5 122
   vertex 150.5 94 122
  endloop
 endfacet
 facet normal 0.57735026918962584 -0.57735026918962584 -0.57735026918962584
  outer loop
   vertex 150 94.5 121
   vertex 150.5 94 122
   vertex 150 94 121.5
  endloop
 endfacet
 facet normal 0.57735026918962584 -0.57735026918962584 -0.57735026918962584
  outer loop
   vertex 151 94.5 122
   vertex 151 95 121.5
   vertex 151.5 95 122
  endloop
 endfacet
 facet normal -0.57735026918962584 -0.57735026918962584 -0.57735026918962584
  outer loop
   vertex 143 95.5 121
   vertex 143 95 121.5
   vertex 142.5 95 122
  endloop
 endfacet
 facet normal -0.57735026918962584 -0.57735026918962584 -0.57735026918962584
  outer loop
   vertex 143 95.5 121
   vertex 142.5 95 122
   vertex 142.5 96 121
  endloop
 endfacet
 facet normal -1 0 0
  outer loop
   vertex 142.5 96 121
   vertex 142.5 95 122
   vertex 142.5 96 122
  endloop
 endfacet
 facet normal -0.57735026918962584 -0.57735026918962584 -0.57735026918962584
  outer loop
   vertex 143.5 95 121
   vertex 143 95 121.5
   vertex 143 95.5 121
  endloop
 endfacet
 facet normal 0.70710678118654746 0 -0.70710678118654746
  outer loop
   vertex 151 95 121.5
   vertex 150.5 96 121
   vertex 151 96 121.5
  endloop
 endfacet
 facet normal 0.70710678118654746 0 -0.70710678118654746
  outer loop
   vertex 150.5 95 121
   vertex 150.5 96 121
   vertex 151 95 121.5
  endloop
 endfacet
 facet normal 0.70710678118654746 0 -0.70710678118654746
  outer loop
   vertex 151.5 96 122
   vertex 151.5 95 122
   vertex 151 95 121.5
  endloop
 endfacet
 facet normal 0.70710678118654746 0 -0.70710678118654746
  outer loop
   vertex 151 96 121.5
   vertex 151.5 96 122
   vertex 151 95 121.5
  endloop
 endfacet
 facet normal -0.57735026918962584 -0.57735026918962584 -0.57735026918962584
  outer loop
   vertex 156 96 121.5
   vertex 156 95.5 122
   vertex 155.5 96 122
  endloop
 endfacet
 facet normal -0 -0.70710678118654746 -0.70710678118654746
  outer loop
   vertex 156 96 121.5
   vertex 157 96 121.5
   vertex 157 95.5 122
  endloop
 endfacet
 facet normal 0 -0.70710678118654746 -0.70710678118654746
  outer loop
   vertex 156 95.5 122
   vertex 156 96 121.5
   vertex 157 95.5 122
  endloop
 endfacet
 facet normal 0.57735026918962584 -0.57735026918962584 -0.57735026918962584
  outer loop
   vertex 157 95.5 122
   vertex 157 96 121.5
   vertex 157.5 96 122
  endloop
 endfacet
 facet normal -0.70710678118654746 -0.70710678118654746 -0
  outer loop
   vertex 142 96.5 121
   vertex 142 96.5 122
   vertex 141.5 97 122
  endloop
 endfacet
 facet normal -0.70710678118654746 -0.70710678118654746 0
  outer loop
   vertex 141.5 97 121
   vertex 142 96.5 121
   vertex 141.5 97 122
  endloop
 endfacet
 facet normal -0.70710678118654746 -0.70710678118654746 0
  outer loop
   vertex 142.5 96 122
   vertex 142 96.5 121
   vertex 142.5 96 121
  endloop
 endfacet
 facet normal -0.70710678118654746 -0.70710678118654746 0
  outer loop
   vertex 142 96.5 122
   vertex 142 96.5 121
   vertex 142.5 96 122
  endloop
 endfacet
 facet normal 0.70710678118654746 0 -0.70710678118654746
  outer loop
   vertex 151 96 121.5
   vertex 150.5 97 121
   vertex 151 97 121.5
  endloop
 endfacet
 facet normal 0.70710678118654746 0 -0.70710678118654746
  outer loop
   vertex 150.5 96 121
   vertex 150.5 97 121
   vertex 151 96 121.5
  endloop
 endfacet
 facet normal 0.70710678118654746 0 -0.70710678118654746
  outer loop
   vertex 151.5 97 122
   vertex 151.5 96 122
   vertex 151 96 121.5
  endloop
 endfacet
 facet normal 0.70710678118654746 0 -0.70710678118654746
  outer loop
   vertex 151 97 121.5
   vertex 151.5 97 122
   vertex 151 96 121.5
  endloop
 endfacet
 facet normal -0.57735026918962584 -0.57735026918962584 -0.57735026918962584
  outer loop
   vertex 155 97 121.5
   vertex 155 96.5 122
   vertex 154.5 97 122
  endloop
 endfacet
 facet normal -0.57735026918962584 -0.57735026918962584 -0.57735026918962584
  outer loop
   vertex 155.5 96 122
   vertex 155 96.5 122
   vertex 155 97 121.5
  endloop
 endfacet
 facet normal -0.57735026918962584 -0.57735026918962584 -0.57735026918962584
  outer loop
   vertex 156 96 121.5
   vertex 155.5 96 122
   vertex 155 97 121.5
  endloop
 endfacet
 facet normal -0.57735026918962584 -0.57735026918962584 -0.57735026918962584
  outer loop
   vertex 156 96 121.5
   vertex 155 97 121.5
   vertex 155.5 97 121
  endloop
 endfacet
 facet normal -0.57735026918962584 -0.57735026918962584 -0.57735026918962584
  outer loop
   vertex 156 96 121.5
   vertex 155.5 97 121
   vertex 156 96.5 121
  endloop
 endfacet
 facet normal 0.57735026918962584 -0.57735026918962584 -0.57735026918962584
  outer loop
   vertex 156.5 97 121
   vertex 156 96 121.5
   vertex 156 96.5 121
  endloop
 endfacet
 facet normal 0.57735026918962584 -0.57735026918962584 -0.57735026918962584
  outer loop
   vertex 156.5 97 121
   vertex 157 97 121.5
   vertex 156 96 121.5
  endloop
 endfacet
 facet normal 0 0 -1
  outer loop
   vertex 157 97 121.5
   vertex 157 96 121.5
   vertex 156 96 121.5
  endloop
 endfacet
 facet normal 0.70710678118654746 0 -0.70710678118654746
  outer loop
   vertex 157.5 97 122
   vertex 157.5 96 122
   vertex 157 96 121.5
  endloop
 endfacet
 facet normal 0.70710678118654746 0 -0.70710678118654746
  outer loop
   vertex 157 97 121.5
   vertex 157.5 97 122
   vertex 157 96 121.5
  endloop
 endfacet
 facet normal -0.57735026918962584 -0.57735026918962584 -0.57735026918962584
  outer loop
   vertex 141 98 121.5
   vertex 141 97.5 122
   vertex 140.5 98 122
  endloop
 endfacet
 facet normal -0.57735026918962584 -0.57735026918962584 -0.57735026918962584
  outer loop
   vertex 141 98 121.5
   vertex 141.5 97 122
   vertex 141 97.5 122
  endloop
 endfacet
 facet normal -0.57735026918962584 -0.57735026918962584 -0.57735026918962584
  outer loop
   vertex 141 98 121.5
   vertex 141.5 98 121
   vertex 141.5 97 122
  endloop
 endfacet
 facet normal -1 0 0
  outer loop
   vertex 141.5 98 121
   vertex 141.5 97 121
   vertex 141.5 97 122
  endloop
 endfacet
 facet normal 0.57735026918962584 -0.57735026918962584 -0.57735026918962584
  outer loop
   vertex 150.5 97 121
   vertex 151 97.5 121
   vertex 151 97 121.5
  endloop
 endfacet
 facet normal 0.57735026918962584 -0.57735026918962584 -0.57735026918962584
  outer loop
   vertex 151 97 121.5
   vertex 151 97.5 121
   vertex 151.5 98 121
  endloop
 endfacet
 facet normal 0.57735026918962584 -0.57735026918962584 -0.57735026918962584
  outer loop
   vertex 151 97 121.5
   vertex 151.5 98 121
   vertex 151.5 97 122
  endloop
 endfacet
 facet normal 1 0 -0
  outer loop
   vertex 151.5 97 122
   vertex 151.5 98 121
   vertex 151.5 98 122
  endloop
 endfacet
 facet normal -0.57735026918962584 -0.57735026918962584 -0.57735026918962584
  outer loop
   vertex 154 98 121.5
   vertex 154 97.5 122
   vertex 153.5 98 122
  endloop
 endfacet
 facet normal -0.57735026918962584 -0.57735026918962584 -0.57735026918962584
  outer loop
   vertex 154.5 97 122
   vertex 154 97.5 122
   vertex 154 98 121.5
  endloop
 endfacet
 facet normal -0.57735026918962584 -0.57735026918962584 -0.57735026918962584
  outer loop
   vertex 155 97 121.5
   vertex 154.5 97 122
   vertex 154 98 121.5
  endloop
 endfacet
 facet normal -0.57735026918962584 -0.57735026918962584 -0.57735026918962584
  outer loop
   vertex 155 97 121.5
   vertex 154 98 121.5
   vertex 154.5 98 121
  endloop
 endfacet
 facet normal -0.57735026918962584 -0.57735026918962584 -0.57735026918962584
  outer loop
   vertex 155 97 121.5
   vertex 154.5 98 121
   vertex 155 97.5 121
  endloop
 endfacet
 facet normal -0.57735026918962584 -0.57735026918962584 -0.57735026918962584
  outer loop
   vertex 155.5 97 121
   vertex 155 97 121.5
   vertex 155 97.5 121
  endloop
 endfacet
 facet normal 0.70710678118654746 0 -0.70710678118654746
  outer loop
   vertex 157 97 121.5
   vertex 156.5 98 121
   vertex 157 98 121.5
  endloop
 endfacet
 facet normal 0.70710678118654746 0 -0.70710678118654746
  outer loop
   vertex 156.5 97 121
   vertex 156.5 98 121
   vertex 157 97 121.5
  endloop
 endfacet
 facet normal 0.70710678118654746 0 -0.70710678118654746
  outer loop
   vertex 157.5 98 122
   vertex 157.5 97 122
   vertex 157 97 121.5
  endloop
 endfacet
 facet normal 0.70710678118654746 0 -0.70710678118654746
  outer loop
   vertex 157 98 121.5
   vertex 157.5 98 122
   vertex 157 97 121.5
  endloop
 endfacet
 facet normal -0.57735026918962584 -0.57735026918962584 -0.57735026918962584
  outer loop
   vertex 141 98.5 121
   vertex 141 98 121.5
   vertex 140.5 98 122
  endloop
 endfacet
 facet normal -0.57735026918962584 -0.57735026918962584 -0.57735026918962584
  outer loop
   vertex 141 98.5 121
   vertex 140.5 98 122
   vertex 140.5 99 121
  endloop
 endfacet
 facet normal -1 0 0
  outer loop
   vertex 140.5 99 121
   vertex 140.5 98 122
   vertex 140.5 99 122
  endloop
 endfacet
 facet normal -0.57735026918962584 -0.57735026918962584 -0.57735026918962584
  outer loop
   vertex 141.5 98 121
   vertex 141 98 121.5
   vertex 141 98.5 121
  endloop
 endfacet
 facet normal 1 0 0
  outer loop
   vertex 151.5 98 121
   vertex 151.5 99 121
   vertex 151.5 98 122
  endloop
 endfacet
 facet normal 1 0 -0
  outer loop
   vertex 151.5 98 122
   vertex 151.5 99 121
   vertex 151.5 99 122
  endloop
 endfacet
 facet normal -0.70710678118654746 0 -0.70710678118654746
  outer loop
   vertex 154 99 121.5
   vertex 154 98 121.5
   vertex 153.5 98 122
  endloop
 endfacet
 facet normal -0.70710678118654746 0 -0.70710678118654746
  outer loop
   vertex 153.5 99 122
   vertex 154 99 121.5
   vertex 153.5 98 122
  endloop
 endfacet
 facet normal -0.70710678118654746 0 -0.70710678118654746
  outer loop
   vertex 154.5 98 121
   vertex 154 99 121.5
   vertex 154.5 99 121
  endloop
 endfacet
 facet normal -0.70710678118654746 -0 -0.70710678118654746
  outer loop
   vertex 154 98 121.5
   vertex 154 99 121.5
   vertex 154.5 98 121
  endloop
 endfacet
 facet normal 0.57735026918962584 0.57735026918962584 -0.57735026918962584
  outer loop
   vertex 157 98 121.5
   vertex 156.5 99 122
   vertex 157 98.5 122
  endloop
 endfacet
 facet normal 0.57735026918962584 0.57735026918962584 -0.57735026918962584
  outer loop
   vertex 157 98 121.5
   vertex 156.5 98 121
   vertex 156.5 99 122
  endloop
 endfacet
 facet normal 1 0 -0
  outer loop
   vertex 156.5 98 121
   vertex 156.5 99 121
   vertex 156.5 99 122
  endloop
 endfacet
 facet normal 0.57735026918962584 0.57735026918962584 -0.57735026918962584
  outer loop
   vertex 157.5 98 122
   vertex 157 98 121.5
   vertex 157 98.5 122
  endloop
 endfacet
 facet normal -1 0 0
  outer loop
   vertex 140.5 99 121
   vertex 140.5 99 122
   vertex 140.5 100 121
  endloop
 endfacet
 facet normal -1 -0 -0
  outer loop
   vertex 140.5 99 122
   vertex 140.5 100 122
   vertex 140.5 100 121
  endloop
 endfacet
 facet normal 0.57735026918962584 0.57735026918962584 -0.57735026918962584
  outer loop
   vertex 151 99.5 121
   vertex 150.5 100 121
   vertex 151 100 121.5
  endloop
 endfacet
 facet normal 0.57735026918962584 0.57735026918962584 -0.57735026918962584
  outer loop
   vertex 151 99.5 121
   vertex 151 100 121.5
   vertex 151.5 100 122
  endloop
 endfacet
 facet normal 0.57735026918962584 0.57735026918962584 -0.57735026918962584
  outer loop
   vertex 151 99.5 121
   vertex 151.5 100 122
   vertex 151.5 99 121
  endloop
 endfacet
 facet normal 1 0 0
  outer loop
   vertex 151.5 99 121
   vertex 151.5 100 122
   vertex 151.5 99 122
  endloop
 endfacet
 facet normal -0.70710678118654746 0 -0.70710678118654746
  outer loop
   vertex 154 100 121.5
   vertex 154 99 121.5
   vertex 153.5 99 122
  endloop
 endfacet
 facet normal -0.70710678118654746 0 -0.70710678118654746
  outer loop
   vertex 153.5 100 122
   vertex 154 100 121.5
   vertex 153.5 99 122
  endloop
 endfacet
 facet normal -0.70710678118654746 0 -0.70710678118654746
  outer loop
   vertex 154.5 99 121
   vertex 154 100 121.5
   vertex 154.5 100 121
  endloop
 endfacet
 facet normal -0.70710678118654746 -0 -0.70710678118654746
  outer loop
   vertex 154 99 121.5
   vertex 154 100 121.5
   vertex 154.5 99 121
  endloop
 endfacet
 facet normal 0.57735026918962584 0.57735026918962584 -0.57735026918962584
  outer loop
   vertex 156 99.5 121
   vertex 155.5 100 121
   vertex 156 100 121.5
  endloop
 endfacet
 facet normal 0.57735026918962584 0.57735026918962584 -0.57735026918962584
  outer loop
   vertex 156 99.5 121
   vertex 156 100 121.5
   vertex 156.5 100 122
  endloop
 endfacet
 facet normal 0.57735026918962584 0.57735026918962584 -0.57735026918962584
  outer loop
   vertex 156 99.5 121
   vertex 156.5 100 122
   vertex 156.5 99 121
  endloop
 endfacet
 facet normal 1 0 0
  outer loop
   vertex 156.5 99 121
   vertex 156.5 100 122
   vertex 156.5 99 122
  endloop
 endfacet
 facet normal -0.57735026918962584 -0.57735026918962584 -0.57735026918962584
  outer loop
   vertex 140 101 121.5
   vertex 140 100.5 122
   vertex 139.5 101 122
  endloop
 endfacet
 facet normal -0.57735026918962584 -0.57735026918962584 -0.57735026918962584
  outer loop
   vertex 140 101 121.5
   vertex 140.5 100 122
   vertex 140 100.5 122
  endloop
 endfacet
 facet normal -0.57735026918962584 -0.57735026918962584 -0.57735026918962584
  outer loop
   vertex 140 101 121.5
   vertex 140.5 101 121
   vertex 140.5 100 122
  endloop
 endfacet
 facet normal -1 0 0
  outer loop
   vertex 140.5 101 121
   vertex 140.5 100 121
   vertex 140.5 100 122
  endloop
 endfacet
 facet normal 0.70710678118654746 0 -0.70710678118654746
  outer loop
   vertex 151 100 121.5
   vertex 150.5 101 121
   vertex 151 101 121.5
  endloop
 endfacet
 facet normal 0.70710678118654746 0 -0.70710678118654746
  outer loop
   vertex 150.5 100 121
   vertex 150.5 101 121
   vertex 151 100 121.5
  endloop
 endfacet
 facet normal 0.70710678118654746 0 -0.70710678118654746
  outer loop
   vertex 151.5 101 122
   vertex 151.5 100 122
   vertex 151 100 121.5
  endloop
 endfacet
 facet normal 0.70710678118654746 0 -0.70710678118654746
  outer loop
   vertex 151 101 121.5
   vertex 151.5 101 122
   vertex 151 100 121.5
  endloop
 endfacet
 facet normal -0.70710678118654746 0 -0.70710678118654746
  outer loop
   vertex 154 101 121.5
   vertex 154 100 121.5
   vertex 153.5 100 122
  endloop
 endfacet
 facet normal -0.70710678118654746 0 -0.70710678118654746
  outer loop
   vertex 153.5 101 122
   vertex 154 101 121.5
   vertex 153.5 100 122
  endloop
 endfacet
 facet normal -0.57735026918962584 0.57735026918962584 -0.57735026918962584
  outer loop
   vertex 154.5 100 121
   vertex 155 101 121.5
   vertex 155 100.5 121
  endloop
 endfacet
 facet normal -0.57735026918962584 0.57735026918962584 -0.57735026918962584
  outer loop
   vertex 154.5 100 121
   vertex 154 100 121.5
   vertex 155 101 121.5
  endloop
 endfacet
 facet normal 0 0 -1
  outer loop
   vertex 154 100 121.5
   vertex 154 101 121.5
   vertex 155 101 121.5
  endloop
 endfacet
 facet normal 0.57735026918962584 0.57735026918962584 -0.57735026918962584
  outer loop
   vertex 155 100.5 121
   vertex 155 101 121.5
   vertex 155.5 101 122
  endloop
 endfacet
 facet normal 0.57735026918962584 0.57735026918962584 -0.57735026918962584
  outer loop
   vertex 155.5 100 121
   vertex 155 100.5 121
   vertex 155.5 101 122
  endloop
 endfacet
 facet normal 0.57735026918962584 0.57735026918962584 -0.57735026918962584
  outer loop
   vertex 155.5 100 121
   vertex 155.5 101 122
   vertex 156 100.5 122
  endloop
 endfacet
 facet normal 0.57735026918962584 0.57735026918962584 -0.57735026918962584
  outer loop
   vertex 155.5 100 121
   vertex 156 100.5 122
   vertex 156 100 121.5
  endloop
 endfacet
 facet normal 0.57735026918962584 0.57735026918962584 -0.57735026918962584
  outer loop
   vertex 156.5 100 122
   vertex 156 100 121.5
   vertex 156 100.5 122
  endloop
 endfacet
 facet normal -0.57735026918962584 0.57735026918962584 -0.57735026918962584
  outer loop
   vertex 140 101 121.5
   vertex 139.5 101 122
   vertex 140 101.5 122
  endloop
 endfacet
 facet normal -0.57735026918962584 0.57735026918962584 -0.57735026918962584
  outer loop
   vertex 140 101.5 122
   vertex 140.5 101 121
   vertex 140 101 121.5
  endloop
 endfacet
 facet normal -0.57735026918962584 0.57735026918962584 -0.57735026918962584
  outer loop
   vertex 140 101.5 122
   vertex 140.5 102 122
   vertex 140.5 101 121
  endloop
 endfacet
 facet normal -1 0 0
  outer loop
   vertex 140.5 102 122
   vertex 140.5 102 121
   vertex 140.5 101 121
  endloop
 endfacet
 facet normal 0.57735026918962584 0.57735026918962584 -0.57735026918962584
  outer loop
   vertex 151 101 121.5
   vertex 150.5 102 122
   vertex 151 101.5 122
  endloop
 endfacet
 facet normal 0.57735026918962584 0.57735026918962584 -0.57735026918962584
  outer loop
   vertex 151 101 121.5
   vertex 150.5 101 121
   vertex 150.5 102 122
  endloop
 endfacet
 facet normal 1 0 -0
  outer loop
   vertex 150.5 101 121
   vertex 150.5 102 121
   vertex 150.5 102 122
  endloop
 endfacet
 facet normal 0.57735026918962584 0.57735026918962584 -0.57735026918962584
  outer loop
   vertex 151.5 101 122
   vertex 151 101 121.5
   vertex 151 101.5 122
  endloop
 endfacet
 facet normal -0.57735026918962584 -0.57735026918962584 -0.57735026918962584
  outer loop
   vertex 153 102 121.5
   vertex 153 101.5 122
   vertex 152.5 102 122
  endloop
 endfacet
 facet normal -0.57735026918962584 -0.57735026918962584 -0.57735026918962584
  outer loop
   vertex 153.5 101 122
   vertex 153 101.5 122
   vertex 153 102 121.5
  endloop
 endfacet
 facet normal -0.57735026918962584 -0.57735026918962584 -0.57735026918962584
  outer loop
   vertex 153.5 101 122
   vertex 153 102 121.5
   vertex 154 101 121.5
  endloop
 endfacet
 facet normal 0 0 -1
  outer loop
   vertex 154 101 121.5
   vertex 153 102 121.5
   vertex 154 102 121.5
  endloop
 endfacet
 facet normal 0 0 -1
  outer loop
   vertex 155 101 121.5
   vertex 154 101 121.5
   vertex 155 102 121.5
  endloop
 endfacet
 facet normal 0 0 -1
  outer loop
   vertex 155 102 121.5
   vertex 154 101 121.5
   vertex 154 102 121.5
  endloop
 endfacet
 facet normal 0.70710678118654746 0 -0.70710678118654746
  outer loop
   vertex 155.5 102 122
   vertex 155.5 101 122
   vertex 155 101 121.5
  endloop
 endfacet
 facet normal 0.70710678118654746 0 -0.70710678118654746
  outer loop
   vertex 155 102 121.5
   vertex 155.5 102 122
   vertex 155 101 121.5
  endloop
 endfacet
 facet normal -1 0 0
  outer loop
   vertex 140.5 102 121
   vertex 140.5 102 122
   vertex 140.5 103 121
  endloop
 endfacet
 facet normal -1 -0 -0
  outer loop
   vertex 140.5 102 122
   vertex 140.5 103 122
   vertex 140.5 103 121
  endloop
 endfacet
 facet normal 0.57735026918962584 0.57735026918962584 -0.57735026918962584
  outer loop
   vertex 150 102.5 121
   vertex 149.5 103 121
   vertex 150 103 121.5
  endloop
 endfacet
 facet normal 0.57735026918962584 0.57735026918962584 -0.57735026918962584
  outer loop
   vertex 150 102.5 121
   vertex 150 103 121.5
   vertex 150.5 103 122
  endloop
 endfacet
 facet normal 0.57735026918962584 0.57735026918962584 -0.57735026918962584
  outer loop
   vertex 150 102.5 121
   vertex 150.5 103 122
   vertex 150.5 102 121
  endloop
 endfacet
 facet normal 1 0 0
  outer loop
   vertex 150.5 102 121
   vertex 150.5 103 122
   vertex 150.5 102 122
  endloop
 endfacet
 facet normal -0.57735026918962584 0.57735026918962584 -0.57735026918962584
  outer loop
   vertex 153 102 121.5
   vertex 152.5 102 122
   vertex 153 102.5 122
  endloop
 endfacet
 facet normal -0.57735026918962584 0.57735026918962584 -0.57735026918962584
  outer loop
   vertex 153 102.5 122
   vertex 153.5 103 122
   vertex 154 103 121.5
  endloop
 endfacet
 facet normal -0.57735026918962584 0.57735026918962584 -0.57735026918962584
  outer loop
   vertex 153 102.5 122
   vertex 154 103 121.5
   vertex 153 102 121.5
  endloop
 endfacet
 facet normal 0 -0 -1
  outer loop
   vertex 153 102 121.5
   vertex 154 103 121.5
   vertex 154 102 121.5
  endloop
 endfacet
 facet normal 0.57735026918962584 0.57735026918962584 -0.57735026918962584
  outer loop
   vertex 154.5 103 122
   vertex 155 102.5 122
   vertex 155 102 121.5
  endloop
 endfacet
 facet normal 0.57735026918962584 0.57735026918962584 -0.57735026918962584
  outer loop
   vertex 154.5 103 122
   vertex 155 102 121.5
   vertex 154 103 121.5
  endloop
 endfacet
 facet normal 0 0 -1
  outer loop
   vertex 154 103 121.5
   vertex 155 102 121.5
   vertex 154 102 121.5
  endloop
 endfacet
 facet normal 0.57735026918962584 0.57735026918962584 -0.57735026918962584
  outer loop
   vertex 155.5 102 122
   vertex 155 102 121.5
   vertex 155 102.5 122
  endloop
 endfacet
 facet normal -0.57735026918962584 -0.57735026918962584 -0.57735026918962584
  outer loop
   vertex 140 104 121.5
   vertex 140 103.5 122
   vertex 139.5 104 122
  endloop
 endfacet
 facet normal -0.57735026918962584 -0.57735026918962584 -0.57735026918962584
  outer loop
   vertex 140 104 121.5
   vertex 140.5 103 122
   vertex 140 103.5 122
  endloop
 endfacet
 facet normal -0.57735026918962584 -0.57735026918962584 -0.57735026918962584
  outer loop
   vertex 140 104 121.5
   vertex 140.5 104 121
   vertex 140.5 103 122
  endloop
 endfacet
 facet normal -1 0 0
  outer loop
   vertex 140.5 104 121
   vertex 140.5 103 121
   vertex 140.5 103 122
  endloop
 endfacet
 facet normal 0.70710678118654746 0.70710678118654746 0
  outer loop
   vertex 149 103.5 121
   vertex 148.5 104 122
   vertex 149 103.5 122
  endloop
 endfacet
 facet normal 0.70710678118654746 0.70710678118654746 0
  outer loop
   vertex 148.5 104 121
   vertex 148.5 104 122
   vertex 149 103.5 121
  endloop
 endfacet
 facet normal 0.57735026918962584 0.57735026918962584 -0.57735026918962584
  outer loop
   vertex 150 103 121.5
   vertex 149.5 103 121
   vertex 149 103.5 121
  endloop
 endfacet
 facet normal 0.57735026918962584 0.57735026918962584 -0.57735026918962584
  outer loop
   vertex 150 103 121.5
   vertex 149 103.5 121
   vertex 150 103.5 122
  endloop
 endfacet
 facet normal 0 1 0
  outer loop
   vertex 150 103.5 122
   vertex 149 103.5 121
   vertex 149 103.5 122
  endloop
 endfacet
 facet normal 0.57735026918962584 0.57735026918962584 -0.57735026918962584
  outer loop
   vertex 150.5 103 122
   vertex 150 103 121.5
   vertex 150 103.5 122
  endloop
 endfacet
 facet normal -0.57735026918962584 -0.57735026918962584 -0.57735026918962584
  outer loop
   vertex 153 104 121.5
   vertex 153 103.5 122
   vertex 152.5 104 122
  endloop
 endfacet
 facet normal -0.57735026918962584 -0.57735026918962584 -0.57735026918962584
  outer loop
   vertex 153.5 103 122
   vertex 153 103.5 122
   vertex 153 104 121.5
  endloop
 endfacet
 facet normal -0.57735026918962584 -0.57735026918962584 -0.57735026918962584
  outer loop
   vertex 153.5 103 122
   vertex 153 104 121.5
   vertex 154 103 121.5
  endloop
 endfacet
 facet normal 0 0 -1
  outer loop
   vertex 154 103 121.5
   vertex 153 104 121.5
   vertex 154 104 121.5
  endloop
 endfacet
 facet normal 0.70710678118654746 0 -0.70710678118654746
  outer loop
   vertex 154.5 104 122
   vertex 154.5 103 122
   vertex 154 103 121.5
  endloop
 endfacet
 facet normal 0.70710678118654746 0 -0.70710678118654746
  outer loop
   vertex 154 104 121.5
   vertex 154.5 104 122
   vertex 154 103 121.5
  endloop
 endfacet
 facet normal -0.57735026918962584 0.57735026918962584 -0.57735026918962584
  outer loop
   vertex 140 104 121.5
   vertex 139.5 104 122
   vertex 140 104.5 122
  endloop
 endfacet
 facet normal -0.57735026918962584 0.57735026918962584 -0.57735026918962584
  outer loop
   vertex 141 105 121.5
   vertex 140 104.5 122
   vertex 140.5 105 122
  endloop
 endfacet
 facet normal -0.57735026918962584 0.57735026918962584 -0.57735026918962584
  outer loop
   vertex 141 104.5 121
   vertex 140 104.5 122
   vertex 141 105 121.5
  endloop
 endfacet
 facet normal -0.57735026918962584 0.57735026918962584 -0.57735026918962584
  outer loop
   vertex 141 104.5 121
   vertex 140 104 121.5
   vertex 140 104.5 122
  endloop
 endfacet
 facet normal -0.57735026918962584 0.57735026918962584 -0.57735026918962584
  outer loop
   vertex 141 104.5 121
   vertex 140.5 104 121
   vertex 140 104 121.5
  endloop
 endfacet
 facet normal -0.57735026918962584 0.57735026918962584 -0.57735026918962584
  outer loop
   vertex 141 104.5 121
   vertex 141 105 121.5
   vertex 141.5 105 121
  endloop
 endfacet
 facet normal 0.57735026918962584 0.57735026918962584 -0.57735026918962584
  outer loop
   vertex 147 104.5 121
   vertex 146.5 105 121
   vertex 147 105 121.5
  endloop
 endfacet
 facet normal 0.57735026918962584 0.57735026918962584 -0.57735026918962584
  outer loop
   vertex 147.5 105 122
   vertex 147 104.5 121
   vertex 147 105 121.5
  endloop
 endfacet
 facet normal 0.57735026918962584 0.57735026918962584 -0.57735026918962584
  outer loop
   vertex 147.5 105 122
   vertex 148 104.5 122
   vertex 147 104.5 121
  endloop
 endfacet
 facet normal 0 1 -0
  outer loop
   vertex 148 104.5 122
   vertex 148 104.5 121
   vertex 147 104.5 121
  endloop
 endfacet
 facet normal 0.70710678118654746 0.70710678118654746 -0
  outer loop
   vertex 148.5 104 122
   vertex 148.5 104 121
   vertex 148 104.5 121
  endloop
 endfacet
 facet normal 0.70710678118654746 0.70710678118654746 0
  outer loop
   vertex 148 104.5 122
   vertex 148.5 104 122
   vertex 148 104.5 121
  endloop
 endfacet
 facet normal -0.70710678118654746 0 -0.70710678118654746
  outer loop
   vertex 153 105 121.5
   vertex 153 104 121.5
   vertex 152.5 104 122
  endloop
 endfacet
 facet normal -0.70710678118654746 0 -0.70710678118654746
  outer loop
   vertex 152.5 105 122
   vertex 153 105 121.5
   vertex 152.5 104 122
  endloop
 endfacet
 facet normal 0 0 -1
  outer loop
   vertex 154 104 121.5
   vertex 153 104 121.5
   vertex 154 105 121.5
  endloop
 endfacet
 facet normal 0 0 -1
  outer loop
   vertex 154 105 121.5
   vertex 153 104 121.5
   vertex 153 105 121.5
  endloop
 endfacet
 facet normal 0.70710678118654746 0 -0.70710678118654746
  outer loop
   vertex 154.5 105 122
   vertex 154.5 104 122
   vertex 154 104 121.5
  endloop
 endfacet
 facet normal 0.70710678118654746 0 -0.70710678118654746
  outer loop
   vertex 154 105 121.5
   vertex 154.5 105 122
   vertex 154 104 121.5
  endloop
 endfacet
 facet normal -0.57735026918962584 0.57735026918962584 -0.57735026918962584
  outer loop
   vertex 141 105 121.5
   vertex 140.5 105 122
   vertex 141 105.5 122
  endloop
 endfacet
 facet normal -0.57735026918962584 0.57735026918962584 -0.57735026918962584
  outer loop
   vertex 141.5 105 121
   vertex 141 105 121.5
   vertex 141 105.5 122
  endloop
 endfacet
 facet normal -0.57735026918962584 0.57735026918962584 -0.57735026918962584
  outer loop
   vertex 141.5 105 121
   vertex 141 105.5 122
   vertex 142 105.5 121
  endloop
 endfacet
 facet normal -0 1 0
  outer loop
   vertex 142 105.5 121
   vertex 141 105.5 122
   vertex 142 105.5 122
  endloop
 endfacet
 facet normal 0 1 0
  outer loop
   vertex 143 105.5 121
   vertex 142 105.5 121
   vertex 143 105.5 122
  endloop
 endfacet
 facet normal -0 1 0
  outer loop
   vertex 142 105.5 121
   vertex 142 105.5 122
   vertex 143 105.5 122
  endloop
 endfacet
 facet normal -0.57735026918962584 0.57735026918962584 -0.57735026918962584
  outer loop
   vertex 144 106 121.5
   vertex 143 105.5 122
   vertex 143.5 106 122
  endloop
 endfacet
 facet normal -0.57735026918962584 0.57735026918962584 -0.57735026918962584
  outer loop
   vertex 144 106 121.5
   vertex 144 105.5 121
   vertex 143 105.5 122
  endloop
 endfacet
 facet normal 0 1 0
  outer loop
   vertex 144 105.5 121
   vertex 143 105.5 121
   vertex 143 105.5 122
  endloop
 endfacet
 facet normal 0.57735026918962584 0.57735026918962584 -0.57735026918962584
  outer loop
   vertex 144.5 106 122
   vertex 144 105.5 121
   vertex 144 106 121.5
  endloop
 endfacet
 facet normal 0.57735026918962584 0.57735026918962584 -0.57735026918962584
  outer loop
   vertex 144.5 106 122
   vertex 145 105.5 122
   vertex 144 105.5 121
  endloop
 endfacet
 facet normal 0 1 -0
  outer loop
   vertex 145 105.5 122
   vertex 145 105.5 121
   vertex 144 105.5 121
  endloop
 endfacet
 facet normal 0 1 0
  outer loop
   vertex 146 105.5 121
   vertex 145 105.5 121
   vertex 146 105.5 122
  endloop
 endfacet
 facet normal -0 1 0
  outer loop
   vertex 145 105.5 121
   vertex 145 105.5 122
   vertex 146 105.5 122
  endloop
 endfacet
 facet normal 0.57735026918962584 0.57735026918962584 -0.57735026918962584
  outer loop
   vertex 147 105 121.5
   vertex 146.5 105 121
   vertex 146 105.5 121
  endloop
 endfacet
 facet normal 0.57735026918962584 0.57735026918962584 -0.57735026918962584
  outer loop
   vertex 147 105 121.5
   vertex 146 105.5 121
   vertex 147 105.5 122
  endloop
 endfacet
 facet normal 0 1 0
  outer loop
   vertex 147 105.5 122
   vertex 146 105.5 121
   vertex 146 105.5 122
  endloop
 endfacet
 facet normal 0.57735026918962584 0.57735026918962584 -0.57735026918962584
  outer loop
   vertex 147.5 105 122
   vertex 147 105 121.5
   vertex 147 105.5 122
  endloop
 endfacet
 facet normal -0.70710678118654746 0 -0.70710678118654746
  outer loop
   vertex 153 106 121.5
   vertex 153 105 121.5
   vertex 152.5 105 122
  endloop
 endfacet
 facet normal -0.70710678118654746 0 -0.70710678118654746
  outer loop
   vertex 152.5 106 122
   vertex 153 106 121.5
   vertex 152.5 105 122
  endloop
 endfacet
 facet normal 0.57735026918962584 0.57735026918962584 -0.57735026918962584
  outer loop
   vertex 153.5 106 122
   vertex 154 105.5 122
   vertex 154 105 121.5
  endloop
 endfacet
 facet normal 0.57735026918962584 0.57735026918962584 -0.57735026918962584
  outer loop
   vertex 153.5 106 122
   vertex 154 105 121.5
   vertex 153 106 121.5
  endloop
 endfacet
 facet normal 0 0 -1
  outer loop
   vertex 153 106 121.5
   vertex 154 105 121.5
   vertex 153 105 121.5
  endloop
 endfacet
 facet normal 0.57735026918962584 0.57735026918962584 -0.57735026918962584
  outer loop
   vertex 154.5 105 122
   vertex 154 105 121.5
   vertex 154 105.5 122
  endloop
 endfacet
 facet normal -0.57735026918962584 0.57735026918962584 -0.57735026918962584
  outer loop
   vertex 144 106 121.5
   vertex 143.5 106 122
   vertex 144 106.5 122
  endloop
 endfacet
 facet normal 0.57735026918962584 0.57735026918962584 -0.57735026918962584
  outer loop
   vertex 144.5 106 122
   vertex 144 106 121.5
   vertex 144 106.5 122
  endloop
 endfacet
 facet normal -0.57735026918962584 0.57735026918962584 -0.57735026918962584
  outer loop
   vertex 153 106 121.5
   vertex 152.5 106 122
   vertex 153 106.5 122
  endloop
 endfacet
 facet normal 0.57735026918962584 0.57735026918962584 -0.57735026918962584
  outer loop
   vertex 153.5 106 122
   vertex 153 106 121.5
   vertex 153 106.5 122
  endloop
 endfacet
 facet normal -0.57735026918962584 -0.57735026918962584 -0.57735026918962584
  outer loop
   vertex 147 91 122.5
   vertex 147 90.5 123
   vertex 146.5 91 123
  endloop
 endfacet
 facet normal 0.57735026918962584 -0.57735026918962584 -0.57735026918962584
  outer loop
   vertex 147 90.5 123
   vertex 147 91 122.5
   vertex 147.5 91 123
  endloop
 endfacet
 facet normal -0.57735026918962584 -0.57735026918962584 -0.57735026918962584
  outer loop
   vertex 145 92 122.5
   vertex 145 91.5 123
   vertex 144.5 92 123
  endloop
 endfacet
 facet normal -0 -0.70710678118654746 -0.70710678118654746
  outer loop
   vertex 145 92 122.5
   vertex 146 92 122.5
   vertex 146 91.5 123
  endloop
 endfacet
 facet normal 0 -0.70710678118654746 -0.70710678118654746
  outer loop
   vertex 145 91.5 123
   vertex 145 92 122.5
   vertex 146 91.5 123
  endloop
 endfacet
 facet normal -0.57735026918962584 -0.57735026918962584 -0.57735026918962584
  outer loop
   vertex 146.5 91 123
   vertex 146 91.5 123
   vertex 146 92 122.5
  endloop
 endfacet
 facet normal -0.57735026918962584 -0.57735026918962584 -0.57735026918962584
  outer loop
   vertex 146.5 91 123
   vertex 146 92 122.5
   vertex 147 91 122.5
  endloop
 endfacet
 facet normal 0 0 -1
  outer loop
   vertex 147 91 122.5
   vertex 146 92 122.5
   vertex 147 92 122.5
  endloop
 endfacet
 facet normal 0.57735026918962584 -0.57735026918962584 -0.57735026918962584
  outer loop
   vertex 148 91.5 123
   vertex 147.5 91 123
   vertex 147 91 122.5
  endloop
 endfacet
 facet normal 0.57735026918962584 -0.57735026918962584 -0.57735026918962584
  outer loop
   vertex 148 91.5 123
   vertex 147 91 122.5
   vertex 148 92 122.5
  endloop
 endfacet
 facet normal 0 0 -1
  outer loop
   vertex 148 92 122.5
   vertex 147 91 122.5
   vertex 147 92 122.5
  endloop
 endfacet
 facet normal -0 -0.70710678118654746 -0.70710678118654746
  outer loop
   vertex 148 92 122.5
   vertex 149 92 122.5
   vertex 149 91.5 123
  endloop
 endfacet
 facet normal 0 -0.70710678118654746 -0.70710678118654746
  outer loop
   vertex 148 91.5 123
   vertex 148 92 122.5
   vertex 149 91.5 123
  endloop
 endfacet
 facet normal 0.57735026918962584 -0.57735026918962584 -0.57735026918962584
  outer loop
   vertex 149 91.5 123
   vertex 149 92 122.5
   vertex 149.5 92 123
  endloop
 endfacet
 facet normal -0.70710678118654746 -0.70710678118654746 -0
  outer loop
   vertex 144 92.5 122
   vertex 144 92.5 123
   vertex 143.5 93 123
  endloop
 endfacet
 facet normal -0.70710678118654746 -0.70710678118654746 0
  outer loop
   vertex 143.5 93 122
   vertex 144 92.5 122
   vertex 143.5 93 123
  endloop
 endfacet
 facet normal -0.57735026918962584 -0.57735026918962584 -0.57735026918962584
  outer loop
   vertex 144.5 92 123
   vertex 145 92.5 122
   vertex 145 92 122.5
  endloop
 endfacet
 facet normal -0.57735026918962584 -0.57735026918962584 -0.57735026918962584
  outer loop
   vertex 144.5 92 123
   vertex 144 92.5 123
   vertex 145 92.5 122
  endloop
 endfacet
 facet normal 0 -1 0
  outer loop
   vertex 144 92.5 123
   vertex 144 92.5 122
   vertex 145 92.5 122
  endloop
 endfacet
 facet normal 0 -0.70710678118654746 -0.70710678118654746
  outer loop
   vertex 146 92.5 122
   vertex 145 92 122.5
   vertex 145 92.5 122
  endloop
 endfacet
 facet normal 0 -0.70710678118654746 -0.70710678118654746
  outer loop
   vertex 146 92 122.5
   vertex 145 92 122.5
   vertex 146 92.5 122
  endloop
 endfacet
 facet normal 0 -0.70710678118654746 -0.70710678118654746
  outer loop
   vertex 147 92.5 122
   vertex 146 92 122.5
   vertex 146 92.5 122
  endloop
 endfacet
 facet normal 0 -0.70710678118654746 -0.70710678118654746
  outer loop
   vertex 147 92 122.5
   vertex 146 92 122.5
   vertex 147 92.5 122
  endloop
 endfacet
 facet normal 0 -0.70710678118654746 -0.70710678118654746
  outer loop
   vertex 148 92.5 122
   vertex 147 92 122.5
   vertex 147 92.5 122
  endloop
 endfacet
 facet normal 0 -0.70710678118654746 -0.70710678118654746
  outer loop
   vertex 148 92 122.5
   vertex 147 92 122.5
   vertex 148 92.5 122
  endloop
 endfacet
 facet normal 0 -0.70710678118654746 -0.70710678118654746
  outer loop
   vertex 149 92.5 122
   vertex 148 92 122.5
   vertex 148 92.5 122
  endloop
 endfacet
 facet normal 0 -0.70710678118654746 -0.70710678118654746
  outer loop
   vertex 149 92 122.5
   vertex 148 92 122.5
   vertex 149 92.5 122
  endloop
 endfacet
 facet normal 0.57735026918962584 -0.57735026918962584 -0.57735026918962584
  outer loop
   vertex 149.5 93 122
   vertex 150 93 122.5
   vertex 150 92.5 123
  endloop
 endfacet
 facet normal 0.57735026918962584 -0.57735026918962584 -0.57735026918962584
  outer loop
   vertex 149 92.5 122
   vertex 149.5 93 122
   vertex 150 92.5 123
  endloop
 endfacet
 facet normal 0.57735026918962584 -0.57735026918962584 -0.57735026918962584
  outer loop
   vertex 149 92.5 122
   vertex 150 92.5 123
   vertex 149.5 92 123
  endloop
 endfacet
 facet normal 0.57735026918962584 -0.57735026918962584 -0.57735026918962584
  outer loop
   vertex 149 92.5 122
   vertex 149.5 92 123
   vertex 149 92 122.5
  endloop
 endfacet
 facet normal 0.57735026918962584 -0.57735026918962584 -0.57735026918962584
  outer loop
   vertex 150 92.5 123
   vertex 150 93 122.5
   vertex 150.5 93 123
  endloop
 endfacet
 facet normal -0.70710678118654746 -0.70710678118654746 -0
  outer loop
   vertex 143 93.5 122
   vertex 143 93.5 123
   vertex 142.5 94 123
  endloop
 endfacet
 facet normal -0.70710678118654746 -0.70710678118654746 0
  outer loop
   vertex 142.5 94 122
   vertex 143 93.5 122
   vertex 142.5 94 123
  endloop
 endfacet
 facet normal -0.70710678118654746 -0.70710678118654746 0
  outer loop
   vertex 143.5 93 123
   vertex 143 93.5 122
   vertex 143.5 93 122
  endloop
 endfacet
 facet normal -0.70710678118654746 -0.70710678118654746 0
  outer loop
   vertex 143 93.5 123
   vertex 143 93.5 122
   vertex 143.5 93 123
  endloop
 endfacet
 facet normal 0.57735026918962584 -0.57735026918962584 -0.57735026918962584
  outer loop
   vertex 149.5 93 122
   vertex 150 93.5 122
   vertex 150 93 122.5
  endloop
 endfacet
 facet normal 0.57735026918962584 -0.57735026918962584 -0.57735026918962584
  outer loop
   vertex 150.5 94 122
   vertex 151 94 122.5
   vertex 151 93.5 123
  endloop
 endfacet
 facet normal 0.57735026918962584 -0.57735026918962584 -0.57735026918962584
  outer loop
   vertex 150 93.5 122
   vertex 150.5 94 122
   vertex 151 93.5 123
  endloop
 endfacet
 facet normal 0.57735026918962584 -0.57735026918962584 -0.57735026918962584
  outer loop
   vertex 150 93.5 122
   vertex 151 93.5 123
   vertex 150.5 93 123
  endloop
 endfacet
 facet normal 0.57735026918962584 -0.57735026918962584 -0.57735026918962584
  outer loop
   vertex 150 93.5 122
   vertex 150.5 93 123
   vertex 150 93 122.5
  endloop
 endfacet
 facet normal 0.57735026918962584 -0.57735026918962584 -0.57735026918962584
  outer loop
   vertex 151 93.5 123
   vertex 151 94 122.5
   vertex 151.5 94 123
  endloop
 endfacet
 facet normal -1 0 0
  outer loop
   vertex 142.5 94 122
   vertex 142.5 94 123
   vertex 142.5 95 122
  endloop
 endfacet
 facet normal -1 -0 -0
  outer loop
   vertex 142.5 94 123
   vertex 142.5 95 123
   vertex 142.5 95 122
  endloop
 endfacet
 facet normal 0.57735026918962584 -0.57735026918962584 -0.57735026918962584
  outer loop
   vertex 150.5 94 122
   vertex 151 94.5 122
   vertex 151 94 122.5
  endloop
 endfacet
 facet normal 0.57735026918962584 -0.57735026918962584 -0.57735026918962584
  outer loop
   vertex 151.5 95 122
   vertex 152 95 122.5
   vertex 152 94.5 123
  endloop
 endfacet
 facet normal 0.57735026918962584 -0.57735026918962584 -0.57735026918962584
  outer loop
   vertex 151 94.5 122
   vertex 151.5 95 122
   vertex 152 94.5 123
  endloop
 endfacet
 facet normal 0.57735026918962584 -0.57735026918962584 -0.57735026918962584
  outer loop
   vertex 151 94.5 122
   vertex 152 94.5 123
   vertex 151.5 94 123
  endloop
 endfacet
 facet normal 0.57735026918962584 -0.57735026918962584 -0.57735026918962584
  outer loop
   vertex 151 94.5 122
   vertex 151.5 94 123
   vertex 151 94 122.5
  endloop
 endfacet
 facet normal 0.57735026918962584 -0.57735026918962584 -0.57735026918962584
  outer loop
   vertex 152 94.5 123
   vertex 152 95 122.5
   vertex 152.5 95 123
  endloop
 endfacet
 facet normal -0.57735026918962584 -0.57735026918962584 -0.57735026918962584
  outer loop
   vertex 156 95 122.5
   vertex 156 94.5 123
   vertex 155.5 95 123
  endloop
 endfacet
 facet normal -0 -0.70710678118654746 -0.70710678118654746
  outer loop
   vertex 156 95 122.5
   vertex 157 95 122.5
   vertex 157 94.5 123
  endloop
 endfacet
 facet normal 0 -0.70710678118654746 -0.70710678118654746
  outer loop
   vertex 156 94.5 123
   vertex 156 95 122.5
   vertex 157 94.5 123
  endloop
 endfacet
 facet normal 0.57735026918962584 -0.57735026918962584 -0.57735026918962584
  outer loop
   vertex 157 94.5 123
   vertex 157 95 122.5
   vertex 157.5 95 123
  endloop
 endfacet
 facet normal -1 0 0
  outer loop
   vertex 142.5 95 122
   vertex 142.5 95 123
   vertex 142.5 96 122
  endloop
 endfacet
 facet normal -1 -0 -0
  outer loop
   vertex 142.5 95 123
   vertex 142.5 96 123
   vertex 142.5 96 122
  endloop
 endfacet
 facet normal 0.70710678118654746 0 -0.70710678118654746
  outer loop
   vertex 152 95 122.5
   vertex 151.5 96 122
   vertex 152 96 122.5
  endloop
 endfacet
 facet normal 0.70710678118654746 0 -0.70710678118654746
  outer loop
   vertex 151.5 95 122
   vertex 151.5 96 122
   vertex 152 95 122.5
  endloop
 endfacet
 facet normal 0.70710678118654746 0 -0.70710678118654746
  outer loop
   vertex 152.5 96 123
   vertex 152.5 95 123
   vertex 152 95 122.5
  endloop
 endfacet
 facet normal 0.70710678118654746 0 -0.70710678118654746
  outer loop
   vertex 152 96 122.5
   vertex 152.5 96 123
   vertex 152 95 122.5
  endloop
 endfacet
 facet normal -0.57735026918962584 -0.57735026918962584 -0.57735026918962584
  outer loop
   vertex 155 96 122.5
   vertex 155 95.5 123
   vertex 154.5 96 123
  endloop
 endfacet
 facet normal -0.57735026918962584 -0.57735026918962584 -0.57735026918962584
  outer loop
   vertex 155.5 95 123
   vertex 155 95.5 123
   vertex 155 96 122.5
  endloop
 endfacet
 facet normal -0.57735026918962584 -0.57735026918962584 -0.57735026918962584
  outer loop
   vertex 156 95 122.5
   vertex 155.5 95 123
   vertex 155 96 122.5
  endloop
 endfacet
 facet normal -0.57735026918962584 -0.57735026918962584 -0.57735026918962584
  outer loop
   vertex 156 95 122.5
   vertex 155 96 122.5
   vertex 155.5 96 122
  endloop
 endfacet
 facet normal -0.57735026918962584 -0.57735026918962584 -0.57735026918962584
  outer loop
   vertex 156 95 122.5
   vertex 155.5 96 122
   vertex 156 95.5 122
  endloop
 endfacet
 facet normal 0 -0.70710678118654746 -0.70710678118654746
  outer loop
   vertex 157 95.5 122
   vertex 156 95 122.5
   vertex 156 95.5 122
  endloop
 endfacet
 facet normal 0 -0.70710678118654746 -0.70710678118654746
  outer loop
   vertex 157 95 122.5
   vertex 156 95 122.5
   vertex 157 95.5 122
  endloop
 endfacet
 facet normal 0.57735026918962584 -0.57735026918962584 -0.57735026918962584
  outer loop
   vertex 157 95 122.5
   vertex 157 95.5 122
   vertex 157.5 96 122
  endloop
 endfacet
 facet normal 0.57735026918962584 -0.57735026918962584 -0.57735026918962584
  outer loop
   vertex 157 95 122.5
   vertex 157.5 96 122
   vertex 157.5 95 123
  endloop
 endfacet
 facet normal 1 0 -0
  outer loop
   vertex 157.5 95 123
   vertex 157.5 96 122
   vertex 157.5 96 123
  endloop
 endfacet
 facet normal -0.70710678118654746 -0.70710678118654746 -0
  outer loop
   vertex 142 96.5 122
   vertex 142 96.5 123
   vertex 141.5 97 123
  endloop
 endfacet
 facet normal -0.70710678118654746 -0.70710678118654746 0
  outer loop
   vertex 141.5 97 122
   vertex 142 96.5 122
   vertex 141.5 97 123
  endloop
 endfacet
 facet normal -0.70710678118654746 -0.70710678118654746 0
  outer loop
   vertex 142.5 96 123
   vertex 142 96.5 122
   vertex 142.5 96 122
  endloop
 endfacet
 facet normal -0.70710678118654746 -0.70710678118654746 0
  outer loop
   vertex 142 96.5 123
   vertex 142 96.5 122
   vertex 142.5 96 123
  endloop
 endfacet
 facet normal 0.70710678118654746 0 -0.70710678118654746
  outer loop
   vertex 152 96 122.5
   vertex 151.5 97 122
   vertex 152 97 122.5
  endloop
 endfacet
 facet normal 0.70710678118654746 0 -0.70710678118654746
  outer loop
   vertex 151.5 96 122
   vertex 151.5 97 122
   vertex 152 96 122.5
  endloop
 endfacet
 facet normal 0.70710678118654746 0 -0.70710678118654746
  outer loop
   vertex 152.5 97 123
   vertex 152.5 96 123
   vertex 152 96 122.5
  endloop
 endfacet
 facet normal 0.70710678118654746 0 -0.70710678118654746
  outer loop
   vertex 152 97 122.5
   vertex 152.5 97 123
   vertex 152 96 122.5
  endloop
 endfacet
 facet normal -0.57735026918962584 -0.57735026918962584 -0.57735026918962584
  outer loop
   vertex 155 96.5 122
   vertex 155 96 122.5
   vertex 154.5 96 123
  endloop
 endfacet
 facet normal -0.57735026918962584 -0.57735026918962584 -0.57735026918962584
  outer loop
   vertex 155 96.5 122
   vertex 154.5 96 123
   vertex 154.5 97 122
  endloop
 endfacet
 facet normal -1 0 0
  outer loop
   vertex 154.5 97 122
   vertex 154.5 96 123
   vertex 154.5 97 123
  endloop
 endfacet
 facet normal -0.57735026918962584 -0.57735026918962584 -0.57735026918962584
  outer loop
   vertex 155.5 96 122
   vertex 155 96 122.5
   vertex 155 96.5 122
  endloop
 endfacet
 facet normal 1 0 0
  outer loop
   vertex 157.5 96 122
   vertex 157.5 97 122
   vertex 157.5 96 123
  endloop
 endfacet
 facet normal 1 0 -0
  outer loop
   vertex 157.5 96 123
   vertex 157.5 97 122
   vertex 157.5 97 123
  endloop
 endfacet
 facet normal -0.70710678118654746 -0.70710678118654746 -0
  outer loop
   vertex 141 97.5 122
   vertex 141 97.5 123
   vertex 140.5 98 123
  endloop
 endfacet
 facet normal -0.70710678118654746 -0.70710678118654746 0
  outer loop
   vertex 140.5 98 122
   vertex 141 97.5 122
   vertex 140.5 98 123
  endloop
 endfacet
 facet normal -0.70710678118654746 -0.70710678118654746 0
  outer loop
   vertex 141.5 97 123
   vertex 141 97.5 122
   vertex 141.5 97 122
  endloop
 endfacet
 facet normal -0.70710678118654746 -0.70710678118654746 0
  outer loop
   vertex 141 97.5 123
   vertex 141 97.5 122
   vertex 141.5 97 123
  endloop
 endfacet
 facet normal 0.70710678118654746 0 -0.70710678118654746
  outer loop
   vertex 152 97 122.5
   vertex 151.5 98 122
   vertex 152 98 122.5
  endloop
 endfacet
 facet normal 0.70710678118654746 0 -0.70710678118654746
  outer loop
   vertex 151.5 97 122
   vertex 151.5 98 122
   vertex 152 97 122.5
  endloop
 endfacet
 facet normal 0.70710678118654746 0 -0.70710678118654746
  outer loop
   vertex 152.5 98 123
   vertex 152.5 97 123
   vertex 152 97 122.5
  endloop
 endfacet
 facet normal 0.70710678118654746 0 -0.70710678118654746
  outer loop
   vertex 152 98 122.5
   vertex 152.5 98 123
   vertex 152 97 122.5
  endloop
 endfacet
 facet normal -0.70710678118654746 -0.70710678118654746 -0
  outer loop
   vertex 154 97.5 122
   vertex 154 97.5 123
   vertex 153.5 98 123
  endloop
 endfacet
 facet normal -0.70710678118654746 -0.70710678118654746 0
  outer loop
   vertex 153.5 98 122
   vertex 154 97.5 122
   vertex 153.5 98 123
  endloop
 endfacet
 facet normal -0.70710678118654746 -0.70710678118654746 0
  outer loop
   vertex 154.5 97 123
   vertex 154 97.5 122
   vertex 154.5 97 122
  endloop
 endfacet
 facet normal -0.70710678118654746 -0.70710678118654746 0
  outer loop
   vertex 154 97.5 123
   vertex 154 97.5 122
   vertex 154.5 97 123
  endloop
 endfacet
 facet normal 1 0 0
  outer loop
   vertex 157.5 97 122
   vertex 157.5 98 122
   vertex 157.5 97 123
  endloop
 endfacet
 facet normal 1 0 -0
  outer loop
   vertex 157.5 97 123
   vertex 157.5 98 122
   vertex 157.5 98 123
  endloop
 endfacet
 facet normal -1 0 0
  outer loop
   vertex 140.5 98 122
   vertex 140.5 98 123
   vertex 140.5 99 122
  endloop
 endfacet
 facet normal -1 -0 -0
  outer loop
   vertex 140.5 98 123
   vertex 140.5 99 123
   vertex 140.5 99 122
  endloop
 endfacet
 facet normal 0.70710678118654746 0 -0.70710678118654746
  outer loop
   vertex 152 98 122.5
   vertex 151.5 99 122
   vertex 152 99 122.5
  endloop
 endfacet
 facet normal 0.70710678118654746 0 -0.70710678118654746
  outer loop
   vertex 151.5 98 122
   vertex 151.5 99 122
   vertex 152 98 122.5
  endloop
 endfacet
 facet normal 0.70710678118654746 0 -0.70710678118654746
  outer loop
   vertex 152.5 99 123
   vertex 152.5 98 123
   vertex 152 98 122.5
  endloop
 endfacet
 facet normal 0.70710678118654746 0 -0.70710678118654746
  outer loop
   vertex 152 99 122.5
   vertex 152.5 99 123
   vertex 152 98 122.5
  endloop
 endfacet
 facet normal -1 0 0
  outer loop
   vertex 153.5 98 122
   vertex 153.5 98 123
   vertex 153.5 99 122
  endloop
 endfacet
 facet normal -1 -0 -0
  outer loop
   vertex 153.5 98 123
   vertex 153.5 99 123
   vertex 153.5 99 122
  endloop
 endfacet
 facet normal 0.57735026918962584 0.57735026918962584 -0.57735026918962584
  outer loop
   vertex 157 98.5 122
   vertex 156.5 99 122
   vertex 157 99 122.5
  endloop
 endfacet
 facet normal 0.57735026918962584 0.57735026918962584 -0.57735026918962584
  outer loop
   vertex 157 98.5 122
   vertex 157 99 122.5
   vertex 157.5 99 123
  endloop
 endfacet
 facet normal 0.57735026918962584 0.57735026918962584 -0.57735026918962584
  outer loop
   vertex 157 98.5 122
   vertex 157.5 99 123
   vertex 157.5 98 122
  endloop
 endfacet
 facet normal 1 0 0
  outer loop
   vertex 157.5 98 122
   vertex 157.5 99 123
   vertex 157.5 98 123
  endloop
 endfacet
 facet normal -1 0 0
  outer loop
   vertex 140.5 99 122
   vertex 140.5 99 123
   vertex 140.5 100 122
  endloop
 endfacet
 facet normal -1 -0 -0
  outer loop
   vertex 140.5 99 123
   vertex 140.5 100 123
   vertex 140.5 100 122
  endloop
 endfacet
 facet normal 0.57735026918962584 0.57735026918962584 -0.57735026918962584
  outer loop
   vertex 152 99 122.5
   vertex 151.5 100 123
   vertex 152 99.5 123
  endloop
 endfacet
 facet normal 0.57735026918962584 0.57735026918962584 -0.57735026918962584
  outer loop
   vertex 152 99 122.5
   vertex 151.5 99 122
   vertex 151.5 100 123
  endloop
 endfacet
 facet normal 1 0 -0
  outer loop
   vertex 151.5 99 122
   vertex 151.5 100 122
   vertex 151.5 100 123
  endloop
 endfacet
 facet normal 0.57735026918962584 0.57735026918962584 -0.57735026918962584
  outer loop
   vertex 152.5 99 123
   vertex 152 99 122.5
   vertex 152 99.5 123
  endloop
 endfacet
 facet normal -1 0 0
  outer loop
   vertex 153.5 99 122
   vertex 153.5 99 123
   vertex 153.5 100 122
  endloop
 endfacet
 facet normal -1 -0 -0
  outer loop
   vertex 153.5 99 123
   vertex 153.5 100 123
   vertex 153.5 100 122
  endloop
 endfacet
 facet normal 0.70710678118654746 0 -0.70710678118654746
  outer loop
   vertex 157 99 122.5
   vertex 156.5 100 122
   vertex 157 100 122.5
  endloop
 endfacet
 facet normal 0.70710678118654746 0 -0.70710678118654746
  outer loop
   vertex 156.5 99 122
   vertex 156.5 100 122
   vertex 157 99 122.5
  endloop
 endfacet
 facet normal 0.70710678118654746 0 -0.70710678118654746
  outer loop
   vertex 157.5 100 123
   vertex 157.5 99 123
   vertex 157 99 122.5
  endloop
 endfacet
 facet normal 0.70710678118654746 0 -0.70710678118654746
  outer loop
   vertex 157 100 122.5
   vertex 157.5 100 123
   vertex 157 99 122.5
  endloop
 endfacet
 facet normal -0.57735026918962584 -0.57735026918962584 0.57735026918962584
  outer loop
   vertex 140 100.5 122
   vertex 140 101 122.5
   vertex 139.5 101 122
  endloop
 endfacet
 facet normal -0.57735026918962584 -0.57735026918962584 0.57735026918962584
  outer loop
   vertex 140 100.5 122
   vertex 140.5 101 123
   vertex 140 101 122.5
  endloop
 endfacet
 facet normal -0.57735026918962584 -0.57735026918962584 0.57735026918962584
  outer loop
   vertex 140 100.5 122
   vertex 140.5 100 122
   vertex 140.5 101 123
  endloop
 endfacet
 facet normal -1 0 0
  outer loop
   vertex 140.5 100 122
   vertex 140.5 100 123
   vertex 140.5 101 123
  endloop
 endfacet
 facet normal 1 0 0
  outer loop
   vertex 151.5 100 122
   vertex 151.5 101 122
   vertex 151.5 100 123
  endloop
 endfacet
 facet normal 1 0 -0
  outer loop
   vertex 151.5 100 123
   vertex 151.5 101 122
   vertex 151.5 101 123
  endloop
 endfacet
 facet normal -1 0 0
  outer loop
   vertex 153.5 100 122
   vertex 153.5 100 123
   vertex 153.5 101 122
  endloop
 endfacet
 facet normal -1 -0 -0
  outer loop
   vertex 153.5 100 123
   vertex 153.5 101 123
   vertex 153.5 101 122
  endloop
 endfacet
 facet normal 0.57735026918962584 0.57735026918962584 -0.57735026918962584
  outer loop
   vertex 156 100.5 122
   vertex 155.5 101 122
   vertex 156 101 122.5
  endloop
 endfacet
 facet normal 0.57735026918962584 0.57735026918962584 -0.57735026918962584
  outer loop
   vertex 156 100.5 122
   vertex 156 101 122.5
   vertex 156.5 101 123
  endloop
 endfacet
 facet normal 0.57735026918962584 0.57735026918962584 -0.57735026918962584
  outer loop
   vertex 156.5 100 122
   vertex 156 100.5 122
   vertex 156.5 101 123
  endloop
 endfacet
 facet normal 0.57735026918962584 0.57735026918962584 -0.57735026918962584
  outer loop
   vertex 156.5 100 122
   vertex 156.5 101 123
   vertex 157 100.5 123
  endloop
 endfacet
 facet normal 0.57735026918962584 0.57735026918962584 -0.57735026918962584
  outer loop
   vertex 156.5 100 122
   vertex 157 100.5 123
   vertex 157 100 122.5
  endloop
 endfacet
 facet normal 0.57735026918962584 0.57735026918962584 -0.57735026918962584
  outer loop
   vertex 157.5 100 123
   vertex 157 100 122.5
   vertex 157 100.5 123
  endloop
 endfacet
 facet normal -0.57735026918962584 0.57735026918962584 0.57735026918962584
  outer loop
   vertex 139.5 101 122
   vertex 140 101 122.5
   vertex 140 101.5 122
  endloop
 endfacet
 facet normal -0.57735026918962584 0.57735026918962584 0.57735026918962584
  outer loop
   vertex 140 101 122.5
   vertex 140.5 102 122
   vertex 140 101.5 122
  endloop
 endfacet
 facet normal -0.57735026918962584 0.57735026918962584 0.57735026918962584
  outer loop
   vertex 140 101 122.5
   vertex 140.5 101 123
   vertex 140.5 102 122
  endloop
 endfacet
 facet normal -1 -0 -0
  outer loop
   vertex 140.5 101 123
   vertex 140.5 102 123
   vertex 140.5 102 122
  endloop
 endfacet
 facet normal 0.57735026918962584 0.57735026918962584 -0.57735026918962584
  outer loop
   vertex 151 101.5 122
   vertex 150.5 102 122
   vertex 151 102 122.5
  endloop
 endfacet
 facet normal 0.57735026918962584 0.57735026918962584 -0.57735026918962584
  outer loop
   vertex 151 101.5 122
   vertex 151 102 122.5
   vertex 151.5 102 123
  endloop
 endfacet
 facet normal 0.57735026918962584 0.57735026918962584 -0.57735026918962584
  outer loop
   vertex 151 101.5 122
   vertex 151.5 102 123
   vertex 151.5 101 122
  endloop
 endfacet
 facet normal 1 0 0
  outer loop
   vertex 151.5 101 122
   vertex 151.5 102 123
   vertex 151.5 101 123
  endloop
 endfacet
 facet normal -0.70710678118654746 -0.70710678118654746 -0
  outer loop
   vertex 153 101.5 122
   vertex 153 101.5 123
   vertex 152.5 102 123
  endloop
 endfacet
 facet normal -0.70710678118654746 -0.70710678118654746 0
  outer loop
   vertex 152.5 102 122
   vertex 153 101.5 122
   vertex 152.5 102 123
  endloop
 endfacet
 facet normal -0.70710678118654746 -0.70710678118654746 0
  outer loop
   vertex 153.5 101 123
   vertex 153 101.5 122
   vertex 153.5 101 122
  endloop
 endfacet
 facet normal -0.70710678118654746 -0.70710678118654746 0
  outer loop
   vertex 153 101.5 123
   vertex 153 101.5 122
   vertex 153.5 101 123
  endloop
 endfacet
 facet normal 0.57735026918962584 0.57735026918962584 -0.57735026918962584
  outer loop
   vertex 156 101 122.5
   vertex 155.5 102 123
   vertex 156 101.5 123
  endloop
 endfacet
 facet normal 0.57735026918962584 0.57735026918962584 -0.57735026918962584
  outer loop
   vertex 156 101 122.5
   vertex 155.5 101 122
   vertex 155.5 102 123
  endloop
 endfacet
 facet normal 1 0 -0
  outer loop
   vertex 155.5 101 122
   vertex 155.5 102 122
   vertex 155.5 102 123
  endloop
 endfacet
 facet normal 0.57735026918962584 0.57735026918962584 -0.57735026918962584
  outer loop
   vertex 156.5 101 123
   vertex 156 101 122.5
   vertex 156 101.5 123
  endloop
 endfacet
 facet normal -1 0 0
  outer loop
   vertex 140.5 102 122
   vertex 140.5 102 123
   vertex 140.5 103 122
  endloop
 endfacet
 facet normal -1 -0 -0
  outer loop
   vertex 140.5 102 123
   vertex 140.5 103 123
   vertex 140.5 103 122
  endloop
 endfacet
 facet normal 0.57735026918962584 0.57735026918962584 -0.57735026918962584
  outer loop
   vertex 151 102 122.5
   vertex 150.5 103 123
   vertex 151 102.5 123
  endloop
 endfacet
 facet normal 0.57735026918962584 0.57735026918962584 -0.57735026918962584
  outer loop
   vertex 151 102 122.5
   vertex 150.5 102 122
   vertex 150.5 103 123
  endloop
 endfacet
 facet normal 1 0 -0
  outer loop
   vertex 150.5 102 122
   vertex 150.5 103 122
   vertex 150.5 103 123
  endloop
 endfacet
 facet normal 0.57735026918962584 0.57735026918962584 -0.57735026918962584
  outer loop
   vertex 151.5 102 123
   vertex 151 102 122.5
   vertex 151 102.5 123
  endloop
 endfacet
 facet normal -0.57735026918962584 0.57735026918962584 -0.57735026918962584
  outer loop
   vertex 153 103 122.5
   vertex 153 102.5 122
   vertex 152.5 102 122
  endloop
 endfacet
 facet normal -0.57735026918962584 0.57735026918962584 -0.57735026918962584
  outer loop
   vertex 153 103 122.5
   vertex 152.5 102 122
   vertex 152.5 103 123
  endloop
 endfacet
 facet normal -1 0 0
  outer loop
   vertex 152.5 103 123
   vertex 152.5 102 122
   vertex 152.5 102 123
  endloop
 endfacet
 facet normal -0.57735026918962584 0.57735026918962584 -0.57735026918962584
  outer loop
   vertex 153 102.5 122
   vertex 153 103 122.5
   vertex 153.5 103 122
  endloop
 endfacet
 facet normal 0.57735026918962584 0.57735026918962584 -0.57735026918962584
  outer loop
   vertex 155 102.5 122
   vertex 154.5 103 122
   vertex 155 103 122.5
  endloop
 endfacet
 facet normal 0.57735026918962584 0.57735026918962584 -0.57735026918962584
  outer loop
   vertex 155 102.5 122
   vertex 155 103 122.5
   vertex 155.5 103 123
  endloop
 endfacet
 facet normal 0.57735026918962584 0.57735026918962584 -0.57735026918962584
  outer loop
   vertex 155 102.5 122
   vertex 155.5 103 123
   vertex 155.5 102 122
  endloop
 endfacet
 facet normal 1 0 0
  outer loop
   vertex 155.5 102 122
   vertex 155.5 103 123
   vertex 155.5 102 123
  endloop
 endfacet
 facet normal -0.70710678118654746 -0.70710678118654746 -0
  outer loop
   vertex 140 103.5 122
   vertex 140 103.5 123
   vertex 139.5 104 123
  endloop
 endfacet
 facet normal -0.70710678118654746 -0.70710678118654746 0
  outer loop
   vertex 139.5 104 122
   vertex 140 103.5 122
   vertex 139.5 104 123
  endloop
 endfacet
 facet normal -0.70710678118654746 -0.70710678118654746 0
  outer loop
   vertex 140.5 103 123
   vertex 140 103.5 122
   vertex 140.5 103 122
  endloop
 endfacet
 facet normal -0.70710678118654746 -0.70710678118654746 0
  outer loop
   vertex 140 103.5 123
   vertex 140 103.5 122
   vertex 140.5 103 123
  endloop
 endfacet
 facet normal 0.70710678118654746 0.70710678118654746 0
  outer loop
   vertex 149 103.5 122
   vertex 148.5 104 123
   vertex 149 103.5 123
  endloop
 endfacet
 facet normal 0.70710678118654746 0.70710678118654746 0
  outer loop
   vertex 148.5 104 122
   vertex 148.5 104 123
   vertex 149 103.5 122
  endloop
 endfacet
 facet normal 0 1 0
  outer loop
   vertex 150 103.5 122
   vertex 149 103.5 122
   vertex 150 103.5 123
  endloop
 endfacet
 facet normal -0 1 0
  outer loop
   vertex 149 103.5 122
   vertex 149 103.5 123
   vertex 150 103.5 123
  endloop
 endfacet
 facet normal 0.70710678118654746 0.70710678118654746 -0
  outer loop
   vertex 150.5 103 123
   vertex 150.5 103 122
   vertex 150 103.5 122
  endloop
 endfacet
 facet normal 0.70710678118654746 0.70710678118654746 0
  outer loop
   vertex 150 103.5 123
   vertex 150.5 103 123
   vertex 150 103.5 122
  endloop
 endfacet
 facet normal -0.57735026918962584 -0.57735026918962584 -0.57735026918962584
  outer loop
   vertex 153 103.5 122
   vertex 153 103 122.5
   vertex 152.5 103 123
  endloop
 endfacet
 facet normal -0.57735026918962584 -0.57735026918962584 -0.57735026918962584
  outer loop
   vertex 153 103.5 122
   vertex 152.5 103 123
   vertex 152.5 104 122
  endloop
 endfacet
 facet normal -1 0 0
  outer loop
   vertex 152.5 104 122
   vertex 152.5 103 123
   vertex 152.5 104 123
  endloop
 endfacet
 facet normal -0.57735026918962584 -0.57735026918962584 -0.57735026918962584
  outer loop
   vertex 153.5 103 122
   vertex 153 103 122.5
   vertex 153 103.5 122
  endloop
 endfacet
 facet normal 0.70710678118654746 0 -0.70710678118654746
  outer loop
   vertex 155 103 122.5
   vertex 154.5 104 122
   vertex 155 104 122.5
  endloop
 endfacet
 facet normal 0.70710678118654746 0 -0.70710678118654746
  outer loop
   vertex 154.5 103 122
   vertex 154.5 104 122
   vertex 155 103 122.5
  endloop
 endfacet
 facet normal 0.70710678118654746 0 -0.70710678118654746
  outer loop
   vertex 155.5 104 123
   vertex 155.5 103 123
   vertex 155 103 122.5
  endloop
 endfacet
 facet normal 0.70710678118654746 0 -0.70710678118654746
  outer loop
   vertex 155 104 122.5
   vertex 155.5 104 123
   vertex 155 103 122.5
  endloop
 endfacet
 facet normal -0.70710678118654746 0.70710678118654746 0
  outer loop
   vertex 139.5 104 122
   vertex 139.5 104 123
   vertex 140 104.5 123
  endloop
 endfacet
 facet normal -0.70710678118654746 0.70710678118654746 0
  outer loop
   vertex 140 104.5 122
   vertex 139.5 104 122
   vertex 140 104.5 123
  endloop
 endfacet
 facet normal -0.70710678118654746 0.70710678118654746 0
  outer loop
   vertex 140 104.5 123
   vertex 140.5 105 122
   vertex 140 104.5 122
  endloop
 endfacet
 facet normal -0.70710678118654746 0.70710678118654746 0
  outer loop
   vertex 140.5 105 123
   vertex 140.5 105 122
   vertex 140 104.5 123
  endloop
 endfacet
 facet normal 0.70710678118654746 0.70710678118654746 0
  outer loop
   vertex 148 104.5 122
   vertex 147.5 105 123
   vertex 148 104.5 123
  endloop
 endfacet
 facet normal 0.70710678118654746 0.70710678118654746 0
  outer loop
   vertex 147.5 105 122
   vertex 147.5 105 123
   vertex 148 104.5 122
  endloop
 endfacet
 facet normal 0.70710678118654746 0.70710678118654746 -0
  outer loop
   vertex 148.5 104 123
   vertex 148.5 104 122
   vertex 148 104.5 122
  endloop
 endfacet
 facet normal 0.70710678118654746 0.70710678118654746 0
  outer loop
   vertex 148 104.5 123
   vertex 148.5 104 123
   vertex 148 104.5 122
  endloop
 endfacet
 facet normal -1 0 0
  outer loop
   vertex 152.5 104 122
   vertex 152.5 104 123
   vertex 152.5 105 122
  endloop
 endfacet
 facet normal -1 -0 -0
  outer loop
   vertex 152.5 104 123
   vertex 152.5 105 123
   vertex 152.5 105 122
  endloop
 endfacet
 facet normal 0.57735026918962584 0.57735026918962584 -0.57735026918962584
  outer loop
   vertex 155 104 122.5
   vertex 154.5 105 123
   vertex 155 104.5 123
  endloop
 endfacet
 facet normal 0.57735026918962584 0.57735026918962584 -0.57735026918962584
  outer loop
   vertex 155 104 122.5
   vertex 154.5 104 122
   vertex 154.5 105 123
  endloop
 endfacet
 facet normal 1 0 -0
  outer loop
   vertex 154.5 104 122
   vertex 154.5 105 122
   vertex 154.5 105 123
  endloop
 endfacet
 facet normal 0.57735026918962584 0.57735026918962584 -0.57735026918962584
  outer loop
   vertex 155.5 104 123
   vertex 155 104 122.5
   vertex 155 104.5 123
  endloop
 endfacet
 facet normal -0.70710678118654746 0.70710678118654746 0
  outer loop
   vertex 140.5 105 122
   vertex 140.5 105 123
   vertex 141 105.5 123
  endloop
 endfacet
 facet normal -0.70710678118654746 0.70710678118654746 0
  outer loop
   vertex 141 105.5 122
   vertex 140.5 105 122
   vertex 141 105.5 123
  endloop
 endfacet
 facet normal 0 1 0
  outer loop
   vertex 142 105.5 122
   vertex 141 105.5 122
   vertex 142 105.5 123
  endloop
 endfacet
 facet normal -0 1 0
  outer loop
   vertex 141 105.5 122
   vertex 141 105.5 123
   vertex 142 105.5 123
  endloop
 endfacet
 facet normal 0 1 0
  outer loop
   vertex 143 105.5 122
   vertex 142 105.5 122
   vertex 143 105.5 123
  endloop
 endfacet
 facet normal -0 1 0
  outer loop
   vertex 142 105.5 122
   vertex 142 105.5 123
   vertex 143 105.5 123
  endloop
 endfacet
 facet normal -0.70710678118654746 0.70710678118654746 0
  outer loop
   vertex 143 105.5 123
   vertex 143.5 106 122
   vertex 143 105.5 122
  endloop
 endfacet
 facet normal -0.70710678118654746 0.70710678118654746 0
  outer loop
   vertex 143.5 106 123
   vertex 143.5 106 122
   vertex 143 105.5 123
  endloop
 endfacet
 facet normal 0.57735026918962584 0.57735026918962584 -0.57735026918962584
  outer loop
   vertex 145 105.5 122
   vertex 144.5 106 122
   vertex 145 106 122.5
  endloop
 endfacet
 facet normal 0.57735026918962584 0.57735026918962584 -0.57735026918962584
  outer loop
   vertex 145.5 106 123
   vertex 145 105.5 122
   vertex 145 106 122.5
  endloop
 endfacet
 facet normal 0.57735026918962584 0.57735026918962584 -0.57735026918962584
  outer loop
   vertex 145.5 106 123
   vertex 146 105.5 123
   vertex 145 105.5 122
  endloop
 endfacet
 facet normal 0 1 -0
  outer loop
   vertex 146 105.5 123
   vertex 146 105.5 122
   vertex 145 105.5 122
  endloop
 endfacet
 facet normal 0 1 0
  outer loop
   vertex 147 105.5 122
   vertex 146 105.5 122
   vertex 147 105.5 123
  endloop
 endfacet
 facet normal -0 1 0
  outer loop
   vertex 146 105.5 122
   vertex 146 105.5 123
   vertex 147 105.5 123
  endloop
 endfacet
 facet normal 0.70710678118654746 0.70710678118654746 -0
  outer loop
   vertex 147.5 105 123
   vertex 147.5 105 122
   vertex 147 105.5 122
  endloop
 endfacet
 facet normal 0.70710678118654746 0.70710678118654746 0
  outer loop
   vertex 147 105.5 123
   vertex 147.5 105 123
   vertex 147 105.5 122
  endloop
 endfacet
 facet normal -1 0 0
  outer loop
   vertex 152.5 105 122
   vertex 152.5 105 123
   vertex 152.5 106 122
  endloop
 endfacet
 facet normal -1 -0 -0
  outer loop
   vertex 152.5 105 123
   vertex 152.5 106 123
   vertex 152.5 106 122
  endloop
 endfacet
 facet normal 0.57735026918962584 0.57735026918962584 -0.57735026918962584
  outer loop
   vertex 154 105.5 122
   vertex 153.5 106 122
   vertex 154 106 122.5
  endloop
 endfacet
 facet normal 0.57735026918962584 0.57735026918962584 -0.57735026918962584
  outer loop
   vertex 154 105.5 122
   vertex 154 106 122.5
   vertex 154.5 106 123
  endloop
 endfacet
 facet normal 0.57735026918962584 0.57735026918962584 -0.57735026918962584
  outer loop
   vertex 154 105.5 122
   vertex 154.5 106 123
   vertex 154.5 105 122
  endloop
 endfacet
 facet normal 1 0 0
  outer loop
   vertex 154.5 105 122
   vertex 154.5 106 123
   vertex 154.5 105 123
  endloop
 endfacet
 facet normal -0.70710678118654746 0.70710678118654746 0
  outer loop
   vertex 143.5 106 122
   vertex 143.5 106 123
   vertex 144 106.5 123
  endloop
 endfacet
 facet normal -0.70710678118654746 0.70710678118654746 0
  outer loop
   vertex 144 106.5 122
   vertex 143.5 106 122
   vertex 144 106.5 123
  endloop
 endfacet
 facet normal 0.57735026918962584 0.57735026918962584 -0.57735026918962584
  outer loop
   vertex 145 106 122.5
   vertex 144.5 106 122
   vertex 144 106.5 122
  endloop
 endfacet
 facet normal 0.57735026918962584 0.57735026918962584 -0.57735026918962584
  outer loop
   vertex 145 106 122.5
   vertex 144 106.5 122
   vertex 145 106.5 123
  endloop
 endfacet
 facet normal 0 1 0
  outer loop
   vertex 145 106.5 123
   vertex 144 106.5 122
   vertex 144 106.5 123
  endloop
 endfacet
 facet normal 0.57735026918962584 0.57735026918962584 -0.57735026918962584
  outer loop
   vertex 145.5 106 123
   vertex 145 106 122.5
   vertex 145 106.5 123
  endloop
 endfacet
 facet normal -0.57735026918962584 -0.57735026918962584 -0.57735026918962584
  outer loop
   vertex 152 107 122.5
   vertex 152 106.5 123
   vertex 151.5 107 123
  endloop
 endfacet
 facet normal 0 0.70710678118654746 -0.70710678118654746
  outer loop
   vertex 153 106.5 122
   vertex 152 107 122.5
   vertex 153 107 122.5
  endloop
 endfacet
 facet normal -0.57735026918962573 -0.57735026918962573 -0.57735026918962573
  outer loop
   vertex 153 106.5 122
   vertex 152.5 106 123
   vertex 152 107 122.5
  endloop
 endfacet
 facet normal -0.70710678118654746 0.70710678118654746 0
  outer loop
   vertex 153 106.5 122
   vertex 152.5 106 122
   vertex 152.5 106 123
  endloop
 endfacet
 facet normal -0.57735026918962584 -0.57735026918962584 -0.57735026918962584
  outer loop
   vertex 152 106.5 123
   vertex 152 107 122.5
   vertex 152.5 106 123
  endloop
 endfacet
 facet normal 0.57735026918962584 0.57735026918962584 -0.57735026918962584
  outer loop
   vertex 153 106.5 122
   vertex 154 106 122.5
   vertex 153.5 106 122
  endloop
 endfacet
 facet normal 0.57735026918962584 0.57735026918962584 -0.57735026918962584
  outer loop
   vertex 153 106.5 122
   vertex 153 107 122.5
   vertex 154 106 122.5
  endloop
 endfacet
 facet normal -0 -0 -1
  outer loop
   vertex 153 107 122.5
   vertex 154 107 122.5
   vertex 154 106 122.5
  endloop
 endfacet
 facet normal 0.70710678118654746 0 -0.70710678118654746
  outer loop
   vertex 154.5 107 123
   vertex 154.5 106 123
   vertex 154 106 122.5
  endloop
 endfacet
 facet normal 0.70710678118654746 0 -0.70710678118654746
  outer loop
   vertex 154 107 122.5
   vertex 154.5 107 123
   vertex 154 106 122.5
  endloop
 endfacet
 facet normal -0.57735026918962584 -0.57735026918962584 -0.57735026918962584
  outer loop
   vertex 151 108 122.5
   vertex 151 107.5 123
   vertex 150.5 108 123
  endloop
 endfacet
 facet normal -0.57735026918962584 -0.57735026918962584 -0.57735026918962584
  outer loop
   vertex 151.5 107 123
   vertex 151 107.5 123
   vertex 151 108 122.5
  endloop
 endfacet
 facet normal -0.57735026918962584 -0.57735026918962584 -0.57735026918962584
  outer loop
   vertex 151.5 107 123
   vertex 151 108 122.5
   vertex 152 107 122.5
  endloop
 endfacet
 facet normal 0 0 -1
  outer loop
   vertex 152 107 122.5
   vertex 151 108 122.5
   vertex 152 108 122.5
  endloop
 endfacet
 facet normal 0 0 -1
  outer loop
   vertex 153 107 122.5
   vertex 152 107 122.5
   vertex 153 108 122.5
  endloop
 endfacet
 facet normal 0 0 -1
  outer loop
   vertex 153 108 122.5
   vertex 152 107 122.5
   vertex 152 108 122.5
  endloop
 endfacet
 facet normal 0.57735026918962584 0.57735026918962584 -0.57735026918962584
  outer loop
   vertex 153.5 108 123
   vertex 154 107.5 123
   vertex 154 107 122.5
  endloop
 endfacet
 facet normal 0.57735026918962584 0.57735026918962584 -0.57735026918962584
  outer loop
   vertex 153.5 108 123
   vertex 154 107 122.5
   vertex 153 108 122.5
  endloop
 endfacet
 facet normal 0 0 -1
  outer loop
   vertex 153 108 122.5
   vertex 154 107 122.5
   vertex 153 107 122.5
  endloop
 endfacet
 facet normal 0.57735026918962584 0.57735026918962584 -0.57735026918962584
  outer loop
   vertex 154.5 107 123
   vertex 154 107 122.5
   vertex 154 107.5 123
  endloop
 endfacet
 facet normal -0.70710678118654746 0 -0.70710678118654746
  outer loop
   vertex 151 109 122.5
   vertex 151 108 122.5
   vertex 150.5 108 123
  endloop
 endfacet
 facet normal -0.70710678118654746 0 -0.70710678118654746
  outer loop
   vertex 150.5 109 123
   vertex 151 109 122.5
   vertex 150.5 108 123
  endloop
 endfacet
 facet normal 0.57735026918962584 0.57735026918962584 -0.57735026918962584
  outer loop
   vertex 151.5 109 123
   vertex 152 108.5 123
   vertex 152 108 122.5
  endloop
 endfacet
 facet normal 0.57735026918962584 0.57735026918962584 -0.57735026918962584
  outer loop
   vertex 151.5 109 123
   vertex 152 108 122.5
   vertex 151 109 122.5
  endloop
 endfacet
 facet normal 0 0 -1
  outer loop
   vertex 151 109 122.5
   vertex 152 108 122.5
   vertex 151 108 122.5
  endloop
 endfacet
 facet normal 0 0.70710678118654746 -0.70710678118654746
  outer loop
   vertex 153 108 122.5
   vertex 152 108 122.5
   vertex 152 108.5 123
  endloop
 endfacet
 facet normal 0 0.70710678118654746 -0.70710678118654746
  outer loop
   vertex 153 108.5 123
   vertex 153 108 122.5
   vertex 152 108.5 123
  endloop
 endfacet
 facet normal 0.57735026918962584 0.57735026918962584 -0.57735026918962584
  outer loop
   vertex 153.5 108 123
   vertex 153 108 122.5
   vertex 153 108.5 123
  endloop
 endfacet
 facet normal -0.57735026918962584 0.57735026918962584 -0.57735026918962584
  outer loop
   vertex 151 109 122.5
   vertex 150.5 109 123
   vertex 151 109.5 123
  endloop
 endfacet
 facet normal 0.57735026918962584 0.57735026918962584 -0.57735026918962584
  outer loop
   vertex 151.5 109 123
   vertex 151 109 122.5
   vertex 151 109.5 123
  endloop
 endfacet
 facet normal -0.57735026918962584 -0.57735026918962584 -0.57735026918962584
  outer loop
   vertex 145 91 123.5
   vertex 145 90.5 124
   vertex 144.5 91 124
  endloop
 endfacet
 facet normal -0 -0.70710678118654746 -0.70710678118654746
  outer loop
   vertex 145 91 123.5
   vertex 146 91 123.5
   vertex 146 90.5 124
  endloop
 endfacet
 facet normal 0 -0.70710678118654746 -0.70710678118654746
  outer loop
   vertex 145 90.5 124
   vertex 145 91 123.5
   vertex 146 90.5 124
  endloop
 endfacet
 facet normal -0.57735026918962584 -0.57735026918962584 -0.57735026918962584
  outer loop
   vertex 146 91 123.5
   vertex 146.5 91 123
   vertex 147 90.5 123
  endloop
 endfacet
 facet normal -0.57735026918962584 -0.57735026918962584 -0.57735026918962584
  outer loop
   vertex 146 91 123.5
   vertex 147 90.5 123
   vertex 146 90.5 124
  endloop
 endfacet
 facet normal 0 -1 0
  outer loop
   vertex 146 90.5 124
   vertex 147 90.5 123
   vertex 147 90.5 124
  endloop
 endfacet
 facet normal 0.57735026918962584 -0.57735026918962584 -0.57735026918962584
  outer loop
   vertex 147.5 91 123
   vertex 148 91 123.5
   vertex 148 90.5 124
  endloop
 endfacet
 facet normal 0.57735026918962584 -0.57735026918962584 -0.57735026918962584
  outer loop
   vertex 147.5 91 123
   vertex 148 90.5 124
   vertex 147 90.5 123
  endloop
 endfacet
 facet normal -0 -1 0
  outer loop
   vertex 147 90.5 123
   vertex 148 90.5 124
   vertex 147 90.5 124
  endloop
 endfacet
 facet normal -0 -0.70710678118654746 -0.70710678118654746
  outer loop
   vertex 148 91 123.5
   vertex 149 91 123.5
   vertex 149 90.5 124
  endloop
 endfacet
 facet normal 0 -0.70710678118654746 -0.70710678118654746
  outer loop
   vertex 148 90.5 124
   vertex 148 91 123.5
   vertex 149 90.5 124
  endloop
 endfacet
 facet normal 0.57735026918962584 -0.57735026918962584 -0.57735026918962584
  outer loop
   vertex 149 90.5 124
   vertex 149 91 123.5
   vertex 149.5 91 124
  endloop
 endfacet
 facet normal -0.57735026918962584 -0.57735026918962584 -0.57735026918962584
  outer loop
   vertex 144 92 123.5
   vertex 144 91.5 124
   vertex 143.5 92 124
  endloop
 endfacet
 facet normal -0.57735026918962584 -0.57735026918962584 -0.57735026918962584
  outer loop
   vertex 144.5 91 124
   vertex 144 91.5 124
   vertex 144 92 123.5
  endloop
 endfacet
 facet normal -0.57735026918962584 -0.57735026918962584 -0.57735026918962584
  outer loop
   vertex 145 91 123.5
   vertex 144.5 91 124
   vertex 144 92 123.5
  endloop
 endfacet
 facet normal -0.57735026918962584 -0.57735026918962584 -0.57735026918962584
  outer loop
   vertex 145 91 123.5
   vertex 144 92 123.5
   vertex 144.5 92 123
  endloop
 endfacet
 facet normal -0.57735026918962584 -0.57735026918962584 -0.57735026918962584
  outer loop
   vertex 145 91 123.5
   vertex 144.5 92 123
   vertex 145 91.5 123
  endloop
 endfacet
 facet normal 0 -0.70710678118654746 -0.70710678118654746
  outer loop
   vertex 146 91.5 123
   vertex 145 91 123.5
   vertex 145 91.5 123
  endloop
 endfacet
 facet normal 0 -0.70710678118654746 -0.70710678118654746
  outer loop
   vertex 146 91 123.5
   vertex 145 91 123.5
   vertex 146 91.5 123
  endloop
 endfacet
 facet normal -0.57735026918962584 -0.57735026918962584 -0.57735026918962584
  outer loop
   vertex 146.5 91 123
   vertex 146 91 123.5
   vertex 146 91.5 123
  endloop
 endfacet
 facet normal 0.57735026918962584 -0.57735026918962584 -0.57735026918962584
  outer loop
   vertex 147.5 91 123
   vertex 148 91.5 123
   vertex 148 91 123.5
  endloop
 endfacet
 facet normal 0 -0.70710678118654746 -0.70710678118654746
  outer loop
   vertex 149 91.5 123
   vertex 148 91 123.5
   vertex 148 91.5 123
  endloop
 endfacet
 facet normal 0 -0.70710678118654746 -0.70710678118654746
  outer loop
   vertex 149 91 123.5
   vertex 148 91 123.5
   vertex 149 91.5 123
  endloop
 endfacet
 facet normal 0.57735026918962584 -0.57735026918962584 -0.57735026918962584
  outer loop
   vertex 149.5 92 123
   vertex 150 92 123.5
   vertex 150 91.5 124
  endloop
 endfacet
 facet normal 0.57735026918962584 -0.57735026918962584 -0.57735026918962584
  outer loop
   vertex 149 91.5 123
   vertex 149.5 92 123
   vertex 150 91.5 124
  endloop
 endfacet
 facet normal 0.57735026918962584 -0.57735026918962584 -0.57735026918962584
  outer loop
   vertex 149 91.5 123
   vertex 150 91.5 124
   vertex 149.5 91 124
  endloop
 endfacet
 facet normal 0.57735026918962584 -0.57735026918962584 -0.57735026918962584
  outer loop
   vertex 149 91.5 123
   vertex 149.5 91 124
   vertex 149 91 123.5
  endloop
 endfacet
 facet normal 0.57735026918962584 -0.57735026918962584 -0.57735026918962584
  outer loop
   vertex 150 91.5 124
   vertex 150 92 123.5
   vertex 150.5 92 124
  endloop
 endfacet
 facet normal -0.57735026918962584 -0.57735026918962584 -0.57735026918962584
  outer loop
   vertex 143 93 123.5
   vertex 143 92.5 124
   vertex 142.5 93 124
  endloop
 endfacet
 facet normal -0.57735026918962584 -0.57735026918962584 -0.57735026918962584
  outer loop
   vertex 143.5 92 124
   vertex 143 92.5 124
   vertex 143 93 123.5
  endloop
 endfacet
 facet normal -0.57735026918962584 -0.57735026918962584 -0.57735026918962584
  outer loop
   vertex 144 92 123.5
   vertex 143.5 92 124
   vertex 143 93 123.5
  endloop
 endfacet
 facet normal -0.57735026918962584 -0.57735026918962584 -0.57735026918962584
  outer loop
   vertex 144 92 123.5
   vertex 143 93 123.5
   vertex 143.5 93 123
  endloop
 endfacet
 facet normal -0.57735026918962584 -0.57735026918962584 -0.57735026918962584
  outer loop
   vertex 144 92 123.5
   vertex 143.5 93 123
   vertex 144 92.5 123
  endloop
 endfacet
 facet normal -0.57735026918962584 -0.57735026918962584 -0.57735026918962584
  outer loop
   vertex 144.5 92 123
   vertex 144 92 123.5
   vertex 144 92.5 123
  endloop
 endfacet
 facet normal 0.57735026918962584 -0.57735026918962584 -0.57735026918962584
  outer loop
   vertex 149.5 92 123
   vertex 150 92.5 123
   vertex 150 92 123.5
  endloop
 endfacet
 facet normal 0.57735026918962584 -0.57735026918962584 -0.57735026918962584
  outer loop
   vertex 150.5 93 123
   vertex 151 93 123.5
   vertex 151 92.5 124
  endloop
 endfacet
 facet normal 0.57735026918962584 -0.57735026918962584 -0.57735026918962584
  outer loop
   vertex 150 92.5 123
   vertex 150.5 93 123
   vertex 151 92.5 124
  endloop
 endfacet
 facet normal 0.57735026918962584 -0.57735026918962584 -0.57735026918962584
  outer loop
   vertex 150 92.5 123
   vertex 151 92.5 124
   vertex 150.5 92 124
  endloop
 endfacet
 facet normal 0.57735026918962584 -0.57735026918962584 -0.57735026918962584
  outer loop
   vertex 150 92.5 123
   vertex 150.5 92 124
   vertex 150 92 123.5
  endloop
 endfacet
 facet normal 0.57735026918962584 -0.57735026918962584 -0.57735026918962584
  outer loop
   vertex 151 92.5 124
   vertex 151 93 123.5
   vertex 151.5 93 124
  endloop
 endfacet
 facet normal -0.57735026918962584 -0.57735026918962584 -0.57735026918962584
  outer loop
   vertex 143 93.5 123
   vertex 143 93 123.5
   vertex 142.5 93 124
  endloop
 endfacet
 facet normal -0.57735026918962584 -0.57735026918962584 -0.57735026918962584
  outer loop
   vertex 143 93.5 123
   vertex 142.5 93 124
   vertex 142.5 94 123
  endloop
 endfacet
 facet normal -1 0 0
  outer loop
   vertex 142.5 94 123
   vertex 142.5 93 124
   vertex 142.5 94 124
  endloop
 endfacet
 facet normal -0.57735026918962584 -0.57735026918962584 -0.57735026918962584
  outer loop
   vertex 143.5 93 123
   vertex 143 93 123.5
   vertex 143 93.5 123
  endloop
 endfacet
 facet normal 0.57735026918962584 -0.57735026918962584 -0.57735026918962584
  outer loop
   vertex 150.5 93 123
   vertex 151 93.5 123
   vertex 151 93 123.5
  endloop
 endfacet
 facet normal 0.57735026918962584 -0.57735026918962584 -0.57735026918962584
  outer loop
   vertex 151.5 94 123
   vertex 152 94 123.5
   vertex 152 93.5 124
  endloop
 endfacet
 facet normal 0.57735026918962584 -0.57735026918962584 -0.57735026918962584
  outer loop
   vertex 151 93.5 123
   vertex 151.5 94 123
   vertex 152 93.5 124
  endloop
 endfacet
 facet normal 0.57735026918962584 -0.57735026918962584 -0.57735026918962584
  outer loop
   vertex 151 93.5 123
   vertex 152 93.5 124
   vertex 151.5 93 124
  endloop
 endfacet
 facet normal 0.57735026918962584 -0.57735026918962584 -0.57735026918962584
  outer loop
   vertex 151 93.5 123
   vertex 151.5 93 124
   vertex 151 93 123.5
  endloop
 endfacet
 facet normal 0.57735026918962584 -0.57735026918962584 -0.57735026918962584
  outer loop
   vertex 152 93.5 124
   vertex 152 94 123.5
   vertex 152.5 94 124
  endloop
 endfacet
 facet normal -1 0 0
  outer loop
   vertex 142.5 94 123
   vertex 142.5 94 124
   vertex 142.5 95 123
  endloop
 endfacet
 facet normal -1 -0 -0
  outer loop
   vertex 142.5 94 124
   vertex 142.5 95 124
   vertex 142.5 95 123
  endloop
 endfacet
 facet normal 0.57735026918962584 -0.57735026918962584 -0.57735026918962584
  outer loop
   vertex 151.5 94 123
   vertex 152 94.5 123
   vertex 152 94 123.5
  endloop
 endfacet
 facet normal 0.57735026918962584 -0.57735026918962584 -0.57735026918962584
  outer loop
   vertex 152 94 123.5
   vertex 152 94.5 123
   vertex 152.5 95 123
  endloop
 endfacet
 facet normal 0.57735026918962584 -0.57735026918962584 -0.57735026918962584
  outer loop
   vertex 152 94 123.5
   vertex 152.5 95 123
   vertex 152.5 94 124
  endloop
 endfacet
 facet normal 1 0 -0
  outer loop
   vertex 152.5 94 124
   vertex 152.5 95 123
   vertex 152.5 95 124
  endloop
 endfacet
 facet normal -0.70710678118654746 -0.70710678118654746 -0
  outer loop
   vertex 156 94.5 123
   vertex 156 94.5 124
   vertex 155.5 95 124
  endloop
 endfacet
 facet normal -0.70710678118654746 -0.70710678118654746 0
  outer loop
   vertex 155.5 95 123
   vertex 156 94.5 123
   vertex 155.5 95 124
  endloop
 endfacet
 facet normal 0 -1 -0
  outer loop
   vertex 157 94.5 123
   vertex 157 94.5 124
   vertex 156 94.5 123
  endloop
 endfacet
 facet normal -0 -1 0
  outer loop
   vertex 156 94.5 123
   vertex 157 94.5 124
   vertex 156 94.5 124
  endloop
 endfacet
 facet normal 0.70710678118654746 -0.70710678118654746 0
  outer loop
   vertex 157 94.5 124
   vertex 157 94.5 123
   vertex 157.5 95 123
  endloop
 endfacet
 facet normal 0.70710678118654746 -0.70710678118654746 0
  outer loop
   vertex 157.5 95 124
   vertex 157 94.5 124
   vertex 157.5 95 123
  endloop
 endfacet
 facet normal -1 0 0
  outer loop
   vertex 142.5 95 123
   vertex 142.5 95 124
   vertex 142.5 96 123
  endloop
 endfacet
 facet normal -1 -0 -0
  outer loop
   vertex 142.5 95 124
   vertex 142.5 96 124
   vertex 142.5 96 123
  endloop
 endfacet
 facet normal 1 0 0
  outer loop
   vertex 152.5 95 123
   vertex 152.5 96 123
   vertex 152.5 95 124
  endloop
 endfacet
 facet normal 1 0 -0
  outer loop
   vertex 152.5 95 124
   vertex 152.5 96 123
   vertex 152.5 96 124
  endloop
 endfacet
 facet normal -0.70710678118654746 -0.70710678118654746 -0
  outer loop
   vertex 155 95.5 123
   vertex 155 95.5 124
   vertex 154.5 96 124
  endloop
 endfacet
 facet normal -0.70710678118654746 -0.70710678118654746 0
  outer loop
   vertex 154.5 96 123
   vertex 155 95.5 123
   vertex 154.5 96 124
  endloop
 endfacet
 facet normal -0.70710678118654746 -0.70710678118654746 0
  outer loop
   vertex 155.5 95 124
   vertex 155 95.5 123
   vertex 155.5 95 123
  endloop
 endfacet
 facet normal -0.70710678118654746 -0.70710678118654746 0
  outer loop
   vertex 155 95.5 124
   vertex 155 95.5 123
   vertex 155.5 95 124
  endloop
 endfacet
 facet normal 1 0 0
  outer loop
   vertex 157.5 95 123
   vertex 157.5 96 123
   vertex 157.5 95 124
  endloop
 endfacet
 facet normal 1 0 -0
  outer loop
   vertex 157.5 95 124
   vertex 157.5 96 123
   vertex 157.5 96 124
  endloop
 endfacet
 facet normal -0.70710678118654746 -0.70710678118654746 -0
  outer loop
   vertex 142 96.5 123
   vertex 142 96.5 124
   vertex 141.5 97 124
  endloop
 endfacet
 facet normal -0.70710678118654746 -0.70710678118654746 0
  outer loop
   vertex 141.5 97 123
   vertex 142 96.5 123
   vertex 141.5 97 124
  endloop
 endfacet
 facet normal -0.70710678118654746 -0.70710678118654746 0
  outer loop
   vertex 142.5 96 124
   vertex 142 96.5 123
   vertex 142.5 96 123
  endloop
 endfacet
 facet normal -0.70710678118654746 -0.70710678118654746 0
  outer loop
   vertex 142 96.5 124
   vertex 142 96.5 123
   vertex 142.5 96 124
  endloop
 endfacet
 facet normal 1 0 0
  outer loop
   vertex 152.5 96 123
   vertex 152.5 97 123
   vertex 152.5 96 124
  endloop
 endfacet
 facet normal 1 0 -0
  outer loop
   vertex 152.5 96 124
   vertex 152.5 97 123
   vertex 152.5 97 124
  endloop
 endfacet
 facet normal -0.57735026918962584 -0.57735026918962584 -0.57735026918962584
  outer loop
   vertex 154 97 123.5
   vertex 154 96.5 124
   vertex 153.5 97 124
  endloop
 endfacet
 facet normal -0.57735026918962584 -0.57735026918962584 -0.57735026918962584
  outer loop
   vertex 154 97 123.5
   vertex 154.5 96 124
   vertex 154 96.5 124
  endloop
 endfacet
 facet normal -0.57735026918962584 -0.57735026918962584 -0.57735026918962584
  outer loop
   vertex 154 97 123.5
   vertex 154.5 97 123
   vertex 154.5 96 124
  endloop
 endfacet
 facet normal -1 0 0
  outer loop
   vertex 154.5 97 123
   vertex 154.5 96 123
   vertex 154.5 96 124
  endloop
 endfacet
 facet normal 1 0 0
  outer loop
   vertex 157.5 96 123
   vertex 157.5 97 123
   vertex 157.5 96 124
  endloop
 endfacet
 facet normal 1 0 -0
  outer loop
   vertex 157.5 96 124
   vertex 157.5 97 123
   vertex 157.5 97 124
  endloop
 endfacet
 facet normal -0.57735026918962584 -0.57735026918962584 0.57735026918962584
  outer loop
   vertex 141 97.5 123
   vertex 141 98 123.5
   vertex 140.5 98 123
  endloop
 endfacet
 facet normal -0.57735026918962584 -0.57735026918962584 0.57735026918962584
  outer loop
   vertex 141 97.5 123
   vertex 141.5 98 124
   vertex 141 98 123.5
  endloop
 endfacet
 facet normal -0.57735026918962584 -0.57735026918962584 0.57735026918962584
  outer loop
   vertex 141 97.5 123
   vertex 141.5 97 123
   vertex 141.5 98 124
  endloop
 endfacet
 facet normal -1 0 0
  outer loop
   vertex 141.5 97 123
   vertex 141.5 97 124
   vertex 141.5 98 124
  endloop
 endfacet
 facet normal 1 0 0
  outer loop
   vertex 152.5 97 123
   vertex 152.5 98 123
   vertex 152.5 97 124
  endloop
 endfacet
 facet normal 1 0 -0
  outer loop
   vertex 152.5 97 124
   vertex 152.5 98 123
   vertex 152.5 98 124
  endloop
 endfacet
 facet normal -0.57735026918962584 -0.57735026918962584 -0.57735026918962584
  outer loop
   vertex 154 97.5 123
   vertex 154 97 123.5
   vertex 153.5 97 124
  endloop
 endfacet
 facet normal -0.57735026918962584 -0.57735026918962584 -0.57735026918962584
  outer loop
   vertex 154 97.5 123
   vertex 153.5 97 124
   vertex 153.5 98 123
  endloop
 endfacet
 facet normal -1 0 0
  outer loop
   vertex 153.5 98 123
   vertex 153.5 97 124
   vertex 153.5 98 124
  endloop
 endfacet
 facet normal -0.57735026918962584 -0.57735026918962584 -0.57735026918962584
  outer loop
   vertex 154.5 97 123
   vertex 154 97 123.5
   vertex 154 97.5 123
  endloop
 endfacet
 facet normal 1 0 0
  outer loop
   vertex 157.5 97 123
   vertex 157.5 98 123
   vertex 157.5 97 124
  endloop
 endfacet
 facet normal 1 0 -0
  outer loop
   vertex 157.5 97 124
   vertex 157.5 98 123
   vertex 157.5 98 124
  endloop
 endfacet
 facet normal -0.57735026918962584 -0.57735026918962584 0.57735026918962584
  outer loop
   vertex 141 98 123.5
   vertex 141 98.5 124
   vertex 140.5 99 124
  endloop
 endfacet
 facet normal -0.57735026918962584 -0.57735026918962584 0.57735026918962584
  outer loop
   vertex 141 98 123.5
   vertex 140.5 99 124
   vertex 140.5 98 123
  endloop
 endfacet
 facet normal -1 0 -0
  outer loop
   vertex 140.5 98 123
   vertex 140.5 99 124
   vertex 140.5 99 123
  endloop
 endfacet
 facet normal -0.57735026918962584 -0.57735026918962584 0.57735026918962584
  outer loop
   vertex 141.5 98 124
   vertex 141 98.5 124
   vertex 141 98 123.5
  endloop
 endfacet
 facet normal 1 0 0
  outer loop
   vertex 152.5 98 123
   vertex 152.5 99 123
   vertex 152.5 98 124
  endloop
 endfacet
 facet normal 1 0 -0
  outer loop
   vertex 152.5 98 124
   vertex 152.5 99 123
   vertex 152.5 99 124
  endloop
 endfacet
 facet normal -1 0 0
  outer loop
   vertex 153.5 98 123
   vertex 153.5 98 124
   vertex 153.5 99 123
  endloop
 endfacet
 facet normal -1 -0 -0
  outer loop
   vertex 153.5 98 124
   vertex 153.5 99 124
   vertex 153.5 99 123
  endloop
 endfacet
 facet normal 1 0 0
  outer loop
   vertex 157.5 98 123
   vertex 157.5 99 123
   vertex 157.5 98 124
  endloop
 endfacet
 facet normal 1 0 -0
  outer loop
   vertex 157.5 98 124
   vertex 157.5 99 123
   vertex 157.5 99 124
  endloop
 endfacet
 facet normal -1 0 0
  outer loop
   vertex 140.5 99 123
   vertex 140.5 99 124
   vertex 140.5 100 123
  endloop
 endfacet
 facet normal -1 -0 -0
  outer loop
   vertex 140.5 99 124
   vertex 140.5 100 124
   vertex 140.5 100 123
  endloop
 endfacet
 facet normal 0.57735026918962584 0.57735026918962584 -0.57735026918962584
  outer loop
   vertex 152 99.5 123
   vertex 151.5 100 123
   vertex 152 100 123.5
  endloop
 endfacet
 facet normal 0.57735026918962584 0.57735026918962584 -0.57735026918962584
  outer loop
   vertex 152 99.5 123
   vertex 152 100 123.5
   vertex 152.5 100 124
  endloop
 endfacet
 facet normal 0.57735026918962584 0.57735026918962584 -0.57735026918962584
  outer loop
   vertex 152 99.5 123
   vertex 152.5 100 124
   vertex 152.5 99 123
  endloop
 endfacet
 facet normal 1 0 0
  outer loop
   vertex 152.5 99 123
   vertex 152.5 100 124
   vertex 152.5 99 124
  endloop
 endfacet
 facet normal -1 0 0
  outer loop
   vertex 153.5 99 123
   vertex 153.5 99 124
   vertex 153.5 100 123
  endloop
 endfacet
 facet normal -1 -0 -0
  outer loop
   vertex 153.5 99 124
   vertex 153.5 100 124
   vertex 153.5 100 123
  endloop
 endfacet
 facet normal 1 0 0
  outer loop
   vertex 157.5 99 123
   vertex 157.5 100 123
   vertex 157.5 99 124
  endloop
 endfacet
 facet normal 1 0 -0
  outer loop
   vertex 157.5 99 124
   vertex 157.5 100 123
   vertex 157.5 100 124
  endloop
 endfacet
 facet normal -1 0 0
  outer loop
   vertex 140.5 100 123
   vertex 140.5 100 124
   vertex 140.5 101 123
  endloop
 endfacet
 facet normal -1 -0 -0
  outer loop
   vertex 140.5 100 124
   vertex 140.5 101 124
   vertex 140.5 101 123
  endloop
 endfacet
 facet normal 0.57735026918962584 0.57735026918962584 -0.57735026918962584
  outer loop
   vertex 152 100 123.5
   vertex 151.5 101 124
   vertex 152 100.5 124
  endloop
 endfacet
 facet normal 0.57735026918962584 0.57735026918962584 -0.57735026918962584
  outer loop
   vertex 152 100 123.5
   vertex 151.5 100 123
   vertex 151.5 101 124
  endloop
 endfacet
 facet normal 1 0 -0
  outer loop
   vertex 151.5 100 123
   vertex 151.5 101 123
   vertex 151.5 101 124
  endloop
 endfacet
 facet normal 0.57735026918962584 0.57735026918962584 -0.57735026918962584
  outer loop
   vertex 152.5 100 124
   vertex 152 100 123.5
   vertex 152 100.5 124
  endloop
 endfacet
 facet normal -1 0 0
  outer loop
   vertex 153.5 100 123
   vertex 153.5 100 124
   vertex 153.5 101 123
  endloop
 endfacet
 facet normal -1 -0 -0
  outer loop
   vertex 153.5 100 124
   vertex 153.5 101 124
   vertex 153.5 101 123
  endloop
 endfacet
 facet normal 0.57735026918962584 0.57735026918962584 -0.57735026918962584
  outer loop
   vertex 157 100.5 123
   vertex 156.5 101 123
   vertex 157 101 123.5
  endloop
 endfacet
 facet normal 0.57735026918962584 0.57735026918962584 -0.57735026918962584
  outer loop
   vertex 157 100.5 123
   vertex 157 101 123.5
   vertex 157.5 101 124
  endloop
 endfacet
 facet normal 0.57735026918962584 0.57735026918962584 -0.57735026918962584
  outer loop
   vertex 157 100.5 123
   vertex 157.5 101 124
   vertex 157.5 100 123
  endloop
 endfacet
 facet normal 1 0 0
  outer loop
   vertex 157.5 100 123
   vertex 157.5 101 124
   vertex 157.5 100 124
  endloop
 endfacet
 facet normal -1 0 0
  outer loop
   vertex 140.5 101 123
   vertex 140.5 101 124
   vertex 140.5 102 123
  endloop
 endfacet
 facet normal -1 -0 -0
  outer loop
   vertex 140.5 101 124
   vertex 140.5 102 124
   vertex 140.5 102 123
  endloop
 endfacet
 facet normal 1 0 0
  outer loop
   vertex 151.5 101 123
   vertex 151.5 102 123
   vertex 151.5 101 124
  endloop
 endfacet
 facet normal 1 0 -0
  outer loop
   vertex 151.5 101 124
   vertex 151.5 102 123
   vertex 151.5 102 124
  endloop
 endfacet
 facet normal -0.57735026918962584 -0.57735026918962584 0.57735026918962584
  outer loop
   vertex 153 101.5 123
   vertex 153 102 123.5
   vertex 152.5 102 123
  endloop
 endfacet
 facet normal -0.57735026918962584 -0.57735026918962584 0.57735026918962584
  outer loop
   vertex 153 101.5 123
   vertex 153.5 102 124
   vertex 153 102 123.5
  endloop
 endfacet
 facet normal -0.57735026918962584 -0.57735026918962584 0.57735026918962584
  outer loop
   vertex 153 101.5 123
   vertex 153.5 101 123
   vertex 153.5 102 124
  endloop
 endfacet
 facet normal -1 0 0
  outer loop
   vertex 153.5 101 123
   vertex 153.5 101 124
   vertex 153.5 102 124
  endloop
 endfacet
 facet normal 0.57735026918962584 0.57735026918962584 -0.57735026918962584
  outer loop
   vertex 156 101.5 123
   vertex 155.5 102 123
   vertex 156 102 123.5
  endloop
 endfacet
 facet normal 0.57735026918962584 0.57735026918962584 -0.57735026918962584
  outer loop
   vertex 156 101.5 123
   vertex 156 102 123.5
   vertex 156.5 102 124
  endloop
 endfacet
 facet normal 0.57735026918962584 0.57735026918962584 -0.57735026918962584
  outer loop
   vertex 156.5 101 123
   vertex 156 101.5 123
   vertex 156.5 102 124
  endloop
 endfacet
 facet normal 0.57735026918962584 0.57735026918962584 -0.57735026918962584
  outer loop
   vertex 156.5 101 123
   vertex 156.5 102 124
   vertex 157 101.5 124
  endloop
 endfacet
 facet normal 0.57735026918962584 0.57735026918962584 -0.57735026918962584
  outer loop
   vertex 156.5 101 123
   vertex 157 101.5 124
   vertex 157 101 123.5
  endloop
 endfacet
 facet normal 0.57735026918962584 0.57735026918962584 -0.57735026918962584
  outer loop
   vertex 157.5 101 124
   vertex 157 101 123.5
   vertex 157 101.5 124
  endloop
 endfacet
 facet normal -1 0 0
  outer loop
   vertex 140.5 102 123
   vertex 140.5 102 124
   vertex 140.5 103 123
  endloop
 endfacet
 facet normal -1 -0 -0
  outer loop
   vertex 140.5 102 124
   vertex 140.5 103 124
   vertex 140.5 103 123
  endloop
 endfacet
 facet normal 0.70710678118654746 0.70710678118654746 0
  outer loop
   vertex 151 102.5 123
   vertex 150.5 103 124
   vertex 151 102.5 124
  endloop
 endfacet
 facet normal 0.70710678118654746 0.70710678118654746 0
  outer loop
   vertex 150.5 103 123
   vertex 150.5 103 124
   vertex 151 102.5 123
  endloop
 endfacet
 facet normal 0.70710678118654746 0.70710678118654746 -0
  outer loop
   vertex 151.5 102 124
   vertex 151.5 102 123
   vertex 151 102.5 123
  endloop
 endfacet
 facet normal 0.70710678118654746 0.70710678118654746 0
  outer loop
   vertex 151 102.5 124
   vertex 151.5 102 124
   vertex 151 102.5 123
  endloop
 endfacet
 facet normal -0.70710678118654746 0 0.70710678118654746
  outer loop
   vertex 153 102 123.5
   vertex 153 103 123.5
   vertex 152.5 103 123
  endloop
 endfacet
 facet normal -0.70710678118654746 0 0.70710678118654746
  outer loop
   vertex 152.5 102 123
   vertex 153 102 123.5
   vertex 152.5 103 123
  endloop
 endfacet
 facet normal -0.70710678118654746 0 0.70710678118654746
  outer loop
   vertex 153.5 103 124
   vertex 153 102 123.5
   vertex 153.5 102 124
  endloop
 endfacet
 facet normal -0.70710678118654746 0 0.70710678118654746
  outer loop
   vertex 153 103 123.5
   vertex 153 102 123.5
   vertex 153.5 103 124
  endloop
 endfacet
 facet normal 0.70710678118654746 0 -0.70710678118654746
  outer loop
   vertex 156 102 123.5
   vertex 155.5 103 123
   vertex 156 103 123.5
  endloop
 endfacet
 facet normal 0.70710678118654746 0 -0.70710678118654746
  outer loop
   vertex 155.5 102 123
   vertex 155.5 103 123
   vertex 156 102 123.5
  endloop
 endfacet
 facet normal 0.70710678118654746 0 -0.70710678118654746
  outer loop
   vertex 156.5 103 124
   vertex 156.5 102 124
   vertex 156 102 123.5
  endloop
 endfacet
 facet normal 0.70710678118654746 0 -0.70710678118654746
  outer loop
   vertex 156 103 123.5
   vertex 156.5 103 124
   vertex 156 102 123.5
  endloop
 endfacet
 facet normal -0.57735026918962584 -0.57735026918962584 0.57735026918962584
  outer loop
   vertex 140 103.5 123
   vertex 140 104 123.5
   vertex 139.5 104 123
  endloop
 endfacet
 facet normal -0.57735026918962584 -0.57735026918962584 0.57735026918962584
  outer loop
   vertex 140 103.5 123
   vertex 140.5 104 124
   vertex 140 104 123.5
  endloop
 endfacet
 facet normal -0.57735026918962584 -0.57735026918962584 0.57735026918962584
  outer loop
   vertex 140 103.5 123
   vertex 140.5 103 123
   vertex 140.5 104 124
  endloop
 endfacet
 facet normal -1 0 0
  outer loop
   vertex 140.5 103 123
   vertex 140.5 103 124
   vertex 140.5 104 124
  endloop
 endfacet
 facet normal 0.57735026918962584 0.57735026918962584 -0.57735026918962584
  outer loop
   vertex 149 103.5 123
   vertex 148.5 104 123
   vertex 149 104 123.5
  endloop
 endfacet
 facet normal 0.57735026918962584 0.57735026918962584 -0.57735026918962584
  outer loop
   vertex 149.5 104 124
   vertex 149 103.5 123
   vertex 149 104 123.5
  endloop
 endfacet
 facet normal 0.57735026918962584 0.57735026918962584 -0.57735026918962584
  outer loop
   vertex 149.5 104 124
   vertex 150 103.5 124
   vertex 149 103.5 123
  endloop
 endfacet
 facet normal 0 1 -0
  outer loop
   vertex 150 103.5 124
   vertex 150 103.5 123
   vertex 149 103.5 123
  endloop
 endfacet
 facet normal 0.70710678118654746 0.70710678118654746 -0
  outer loop
   vertex 150.5 103 124
   vertex 150.5 103 123
   vertex 150 103.5 123
  endloop
 endfacet
 facet normal 0.70710678118654746 0.70710678118654746 0
  outer loop
   vertex 150 103.5 124
   vertex 150.5 103 124
   vertex 150 103.5 123
  endloop
 endfacet
 facet normal -0.70710678118654746 0 0.70710678118654746
  outer loop
   vertex 153 103 123.5
   vertex 153 104 123.5
   vertex 152.5 104 123
  endloop
 endfacet
 facet normal -0.70710678118654746 0 0.70710678118654746
  outer loop
   vertex 152.5 103 123
   vertex 153 103 123.5
   vertex 152.5 104 123
  endloop
 endfacet
 facet normal -0.70710678118654746 0 0.70710678118654746
  outer loop
   vertex 153.5 104 124
   vertex 153 103 123.5
   vertex 153.5 103 124
  endloop
 endfacet
 facet normal -0.70710678118654746 0 0.70710678118654746
  outer loop
   vertex 153 104 123.5
   vertex 153 103 123.5
   vertex 153.5 104 124
  endloop
 endfacet
 facet normal 0.57735026918962584 0.57735026918962584 -0.57735026918962584
  outer loop
   vertex 156 103 123.5
   vertex 155.5 104 124
   vertex 156 103.5 124
  endloop
 endfacet
 facet normal 0.57735026918962584 0.57735026918962584 -0.57735026918962584
  outer loop
   vertex 156 103 123.5
   vertex 155.5 103 123
   vertex 155.5 104 124
  endloop
 endfacet
 facet normal 1 0 -0
  outer loop
   vertex 155.5 103 123
   vertex 155.5 104 123
   vertex 155.5 104 124
  endloop
 endfacet
 facet normal 0.57735026918962584 0.57735026918962584 -0.57735026918962584
  outer loop
   vertex 156.5 103 124
   vertex 156 103 123.5
   vertex 156 103.5 124
  endloop
 endfacet
 facet normal -0.57735026918962584 0.57735026918962584 0.57735026918962584
  outer loop
   vertex 139.5 104 123
   vertex 140 104 123.5
   vertex 140 104.5 123
  endloop
 endfacet
 facet normal -0.57735026918962584 0.57735026918962584 0.57735026918962584
  outer loop
   vertex 140 104 123.5
   vertex 140.5 105 123
   vertex 140 104.5 123
  endloop
 endfacet
 facet normal -0.57735026918962584 0.57735026918962584 0.57735026918962584
  outer loop
   vertex 140 104 123.5
   vertex 140.5 104 124
   vertex 140.5 105 123
  endloop
 endfacet
 facet normal -1 -0 -0
  outer loop
   vertex 140.5 104 124
   vertex 140.5 105 124
   vertex 140.5 105 123
  endloop
 endfacet
 facet normal 0.70710678118654746 0.70710678118654746 0
  outer loop
   vertex 148 104.5 123
   vertex 147.5 105 124
   vertex 148 104.5 124
  endloop
 endfacet
 facet normal 0.70710678118654746 0.70710678118654746 0
  outer loop
   vertex 147.5 105 123
   vertex 147.5 105 124
   vertex 148 104.5 123
  endloop
 endfacet
 facet normal 0.57735026918962584 0.57735026918962584 -0.57735026918962584
  outer loop
   vertex 149 104 123.5
   vertex 148.5 104 123
   vertex 148 104.5 123
  endloop
 endfacet
 facet normal 0.57735026918962584 0.57735026918962584 -0.57735026918962584
  outer loop
   vertex 149 104 123.5
   vertex 148 104.5 123
   vertex 149 104.5 124
  endloop
 endfacet
 facet normal 0 1 0
  outer loop
   vertex 149 104.5 124
   vertex 148 104.5 123
   vertex 148 104.5 124
  endloop
 endfacet
 facet normal 0.57735026918962584 0.57735026918962584 -0.57735026918962584
  outer loop
   vertex 149.5 104 124
   vertex 149 104 123.5
   vertex 149 104.5 124
  endloop
 endfacet
 facet normal -0.70710678118654746 0 0.70710678118654746
  outer loop
   vertex 153 104 123.5
   vertex 153 105 123.5
   vertex 152.5 105 123
  endloop
 endfacet
 facet normal -0.70710678118654746 0 0.70710678118654746
  outer loop
   vertex 152.5 104 123
   vertex 153 104 123.5
   vertex 152.5 105 123
  endloop
 endfacet
 facet normal -0.70710678118654746 0 0.70710678118654746
  outer loop
   vertex 153.5 105 124
   vertex 153 104 123.5
   vertex 153.5 104 124
  endloop
 endfacet
 facet normal -0.70710678118654746 0 0.70710678118654746
  outer loop
   vertex 153 105 123.5
   vertex 153 104 123.5
   vertex 153.5 105 124
  endloop
 endfacet
 facet normal 0.57735026918962584 0.57735026918962584 -0.57735026918962584
  outer loop
   vertex 155 104.5 123
   vertex 154.5 105 123
   vertex 155 105 123.5
  endloop
 endfacet
 facet normal 0.57735026918962584 0.57735026918962584 -0.57735026918962584
  outer loop
   vertex 155 104.5 123
   vertex 155 105 123.5
   vertex 155.5 105 124
  endloop
 endfacet
 facet normal 0.57735026918962584 0.57735026918962584 -0.57735026918962584
  outer loop
   vertex 155 104.5 123
   vertex 155.5 105 124
   vertex 155.5 104 123
  endloop
 endfacet
 facet normal 1 0 0
  outer loop
   vertex 155.5 104 123
   vertex 155.5 105 124
   vertex 155.5 104 124
  endloop
 endfacet
 facet normal -0.70710678118654746 0.70710678118654746 0
  outer loop
   vertex 140.5 105 123
   vertex 140.5 105 124
   vertex 141 105.5 124
  endloop
 endfacet
 facet normal -0.70710678118654746 0.70710678118654746 0
  outer loop
   vertex 141 105.5 123
   vertex 140.5 105 123
   vertex 141 105.5 124
  endloop
 endfacet
 facet normal 0 1 0
  outer loop
   vertex 142 105.5 123
   vertex 141 105.5 123
   vertex 142 105.5 124
  endloop
 endfacet
 facet normal -0 1 0
  outer loop
   vertex 141 105.5 123
   vertex 141 105.5 124
   vertex 142 105.5 124
  endloop
 endfacet
 facet normal 0 1 0
  outer loop
   vertex 143 105.5 123
   vertex 142 105.5 123
   vertex 143 105.5 124
  endloop
 endfacet
 facet normal -0 1 0
  outer loop
   vertex 142 105.5 123
   vertex 142 105.5 124
   vertex 143 105.5 124
  endloop
 endfacet
 facet normal -0.70710678118654746 0.70710678118654746 0
  outer loop
   vertex 143 105.5 124
   vertex 143.5 106 123
   vertex 143 105.5 123
  endloop
 endfacet
 facet normal -0.70710678118654746 0.70710678118654746 0
  outer loop
   vertex 143.5 106 124
   vertex 143.5 106 123
   vertex 143 105.5 124
  endloop
 endfacet
 facet normal 0.70710678118654746 0.70710678118654746 0
  outer loop
   vertex 146 105.5 123
   vertex 145.5 106 124
   vertex 146 105.5 124
  endloop
 endfacet
 facet normal 0.70710678118654746 0.70710678118654746 0
  outer loop
   vertex 145.5 106 123
   vertex 145.5 106 124
   vertex 146 105.5 123
  endloop
 endfacet
 facet normal 0 1 0
  outer loop
   vertex 147 105.5 123
   vertex 146 105.5 123
   vertex 147 105.5 124
  endloop
 endfacet
 facet normal -0 1 0
  outer loop
   vertex 146 105.5 123
   vertex 146 105.5 124
   vertex 147 105.5 124
  endloop
 endfacet
 facet normal 0.70710678118654746 0.70710678118654746 -0
  outer loop
   vertex 147.5 105 124
   vertex 147.5 105 123
   vertex 147 105.5 123
  endloop
 endfacet
 facet normal 0.70710678118654746 0.70710678118654746 0
  outer loop
   vertex 147 105.5 124
   vertex 147.5 105 124
   vertex 147 105.5 123
  endloop
 endfacet
 facet normal -0.57735026918962584 -0.57735026918962584 0.57735026918962584
  outer loop
   vertex 153 105 123.5
   vertex 153 105.5 124
   vertex 152.5 106 124
  endloop
 endfacet
 facet normal -0.57735026918962584 -0.57735026918962584 0.57735026918962584
  outer loop
   vertex 153 105 123.5
   vertex 152.5 106 124
   vertex 152.5 105 123
  endloop
 endfacet
 facet normal -1 0 -0
  outer loop
   vertex 152.5 105 123
   vertex 152.5 106 124
   vertex 152.5 106 123
  endloop
 endfacet
 facet normal -0.57735026918962584 -0.57735026918962584 0.57735026918962584
  outer loop
   vertex 153.5 105 124
   vertex 153 105.5 124
   vertex 153 105 123.5
  endloop
 endfacet
 facet normal 0.57735026918962584 0.57735026918962584 -0.57735026918962584
  outer loop
   vertex 155 105 123.5
   vertex 154.5 106 124
   vertex 155 105.5 124
  endloop
 endfacet
 facet normal 0.57735026918962584 0.57735026918962584 -0.57735026918962584
  outer loop
   vertex 155 105 123.5
   vertex 154.5 105 123
   vertex 154.5 106 124
  endloop
 endfacet
 facet normal 1 0 -0
  outer loop
   vertex 154.5 105 123
   vertex 154.5 106 123
   vertex 154.5 106 124
  endloop
 endfacet
 facet normal 0.57735026918962584 0.57735026918962584 -0.57735026918962584
  outer loop
   vertex 155.5 105 124
   vertex 155 105 123.5
   vertex 155 105.5 124
  endloop
 endfacet
 facet normal -0.70710678118654746 0.70710678118654746 0
  outer loop
   vertex 143.5 106 123
   vertex 143.5 106 124
   vertex 144 106.5 124
  endloop
 endfacet
 facet normal -0.70710678118654746 0.70710678118654746 0
  outer loop
   vertex 144 106.5 123
   vertex 143.5 106 123
   vertex 144 106.5 124
  endloop
 endfacet
 facet normal 0 1 0
  outer loop
   vertex 145 106.5 123
   vertex 144 106.5 123
   vertex 145 106.5 124
  endloop
 endfacet
 facet normal -0 1 0
  outer loop
   vertex 144 106.5 123
   vertex 144 106.5 124
   vertex 145 106.5 124
  endloop
 endfacet
 facet normal 0.70710678118654746 0.70710678118654746 -0
  outer loop
   vertex 145.5 106 124
   vertex 145.5 106 123
   vertex 145 106.5 123
  endloop
 endfacet
 facet normal 0.70710678118654746 0.70710678118654746 0
  outer loop
   vertex 145 106.5 124
   vertex 145.5 106 124
   vertex 145 106.5 123
  endloop
 endfacet
 facet normal -0.70710678118654746 -0.70710678118654746 -0
  outer loop
   vertex 152 106.5 123
   vertex 152 106.5 124
   vertex 151.5 107 124
  endloop
 endfacet
 facet normal -0.70710678118654746 -0.70710678118654746 0
  outer loop
   vertex 151.5 107 123
   vertex 152 106.5 123
   vertex 151.5 107 124
  endloop
 endfacet
 facet normal -0.70710678118654746 -0.70710678118654746 0
  outer loop
   vertex 152.5 106 124
   vertex 152 106.5 123
   vertex 152.5 106 123
  endloop
 endfacet
 facet normal -0.70710678118654746 -0.70710678118654746 0
  outer loop
   vertex 152 106.5 124
   vertex 152 106.5 123
   vertex 152.5 106 124
  endloop
 endfacet
 facet normal 1 0 0
  outer loop
   vertex 154.5 106 123
   vertex 154.5 107 123
   vertex 154.5 106 124
  endloop
 endfacet
 facet normal 1 0 -0
  outer loop
   vertex 154.5 106 124
   vertex 154.5 107 123
   vertex 154.5 107 124
  endloop
 endfacet
 facet normal -0.70710678118654746 -0.70710678118654746 -0
  outer loop
   vertex 151 107.5 123
   vertex 151 107.5 124
   vertex 150.5 108 124
  endloop
 endfacet
 facet normal -0.70710678118654746 -0.70710678118654746 0
  outer loop
   vertex 150.5 108 123
   vertex 151 107.5 123
   vertex 150.5 108 124
  endloop
 endfacet
 facet normal -0.70710678118654746 -0.70710678118654746 0
  outer loop
   vertex 151.5 107 124
   vertex 151 107.5 123
   vertex 151.5 107 123
  endloop
 endfacet
 facet normal -0.70710678118654746 -0.70710678118654746 0
  outer loop
   vertex 151 107.5 124
   vertex 151 107.5 123
   vertex 151.5 107 124
  endloop
 endfacet
 facet normal 0.70710678118654746 0.70710678118654746 0
  outer loop
   vertex 154 107.5 123
   vertex 153.5 108 124
   vertex 154 107.5 124
  endloop
 endfacet
 facet normal 0.70710678118654746 0.70710678118654746 0
  outer loop
   vertex 153.5 108 123
   vertex 153.5 108 124
   vertex 154 107.5 123
  endloop
 endfacet
 facet normal 0.70710678118654746 0.70710678118654746 -0
  outer loop
   vertex 154.5 107 124
   vertex 154.5 107 123
   vertex 154 107.5 123
  endloop
 endfacet
 facet normal 0.70710678118654746 0.70710678118654746 0
  outer loop
   vertex 154 107.5 124
   vertex 154.5 107 124
   vertex 154 107.5 123
  endloop
 endfacet
 facet normal -1 0 0
  outer loop
   vertex 150.5 108 123
   vertex 150.5 108 124
   vertex 150.5 109 123
  endloop
 endfacet
 facet normal -1 -0 -0
  outer loop
   vertex 150.5 108 124
   vertex 150.5 109 124
   vertex 150.5 109 123
  endloop
 endfacet
 facet normal 0.57735026918962584 0.57735026918962584 -0.57735026918962584
  outer loop
   vertex 152 108.5 123
   vertex 151.5 109 123
   vertex 152 109 123.5
  endloop
 endfacet
 facet normal 0.57735026918962584 0.57735026918962584 -0.57735026918962584
  outer loop
   vertex 152.5 109 124
   vertex 152 108.5 123
   vertex 152 109 123.5
  endloop
 endfacet
 facet normal 0.57735026918962584 0.57735026918962584 -0.57735026918962584
  outer loop
   vertex 152.5 109 124
   vertex 153 108.5 124
   vertex 152 108.5 123
  endloop
 endfacet
 facet normal 0 1 -0
  outer loop
   vertex 153 108.5 124
   vertex 153 108.5 123
   vertex 152 108.5 123
  endloop
 endfacet
 facet normal 0.70710678118654746 0.70710678118654746 -0
  outer loop
   vertex 153.5 108 124
   vertex 153.5 108 123
   vertex 153 108.5 123
  endloop
 endfacet
 facet normal 0.70710678118654746 0.70710678118654746 0
  outer loop
   vertex 153 108.5 124
   vertex 153.5 108 124
   vertex 153 108.5 123
  endloop
 endfacet
 facet normal -0.70710678118654746 0.70710678118654746 0
  outer loop
   vertex 150.5 109 123
   vertex 150.5 109 124
   vertex 151 109.5 124
  endloop
 endfacet
 facet normal -0.70710678118654746 0.70710678118654746 0
  outer loop
   vertex 151 109.5 123
   vertex 150.5 109 123
   vertex 151 109.5 124
  endloop
 endfacet
 facet normal 0.57735026918962584 0.57735026918962584 -0.57735026918962584
  outer loop
   vertex 152 109 123.5
   vertex 151.5 109 123
   vertex 151 109.5 123
  endloop
 endfacet
 facet normal 0.57735026918962584 0.57735026918962584 -0.57735026918962584
  outer loop
   vertex 152 109 123.5
   vertex 151 109.5 123
   vertex 152 109.5 124
  endloop
 endfacet
 facet normal 0 1 0
  outer loop
   vertex 152 109.5 124
   vertex 151 109.5 123
   vertex 151 109.5 124
  endloop
 endfacet
 facet normal 0.57735026918962584 0.57735026918962584 -0.57735026918962584
  outer loop
   vertex 152.5 109 124
   vertex 152 109 123.5
   vertex 152 109.5 124
  endloop
 endfacet
 facet normal -0.57735026918962584 -0.57735026918962584 -0.57735026918962584
  outer loop
   vertex 145 90 124.5
   vertex 145 89.5 125
   vertex 144.5 90 125
  endloop
 endfacet
 facet normal -0 -0.70710678118654746 -0.70710678118654746
  outer loop
   vertex 145 90 124.5
   vertex 146 90 124.5
   vertex 146 89.5 125
  endloop
 endfacet
 facet normal 0 -0.70710678118654746 -0.70710678118654746
  outer loop
   vertex 145 89.5 125
   vertex 145 90 124.5
   vertex 146 89.5 125
  endloop
 endfacet
 facet normal -0 -0.70710678118654746 -0.70710678118654746
  outer loop
   vertex 146 90 124.5
   vertex 147 90 124.5
   vertex 147 89.5 125
  endloop
 endfacet
 facet normal 0 -0.70710678118654746 -0.70710678118654746
  outer loop
   vertex 146 89.5 125
   vertex 146 90 124.5
   vertex 147 89.5 125
  endloop
 endfacet
 facet normal -0 -0.70710678118654746 -0.70710678118654746
  outer loop
   vertex 147 90 124.5
   vertex 148 90 124.5
   vertex 148 89.5 125
  endloop
 endfacet
 facet normal 0 -0.70710678118654746 -0.70710678118654746
  outer loop
   vertex 147 89.5 125
   vertex 147 90 124.5
   vertex 148 89.5 125
  endloop
 endfacet
 facet normal -0 -0.70710678118654746 -0.70710678118654746
  outer loop
   vertex 148 90 124.5
   vertex 149 90 124.5
   vertex 149 89.5 125
  endloop
 endfacet
 facet normal 0 -0.70710678118654746 -0.70710678118654746
  outer loop
   vertex 148 89.5 125
   vertex 148 90 124.5
   vertex 149 89.5 125
  endloop
 endfacet
 facet normal 0.57735026918962584 -0.57735026918962584 -0.57735026918962584
  outer loop
   vertex 149 89.5 125
   vertex 149 90 124.5
   vertex 149.5 90 125
  endloop
 endfacet
 facet normal -0.57735026918962584 -0.57735026918962584 -0.57735026918962584
  outer loop
   vertex 144 91 124.5
   vertex 144 90.5 125
   vertex 143.5 91 125
  endloop
 endfacet
 facet normal -0.57735026918962584 -0.57735026918962584 -0.57735026918962584
  outer loop
   vertex 144.5 90 125
   vertex 144 90.5 125
   vertex 144 91 124.5
  endloop
 endfacet
 facet normal -0.57735026918962584 -0.57735026918962584 -0.57735026918962584
  outer loop
   vertex 145 90 124.5
   vertex 144.5 90 125
   vertex 144 91 124.5
  endloop
 endfacet
 facet normal -0.57735026918962584 -0.57735026918962584 -0.57735026918962584
  outer loop
   vertex 145 90 124.5
   vertex 144 91 124.5
   vertex 144.5 91 124
  endloop
 endfacet
 facet normal -0.57735026918962584 -0.57735026918962584 -0.57735026918962584
  outer loop
   vertex 145 90 124.5
   vertex 144.5 91 124
   vertex 145 90.5 124
  endloop
 endfacet
 facet normal 0 -0.70710678118654746 -0.70710678118654746
  outer loop
   vertex 146 90.5 124
   vertex 145 90 124.5
   vertex 145 90.5 124
  endloop
 endfacet
 facet normal 0 -0.70710678118654746 -0.70710678118654746
  outer loop
   vertex 146 90 124.5
   vertex 145 90 124.5
   vertex 146 90.5 124
  endloop
 endfacet
 facet normal 0 -0.70710678118654746 -0.70710678118654746
  outer loop
   vertex 147 90.5 124
   vertex 146 90 124.5
   vertex 146 90.5 124
  endloop
 endfacet
 facet normal 0 -0.70710678118654746 -0.70710678118654746
  outer loop
   vertex 147 90 124.5
   vertex 146 90 124.5
   vertex 147 90.5 124
  endloop
 endfacet
 facet normal 0 -0.70710678118654746 -0.70710678118654746
  outer loop
   vertex 148 90.5 124
   vertex 147 90 124.5
   vertex 147 90.5 124
  endloop
 endfacet
 facet normal 0 -0.70710678118654746 -0.70710678118654746
  outer loop
   vertex 148 90 124.5
   vertex 147 90 124.5
   vertex 148 90.5 124
  endloop
 endfacet
 facet normal 0 -0.70710678118654746 -0.70710678118654746
  outer loop
   vertex 149 90.5 124
   vertex 148 90 124.5
   vertex 148 90.5 124
  endloop
 endfacet
 facet normal 0 -0.70710678118654746 -0.70710678118654746
  outer loop
   vertex 149 90 124.5
   vertex 148 90 124.5
   vertex 149 90.5 124
  endloop
 endfacet
 facet normal 0.57735026918962584 -0.57735026918962584 -0.57735026918962584
  outer loop
   vertex 149.5 91 124
   vertex 150 91 124.5
   vertex 150 90.5 125
  endloop
 endfacet
 facet normal 0.57735026918962584 -0.57735026918962584 -0.57735026918962584
  outer loop
   vertex 149 90.5 124
   vertex 149.5 91 124
   vertex 150 90.5 125
  endloop
 endfacet
 facet normal 0.57735026918962584 -0.57735026918962584 -0.57735026918962584
  outer loop
   vertex 149 90.5 124
   vertex 150 90.5 125
   vertex 149.5 90 125
  endloop
 endfacet
 facet normal 0.57735026918962584 -0.57735026918962584 -0.57735026918962584
  outer loop
   vertex 149 90.5 124
   vertex 149.5 90 125
   vertex 149 90 124.5
  endloop
 endfacet
 facet normal 0.57735026918962584 -0.57735026918962584 -0.57735026918962584
  outer loop
   vertex 150 90.5 125
   vertex 150 91 124.5
   vertex 150.5 91 125
  endloop
 endfacet
 facet normal -0.57735026918962584 -0.57735026918962584 -0.57735026918962584
  outer loop
   vertex 144 91.5 124
   vertex 144 91 124.5
   vertex 143.5 91 125
  endloop
 endfacet
 facet normal -0.57735026918962584 -0.57735026918962584 -0.57735026918962584
  outer loop
   vertex 144 91.5 124
   vertex 143.5 91 125
   vertex 143.5 92 124
  endloop
 endfacet
 facet normal -1 0 0
  outer loop
   vertex 143.5 92 124
   vertex 143.5 91 125
   vertex 143.5 92 125
  endloop
 endfacet
 facet normal -0.57735026918962584 -0.57735026918962584 -0.57735026918962584
  outer loop
   vertex 144.5 91 124
   vertex 144 91 124.5
   vertex 144 91.5 124
  endloop
 endfacet
 facet normal 0.57735026918962584 -0.57735026918962584 -0.57735026918962584
  outer loop
   vertex 149.5 91 124
   vertex 150 91.5 124
   vertex 150 91 124.5
  endloop
 endfacet
 facet normal 0.57735026918962584 -0.57735026918962584 -0.57735026918962584
  outer loop
   vertex 150.5 92 124
   vertex 151 92 124.5
   vertex 151 91.5 125
  endloop
 endfacet
 facet normal 0.57735026918962584 -0.57735026918962584 -0.57735026918962584
  outer loop
   vertex 150 91.5 124
   vertex 150.5 92 124
   vertex 151 91.5 125
  endloop
 endfacet
 facet normal 0.57735026918962584 -0.57735026918962584 -0.57735026918962584
  outer loop
   vertex 150 91.5 124
   vertex 151 91.5 125
   vertex 150.5 91 125
  endloop
 endfacet
 facet normal 0.57735026918962584 -0.57735026918962584 -0.57735026918962584
  outer loop
   vertex 150 91.5 124
   vertex 150.5 91 125
   vertex 150 91 124.5
  endloop
 endfacet
 facet normal 0.57735026918962584 -0.57735026918962584 -0.57735026918962584
  outer loop
   vertex 151 91.5 125
   vertex 151 92 124.5
   vertex 151.5 92 125
  endloop
 endfacet
 facet normal -0.70710678118654746 -0.70710678118654746 -0
  outer loop
   vertex 143 92.5 124
   vertex 143 92.5 125
   vertex 142.5 93 125
  endloop
 endfacet
 facet normal -0.70710678118654746 -0.70710678118654746 0
  outer loop
   vertex 142.5 93 124
   vertex 143 92.5 124
   vertex 142.5 93 125
  endloop
 endfacet
 facet normal -0.70710678118654746 -0.70710678118654746 0
  outer loop
   vertex 143.5 92 125
   vertex 143 92.5 124
   vertex 143.5 92 124
  endloop
 endfacet
 facet normal -0.70710678118654746 -0.70710678118654746 0
  outer loop
   vertex 143 92.5 125
   vertex 143 92.5 124
   vertex 143.5 92 125
  endloop
 endfacet
 facet normal 0.57735026918962584 -0.57735026918962584 -0.57735026918962584
  outer loop
   vertex 150.5 92 124
   vertex 151 92.5 124
   vertex 151 92 124.5
  endloop
 endfacet
 facet normal 0.57735026918962584 -0.57735026918962584 -0.57735026918962584
  outer loop
   vertex 151.5 93 124
   vertex 152 93 124.5
   vertex 152 92.5 125
  endloop
 endfacet
 facet normal 0.57735026918962584 -0.57735026918962584 -0.57735026918962584
  outer loop
   vertex 151 92.5 124
   vertex 151.5 93 124
   vertex 152 92.5 125
  endloop
 endfacet
 facet normal 0.57735026918962584 -0.57735026918962584 -0.57735026918962584
  outer loop
   vertex 151 92.5 124
   vertex 152 92.5 125
   vertex 151.5 92 125
  endloop
 endfacet
 facet normal 0.57735026918962584 -0.57735026918962584 -0.57735026918962584
  outer loop
   vertex 151 92.5 124
   vertex 151.5 92 125
   vertex 151 92 124.5
  endloop
 endfacet
 facet normal 0.57735026918962584 -0.57735026918962584 -0.57735026918962584
  outer loop
   vertex 152 92.5 125
   vertex 152 93 124.5
   vertex 152.5 93 125
  endloop
 endfacet
 facet normal -1 0 0
  outer loop
   vertex 142.5 93 124
   vertex 142.5 93 125
   vertex 142.5 94 124
  endloop
 endfacet
 facet normal -1 -0 -0
  outer loop
   vertex 142.5 93 125
   vertex 142.5 94 125
   vertex 142.5 94 124
  endloop
 endfacet
 facet normal 0.57735026918962584 -0.57735026918962584 -0.57735026918962584
  outer loop
   vertex 151.5 93 124
   vertex 152 93.5 124
   vertex 152 93 124.5
  endloop
 endfacet
 facet normal 0.57735026918962584 -0.57735026918962584 -0.57735026918962584
  outer loop
   vertex 152 93 124.5
   vertex 152 93.5 124
   vertex 152.5 94 124
  endloop
 endfacet
 facet normal 0.57735026918962584 -0.57735026918962584 -0.57735026918962584
  outer loop
   vertex 152 93 124.5
   vertex 152.5 94 124
   vertex 152.5 93 125
  endloop
 endfacet
 facet normal 1 0 -0
  outer loop
   vertex 152.5 93 125
   vertex 152.5 94 124
   vertex 152.5 94 125
  endloop
 endfacet
 facet normal -1 0 0
  outer loop
   vertex 142.5 94 124
   vertex 142.5 94 125
   vertex 142.5 95 124
  endloop
 endfacet
 facet normal -1 -0 -0
  outer loop
   vertex 142.5 94 125
   vertex 142.5 95 125
   vertex 142.5 95 124
  endloop
 endfacet
 facet normal 1 0 0
  outer loop
   vertex 152.5 94 124
   vertex 152.5 95 124
   vertex 152.5 94 125
  endloop
 endfacet
 facet normal 1 0 -0
  outer loop
   vertex 152.5 94 125
   vertex 152.5 95 124
   vertex 152.5 95 125
  endloop
 endfacet
 facet normal -0.70710678118654746 -0.70710678118654746 -0
  outer loop
   vertex 156 94.5 124
   vertex 156 94.5 125
   vertex 155.5 95 125
  endloop
 endfacet
 facet normal -0.70710678118654746 -0.70710678118654746 0
  outer loop
   vertex 155.5 95 124
   vertex 156 94.5 124
   vertex 155.5 95 125
  endloop
 endfacet
 facet normal 0 -1 -0
  outer loop
   vertex 157 94.5 124
   vertex 157 94.5 125
   vertex 156 94.5 124
  endloop
 endfacet
 facet normal -0 -1 0
  outer loop
   vertex 156 94.5 124
   vertex 157 94.5 125
   vertex 156 94.5 125
  endloop
 endfacet
 facet normal 0.70710678118654746 -0.70710678118654746 0
  outer loop
   vertex 157 94.5 125
   vertex 157 94.5 124
   vertex 157.5 95 124
  endloop
 endfacet
 facet normal 0.70710678118654746 -0.70710678118654746 0
  outer loop
   vertex 157.5 95 125
   vertex 157 94.5 125
   vertex 157.5 95 124
  endloop
 endfacet
 facet normal -1 0 0
  outer loop
   vertex 142.5 95 124
   vertex 142.5 95 125
   vertex 142.5 96 124
  endloop
 endfacet
 facet normal -1 -0 -0
  outer loop
   vertex 142.5 95 125
   vertex 142.5 96 125
   vertex 142.5 96 124
  endloop
 endfacet
 facet normal 1 0 0
  outer loop
   vertex 152.5 95 124
   vertex 152.5 96 124
   vertex 152.5 95 125
  endloop
 endfacet
 facet normal 1 0 -0
  outer loop
   vertex 152.5 95 125
   vertex 152.5 96 124
   vertex 152.5 96 125
  endloop
 endfacet
 facet normal -0.57735026918962584 -0.57735026918962584 0.57735026918962584
  outer loop
   vertex 155 95.5 124
   vertex 155 96 124.5
   vertex 154.5 96 124
  endloop
 endfacet
 facet normal -0.57735026918962584 -0.57735026918962584 0.57735026918962584
  outer loop
   vertex 155 95.5 124
   vertex 155.5 96 125
   vertex 155 96 124.5
  endloop
 endfacet
 facet normal -0.57735026918962584 -0.57735026918962584 0.57735026918962584
  outer loop
   vertex 155 95.5 124
   vertex 155.5 95 124
   vertex 155.5 96 125
  endloop
 endfacet
 facet normal -1 0 0
  outer loop
   vertex 155.5 95 124
   vertex 155.5 95 125
   vertex 155.5 96 125
  endloop
 endfacet
 facet normal 1 0 0
  outer loop
   vertex 157.5 95 124
   vertex 157.5 96 124
   vertex 157.5 95 125
  endloop
 endfacet
 facet normal 1 0 -0
  outer loop
   vertex 157.5 95 125
   vertex 157.5 96 124
   vertex 157.5 96 125
  endloop
 endfacet
 facet normal -0.57735026918962584 -0.57735026918962584 0.57735026918962584
  outer loop
   vertex 142 96.5 124
   vertex 142 97 124.5
   vertex 141.5 97 124
  endloop
 endfacet
 facet normal -0.57735026918962584 -0.57735026918962584 0.57735026918962584
  outer loop
   vertex 142 96.5 124
   vertex 142.5 97 125
   vertex 142 97 124.5
  endloop
 endfacet
 facet normal -0.57735026918962584 -0.57735026918962584 0.57735026918962584
  outer loop
   vertex 142 96.5 124
   vertex 142.5 96 124
   vertex 142.5 97 125
  endloop
 endfacet
 facet normal -1 0 0
  outer loop
   vertex 142.5 96 124
   vertex 142.5 96 125
   vertex 142.5 97 125
  endloop
 endfacet
 facet normal 1 0 0
  outer loop
   vertex 152.5 96 124
   vertex 152.5 97 124
   vertex 152.5 96 125
  endloop
 endfacet
 facet normal 1 0 -0
  outer loop
   vertex 152.5 96 125
   vertex 152.5 97 124
   vertex 152.5 97 125
  endloop
 endfacet
 facet normal -0.70710678118654746 -0.70710678118654746 -0
  outer loop
   vertex 154 96.5 124
   vertex 154 96.5 125
   vertex 153.5 97 125
  endloop
 endfacet
 facet normal -0.70710678118654746 -0.70710678118654746 0
  outer loop
   vertex 153.5 97 124
   vertex 154 96.5 124
   vertex 153.5 97 125
  endloop
 endfacet
 facet normal -0.57735026918962584 -0.57735026918962584 0.57735026918962584
  outer loop
   vertex 155 96 124.5
   vertex 154 96.5 124
   vertex 154.5 96 124
  endloop
 endfacet
 facet normal -0.57735026918962584 -0.57735026918962584 0.57735026918962584
  outer loop
   vertex 155 96 124.5
   vertex 155 96.5 125
   vertex 154 96.5 124
  endloop
 endfacet
 facet normal 0 -1 0
  outer loop
   vertex 155 96.5 125
   vertex 154 96.5 125
   vertex 154 96.5 124
  endloop
 endfacet
 facet normal -0.57735026918962584 -0.57735026918962584 0.57735026918962584
  outer loop
   vertex 155.5 96 125
   vertex 155 96.5 125
   vertex 155 96 124.5
  endloop
 endfacet
 facet normal 1 0 0
  outer loop
   vertex 157.5 96 124
   vertex 157.5 97 124
   vertex 157.5 96 125
  endloop
 endfacet
 facet normal 1 0 -0
  outer loop
   vertex 157.5 96 125
   vertex 157.5 97 124
   vertex 157.5 97 125
  endloop
 endfacet
 facet normal -0.70710678118654746 0 0.70710678118654746
  outer loop
   vertex 142 97 124.5
   vertex 142 98 124.5
   vertex 141.5 98 124
  endloop
 endfacet
 facet normal -0.70710678118654746 0 0.70710678118654746
  outer loop
   vertex 141.5 97 124
   vertex 142 97 124.5
   vertex 141.5 98 124
  endloop
 endfacet
 facet normal -0.70710678118654746 0 0.70710678118654746
  outer loop
   vertex 142.5 98 125
   vertex 142 97 124.5
   vertex 142.5 97 125
  endloop
 endfacet
 facet normal -0.70710678118654746 0 0.70710678118654746
  outer loop
   vertex 142 98 124.5
   vertex 142 97 124.5
   vertex 142.5 98 125
  endloop
 endfacet
 facet normal 1 0 0
  outer loop
   vertex 152.5 97 124
   vertex 152.5 98 124
   vertex 152.5 97 125
  endloop
 endfacet
 facet normal 1 0 -0
  outer loop
   vertex 152.5 97 125
   vertex 152.5 98 124
   vertex 152.5 98 125
  endloop
 endfacet
 facet normal -1 0 0
  outer loop
   vertex 153.5 97 124
   vertex 153.5 97 125
   vertex 153.5 98 124
  endloop
 endfacet
 facet normal -1 -0 -0
  outer loop
   vertex 153.5 97 125
   vertex 153.5 98 125
   vertex 153.5 98 124
  endloop
 endfacet
 facet normal 1 0 0
  outer loop
   vertex 157.5 97 124
   vertex 157.5 98 124
   vertex 157.5 97 125
  endloop
 endfacet
 facet normal 1 0 -0
  outer loop
   vertex 157.5 97 125
   vertex 157.5 98 124
   vertex 157.5 98 125
  endloop
 endfacet
 facet normal -0.57735026918962584 -0.57735026918962584 0.57735026918962584
  outer loop
   vertex 141 98.5 124
   vertex 141 99 124.5
   vertex 140.5 99 124
  endloop
 endfacet
 facet normal -0.57735026918962584 -0.57735026918962584 0.57735026918962584
  outer loop
   vertex 141 98.5 124
   vertex 141.5 99 125
   vertex 141 99 124.5
  endloop
 endfacet
 facet normal -0.57735026918962584 -0.57735026918962584 0.57735026918962584
  outer loop
   vertex 141.5 98 124
   vertex 141.5 99 125
   vertex 141 98.5 124
  endloop
 endfacet
 facet normal -0.57735026918962584 -0.57735026918962584 0.57735026918962584
  outer loop
   vertex 141.5 98 124
   vertex 142 98.5 125
   vertex 141.5 99 125
  endloop
 endfacet
 facet normal -0.57735026918962584 -0.57735026918962584 0.57735026918962584
  outer loop
   vertex 141.5 98 124
   vertex 142 98 124.5
   vertex 142 98.5 125
  endloop
 endfacet
 facet normal -0.57735026918962584 -0.57735026918962584 0.57735026918962584
  outer loop
   vertex 142.5 98 125
   vertex 142 98.5 125
   vertex 142 98 124.5
  endloop
 endfacet
 facet normal 1 0 0
  outer loop
   vertex 152.5 98 124
   vertex 152.5 99 124
   vertex 152.5 98 125
  endloop
 endfacet
 facet normal 1 0 -0
  outer loop
   vertex 152.5 98 125
   vertex 152.5 99 124
   vertex 152.5 99 125
  endloop
 endfacet
 facet normal -1 0 0
  outer loop
   vertex 153.5 98 124
   vertex 153.5 98 125
   vertex 153.5 99 124
  endloop
 endfacet
 facet normal -1 -0 -0
  outer loop
   vertex 153.5 98 125
   vertex 153.5 99 125
   vertex 153.5 99 124
  endloop
 endfacet
 facet normal 1 0 0
  outer loop
   vertex 157.5 98 124
   vertex 157.5 99 124
   vertex 157.5 98 125
  endloop
 endfacet
 facet normal 1 0 -0
  outer loop
   vertex 157.5 98 125
   vertex 157.5 99 124
   vertex 157.5 99 125
  endloop
 endfacet
 facet normal -0.70710678118654746 0 0.70710678118654746
  outer loop
   vertex 141 99 124.5
   vertex 141 100 124.5
   vertex 140.5 100 124
  endloop
 endfacet
 facet normal -0.70710678118654746 0 0.70710678118654746
  outer loop
   vertex 140.5 99 124
   vertex 141 99 124.5
   vertex 140.5 100 124
  endloop
 endfacet
 facet normal -0.70710678118654746 0 0.70710678118654746
  outer loop
   vertex 141.5 100 125
   vertex 141 99 124.5
   vertex 141.5 99 125
  endloop
 endfacet
 facet normal -0.70710678118654746 0 0.70710678118654746
  outer loop
   vertex 141 100 124.5
   vertex 141 99 124.5
   vertex 141.5 100 125
  endloop
 endfacet
 facet normal 1 0 0
  outer loop
   vertex 152.5 99 124
   vertex 152.5 100 124
   vertex 152.5 99 125
  endloop
 endfacet
 facet normal 1 0 -0
  outer loop
   vertex 152.5 99 125
   vertex 152.5 100 124
   vertex 152.5 100 125
  endloop
 endfacet
 facet normal -1 0 0
  outer loop
   vertex 153.5 99 124
   vertex 153.5 99 125
   vertex 153.5 100 124
  endloop
 endfacet
 facet normal -1 -0 -0
  outer loop
   vertex 153.5 99 125
   vertex 153.5 100 125
   vertex 153.5 100 124
  endloop
 endfacet
 facet normal 1 0 0
  outer loop
   vertex 157.5 99 124
   vertex 157.5 100 124
   vertex 157.5 99 125
  endloop
 endfacet
 facet normal 1 0 -0
  outer loop
   vertex 157.5 99 125
   vertex 157.5 100 124
   vertex 157.5 100 125
  endloop
 endfacet
 facet normal -0.57735026918962584 -0.57735026918962584 0.57735026918962584
  outer loop
   vertex 141 100 124.5
   vertex 141 100.5 125
   vertex 140.5 101 125
  endloop
 endfacet
 facet normal -0.57735026918962584 -0.57735026918962584 0.57735026918962584
  outer loop
   vertex 141 100 124.5
   vertex 140.5 101 125
   vertex 140.5 100 124
  endloop
 endfacet
 facet normal -1 0 -0
  outer loop
   vertex 140.5 100 124
   vertex 140.5 101 125
   vertex 140.5 101 124
  endloop
 endfacet
 facet normal -0.57735026918962584 -0.57735026918962584 0.57735026918962584
  outer loop
   vertex 141.5 100 125
   vertex 141 100.5 125
   vertex 141 100 124.5
  endloop
 endfacet
 facet normal 0.70710678118654746 0.70710678118654746 0
  outer loop
   vertex 152 100.5 124
   vertex 151.5 101 125
   vertex 152 100.5 125
  endloop
 endfacet
 facet normal 0.70710678118654746 0.70710678118654746 0
  outer loop
   vertex 151.5 101 124
   vertex 151.5 101 125
   vertex 152 100.5 124
  endloop
 endfacet
 facet normal 0.70710678118654746 0.70710678118654746 -0
  outer loop
   vertex 152.5 100 125
   vertex 152.5 100 124
   vertex 152 100.5 124
  endloop
 endfacet
 facet normal 0.70710678118654746 0.70710678118654746 0
  outer loop
   vertex 152 100.5 125
   vertex 152.5 100 125
   vertex 152 100.5 124
  endloop
 endfacet
 facet normal -1 0 0
  outer loop
   vertex 153.5 100 124
   vertex 153.5 100 125
   vertex 153.5 101 124
  endloop
 endfacet
 facet normal -1 -0 -0
  outer loop
   vertex 153.5 100 125
   vertex 153.5 101 125
   vertex 153.5 101 124
  endloop
 endfacet
 facet normal 1 0 0
  outer loop
   vertex 157.5 100 124
   vertex 157.5 101 124
   vertex 157.5 100 125
  endloop
 endfacet
 facet normal 1 0 -0
  outer loop
   vertex 157.5 100 125
   vertex 157.5 101 124
   vertex 157.5 101 125
  endloop
 endfacet
 facet normal -1 0 0
  outer loop
   vertex 140.5 101 124
   vertex 140.5 101 125
   vertex 140.5 102 124
  endloop
 endfacet
 facet normal -1 -0 -0
  outer loop
   vertex 140.5 101 125
   vertex 140.5 102 125
   vertex 140.5 102 124
  endloop
 endfacet
 facet normal 1 0 0
  outer loop
   vertex 151.5 101 124
   vertex 151.5 102 124
   vertex 151.5 101 125
  endloop
 endfacet
 facet normal 1 0 -0
  outer loop
   vertex 151.5 101 125
   vertex 151.5 102 124
   vertex 151.5 102 125
  endloop
 endfacet
 facet normal -1 0 0
  outer loop
   vertex 153.5 101 124
   vertex 153.5 101 125
   vertex 153.5 102 124
  endloop
 endfacet
 facet normal -1 -0 -0
  outer loop
   vertex 153.5 101 125
   vertex 153.5 102 125
   vertex 153.5 102 124
  endloop
 endfacet
 facet normal 0.57735026918962584 0.57735026918962584 -0.57735026918962584
  outer loop
   vertex 157 101.5 124
   vertex 156.5 102 124
   vertex 157 102 124.5
  endloop
 endfacet
 facet normal 0.57735026918962584 0.57735026918962584 -0.57735026918962584
  outer loop
   vertex 157 101.5 124
   vertex 157 102 124.5
   vertex 157.5 102 125
  endloop
 endfacet
 facet normal 0.57735026918962584 0.57735026918962584 -0.57735026918962584
  outer loop
   vertex 157 101.5 124
   vertex 157.5 102 125
   vertex 157.5 101 124
  endloop
 endfacet
 facet normal 1 0 0
  outer loop
   vertex 157.5 101 124
   vertex 157.5 102 125
   vertex 157.5 101 125
  endloop
 endfacet
 facet normal -1 0 0
  outer loop
   vertex 140.5 102 124
   vertex 140.5 102 125
   vertex 140.5 103 124
  endloop
 endfacet
 facet normal -1 -0 -0
  outer loop
   vertex 140.5 102 125
   vertex 140.5 103 125
   vertex 140.5 103 124
  endloop
 endfacet
 facet normal 0.70710678118654746 0.70710678118654746 0
  outer loop
   vertex 151 102.5 124
   vertex 150.5 103 125
   vertex 151 102.5 125
  endloop
 endfacet
 facet normal 0.70710678118654746 0.70710678118654746 0
  outer loop
   vertex 150.5 103 124
   vertex 150.5 103 125
   vertex 151 102.5 124
  endloop
 endfacet
 facet normal 0.70710678118654746 0.70710678118654746 -0
  outer loop
   vertex 151.5 102 125
   vertex 151.5 102 124
   vertex 151 102.5 124
  endloop
 endfacet
 facet normal 0.70710678118654746 0.70710678118654746 0
  outer loop
   vertex 151 102.5 125
   vertex 151.5 102 125
   vertex 151 102.5 124
  endloop
 endfacet
 facet normal -1 0 0
  outer loop
   vertex 153.5 102 124
   vertex 153.5 102 125
   vertex 153.5 103 124
  endloop
 endfacet
 facet normal -1 -0 -0
  outer loop
   vertex 153.5 102 125
   vertex 153.5 103 125
   vertex 153.5 103 124
  endloop
 endfacet
 facet normal 0.57735026918962584 0.57735026918962584 -0.57735026918962584
  outer loop
   vertex 157 102 124.5
   vertex 156.5 103 125
   vertex 157 102.5 125
  endloop
 endfacet
 facet normal 0.57735026918962584 0.57735026918962584 -0.57735026918962584
  outer loop
   vertex 157 102 124.5
   vertex 156.5 102 124
   vertex 156.5 103 125
  endloop
 endfacet
 facet normal 1 0 -0
  outer loop
   vertex 156.5 102 124
   vertex 156.5 103 124
   vertex 156.5 103 125
  endloop
 endfacet
 facet normal 0.57735026918962584 0.57735026918962584 -0.57735026918962584
  outer loop
   vertex 157.5 102 125
   vertex 157 102 124.5
   vertex 157 102.5 125
  endloop
 endfacet
 facet normal -1 0 0
  outer loop
   vertex 140.5 103 124
   vertex 140.5 103 125
   vertex 140.5 104 124
  endloop
 endfacet
 facet normal -1 -0 -0
  outer loop
   vertex 140.5 103 125
   vertex 140.5 104 125
   vertex 140.5 104 124
  endloop
 endfacet
 facet normal 0.57735026918962584 0.57735026918962584 0.57735026918962584
  outer loop
   vertex 149 104 124.5
   vertex 148.5 104 125
   vertex 149 103.5 125
  endloop
 endfacet
 facet normal 0.57735026918962584 0.57735026918962584 0.57735026918962584
  outer loop
   vertex 149 104 124.5
   vertex 150 103.5 124
   vertex 149.5 104 124
  endloop
 endfacet
 facet normal 0.57735026918962584 0.57735026918962584 0.57735026918962584
  outer loop
   vertex 149 104 124.5
   vertex 149 103.5 125
   vertex 150 103.5 124
  endloop
 endfacet
 facet normal 0 1 0
  outer loop
   vertex 149 103.5 125
   vertex 150 103.5 125
   vertex 150 103.5 124
  endloop
 endfacet
 facet normal 0.70710678118654746 0.70710678118654746 -0
  outer loop
   vertex 150.5 103 125
   vertex 150.5 103 124
   vertex 150 103.5 124
  endloop
 endfacet
 facet normal 0.70710678118654746 0.70710678118654746 0
  outer loop
   vertex 150 103.5 125
   vertex 150.5 103 125
   vertex 150 103.5 124
  endloop
 endfacet
 facet normal -1 0 0
  outer loop
   vertex 153.5 103 124
   vertex 153.5 103 125
   vertex 153.5 104 124
  endloop
 endfacet
 facet normal -1 -0 -0
  outer loop
   vertex 153.5 103 125
   vertex 153.5 104 125
   vertex 153.5 104 124
  endloop
 endfacet
 facet normal 0.57735026918962584 0.57735026918962584 -0.57735026918962584
  outer loop
   vertex 156 103.5 124
   vertex 155.5 104 124
   vertex 156 104 124.5
  endloop
 endfacet
 facet normal 0.57735026918962584 0.57735026918962584 -0.57735026918962584
  outer loop
   vertex 156 103.5 124
   vertex 156 104 124.5
   vertex 156.5 104 125
  endloop
 endfacet
 facet normal 0.57735026918962584 0.57735026918962584 -0.57735026918962584
  outer loop
   vertex 156 103.5 124
   vertex 156.5 104 125
   vertex 156.5 103 124
  endloop
 endfacet
 facet normal 1 0 0
  outer loop
   vertex 156.5 103 124
   vertex 156.5 104 125
   vertex 156.5 103 125
  endloop
 endfacet
 facet normal -0.57735026918962584 0.57735026918962584 0.57735026918962584
  outer loop
   vertex 141 104.5 125
   vertex 141 105 124.5
   vertex 140.5 105 124
  endloop
 endfacet
 facet normal -0.57735026918962584 0.57735026918962584 0.57735026918962584
  outer loop
   vertex 141 104.5 125
   vertex 140.5 105 124
   vertex 140.5 104 125
  endloop
 endfacet
 facet normal -1 0 0
  outer loop
   vertex 140.5 104 125
   vertex 140.5 105 124
   vertex 140.5 104 124
  endloop
 endfacet
 facet normal -0.57735026918962584 0.57735026918962584 0.57735026918962584
  outer loop
   vertex 141 104.5 125
   vertex 141.5 105 125
   vertex 141 105 124.5
  endloop
 endfacet
 facet normal 0.57735026918962584 0.57735026918962584 -0.57735026918962584
  outer loop
   vertex 148 104.5 124
   vertex 147.5 105 124
   vertex 148 105 124.5
  endloop
 endfacet
 facet normal 0.70710678118654746 0 0.70710678118654746
  outer loop
   vertex 149 104 124.5
   vertex 148.5 105 125
   vertex 148.5 104 125
  endloop
 endfacet
 facet normal 0.57735026918962573 0.57735026918962573 -0.57735026918962573
  outer loop
   vertex 149 104 124.5
   vertex 148 104.5 124
   vertex 148.5 105 125
  endloop
 endfacet
 facet normal 0 0.70710678118654746 0.70710678118654746
  outer loop
   vertex 149 104 124.5
   vertex 149 104.5 124
   vertex 148 104.5 124
  endloop
 endfacet
 facet normal 0.57735026918962584 0.57735026918962584 -0.57735026918962584
  outer loop
   vertex 148 105 124.5
   vertex 148.5 105 125
   vertex 148 104.5 124
  endloop
 endfacet
 facet normal 0.57735026918962584 0.57735026918962584 0.57735026918962584
  outer loop
   vertex 149.5 104 124
   vertex 149 104.5 124
   vertex 149 104 124.5
  endloop
 endfacet
 facet normal -1 0 0
  outer loop
   vertex 153.5 104 124
   vertex 153.5 104 125
   vertex 153.5 105 124
  endloop
 endfacet
 facet normal -1 -0 -0
  outer loop
   vertex 153.5 104 125
   vertex 153.5 105 125
   vertex 153.5 105 124
  endloop
 endfacet
 facet normal 0.70710678118654746 0 -0.70710678118654746
  outer loop
   vertex 156 104 124.5
   vertex 155.5 105 124
   vertex 156 105 124.5
  endloop
 endfacet
 facet normal 0.70710678118654746 0 -0.70710678118654746
  outer loop
   vertex 155.5 104 124
   vertex 155.5 105 124
   vertex 156 104 124.5
  endloop
 endfacet
 facet normal 0.70710678118654746 0 -0.70710678118654746
  outer loop
   vertex 156.5 105 125
   vertex 156.5 104 125
   vertex 156 104 124.5
  endloop
 endfacet
 facet normal 0.70710678118654746 0 -0.70710678118654746
  outer loop
   vertex 156 105 124.5
   vertex 156.5 105 125
   vertex 156 104 124.5
  endloop
 endfacet
 facet normal -0.57735026918962584 0.57735026918962584 0.57735026918962584
  outer loop
   vertex 140.5 105 124
   vertex 141 105 124.5
   vertex 141 105.5 124
  endloop
 endfacet
 facet normal -0.57735026918962584 0.57735026918962584 0.57735026918962584
  outer loop
   vertex 141 105 124.5
   vertex 141.5 105 125
   vertex 142 105.5 125
  endloop
 endfacet
 facet normal -0.57735026918962584 0.57735026918962584 0.57735026918962584
  outer loop
   vertex 141 105 124.5
   vertex 142 105.5 125
   vertex 141 105.5 124
  endloop
 endfacet
 facet normal 0 1 0
  outer loop
   vertex 141 105.5 124
   vertex 142 105.5 125
   vertex 142 105.5 124
  endloop
 endfacet
 facet normal -0.57735026918962584 0.57735026918962584 -0.57735026918962584
  outer loop
   vertex 143 106 124.5
   vertex 142 105.5 125
   vertex 142.5 106 125
  endloop
 endfacet
 facet normal -0.57735026918962584 0.57735026918962584 -0.57735026918962584
  outer loop
   vertex 143 106 124.5
   vertex 143 105.5 124
   vertex 142 105.5 125
  endloop
 endfacet
 facet normal 0 1 0
  outer loop
   vertex 143 105.5 124
   vertex 142 105.5 124
   vertex 142 105.5 125
  endloop
 endfacet
 facet normal -0.57735026918962584 0.57735026918962584 -0.57735026918962584
  outer loop
   vertex 143 105.5 124
   vertex 143 106 124.5
   vertex 143.5 106 124
  endloop
 endfacet
 facet normal 0.57735026918962584 0.57735026918962584 0.57735026918962584
  outer loop
   vertex 145 106 124.5
   vertex 144.5 106 125
   vertex 145 105.5 125
  endloop
 endfacet
 facet normal 0.57735026918962584 0.57735026918962584 0.57735026918962584
  outer loop
   vertex 145 106 124.5
   vertex 146 105.5 124
   vertex 145.5 106 124
  endloop
 endfacet
 facet normal 0.57735026918962584 0.57735026918962584 0.57735026918962584
  outer loop
   vertex 145 106 124.5
   vertex 145 105.5 125
   vertex 146 105.5 124
  endloop
 endfacet
 facet normal -0.57735026918962584 0.57735026918962584 -0.57735026918962584
  outer loop
   vertex 146 106 124.5
   vertex 146 105.5 124
   vertex 145.5 106 125
  endloop
 endfacet
 facet normal -0.57735026918962584 0.57735026918962584 -0.57735026918962584
  outer loop
   vertex 145.5 106 125
   vertex 146 105.5 124
   vertex 145 105.5 125
  endloop
 endfacet
 facet normal 0.57735026918962584 0.57735026918962584 -0.57735026918962584
  outer loop
   vertex 146.5 106 125
   vertex 146 105.5 124
   vertex 146 106 124.5
  endloop
 endfacet
 facet normal 0.57735026918962584 0.57735026918962584 -0.57735026918962584
  outer loop
   vertex 146.5 106 125
   vertex 147 105.5 125
   vertex 146 105.5 124
  endloop
 endfacet
 facet normal 0 1 -0
  outer loop
   vertex 147 105.5 125
   vertex 147 105.5 124
   vertex 146 105.5 124
  endloop
 endfacet
 facet normal 0.57735026918962584 0.57735026918962584 -0.57735026918962584
  outer loop
   vertex 148 105 124.5
   vertex 147.5 105 124
   vertex 147 105.5 124
  endloop
 endfacet
 facet normal 0.57735026918962584 0.57735026918962584 -0.57735026918962584
  outer loop
   vertex 148 105 124.5
   vertex 147 105.5 124
   vertex 148 105.5 125
  endloop
 endfacet
 facet normal 0 1 0
  outer loop
   vertex 148 105.5 125
   vertex 147 105.5 124
   vertex 147 105.5 125
  endloop
 endfacet
 facet normal 0.57735026918962584 0.57735026918962584 -0.57735026918962584
  outer loop
   vertex 148.5 105 125
   vertex 148 105 124.5
   vertex 148 105.5 125
  endloop
 endfacet
 facet normal -0.70710678118654746 -0.70710678118654746 -0
  outer loop
   vertex 153 105.5 124
   vertex 153 105.5 125
   vertex 152.5 106 125
  endloop
 endfacet
 facet normal -0.70710678118654746 -0.70710678118654746 0
  outer loop
   vertex 152.5 106 124
   vertex 153 105.5 124
   vertex 152.5 106 125
  endloop
 endfacet
 facet normal -0.70710678118654746 -0.70710678118654746 0
  outer loop
   vertex 153.5 105 125
   vertex 153 105.5 124
   vertex 153.5 105 124
  endloop
 endfacet
 facet normal -0.70710678118654746 -0.70710678118654746 0
  outer loop
   vertex 153 105.5 125
   vertex 153 105.5 124
   vertex 153.5 105 125
  endloop
 endfacet
 facet normal 0.57735026918962584 0.57735026918962584 -0.57735026918962584
  outer loop
   vertex 155 105.5 124
   vertex 154.5 106 124
   vertex 155 106 124.5
  endloop
 endfacet
 facet normal 0.57735026918962584 0.57735026918962584 -0.57735026918962584
  outer loop
   vertex 155 105.5 124
   vertex 155 106 124.5
   vertex 155.5 106 125
  endloop
 endfacet
 facet normal 0.57735026918962584 0.57735026918962584 -0.57735026918962584
  outer loop
   vertex 155.5 105 124
   vertex 155 105.5 124
   vertex 155.5 106 125
  endloop
 endfacet
 facet normal 0.57735026918962584 0.57735026918962584 -0.57735026918962584
  outer loop
   vertex 155.5 105 124
   vertex 155.5 106 125
   vertex 156 105.5 125
  endloop
 endfacet
 facet normal 0.57735026918962584 0.57735026918962584 -0.57735026918962584
  outer loop
   vertex 155.5 105 124
   vertex 156 105.5 125
   vertex 156 105 124.5
  endloop
 endfacet
 facet normal 0.57735026918962584 0.57735026918962584 -0.57735026918962584
  outer loop
   vertex 156.5 105 125
   vertex 156 105 124.5
   vertex 156 105.5 125
  endloop
 endfacet
 facet normal -0.57735026918962584 0.57735026918962584 -0.57735026918962584
  outer loop
   vertex 143 106 124.5
   vertex 142.5 106 125
   vertex 143 106.5 125
  endloop
 endfacet
 facet normal -0.57735026918962584 0.57735026918962584 -0.57735026918962584
  outer loop
   vertex 143.5 106 124
   vertex 143 106 124.5
   vertex 143 106.5 125
  endloop
 endfacet
 facet normal -0.57735026918962584 0.57735026918962584 -0.57735026918962584
  outer loop
   vertex 143.5 106 124
   vertex 143 106.5 125
   vertex 144 106.5 124
  endloop
 endfacet
 facet normal -0 1 0
  outer loop
   vertex 144 106.5 124
   vertex 143 106.5 125
   vertex 144 106.5 125
  endloop
 endfacet
 facet normal 0.57735026918962584 0.57735026918962584 0.57735026918962584
  outer loop
   vertex 144.5 106 125
   vertex 145 106 124.5
   vertex 145 106.5 124
  endloop
 endfacet
 facet normal 0.57735026918962584 0.57735026918962584 0.57735026918962584
  outer loop
   vertex 144.5 106 125
   vertex 145 106.5 124
   vertex 144 106.5 125
  endloop
 endfacet
 facet normal 0 1 0
  outer loop
   vertex 144 106.5 125
   vertex 145 106.5 124
   vertex 144 106.5 124
  endloop
 endfacet
 facet normal -0.57735026918962584 0.57735026918962584 -0.57735026918962584
  outer loop
   vertex 146 106 124.5
   vertex 145.5 106 125
   vertex 146 106.5 125
  endloop
 endfacet
 facet normal 0.57735026918962584 0.57735026918962584 0.57735026918962584
  outer loop
   vertex 145.5 106 124
   vertex 145 106.5 124
   vertex 145 106 124.5
  endloop
 endfacet
 facet normal 0.57735026918962584 0.57735026918962584 -0.57735026918962584
  outer loop
   vertex 146.5 106 125
   vertex 146 106 124.5
   vertex 146 106.5 125
  endloop
 endfacet
 facet normal -0.70710678118654746 -0.70710678118654746 -0
  outer loop
   vertex 152 106.5 124
   vertex 152 106.5 125
   vertex 151.5 107 125
  endloop
 endfacet
 facet normal -0.70710678118654746 -0.70710678118654746 0
  outer loop
   vertex 151.5 107 124
   vertex 152 106.5 124
   vertex 151.5 107 125
  endloop
 endfacet
 facet normal -0.70710678118654746 -0.70710678118654746 0
  outer loop
   vertex 152.5 106 125
   vertex 152 106.5 124
   vertex 152.5 106 124
  endloop
 endfacet
 facet normal -0.70710678118654746 -0.70710678118654746 0
  outer loop
   vertex 152 106.5 125
   vertex 152 106.5 124
   vertex 152.5 106 125
  endloop
 endfacet
 facet normal 0.57735026918962584 0.57735026918962584 -0.57735026918962584
  outer loop
   vertex 155 106 124.5
   vertex 154.5 107 125
   vertex 155 106.5 125
  endloop
 endfacet
 facet normal 0.57735026918962584 0.57735026918962584 -0.57735026918962584
  outer loop
   vertex 155 106 124.5
   vertex 154.5 106 124
   vertex 154.5 107 125
  endloop
 endfacet
 facet normal 1 0 -0
  outer loop
   vertex 154.5 106 124
   vertex 154.5 107 124
   vertex 154.5 107 125
  endloop
 endfacet
 facet normal 0.57735026918962584 0.57735026918962584 -0.57735026918962584
  outer loop
   vertex 155.5 106 125
   vertex 155 106 124.5
   vertex 155 106.5 125
  endloop
 endfacet
 facet normal -0.57735026918962584 -0.57735026918962584 0.57735026918962584
  outer loop
   vertex 151 107.5 124
   vertex 151 108 124.5
   vertex 150.5 108 124
  endloop
 endfacet
 facet normal -0.57735026918962584 -0.57735026918962584 0.57735026918962584
  outer loop
   vertex 151 107.5 124
   vertex 151.5 108 125
   vertex 151 108 124.5
  endloop
 endfacet
 facet normal -0.57735026918962584 -0.57735026918962584 0.57735026918962584
  outer loop
   vertex 151 107.5 124
   vertex 151.5 107 124
   vertex 151.5 108 125
  endloop
 endfacet
 facet normal -1 0 0
  outer loop
   vertex 151.5 107 124
   vertex 151.5 107 125
   vertex 151.5 108 125
  endloop
 endfacet
 facet normal 0.57735026918962584 0.57735026918962584 -0.57735026918962584
  outer loop
   vertex 154 107.5 124
   vertex 153.5 108 124
   vertex 154 108 124.5
  endloop
 endfacet
 facet normal 0.57735026918962584 0.57735026918962584 -0.57735026918962584
  outer loop
   vertex 154 107.5 124
   vertex 154 108 124.5
   vertex 154.5 108 125
  endloop
 endfacet
 facet normal 0.57735026918962584 0.57735026918962584 -0.57735026918962584
  outer loop
   vertex 154 107.5 124
   vertex 154.5 108 125
   vertex 154.5 107 124
  endloop
 endfacet
 facet normal 1 0 0
  outer loop
   vertex 154.5 107 124
   vertex 154.5 108 125
   vertex 154.5 107 125
  endloop
 endfacet
 facet normal -0.70710678118654746 0 0.70710678118654746
  outer loop
   vertex 151 108 124.5
   vertex 151 109 124.5
   vertex 150.5 109 124
  endloop
 endfacet
 facet normal -0.70710678118654746 0 0.70710678118654746
  outer loop
   vertex 150.5 108 124
   vertex 151 108 124.5
   vertex 150.5 109 124
  endloop
 endfacet
 facet normal -0.57735026918962584 0.57735026918962584 0.57735026918962584
  outer loop
   vertex 152 108.5 125
   vertex 151 108 124.5
   vertex 151.5 108 125
  endloop
 endfacet
 facet normal -0.57735026918962584 0.57735026918962584 0.57735026918962584
  outer loop
   vertex 152 108.5 125
   vertex 152 109 124.5
   vertex 151 108 124.5
  endloop
 endfacet
 facet normal -0 0 1
  outer loop
   vertex 152 109 124.5
   vertex 151 109 124.5
   vertex 151 108 124.5
  endloop
 endfacet
 facet normal 0.57735026918962584 0.57735026918962584 0.57735026918962584
  outer loop
   vertex 152 109 124.5
   vertex 153 108.5 124
   vertex 152.5 109 124
  endloop
 endfacet
 facet normal 0.57735026918962584 0.57735026918962584 0.57735026918962584
  outer loop
   vertex 152 109 124.5
   vertex 152 108.5 125
   vertex 153 108.5 124
  endloop
 endfacet
 facet normal 0 1 0
  outer loop
   vertex 152 108.5 125
   vertex 153 108.5 125
   vertex 153 108.5 124
  endloop
 endfacet
 facet normal 0.57735026918962584 0.57735026918962584 -0.57735026918962584
  outer loop
   vertex 154 108 124.5
   vertex 153.5 108 124
   vertex 153 108.5 124
  endloop
 endfacet
 facet normal 0.57735026918962584 0.57735026918962584 -0.57735026918962584
  outer loop
   vertex 154 108 124.5
   vertex 153 108.5 124
   vertex 154 108.5 125
  endloop
 endfacet
 facet normal 0 1 0
  outer loop
   vertex 154 108.5 125
   vertex 153 108.5 124
   vertex 153 108.5 125
  endloop
 endfacet
 facet normal 0.57735026918962584 0.57735026918962584 -0.57735026918962584
  outer loop
   vertex 154.5 108 125
   vertex 154 108 124.5
   vertex 154 108.5 125
  endloop
 endfacet
 facet normal -0.57735026918962584 0.57735026918962584 0.57735026918962584
  outer loop
   vertex 150.5 109 124
   vertex 151 109 124.5
   vertex 151 109.5 124
  endloop
 endfacet
 facet normal -0 0.70710678118654746 0.70710678118654746
  outer loop
   vertex 152 109.5 124
   vertex 151 109.5 124
   vertex 151 109 124.5
  endloop
 endfacet
 facet normal 0 0.70710678118654746 0.70710678118654746
  outer loop
   vertex 152 109 124.5
   vertex 152 109.5 124
   vertex 151 109 124.5
  endloop
 endfacet
 facet normal 0.57735026918962584 0.57735026918962584 0.57735026918962584
  outer loop
   vertex 152.5 109 124
   vertex 152 109.5 124
   vertex 152 109 124.5
  endloop
 endfacet
 facet normal -0.57735026918962584 -0.57735026918962584 -0.57735026918962584
  outer loop
   vertex 145 89 125.5
   vertex 145 88.5 126
   vertex 144.5 89 126
  endloop
 endfacet
 facet normal -0 -0.70710678118654746 -0.70710678118654746
  outer loop
   vertex 145 89 125.5
   vertex 146 89 125.5
   vertex 146 88.5 126
  endloop
 endfacet
 facet normal 0 -0.70710678118654746 -0.70710678118654746
  outer loop
   vertex 145 88.5 126
   vertex 145 89 125.5
   vertex 146 88.5 126
  endloop
 endfacet
 facet normal -0 -0.70710678118654746 -0.70710678118654746
  outer loop
   vertex 146 89 125.5
   vertex 147 89 125.5
   vertex 147 88.5 126
  endloop
 endfacet
 facet normal 0 -0.70710678118654746 -0.70710678118654746
  outer loop
   vertex 146 88.5 126
   vertex 146 89 125.5
   vertex 147 88.5 126
  endloop
 endfacet
 facet normal -0 -0.70710678118654746 -0.70710678118654746
  outer loop
   vertex 147 89 125.5
   vertex 148 89 125.5
   vertex 148 88.5 126
  endloop
 endfacet
 facet normal 0 -0.70710678118654746 -0.70710678118654746
  outer loop
   vertex 147 88.5 126
   vertex 147 89 125.5
   vertex 148 88.5 126
  endloop
 endfacet
 facet normal 0.57735026918962584 -0.57735026918962584 -0.57735026918962584
  outer loop
   vertex 148 88.5 126
   vertex 148 89 125.5
   vertex 148.5 89 126
  endloop
 endfacet
 facet normal -0.57735026918962584 -0.57735026918962584 -0.57735026918962584
  outer loop
   vertex 144 90 125.5
   vertex 144 89.5 126
   vertex 143.5 90 126
  endloop
 endfacet
 facet normal -0.57735026918962584 -0.57735026918962584 -0.57735026918962584
  outer loop
   vertex 144.5 89 126
   vertex 144 89.5 126
   vertex 144 90 125.5
  endloop
 endfacet
 facet normal -0.57735026918962584 -0.57735026918962584 -0.57735026918962584
  outer loop
   vertex 145 89 125.5
   vertex 144.5 89 126
   vertex 144 90 125.5
  endloop
 endfacet
 facet normal -0.57735026918962584 -0.57735026918962584 -0.57735026918962584
  outer loop
   vertex 145 89 125.5
   vertex 144 90 125.5
   vertex 144.5 90 125
  endloop
 endfacet
 facet normal -0.57735026918962584 -0.57735026918962584 -0.57735026918962584
  outer loop
   vertex 145 89 125.5
   vertex 144.5 90 125
   vertex 145 89.5 125
  endloop
 endfacet
 facet normal 0 -0.70710678118654746 -0.70710678118654746
  outer loop
   vertex 146 89.5 125
   vertex 145 89 125.5
   vertex 145 89.5 125
  endloop
 endfacet
 facet normal 0 -0.70710678118654746 -0.70710678118654746
  outer loop
   vertex 146 89 125.5
   vertex 145 89 125.5
   vertex 146 89.5 125
  endloop
 endfacet
 facet normal 0 -0.70710678118654746 -0.70710678118654746
  outer loop
   vertex 147 89.5 125
   vertex 146 89 125.5
   vertex 146 89.5 125
  endloop
 endfacet
 facet normal 0 -0.70710678118654746 -0.70710678118654746
  outer loop
   vertex 147 89 125.5
   vertex 146 89 125.5
   vertex 147 89.5 125
  endloop
 endfacet
 facet normal 0 -0.70710678118654746 -0.70710678118654746
  outer loop
   vertex 148 89.5 125
   vertex 147 89 125.5
   vertex 147 89.5 125
  endloop
 endfacet
 facet normal 0 -0.70710678118654746 -0.70710678118654746
  outer loop
   vertex 148 89 125.5
   vertex 147 89 125.5
   vertex 148 89.5 125
  endloop
 endfacet
 facet normal 0.57735026918962584 -0.57735026918962584 -0.57735026918962584
  outer loop
   vertex 148 89 125.5
   vertex 149 89.5 126
   vertex 148.5 89 126
  endloop
 endfacet
 facet normal 0.57735026918962584 -0.57735026918962584 -0.57735026918962584
  outer loop
   vertex 148 89 125.5
   vertex 148 89.5 125
   vertex 149 89.5 126
  endloop
 endfacet
 facet normal 0 -1 0
  outer loop
   vertex 148 89.5 125
   vertex 149 89.5 125
   vertex 149 89.5 126
  endloop
 endfacet
 facet normal 0.57735026918962584 -0.57735026918962584 -0.57735026918962584
  outer loop
   vertex 149.5 90 125
   vertex 150 90 125.5
   vertex 150 89.5 126
  endloop
 endfacet
 facet normal 0.57735026918962584 -0.57735026918962584 -0.57735026918962584
  outer loop
   vertex 149.5 90 125
   vertex 150 89.5 126
   vertex 149 89.5 125
  endloop
 endfacet
 facet normal -0 -1 0
  outer loop
   vertex 149 89.5 125
   vertex 150 89.5 126
   vertex 149 89.5 126
  endloop
 endfacet
 facet normal 0.57735026918962584 -0.57735026918962584 -0.57735026918962584
  outer loop
   vertex 150 89.5 126
   vertex 150 90 125.5
   vertex 150.5 90 126
  endloop
 endfacet
 facet normal -0.57735026918962584 -0.57735026918962584 -0.57735026918962584
  outer loop
   vertex 143 91 125.5
   vertex 143 90.5 126
   vertex 142.5 91 126
  endloop
 endfacet
 facet normal -0.57735026918962584 -0.57735026918962584 -0.57735026918962584
  outer loop
   vertex 143.5 90 126
   vertex 143 90.5 126
   vertex 143 91 125.5
  endloop
 endfacet
 facet normal -0.57735026918962584 -0.57735026918962584 -0.57735026918962584
  outer loop
   vertex 144 90 125.5
   vertex 143.5 90 126
   vertex 143 91 125.5
  endloop
 endfacet
 facet normal -0.57735026918962584 -0.57735026918962584 -0.57735026918962584
  outer loop
   vertex 144 90 125.5
   vertex 143 91 125.5
   vertex 143.5 91 125
  endloop
 endfacet
 facet normal -0.57735026918962584 -0.57735026918962584 -0.57735026918962584
  outer loop
   vertex 144 90 125.5
   vertex 143.5 91 125
   vertex 144 90.5 125
  endloop
 endfacet
 facet normal -0.57735026918962584 -0.57735026918962584 -0.57735026918962584
  outer loop
   vertex 144.5 90 125
   vertex 144 90 125.5
   vertex 144 90.5 125
  endloop
 endfacet
 facet normal 0.57735026918962584 -0.57735026918962584 -0.57735026918962584
  outer loop
   vertex 149.5 90 125
   vertex 150 90.5 125
   vertex 150 90 125.5
  endloop
 endfacet
 facet normal 0.57735026918962584 -0.57735026918962584 -0.57735026918962584
  outer loop
   vertex 150.5 91 125
   vertex 151 91 125.5
   vertex 151 90.5 126
  endloop
 endfacet
 facet normal 0.57735026918962584 -0.57735026918962584 -0.57735026918962584
  outer loop
   vertex 150 90.5 125
   vertex 150.5 91 125
   vertex 151 90.5 126
  endloop
 endfacet
 facet normal 0.57735026918962584 -0.57735026918962584 -0.57735026918962584
  outer loop
   vertex 150 90.5 125
   vertex 151 90.5 126
   vertex 150.5 90 126
  endloop
 endfacet
 facet normal 0.57735026918962584 -0.57735026918962584 -0.57735026918962584
  outer loop
   vertex 150 90.5 125
   vertex 150.5 90 126
   vertex 150 90 125.5
  endloop
 endfacet
 facet normal 0.57735026918962584 -0.57735026918962584 -0.57735026918962584
  outer loop
   vertex 151 90.5 126
   vertex 151 91 125.5
   vertex 151.5 91 126
  endloop
 endfacet
 facet normal -0.70710678118654746 0 -0.70710678118654746
  outer loop
   vertex 143 92 125.5
   vertex 143 91 125.5
   vertex 142.5 91 126
  endloop
 endfacet
 facet normal -0.70710678118654746 0 -0.70710678118654746
  outer loop
   vertex 142.5 92 126
   vertex 143 92 125.5
   vertex 142.5 91 126
  endloop
 endfacet
 facet normal -0.70710678118654746 0 -0.70710678118654746
  outer loop
   vertex 143.5 91 125
   vertex 143 92 125.5
   vertex 143.5 92 125
  endloop
 endfacet
 facet normal -0.70710678118654746 -0 -0.70710678118654746
  outer loop
   vertex 143 91 125.5
   vertex 143 92 125.5
   vertex 143.5 91 125
  endloop
 endfacet
 facet normal 0.57735026918962584 -0.57735026918962584 -0.57735026918962584
  outer loop
   vertex 150.5 91 125
   vertex 151 91.5 125
   vertex 151 91 125.5
  endloop
 endfacet
 facet normal 0.57735026918962584 -0.57735026918962584 -0.57735026918962584
  outer loop
   vertex 151.5 92 125
   vertex 152 92 125.5
   vertex 152 91.5 126
  endloop
 endfacet
 facet normal 0.57735026918962584 -0.57735026918962584 -0.57735026918962584
  outer loop
   vertex 151 91.5 125
   vertex 151.5 92 125
   vertex 152 91.5 126
  endloop
 endfacet
 facet normal 0.57735026918962584 -0.57735026918962584 -0.57735026918962584
  outer loop
   vertex 151 91.5 125
   vertex 152 91.5 126
   vertex 151.5 91 126
  endloop
 endfacet
 facet normal 0.57735026918962584 -0.57735026918962584 -0.57735026918962584
  outer loop
   vertex 151 91.5 125
   vertex 151.5 91 126
   vertex 151 91 125.5
  endloop
 endfacet
 facet normal 0.57735026918962584 -0.57735026918962584 -0.57735026918962584
  outer loop
   vertex 152 91.5 126
   vertex 152 92 125.5
   vertex 152.5 92 126
  endloop
 endfacet
 facet normal -0.57735026918962584 -0.57735026918962584 -0.57735026918962584
  outer loop
   vertex 143 92.5 125
   vertex 143 92 125.5
   vertex 142.5 92 126
  endloop
 endfacet
 facet normal -0.57735026918962584 -0.57735026918962584 -0.57735026918962584
  outer loop
   vertex 143 92.5 125
   vertex 142.5 92 126
   vertex 142.5 93 125
  endloop
 endfacet
 facet normal -1 0 0
  outer loop
   vertex 142.5 93 125
   vertex 142.5 92 126
   vertex 142.5 93 126
  endloop
 endfacet
 facet normal -0.57735026918962584 -0.57735026918962584 -0.57735026918962584
  outer loop
   vertex 143.5 92 125
   vertex 143 92 125.5
   vertex 143 92.5 125
  endloop
 endfacet
 facet normal 0.57735026918962584 -0.57735026918962584 -0.57735026918962584
  outer loop
   vertex 151.5 92 125
   vertex 152 92.5 125
   vertex 152 92 125.5
  endloop
 endfacet
 facet normal 0.57735026918962584 -0.57735026918962584 -0.57735026918962584
  outer loop
   vertex 152 92 125.5
   vertex 152 92.5 125
   vertex 152.5 93 125
  endloop
 endfacet
 facet normal 0.57735026918962584 -0.57735026918962584 -0.57735026918962584
  outer loop
   vertex 152 92 125.5
   vertex 152.5 93 125
   vertex 152.5 92 126
  endloop
 endfacet
 facet normal 1 0 -0
  outer loop
   vertex 152.5 92 126
   vertex 152.5 93 125
   vertex 152.5 93 126
  endloop
 endfacet
 facet normal -1 0 0
  outer loop
   vertex 142.5 93 125
   vertex 142.5 93 126
   vertex 142.5 94 125
  endloop
 endfacet
 facet normal -1 -0 -0
  outer loop
   vertex 142.5 93 126
   vertex 142.5 94 126
   vertex 142.5 94 125
  endloop
 endfacet
 facet normal 1 0 0
  outer loop
   vertex 152.5 93 125
   vertex 152.5 94 125
   vertex 152.5 93 126
  endloop
 endfacet
 facet normal 1 0 -0
  outer loop
   vertex 152.5 93 126
   vertex 152.5 94 125
   vertex 152.5 94 126
  endloop
 endfacet
 facet normal -0.57735026918962584 0.57735026918962584 0.57735026918962584
  outer loop
   vertex 143 94.5 126
   vertex 143 95 125.5
   vertex 142.5 95 125
  endloop
 endfacet
 facet normal -0.57735026918962584 0.57735026918962584 0.57735026918962584
  outer loop
   vertex 143 94.5 126
   vertex 142.5 95 125
   vertex 142.5 94 126
  endloop
 endfacet
 facet normal -1 0 0
  outer loop
   vertex 142.5 94 126
   vertex 142.5 95 125
   vertex 142.5 94 125
  endloop
 endfacet
 facet normal 0 0.70710678118654746 0.70710678118654746
  outer loop
   vertex 143 95 125.5
   vertex 144 94.5 126
   vertex 144 95 125.5
  endloop
 endfacet
 facet normal 0 0.70710678118654746 0.70710678118654746
  outer loop
   vertex 143 94.5 126
   vertex 144 94.5 126
   vertex 143 95 125.5
  endloop
 endfacet
 facet normal -0.57735026918962584 0.57735026918962584 0.57735026918962584
  outer loop
   vertex 144 94.5 126
   vertex 144.5 95 126
   vertex 144 95 125.5
  endloop
 endfacet
 facet normal 1 0 0
  outer loop
   vertex 152.5 94 125
   vertex 152.5 95 125
   vertex 152.5 94 126
  endloop
 endfacet
 facet normal 1 0 -0
  outer loop
   vertex 152.5 94 126
   vertex 152.5 95 125
   vertex 152.5 95 126
  endloop
 endfacet
 facet normal -0.57735026918962584 -0.57735026918962584 0.57735026918962584
  outer loop
   vertex 156 94.5 125
   vertex 156 95 125.5
   vertex 155.5 95 125
  endloop
 endfacet
 facet normal -0.57735026918962584 -0.57735026918962584 0.57735026918962584
  outer loop
   vertex 156.5 95 126
   vertex 156 95 125.5
   vertex 156 94.5 125
  endloop
 endfacet
 facet normal -0.57735026918962584 -0.57735026918962584 0.57735026918962584
  outer loop
   vertex 156.5 95 126
   vertex 156 94.5 125
   vertex 157 94.5 126
  endloop
 endfacet
 facet normal 0 -1 0
  outer loop
   vertex 157 94.5 126
   vertex 156 94.5 125
   vertex 157 94.5 125
  endloop
 endfacet
 facet normal 0.70710678118654746 -0.70710678118654746 0
  outer loop
   vertex 157 94.5 126
   vertex 157 94.5 125
   vertex 157.5 95 125
  endloop
 endfacet
 facet normal 0.70710678118654746 -0.70710678118654746 0
  outer loop
   vertex 157.5 95 126
   vertex 157 94.5 126
   vertex 157.5 95 125
  endloop
 endfacet
 facet normal -0.70710678118654746 0 0.70710678118654746
  outer loop
   vertex 143 95 125.5
   vertex 143 96 125.5
   vertex 142.5 96 125
  endloop
 endfacet
 facet normal -0.70710678118654746 0 0.70710678118654746
  outer loop
   vertex 142.5 95 125
   vertex 143 95 125.5
   vertex 142.5 96 125
  endloop
 endfacet
 facet normal 0 0 1
  outer loop
   vertex 144 95 125.5
   vertex 144 96 125.5
   vertex 143 95 125.5
  endloop
 endfacet
 facet normal -0 0 1
  outer loop
   vertex 144 96 125.5
   vertex 143 96 125.5
   vertex 143 95 125.5
  endloop
 endfacet
 facet normal -0.70710678118654746 0 0.70710678118654746
  outer loop
   vertex 144.5 96 126
   vertex 144 95 125.5
   vertex 144.5 95 126
  endloop
 endfacet
 facet normal -0.70710678118654746 0 0.70710678118654746
  outer loop
   vertex 144 96 125.5
   vertex 144 95 125.5
   vertex 144.5 96 126
  endloop
 endfacet
 facet normal 0.57735026918962584 -0.57735026918962584 -0.57735026918962584
  outer loop
   vertex 153 95.5 126
   vertex 152.5 96 125
   vertex 153 96 125.5
  endloop
 endfacet
 facet normal 0.57735026918962584 -0.57735026918962584 -0.57735026918962584
  outer loop
   vertex 153 95.5 126
   vertex 152.5 95 126
   vertex 152.5 96 125
  endloop
 endfacet
 facet normal 1 0 0
  outer loop
   vertex 152.5 95 126
   vertex 152.5 95 125
   vertex 152.5 96 125
  endloop
 endfacet
 facet normal 0.57735026918962584 -0.57735026918962584 -0.57735026918962584
  outer loop
   vertex 153 95.5 126
   vertex 153 96 125.5
   vertex 153.5 96 126
  endloop
 endfacet
 facet normal -0.70710678118654746 0 0.70710678118654746
  outer loop
   vertex 156 95 125.5
   vertex 156 96 125.5
   vertex 155.5 96 125
  endloop
 endfacet
 facet normal -0.70710678118654746 0 0.70710678118654746
  outer loop
   vertex 155.5 95 125
   vertex 156 95 125.5
   vertex 155.5 96 125
  endloop
 endfacet
 facet normal -0.57735026918962584 0.57735026918962584 0.57735026918962584
  outer loop
   vertex 157 95.5 126
   vertex 156 95 125.5
   vertex 156.5 95 126
  endloop
 endfacet
 facet normal -0.57735026918962584 0.57735026918962584 0.57735026918962584
  outer loop
   vertex 157 95.5 126
   vertex 157 96 125.5
   vertex 156 95 125.5
  endloop
 endfacet
 facet normal -0 0 1
  outer loop
   vertex 157 96 125.5
   vertex 156 96 125.5
   vertex 156 95 125.5
  endloop
 endfacet
 facet normal 0.57735026918962584 0.57735026918962584 0.57735026918962584
  outer loop
   vertex 157 96 125.5
   vertex 157 95.5 126
   vertex 157.5 95 126
  endloop
 endfacet
 facet normal 0.57735026918962584 0.57735026918962584 0.57735026918962584
  outer loop
   vertex 157 96 125.5
   vertex 157.5 95 126
   vertex 157.5 96 125
  endloop
 endfacet
 facet normal 1 0 0
  outer loop
   vertex 157.5 96 125
   vertex 157.5 95 126
   vertex 157.5 95 125
  endloop
 endfacet
 facet normal -0.70710678118654746 0 0.70710678118654746
  outer loop
   vertex 143 96 125.5
   vertex 143 97 125.5
   vertex 142.5 97 125
  endloop
 endfacet
 facet normal -0.70710678118654746 0 0.70710678118654746
  outer loop
   vertex 142.5 96 125
   vertex 143 96 125.5
   vertex 142.5 97 125
  endloop
 endfacet
 facet normal 0 0 1
  outer loop
   vertex 144 96 125.5
   vertex 144 97 125.5
   vertex 143 96 125.5
  endloop
 endfacet
 facet normal -0 0 1
  outer loop
   vertex 144 97 125.5
   vertex 143 97 125.5
   vertex 143 96 125.5
  endloop
 endfacet
 facet normal -0.70710678118654746 0 0.70710678118654746
  outer loop
   vertex 144.5 97 126
   vertex 144 96 125.5
   vertex 144.5 96 126
  endloop
 endfacet
 facet normal -0.70710678118654746 0 0.70710678118654746
  outer loop
   vertex 144 97 125.5
   vertex 144 96 125.5
   vertex 144.5 97 126
  endloop
 endfacet
 facet normal 0.57735026918962584 0.57735026918962584 -0.57735026918962584
  outer loop
   vertex 153 96 125.5
   vertex 152.5 97 126
   vertex 153 96.5 126
  endloop
 endfacet
 facet normal 0.57735026918962584 0.57735026918962584 -0.57735026918962584
  outer loop
   vertex 153 96 125.5
   vertex 152.5 96 125
   vertex 152.5 97 126
  endloop
 endfacet
 facet normal 1 0 -0
  outer loop
   vertex 152.5 96 125
   vertex 152.5 97 125
   vertex 152.5 97 126
  endloop
 endfacet
 facet normal -0.57735026918962584 -0.57735026918962584 0.57735026918962584
  outer loop
   vertex 154 96.5 125
   vertex 154 97 125.5
   vertex 153.5 97 125
  endloop
 endfacet
 facet normal 0.57735026918962584 0.57735026918962584 -0.57735026918962584
  outer loop
   vertex 153 96 125.5
   vertex 153 96.5 126
   vertex 153.5 96 126
  endloop
 endfacet
 facet normal -0.57735026918962584 -0.57735026918962584 0.57735026918962584
  outer loop
   vertex 154.5 97 126
   vertex 154 97 125.5
   vertex 154 96.5 125
  endloop
 endfacet
 facet normal -0.57735026918962584 -0.57735026918962584 0.57735026918962584
  outer loop
   vertex 154.5 97 126
   vertex 154 96.5 125
   vertex 155 96.5 126
  endloop
 endfacet
 facet normal 0 -1 0
  outer loop
   vertex 155 96.5 126
   vertex 154 96.5 125
   vertex 155 96.5 125
  endloop
 endfacet
 facet normal -0.57735026918962584 -0.57735026918962584 0.57735026918962584
  outer loop
   vertex 156 96 125.5
   vertex 155 96.5 125
   vertex 155.5 96 125
  endloop
 endfacet
 facet normal -0.57735026918962584 -0.57735026918962584 0.57735026918962584
  outer loop
   vertex 156 96 125.5
   vertex 156 96.5 126
   vertex 155 96.5 125
  endloop
 endfacet
 facet normal 0 -1 0
  outer loop
   vertex 156 96.5 126
   vertex 155 96.5 126
   vertex 155 96.5 125
  endloop
 endfacet
 facet normal 0 -0.70710678118654746 0.70710678118654746
  outer loop
   vertex 157 96 125.5
   vertex 156 96.5 126
   vertex 156 96 125.5
  endloop
 endfacet
 facet normal 0 -0.70710678118654746 0.70710678118654746
  outer loop
   vertex 157 96.5 126
   vertex 156 96.5 126
   vertex 157 96 125.5
  endloop
 endfacet
 facet normal 0.57735026918962584 -0.57735026918962584 0.57735026918962584
  outer loop
   vertex 157 96.5 126
   vertex 157 96 125.5
   vertex 157.5 96 125
  endloop
 endfacet
 facet normal 0.57735026918962584 -0.57735026918962584 0.57735026918962584
  outer loop
   vertex 157 96.5 126
   vertex 157.5 96 125
   vertex 157.5 97 126
  endloop
 endfacet
 facet normal 1 0 0
  outer loop
   vertex 157.5 97 126
   vertex 157.5 96 125
   vertex 157.5 97 125
  endloop
 endfacet
 facet normal -0.70710678118654746 0 0.70710678118654746
  outer loop
   vertex 143 97 125.5
   vertex 143 98 125.5
   vertex 142.5 98 125
  endloop
 endfacet
 facet normal -0.70710678118654746 0 0.70710678118654746
  outer loop
   vertex 142.5 97 125
   vertex 143 97 125.5
   vertex 142.5 98 125
  endloop
 endfacet
 facet normal 0 0 1
  outer loop
   vertex 144 97 125.5
   vertex 144 98 125.5
   vertex 143 97 125.5
  endloop
 endfacet
 facet normal -0 0 1
  outer loop
   vertex 144 98 125.5
   vertex 143 98 125.5
   vertex 143 97 125.5
  endloop
 endfacet
 facet normal -0.70710678118654746 0 0.70710678118654746
  outer loop
   vertex 144.5 98 126
   vertex 144 97 125.5
   vertex 144.5 97 126
  endloop
 endfacet
 facet normal -0.70710678118654746 0 0.70710678118654746
  outer loop
   vertex 144 98 125.5
   vertex 144 97 125.5
   vertex 144.5 98 126
  endloop
 endfacet
 facet normal 1 0 0
  outer loop
   vertex 152.5 97 125
   vertex 152.5 98 125
   vertex 152.5 97 126
  endloop
 endfacet
 facet normal 1 0 -0
  outer loop
   vertex 152.5 97 126
   vertex 152.5 98 125
   vertex 152.5 98 126
  endloop
 endfacet
 facet normal -0.70710678118654746 0 0.70710678118654746
  outer loop
   vertex 154 97 125.5
   vertex 154 98 125.5
   vertex 153.5 98 125
  endloop
 endfacet
 facet normal -0.70710678118654746 0 0.70710678118654746
  outer loop
   vertex 153.5 97 125
   vertex 154 97 125.5
   vertex 153.5 98 125
  endloop
 endfacet
 facet normal -0.70710678118654746 0 0.70710678118654746
  outer loop
   vertex 154.5 98 126
   vertex 154 97 125.5
   vertex 154.5 97 126
  endloop
 endfacet
 facet normal -0.70710678118654746 0 0.70710678118654746
  outer loop
   vertex 154 98 125.5
   vertex 154 97 125.5
   vertex 154.5 98 126
  endloop
 endfacet
 facet normal 1 0 0
  outer loop
   vertex 157.5 97 125
   vertex 157.5 98 125
   vertex 157.5 97 126
  endloop
 endfacet
 facet normal 1 0 -0
  outer loop
   vertex 157.5 97 126
   vertex 157.5 98 125
   vertex 157.5 98 126
  endloop
 endfacet
 facet normal -0.57735026918962584 -0.57735026918962584 0.57735026918962584
  outer loop
   vertex 142 98.5 125
   vertex 142 99 125.5
   vertex 141.5 99 125
  endloop
 endfacet
 facet normal -0.57735026918962584 -0.57735026918962584 0.57735026918962584
  outer loop
   vertex 142 98.5 125
   vertex 142.5 98 125
   vertex 143 98 125.5
  endloop
 endfacet
 facet normal -0.57735026918962584 -0.57735026918962584 0.57735026918962584
  outer loop
   vertex 142 98.5 125
   vertex 143 98 125.5
   vertex 142 99 125.5
  endloop
 endfacet
 facet normal 0 -0 1
  outer loop
   vertex 142 99 125.5
   vertex 143 98 125.5
   vertex 143 99 125.5
  endloop
 endfacet
 facet normal -0.57735026918962584 -0.57735026918962584 0.57735026918962584
  outer loop
   vertex 143.5 99 126
   vertex 144 98 125.5
   vertex 144 98.5 126
  endloop
 endfacet
 facet normal -0.57735026918962584 -0.57735026918962584 0.57735026918962584
  outer loop
   vertex 143.5 99 126
   vertex 143 99 125.5
   vertex 144 98 125.5
  endloop
 endfacet
 facet normal 0 0 1
  outer loop
   vertex 143 99 125.5
   vertex 143 98 125.5
   vertex 144 98 125.5
  endloop
 endfacet
 facet normal -0.57735026918962584 -0.57735026918962584 0.57735026918962584
  outer loop
   vertex 144.5 98 126
   vertex 144 98.5 126
   vertex 144 98 125.5
  endloop
 endfacet
 facet normal 1 0 0
  outer loop
   vertex 152.5 98 125
   vertex 152.5 99 125
   vertex 152.5 98 126
  endloop
 endfacet
 facet normal 1 0 -0
  outer loop
   vertex 152.5 98 126
   vertex 152.5 99 125
   vertex 152.5 99 126
  endloop
 endfacet
 facet normal -0.57735026918962584 -0.57735026918962584 0.57735026918962584
  outer loop
   vertex 154 98 125.5
   vertex 154 98.5 126
   vertex 153.5 99 126
  endloop
 endfacet
 facet normal -0.57735026918962584 -0.57735026918962584 0.57735026918962584
  outer loop
   vertex 154 98 125.5
   vertex 153.5 99 126
   vertex 153.5 98 125
  endloop
 endfacet
 facet normal -1 0 -0
  outer loop
   vertex 153.5 98 125
   vertex 153.5 99 126
   vertex 153.5 99 125
  endloop
 endfacet
 facet normal -0.57735026918962584 -0.57735026918962584 0.57735026918962584
  outer loop
   vertex 154.5 98 126
   vertex 154 98.5 126
   vertex 154 98 125.5
  endloop
 endfacet
 facet normal 1 0 0
  outer loop
   vertex 157.5 98 125
   vertex 157.5 99 125
   vertex 157.5 98 126
  endloop
 endfacet
 facet normal 1 0 -0
  outer loop
   vertex 157.5 98 126
   vertex 157.5 99 125
   vertex 157.5 99 126
  endloop
 endfacet
 facet normal -0.70710678118654746 0 0.70710678118654746
  outer loop
   vertex 142 99 125.5
   vertex 142 100 125.5
   vertex 141.5 100 125
  endloop
 endfacet
 facet normal -0.70710678118654746 0 0.70710678118654746
  outer loop
   vertex 141.5 99 125
   vertex 142 99 125.5
   vertex 141.5 100 125
  endloop
 endfacet
 facet normal 0 0 1
  outer loop
   vertex 143 99 125.5
   vertex 143 100 125.5
   vertex 142 99 125.5
  endloop
 endfacet
 facet normal -0 0 1
  outer loop
   vertex 143 100 125.5
   vertex 142 100 125.5
   vertex 142 99 125.5
  endloop
 endfacet
 facet normal -0.70710678118654746 0 0.70710678118654746
  outer loop
   vertex 143.5 100 126
   vertex 143 99 125.5
   vertex 143.5 99 126
  endloop
 endfacet
 facet normal -0.70710678118654746 0 0.70710678118654746
  outer loop
   vertex 143 100 125.5
   vertex 143 99 125.5
   vertex 143.5 100 126
  endloop
 endfacet
 facet normal 0.57735026918962584 0.57735026918962584 0.57735026918962584
  outer loop
   vertex 152 100 125.5
   vertex 151.5 100 126
   vertex 152 99.5 126
  endloop
 endfacet
 facet normal 0.57735026918962584 0.57735026918962584 0.57735026918962584
  outer loop
   vertex 152 100 125.5
   vertex 152 99.5 126
   vertex 152.5 99 126
  endloop
 endfacet
 facet normal 0.57735026918962584 0.57735026918962584 0.57735026918962584
  outer loop
   vertex 152 100 125.5
   vertex 152.5 99 126
   vertex 152.5 100 125
  endloop
 endfacet
 facet normal 1 0 0
  outer loop
   vertex 152.5 100 125
   vertex 152.5 99 126
   vertex 152.5 99 125
  endloop
 endfacet
 facet normal -1 0 0
  outer loop
   vertex 153.5 99 125
   vertex 153.5 99 126
   vertex 153.5 100 125
  endloop
 endfacet
 facet normal -1 -0 -0
  outer loop
   vertex 153.5 99 126
   vertex 153.5 100 126
   vertex 153.5 100 125
  endloop
 endfacet
 facet normal 1 0 0
  outer loop
   vertex 157.5 99 125
   vertex 157.5 100 125
   vertex 157.5 99 126
  endloop
 endfacet
 facet normal 1 0 -0
  outer loop
   vertex 157.5 99 126
   vertex 157.5 100 125
   vertex 157.5 100 126
  endloop
 endfacet
 facet normal -0.70710678118654746 -0.70710678118654746 -0
  outer loop
   vertex 141 100.5 125
   vertex 141 100.5 126
   vertex 140.5 101 126
  endloop
 endfacet
 facet normal -0.70710678118654746 -0.70710678118654746 0
  outer loop
   vertex 140.5 101 125
   vertex 141 100.5 125
   vertex 140.5 101 126
  endloop
 endfacet
 facet normal -0.57735026918962584 -0.57735026918962584 0.57735026918962584
  outer loop
   vertex 142 100 125.5
   vertex 141 100.5 125
   vertex 141.5 100 125
  endloop
 endfacet
 facet normal -0.57735026918962584 -0.57735026918962584 0.57735026918962584
  outer loop
   vertex 142 100 125.5
   vertex 142 100.5 126
   vertex 141 100.5 125
  endloop
 endfacet
 facet normal 0 -1 0
  outer loop
   vertex 142 100.5 126
   vertex 141 100.5 126
   vertex 141 100.5 125
  endloop
 endfacet
 facet normal 0 -0.70710678118654746 0.70710678118654746
  outer loop
   vertex 143 100 125.5
   vertex 142 100.5 126
   vertex 142 100 125.5
  endloop
 endfacet
 facet normal 0 -0.70710678118654746 0.70710678118654746
  outer loop
   vertex 143 100.5 126
   vertex 142 100.5 126
   vertex 143 100 125.5
  endloop
 endfacet
 facet normal -0.57735026918962584 -0.57735026918962584 0.57735026918962584
  outer loop
   vertex 143.5 100 126
   vertex 143 100.5 126
   vertex 143 100 125.5
  endloop
 endfacet
 facet normal 0.57735026918962584 0.57735026918962584 0.57735026918962584
  outer loop
   vertex 152 100.5 125
   vertex 151.5 100 126
   vertex 152 100 125.5
  endloop
 endfacet
 facet normal 0.57735026918962584 0.57735026918962584 0.57735026918962584
  outer loop
   vertex 152 100.5 125
   vertex 151.5 101 125
   vertex 151.5 100 126
  endloop
 endfacet
 facet normal 1 0 0
  outer loop
   vertex 151.5 101 125
   vertex 151.5 101 126
   vertex 151.5 100 126
  endloop
 endfacet
 facet normal 0.57735026918962584 0.57735026918962584 0.57735026918962584
  outer loop
   vertex 152.5 100 125
   vertex 152 100.5 125
   vertex 152 100 125.5
  endloop
 endfacet
 facet normal -1 0 0
  outer loop
   vertex 153.5 100 125
   vertex 153.5 100 126
   vertex 153.5 101 125
  endloop
 endfacet
 facet normal -1 -0 -0
  outer loop
   vertex 153.5 100 126
   vertex 153.5 101 126
   vertex 153.5 101 125
  endloop
 endfacet
 facet normal 1 0 0
  outer loop
   vertex 157.5 100 125
   vertex 157.5 101 125
   vertex 157.5 100 126
  endloop
 endfacet
 facet normal 1 0 -0
  outer loop
   vertex 157.5 100 126
   vertex 157.5 101 125
   vertex 157.5 101 126
  endloop
 endfacet
 facet normal -1 0 0
  outer loop
   vertex 140.5 101 125
   vertex 140.5 101 126
   vertex 140.5 102 125
  endloop
 endfacet
 facet normal -1 -0 -0
  outer loop
   vertex 140.5 101 126
   vertex 140.5 102 126
   vertex 140.5 102 125
  endloop
 endfacet
 facet normal 1 0 0
  outer loop
   vertex 151.5 101 125
   vertex 151.5 102 125
   vertex 151.5 101 126
  endloop
 endfacet
 facet normal 1 0 -0
  outer loop
   vertex 151.5 101 126
   vertex 151.5 102 125
   vertex 151.5 102 126
  endloop
 endfacet
 facet normal -1 0 0
  outer loop
   vertex 153.5 101 125
   vertex 153.5 101 126
   vertex 153.5 102 125
  endloop
 endfacet
 facet normal -1 -0 -0
  outer loop
   vertex 153.5 101 126
   vertex 153.5 102 126
   vertex 153.5 102 125
  endloop
 endfacet
 facet normal 1 0 0
  outer loop
   vertex 157.5 101 125
   vertex 157.5 102 125
   vertex 157.5 101 126
  endloop
 endfacet
 facet normal 1 0 -0
  outer loop
   vertex 157.5 101 126
   vertex 157.5 102 125
   vertex 157.5 102 126
  endloop
 endfacet
 facet normal -1 0 0
  outer loop
   vertex 140.5 102 125
   vertex 140.5 102 126
   vertex 140.5 103 125
  endloop
 endfacet
 facet normal -1 -0 -0
  outer loop
   vertex 140.5 102 126
   vertex 140.5 103 126
   vertex 140.5 103 125
  endloop
 endfacet
 facet normal 0.57735026918962584 0.57735026918962584 -0.57735026918962584
  outer loop
   vertex 151 102.5 125
   vertex 150.5 103 125
   vertex 151 103 125.5
  endloop
 endfacet
 facet normal 0.57735026918962584 0.57735026918962584 -0.57735026918962584
  outer loop
   vertex 151 102.5 125
   vertex 151 103 125.5
   vertex 151.5 103 126
  endloop
 endfacet
 facet normal 0.57735026918962584 0.57735026918962584 -0.57735026918962584
  outer loop
   vertex 151 102.5 125
   vertex 151.5 103 126
   vertex 151.5 102 125
  endloop
 endfacet
 facet normal 1 0 0
  outer loop
   vertex 151.5 102 125
   vertex 151.5 103 126
   vertex 151.5 102 126
  endloop
 endfacet
 facet normal -1 0 0
  outer loop
   vertex 153.5 102 125
   vertex 153.5 102 126
   vertex 153.5 103 125
  endloop
 endfacet
 facet normal -1 -0 -0
  outer loop
   vertex 153.5 102 126
   vertex 153.5 103 126
   vertex 153.5 103 125
  endloop
 endfacet
 facet normal 0.57735026918962584 0.57735026918962584 -0.57735026918962584
  outer loop
   vertex 157 102.5 125
   vertex 156.5 103 125
   vertex 157 103 125.5
  endloop
 endfacet
 facet normal 0.57735026918962584 0.57735026918962584 -0.57735026918962584
  outer loop
   vertex 157 102.5 125
   vertex 157 103 125.5
   vertex 157.5 103 126
  endloop
 endfacet
 facet normal 0.57735026918962584 0.57735026918962584 -0.57735026918962584
  outer loop
   vertex 157 102.5 125
   vertex 157.5 103 126
   vertex 157.5 102 125
  endloop
 endfacet
 facet normal 1 0 0
  outer loop
   vertex 157.5 102 125
   vertex 157.5 103 126
   vertex 157.5 102 126
  endloop
 endfacet
 facet normal -1 0 0
  outer loop
   vertex 140.5 103 125
   vertex 140.5 103 126
   vertex 140.5 104 125
  endloop
 endfacet
 facet normal -1 -0 -0
  outer loop
   vertex 140.5 103 126
   vertex 140.5 104 126
   vertex 140.5 104 125
  endloop
 endfacet
 facet normal 0.57735026918962584 0.57735026918962584 0.57735026918962584
  outer loop
   vertex 145 104 125.5
   vertex 144.5 104 126
   vertex 145 103.5 126
  endloop
 endfacet
 facet normal 0 0.70710678118654746 0.70710678118654746
  outer loop
   vertex 145 104 125.5
   vertex 146 103.5 126
   vertex 146 104 125.5
  endloop
 endfacet
 facet normal 0 0.70710678118654746 0.70710678118654746
  outer loop
   vertex 145 103.5 126
   vertex 146 103.5 126
   vertex 145 104 125.5
  endloop
 endfacet
 facet normal 0 0.70710678118654746 0.70710678118654746
  outer loop
   vertex 146 104 125.5
   vertex 147 103.5 126
   vertex 147 104 125.5
  endloop
 endfacet
 facet normal 0 0.70710678118654746 0.70710678118654746
  outer loop
   vertex 146 103.5 126
   vertex 147 103.5 126
   vertex 146 104 125.5
  endloop
 endfacet
 facet normal 0 0.70710678118654746 0.70710678118654746
  outer loop
   vertex 147 104 125.5
   vertex 148 103.5 126
   vertex 148 104 125.5
  endloop
 endfacet
 facet normal 0 0.70710678118654746 0.70710678118654746
  outer loop
   vertex 147 103.5 126
   vertex 148 103.5 126
   vertex 147 104 125.5
  endloop
 endfacet
 facet normal 0.57735026918962584 0.57735026918962584 0.57735026918962584
  outer loop
   vertex 148 104 125.5
   vertex 149 103.5 125
   vertex 148.5 104 125
  endloop
 endfacet
 facet normal 0.57735026918962584 0.57735026918962584 0.57735026918962584
  outer loop
   vertex 148 104 125.5
   vertex 148 103.5 126
   vertex 149 103.5 125
  endloop
 endfacet
 facet normal -0.57735026918962584 0.57735026918962584 -0.57735026918962584
  outer loop
   vertex 149 104 125.5
   vertex 149 103.5 125
   vertex 148.5 104 126
  endloop
 endfacet
 facet normal -0.57735026918962584 0.57735026918962584 -0.57735026918962584
  outer loop
   vertex 148.5 104 126
   vertex 149 103.5 125
   vertex 148 103.5 126
  endloop
 endfacet
 facet normal 0.57735026918962584 0.57735026918962584 -0.57735026918962584
  outer loop
   vertex 149.5 104 126
   vertex 149 103.5 125
   vertex 149 104 125.5
  endloop
 endfacet
 facet normal 0.57735026918962584 0.57735026918962584 -0.57735026918962584
  outer loop
   vertex 149.5 104 126
   vertex 150 103.5 126
   vertex 149 103.5 125
  endloop
 endfacet
 facet normal 0 1 -0
  outer loop
   vertex 150 103.5 126
   vertex 150 103.5 125
   vertex 149 103.5 125
  endloop
 endfacet
 facet normal 0.57735026918962584 0.57735026918962584 -0.57735026918962584
  outer loop
   vertex 151 103 125.5
   vertex 150.5 103 125
   vertex 150 103.5 125
  endloop
 endfacet
 facet normal 0.57735026918962584 0.57735026918962584 -0.57735026918962584
  outer loop
   vertex 151 103 125.5
   vertex 150 103.5 125
   vertex 151 103.5 126
  endloop
 endfacet
 facet normal 0 1 0
  outer loop
   vertex 151 103.5 126
   vertex 150 103.5 125
   vertex 150 103.5 126
  endloop
 endfacet
 facet normal 0.57735026918962584 0.57735026918962584 -0.57735026918962584
  outer loop
   vertex 151.5 103 126
   vertex 151 103 125.5
   vertex 151 103.5 126
  endloop
 endfacet
 facet normal -1 0 0
  outer loop
   vertex 153.5 103 125
   vertex 153.5 103 126
   vertex 153.5 104 125
  endloop
 endfacet
 facet normal -1 -0 -0
  outer loop
   vertex 153.5 103 126
   vertex 153.5 104 126
   vertex 153.5 104 125
  endloop
 endfacet
 facet normal 0.57735026918962584 0.57735026918962584 -0.57735026918962584
  outer loop
   vertex 157 103 125.5
   vertex 156.5 104 126
   vertex 157 103.5 126
  endloop
 endfacet
 facet normal 0.57735026918962584 0.57735026918962584 -0.57735026918962584
  outer loop
   vertex 157 103 125.5
   vertex 156.5 103 125
   vertex 156.5 104 126
  endloop
 endfacet
 facet normal 1 0 -0
  outer loop
   vertex 156.5 103 125
   vertex 156.5 104 125
   vertex 156.5 104 126
  endloop
 endfacet
 facet normal 0.57735026918962584 0.57735026918962584 -0.57735026918962584
  outer loop
   vertex 157.5 103 126
   vertex 157 103 125.5
   vertex 157 103.5 126
  endloop
 endfacet
 facet normal -0.70710678118654746 0.70710678118654746 0
  outer loop
   vertex 140.5 104 125
   vertex 140.5 104 126
   vertex 141 104.5 126
  endloop
 endfacet
 facet normal -0.70710678118654746 0.70710678118654746 0
  outer loop
   vertex 141 104.5 125
   vertex 140.5 104 125
   vertex 141 104.5 126
  endloop
 endfacet
 facet normal -0.70710678118654746 0.70710678118654746 0
  outer loop
   vertex 141 104.5 126
   vertex 141.5 105 125
   vertex 141 104.5 125
  endloop
 endfacet
 facet normal -0.70710678118654746 0.70710678118654746 0
  outer loop
   vertex 141.5 105 126
   vertex 141.5 105 125
   vertex 141 104.5 126
  endloop
 endfacet
 facet normal 0.57735026918962584 0.57735026918962584 0.57735026918962584
  outer loop
   vertex 143 105 125.5
   vertex 142.5 105 126
   vertex 143 104.5 126
  endloop
 endfacet
 facet normal 0 0.70710678118654746 0.70710678118654746
  outer loop
   vertex 143 105 125.5
   vertex 144 104.5 126
   vertex 144 105 125.5
  endloop
 endfacet
 facet normal 0 0.70710678118654746 0.70710678118654746
  outer loop
   vertex 143 104.5 126
   vertex 144 104.5 126
   vertex 143 105 125.5
  endloop
 endfacet
 facet normal 0.57735026918962584 0.57735026918962584 0.57735026918962584
  outer loop
   vertex 144.5 104 126
   vertex 144 105 125.5
   vertex 144 104.5 126
  endloop
 endfacet
 facet normal 0.57735026918962584 0.57735026918962584 0.57735026918962584
  outer loop
   vertex 144.5 104 126
   vertex 145 104 125.5
   vertex 144 105 125.5
  endloop
 endfacet
 facet normal 0 0 1
  outer loop
   vertex 145 104 125.5
   vertex 145 105 125.5
   vertex 144 105 125.5
  endloop
 endfacet
 facet normal 0 0 1
  outer loop
   vertex 146 104 125.5
   vertex 146 105 125.5
   vertex 145 104 125.5
  endloop
 endfacet
 facet normal -0 0 1
  outer loop
   vertex 146 105 125.5
   vertex 145 105 125.5
   vertex 145 104 125.5
  endloop
 endfacet
 facet normal 0 0 1
  outer loop
   vertex 147 104 125.5
   vertex 147 105 125.5
   vertex 146 104 125.5
  endloop
 endfacet
 facet normal -0 0 1
  outer loop
   vertex 147 105 125.5
   vertex 146 105 125.5
   vertex 146 104 125.5
  endloop
 endfacet
 facet normal 0 0 1
  outer loop
   vertex 148 104 125.5
   vertex 148 105 125.5
   vertex 147 104 125.5
  endloop
 endfacet
 facet normal -0 0 1
  outer loop
   vertex 148 105 125.5
   vertex 147 105 125.5
   vertex 147 104 125.5
  endloop
 endfacet
 facet normal 0.70710678118654746 0 0.70710678118654746
  outer loop
   vertex 148.5 104 125
   vertex 148.5 105 125
   vertex 148 105 125.5
  endloop
 endfacet
 facet normal 0.70710678118654746 0 0.70710678118654746
  outer loop
   vertex 148.5 104 125
   vertex 148 105 125.5
   vertex 148 104 125.5
  endloop
 endfacet
 facet normal -0.57735026918962584 0.57735026918962584 -0.57735026918962584
  outer loop
   vertex 148.5 104 126
   vertex 149 104.5 126
   vertex 149 104 125.5
  endloop
 endfacet
 facet normal 0.57735026918962584 0.57735026918962584 -0.57735026918962584
  outer loop
   vertex 149.5 104 126
   vertex 149 104 125.5
   vertex 149 104.5 126
  endloop
 endfacet
 facet normal -0.57735026918962584 -0.57735026918962584 -0.57735026918962584
  outer loop
   vertex 153 105 125.5
   vertex 153 104.5 126
   vertex 152.5 105 126
  endloop
 endfacet
 facet normal -0.57735026918962584 -0.57735026918962584 -0.57735026918962584
  outer loop
   vertex 153 105 125.5
   vertex 153.5 104 126
   vertex 153 104.5 126
  endloop
 endfacet
 facet normal -0.57735026918962584 -0.57735026918962584 -0.57735026918962584
  outer loop
   vertex 153 105 125.5
   vertex 153.5 105 125
   vertex 153.5 104 126
  endloop
 endfacet
 facet normal -1 0 0
  outer loop
   vertex 153.5 105 125
   vertex 153.5 104 125
   vertex 153.5 104 126
  endloop
 endfacet
 facet normal 1 0 0
  outer loop
   vertex 156.5 104 125
   vertex 156.5 105 125
   vertex 156.5 104 126
  endloop
 endfacet
 facet normal 1 0 -0
  outer loop
   vertex 156.5 104 126
   vertex 156.5 105 125
   vertex 156.5 105 126
  endloop
 endfacet
 facet normal -0.57735026918962584 0.57735026918962584 -0.57735026918962584
  outer loop
   vertex 142 106 125.5
   vertex 142 105.5 125
   vertex 141.5 105 125
  endloop
 endfacet
 facet normal -0.57735026918962584 0.57735026918962584 -0.57735026918962584
  outer loop
   vertex 142 106 125.5
   vertex 141.5 105 125
   vertex 141.5 106 126
  endloop
 endfacet
 facet normal -1 0 0
  outer loop
   vertex 141.5 106 126
   vertex 141.5 105 125
   vertex 141.5 105 126
  endloop
 endfacet
 facet normal -0.44721359549995793 0 0.89442719099991586
  outer loop
   vertex 143 106 125.5
   vertex 142 105.5 125
   vertex 143 105 125.5
  endloop
 endfacet
 facet normal -0.57735026918962584 0.57735026918962584 0.57735026918962584
  outer loop
   vertex 143 106 125.5
   vertex 142.5 106 125
   vertex 142 105.5 125
  endloop
 endfacet
 facet normal 0.30151134457776363 0.90453403373329089 0.30151134457776363
  outer loop
   vertex 143 105 125.5
   vertex 142 105.5 125
   vertex 142.5 105 126
  endloop
 endfacet
 facet normal 0.57735026918962584 0.57735026918962584 -0.57735026918962584
  outer loop
   vertex 142 106 125.5
   vertex 142.5 106 126
   vertex 142 105.5 125
  endloop
 endfacet
 facet normal 0.89442719099991586 0 -0.44721359549995793
  outer loop
   vertex 142.5 105 126
   vertex 142 105.5 125
   vertex 142.5 106 126
  endloop
 endfacet
 facet normal 0 0 1
  outer loop
   vertex 144 105 125.5
   vertex 144 106 125.5
   vertex 143 105 125.5
  endloop
 endfacet
 facet normal -0 0 1
  outer loop
   vertex 144 106 125.5
   vertex 143 106 125.5
   vertex 143 105 125.5
  endloop
 endfacet
 facet normal 0.57735026918962584 0.57735026918962584 0.57735026918962584
  outer loop
   vertex 145 105.5 125
   vertex 144.5 106 125
   vertex 144 106 125.5
  endloop
 endfacet
 facet normal 0.57735026918962584 0.57735026918962584 0.57735026918962584
  outer loop
   vertex 145 105.5 125
   vertex 144 106 125.5
   vertex 145 105 125.5
  endloop
 endfacet
 facet normal 0 0 1
  outer loop
   vertex 145 105 125.5
   vertex 144 106 125.5
   vertex 144 105 125.5
  endloop
 endfacet
 facet normal -0.57735026918962584 0.57735026918962584 0.57735026918962584
  outer loop
   vertex 145.5 106 125
   vertex 145 105.5 125
   vertex 145 105 125.5
  endloop
 endfacet
 facet normal -0.57735026918962584 0.57735026918962584 0.57735026918962584
  outer loop
   vertex 145.5 106 125
   vertex 145 105 125.5
   vertex 146 106 125.5
  endloop
 endfacet
 facet normal 0 0 1
  outer loop
   vertex 146 106 125.5
   vertex 145 105 125.5
   vertex 146 105 125.5
  endloop
 endfacet
 facet normal 0.57735026918962584 0.57735026918962584 0.57735026918962584
  outer loop
   vertex 147 105.5 125
   vertex 146.5 106 125
   vertex 146 106 125.5
  endloop
 endfacet
 facet normal 0.57735026918962584 0.57735026918962584 0.57735026918962584
  outer loop
   vertex 147 105.5 125
   vertex 146 106 125.5
   vertex 147 105 125.5
  endloop
 endfacet
 facet normal 0 0 1
  outer loop
   vertex 147 105 125.5
   vertex 146 106 125.5
   vertex 146 105 125.5
  endloop
 endfacet
 facet normal -0 0.70710678118654746 0.70710678118654746
  outer loop
   vertex 148 105.5 125
   vertex 147 105.5 125
   vertex 147 105 125.5
  endloop
 endfacet
 facet normal 0 0.70710678118654746 0.70710678118654746
  outer loop
   vertex 148 105 125.5
   vertex 148 105.5 125
   vertex 147 105 125.5
  endloop
 endfacet
 facet normal 0.57735026918962584 0.57735026918962584 0.57735026918962584
  outer loop
   vertex 148.5 105 125
   vertex 148 105.5 125
   vertex 148 105 125.5
  endloop
 endfacet
 facet normal -0.57735026918962584 -0.57735026918962584 -0.57735026918962584
  outer loop
   vertex 153 105.5 125
   vertex 153 105 125.5
   vertex 152.5 105 126
  endloop
 endfacet
 facet normal -0.57735026918962584 -0.57735026918962584 -0.57735026918962584
  outer loop
   vertex 153 105.5 125
   vertex 152.5 105 126
   vertex 152.5 106 125
  endloop
 endfacet
 facet normal -1 0 0
  outer loop
   vertex 152.5 106 125
   vertex 152.5 105 126
   vertex 152.5 106 126
  endloop
 endfacet
 facet normal -0.57735026918962584 -0.57735026918962584 -0.57735026918962584
  outer loop
   vertex 153.5 105 125
   vertex 153 105 125.5
   vertex 153 105.5 125
  endloop
 endfacet
 facet normal 0.57735026918962584 0.57735026918962584 -0.57735026918962584
  outer loop
   vertex 156 105.5 125
   vertex 155.5 106 125
   vertex 156 106 125.5
  endloop
 endfacet
 facet normal 0.57735026918962584 0.57735026918962584 -0.57735026918962584
  outer loop
   vertex 156 105.5 125
   vertex 156 106 125.5
   vertex 156.5 106 126
  endloop
 endfacet
 facet normal 0.57735026918962584 0.57735026918962584 -0.57735026918962584
  outer loop
   vertex 156 105.5 125
   vertex 156.5 106 126
   vertex 156.5 105 125
  endloop
 endfacet
 facet normal 1 0 0
  outer loop
   vertex 156.5 105 125
   vertex 156.5 106 126
   vertex 156.5 105 126
  endloop
 endfacet
 facet normal -0.57735026918962584 0.57735026918962584 -0.57735026918962584
  outer loop
   vertex 142 106 125.5
   vertex 141.5 106 126
   vertex 142 106.5 126
  endloop
 endfacet
 facet normal -0.57735026918962584 0.57735026918962584 0.57735026918962584
  outer loop
   vertex 143 106.5 125
   vertex 142.5 106 125
   vertex 143 106 125.5
  endloop
 endfacet
 facet normal -0.57735026918962584 -0.57735026918962584 -0.57735026918962584
  outer loop
   vertex 143 106.5 126
   vertex 142.5 107 126
   vertex 143 107 125.5
  endloop
 endfacet
 facet normal 0.57735026918962584 0.57735026918962584 -0.57735026918962584
  outer loop
   vertex 142 106 125.5
   vertex 142 106.5 126
   vertex 142.5 106 126
  endloop
 endfacet
 facet normal 0 0.70710678118654746 0.70710678118654746
  outer loop
   vertex 143 106 125.5
   vertex 144 106 125.5
   vertex 144 106.5 125
  endloop
 endfacet
 facet normal 0 0.70710678118654746 0.70710678118654746
  outer loop
   vertex 143 106 125.5
   vertex 144 106.5 125
   vertex 143 106.5 125
  endloop
 endfacet
 facet normal 0.57735026918962584 -0.57735026918962584 -0.57735026918962584
  outer loop
   vertex 143 107 125.5
   vertex 143.5 107 126
   vertex 143 106.5 126
  endloop
 endfacet
 facet normal 0.57735026918962584 0.57735026918962584 0.57735026918962584
  outer loop
   vertex 144.5 106 125
   vertex 144 106.5 125
   vertex 144 106 125.5
  endloop
 endfacet
 facet normal -0.57735026918962584 0.57735026918962584 0.57735026918962584
  outer loop
   vertex 145.5 106 125
   vertex 146 106 125.5
   vertex 146 106.5 125
  endloop
 endfacet
 facet normal 0.57735026918962584 0.57735026918962584 0.57735026918962584
  outer loop
   vertex 146.5 106 125
   vertex 146 106.5 125
   vertex 146 106 125.5
  endloop
 endfacet
 facet normal -0.57735026918962584 -0.57735026918962584 0.57735026918962584
  outer loop
   vertex 152 106.5 125
   vertex 152 107 125.5
   vertex 151.5 107 125
  endloop
 endfacet
 facet normal -0.57735026918962584 -0.57735026918962584 0.57735026918962584
  outer loop
   vertex 152 106.5 125
   vertex 152.5 107 126
   vertex 152 107 125.5
  endloop
 endfacet
 facet normal -0.57735026918962584 -0.57735026918962584 0.57735026918962584
  outer loop
   vertex 152 106.5 125
   vertex 152.5 106 125
   vertex 152.5 107 126
  endloop
 endfacet
 facet normal -1 0 0
  outer loop
   vertex 152.5 106 125
   vertex 152.5 106 126
   vertex 152.5 107 126
  endloop
 endfacet
 facet normal 0.57735026918962584 0.57735026918962584 -0.57735026918962584
  outer loop
   vertex 155 106.5 125
   vertex 154.5 107 125
   vertex 155 107 125.5
  endloop
 endfacet
 facet normal 0.57735026918962584 0.57735026918962584 -0.57735026918962584
  outer loop
   vertex 155 106.5 125
   vertex 155 107 125.5
   vertex 155.5 107 126
  endloop
 endfacet
 facet normal 0.57735026918962584 0.57735026918962584 -0.57735026918962584
  outer loop
   vertex 155.5 106 125
   vertex 155 106.5 125
   vertex 155.5 107 126
  endloop
 endfacet
 facet normal 0.57735026918962584 0.57735026918962584 -0.57735026918962584
  outer loop
   vertex 155.5 106 125
   vertex 155.5 107 126
   vertex 156 106.5 126
  endloop
 endfacet
 facet normal 0.57735026918962584 0.57735026918962584 -0.57735026918962584
  outer loop
   vertex 155.5 106 125
   vertex 156 106.5 126
   vertex 156 106 125.5
  endloop
 endfacet
 facet normal 0.57735026918962584 0.57735026918962584 -0.57735026918962584
  outer loop
   vertex 156.5 106 126
   vertex 156 106 125.5
   vertex 156 106.5 126
  endloop
 endfacet
 facet normal -0.57735026918962584 -0.57735026918962584 -0.57735026918962584
  outer loop
   vertex 142 108 125.5
   vertex 142 107.5 126
   vertex 141.5 108 126
  endloop
 endfacet
 facet normal -0.57735026918962584 0.57735026918962584 -0.57735026918962584
  outer loop
   vertex 142.5 107 126
   vertex 143 107.5 126
   vertex 143 107 125.5
  endloop
 endfacet
 facet normal 0.57735026918962584 -0.57735026918962584 -0.57735026918962584
  outer loop
   vertex 142 107.5 126
   vertex 142 108 125.5
   vertex 142.5 108 126
  endloop
 endfacet
 facet normal 0.57735026918962584 0.57735026918962584 -0.57735026918962584
  outer loop
   vertex 143.5 107 126
   vertex 143 107 125.5
   vertex 143 107.5 126
  endloop
 endfacet
 facet normal -0.70710678118654746 0 0.70710678118654746
  outer loop
   vertex 152 107 125.5
   vertex 152 108 125.5
   vertex 151.5 108 125
  endloop
 endfacet
 facet normal -0.70710678118654746 0 0.70710678118654746
  outer loop
   vertex 151.5 107 125
   vertex 152 107 125.5
   vertex 151.5 108 125
  endloop
 endfacet
 facet normal -0.70710678118654746 0 0.70710678118654746
  outer loop
   vertex 152.5 108 126
   vertex 152 107 125.5
   vertex 152.5 107 126
  endloop
 endfacet
 facet normal -0.70710678118654746 0 0.70710678118654746
  outer loop
   vertex 152 108 125.5
   vertex 152 107 125.5
   vertex 152.5 108 126
  endloop
 endfacet
 facet normal 0.57735026918962584 0.57735026918962584 -0.57735026918962584
  outer loop
   vertex 155 107 125.5
   vertex 154.5 108 126
   vertex 155 107.5 126
  endloop
 endfacet
 facet normal 0.57735026918962584 0.57735026918962584 -0.57735026918962584
  outer loop
   vertex 155 107 125.5
   vertex 154.5 107 125
   vertex 154.5 108 126
  endloop
 endfacet
 facet normal 1 0 -0
  outer loop
   vertex 154.5 107 125
   vertex 154.5 108 125
   vertex 154.5 108 126
  endloop
 endfacet
 facet normal 0.57735026918962584 0.57735026918962584 -0.57735026918962584
  outer loop
   vertex 155.5 107 126
   vertex 155 107 125.5
   vertex 155 107.5 126
  endloop
 endfacet
 facet normal -0.57735026918962584 0.57735026918962584 -0.57735026918962584
  outer loop
   vertex 142 108 125.5
   vertex 141.5 108 126
   vertex 142 108.5 126
  endloop
 endfacet
 facet normal 0.57735026918962584 0.57735026918962584 -0.57735026918962584
  outer loop
   vertex 142.5 108 126
   vertex 142 108 125.5
   vertex 142 108.5 126
  endloop
 endfacet
 facet normal -0.57735026918962584 0.57735026918962584 0.57735026918962584
  outer loop
   vertex 151.5 108 125
   vertex 152 108 125.5
   vertex 152 108.5 125
  endloop
 endfacet
 facet normal -0.57735026918962584 0.57735026918962584 0.57735026918962584
  outer loop
   vertex 152 108 125.5
   vertex 152.5 108 126
   vertex 153 108.5 126
  endloop
 endfacet
 facet normal -0.57735026918962584 0.57735026918962584 0.57735026918962584
  outer loop
   vertex 152 108 125.5
   vertex 153 108.5 126
   vertex 152 108.5 125
  endloop
 endfacet
 facet normal 0 1 0
  outer loop
   vertex 152 108.5 125
   vertex 153 108.5 126
   vertex 153 108.5 125
  endloop
 endfacet
 facet normal 0 1 0
  outer loop
   vertex 154 108.5 125
   vertex 153 108.5 125
   vertex 154 108.5 126
  endloop
 endfacet
 facet normal -0 1 0
  outer loop
   vertex 153 108.5 125
   vertex 153 108.5 126
   vertex 154 108.5 126
  endloop
 endfacet
 facet normal 0.70710678118654746 0.70710678118654746 -0
  outer loop
   vertex 154.5 108 126
   vertex 154.5 108 125
   vertex 154 108.5 125
  endloop
 endfacet
 facet normal 0.70710678118654746 0.70710678118654746 0
  outer loop
   vertex 154 108.5 126
   vertex 154.5 108 126
   vertex 154 108.5 125
  endloop
 endfacet
 facet normal -0.57735026918962584 -0.57735026918962584 -0.57735026918962584
  outer loop
   vertex 144 110 125.5
   vertex 144 109.5 126
   vertex 143.5 110 126
  endloop
 endfacet
 facet normal -0 -0.70710678118654746 -0.70710678118654746
  outer loop
   vertex 144 110 125.5
   vertex 145 110 125.5
   vertex 145 109.5 126
  endloop
 endfacet
 facet normal 0 -0.70710678118654746 -0.70710678118654746
  outer loop
   vertex 144 109.5 126
   vertex 144 110 125.5
   vertex 145 109.5 126
  endloop
 endfacet
 facet normal -0 -0.70710678118654746 -0.70710678118654746
  outer loop
   vertex 145 110 125.5
   vertex 146 110 125.5
   vertex 146 109.5 126
  endloop
 endfacet
 facet normal 0 -0.70710678118654746 -0.70710678118654746
  outer loop
   vertex 145 109.5 126
   vertex 145 110 125.5
   vertex 146 109.5 126
  endloop
 endfacet
 facet normal 0.57735026918962584 -0.57735026918962584 -0.57735026918962584
  outer loop
   vertex 146 109.5 126
   vertex 146 110 125.5
   vertex 146.5 110 126
  endloop
 endfacet
 facet normal -0.57735026918962584 0.57735026918962584 -0.57735026918962584
  outer loop
   vertex 144 110 125.5
   vertex 143.5 110 126
   vertex 144 110.5 126
  endloop
 endfacet
 facet normal 0 0.70710678118654746 -0.70710678118654746
  outer loop
   vertex 145 110 125.5
   vertex 144 110 125.5
   vertex 144 110.5 126
  endloop
 endfacet
 facet normal 0 0.70710678118654746 -0.70710678118654746
  outer loop
   vertex 145 110.5 126
   vertex 145 110 125.5
   vertex 144 110.5 126
  endloop
 endfacet
 facet normal 0 0.70710678118654746 -0.70710678118654746
  outer loop
   vertex 146 110 125.5
   vertex 145 110 125.5
   vertex 145 110.5 126
  endloop
 endfacet
 facet normal 0 0.70710678118654746 -0.70710678118654746
  outer loop
   vertex 146 110.5 126
   vertex 146 110 125.5
   vertex 145 110.5 126
  endloop
 endfacet
 facet normal 0.57735026918962584 0.57735026918962584 -0.57735026918962584
  outer loop
   vertex 146.5 110 126
   vertex 146 110 125.5
   vertex 146 110.5 126
  endloop
 endfacet
 facet normal -0.57735026918962584 -0.57735026918962584 -0.57735026918962584
  outer loop
   vertex 146 88 126.5
   vertex 146 87.5 127
   vertex 145.5 88 127
  endloop
 endfacet
 facet normal -0 -0.70710678118654746 -0.70710678118654746
  outer loop
   vertex 146 88 126.5
   vertex 147 88 126.5
   vertex 147 87.5 127
  endloop
 endfacet
 facet normal 0 -0.70710678118654746 -0.70710678118654746
  outer loop
   vertex 146 87.5 127
   vertex 146 88 126.5
   vertex 147 87.5 127
  endloop
 endfacet
 facet normal -0 -0.70710678118654746 -0.70710678118654746
  outer loop
   vertex 147 88 126.5
   vertex 148 88 126.5
   vertex 148 87.5 127
  endloop
 endfacet
 facet normal 0 -0.70710678118654746 -0.70710678118654746
  outer loop
   vertex 147 87.5 127
   vertex 147 88 126.5
   vertex 148 87.5 127
  endloop
 endfacet
 facet normal 0.57735026918962584 -0.57735026918962584 -0.57735026918962584
  outer loop
   vertex 148 87.5 127
   vertex 148 88 126.5
   vertex 148.5 88 127
  endloop
 endfacet
 facet normal -0.57735026918962584 -0.57735026918962584 -0.57735026918962584
  outer loop
   vertex 144 89 126.5
   vertex 144 88.5 127
   vertex 143.5 89 127
  endloop
 endfacet
 facet normal -0.57735026918962584 -0.57735026918962584 -0.57735026918962584
  outer loop
   vertex 144 89 126.5
   vertex 144.5 89 126
   vertex 145 88.5 126
  endloop
 endfacet
 facet normal -0.57735026918962584 -0.57735026918962584 -0.57735026918962584
  outer loop
   vertex 144 89 126.5
   vertex 145 88.5 126
   vertex 144 88.5 127
  endloop
 endfacet
 facet normal 0 -1 0
  outer loop
   vertex 144 88.5 127
   vertex 145 88.5 126
   vertex 145 88.5 127
  endloop
 endfacet
 facet normal -0.57735026918962584 -0.57735026918962584 -0.57735026918962584
  outer loop
   vertex 145.5 88 127
   vertex 146 88.5 126
   vertex 146 88 126.5
  endloop
 endfacet
 facet normal -0.57735026918962584 -0.57735026918962584 -0.57735026918962584
  outer loop
   vertex 145.5 88 127
   vertex 145 88.5 127
   vertex 146 88.5 126
  endloop
 endfacet
 facet normal 0 -1 0
  outer loop
   vertex 145 88.5 127
   vertex 145 88.5 126
   vertex 146 88.5 126
  endloop
 endfacet
 facet normal 0 -0.70710678118654746 -0.70710678118654746
  outer loop
   vertex 147 88.5 126
   vertex 146 88 126.5
   vertex 146 88.5 126
  endloop
 endfacet
 facet normal 0 -0.70710678118654746 -0.70710678118654746
  outer loop
   vertex 147 88 126.5
   vertex 146 88 126.5
   vertex 147 88.5 126
  endloop
 endfacet
 facet normal 0 -0.70710678118654746 -0.70710678118654746
  outer loop
   vertex 148 88.5 126
   vertex 147 88 126.5
   vertex 147 88.5 126
  endloop
 endfacet
 facet normal 0 -0.70710678118654746 -0.70710678118654746
  outer loop
   vertex 148 88 126.5
   vertex 147 88 126.5
   vertex 148 88.5 126
  endloop
 endfacet
 facet normal 0.57735026918962584 -0.57735026918962584 -0.57735026918962584
  outer loop
   vertex 148.5 89 126
   vertex 149 89 126.5
   vertex 149 88.5 127
  endloop
 endfacet
 facet normal 0.57735026918962584 -0.57735026918962584 -0.57735026918962584
  outer loop
   vertex 148 88.5 126
   vertex 148.5 89 126
   vertex 149 88.5 127
  endloop
 endfacet
 facet normal 0.57735026918962584 -0.57735026918962584 -0.57735026918962584
  outer loop
   vertex 148 88.5 126
   vertex 149 88.5 127
   vertex 148.5 88 127
  endloop
 endfacet
 facet normal 0.57735026918962584 -0.57735026918962584 -0.57735026918962584
  outer loop
   vertex 148 88.5 126
   vertex 148.5 88 127
   vertex 148 88 126.5
  endloop
 endfacet
 facet normal -0 -0.70710678118654746 -0.70710678118654746
  outer loop
   vertex 149 89 126.5
   vertex 150 89 126.5
   vertex 150 88.5 127
  endloop
 endfacet
 facet normal 0 -0.70710678118654746 -0.70710678118654746
  outer loop
   vertex 149 88.5 127
   vertex 149 89 126.5
   vertex 150 88.5 127
  endloop
 endfacet
 facet normal 0.57735026918962584 -0.57735026918962584 -0.57735026918962584
  outer loop
   vertex 150 88.5 127
   vertex 150 89 126.5
   vertex 150.5 89 127
  endloop
 endfacet
 facet normal -0.57735026918962584 -0.57735026918962584 -0.57735026918962584
  outer loop
   vertex 144 89.5 126
   vertex 144 89 126.5
   vertex 143.5 89 127
  endloop
 endfacet
 facet normal -0.57735026918962584 -0.57735026918962584 -0.57735026918962584
  outer loop
   vertex 144 89.5 126
   vertex 143.5 89 127
   vertex 143.5 90 126
  endloop
 endfacet
 facet normal -1 0 0
  outer loop
   vertex 143.5 90 126
   vertex 143.5 89 127
   vertex 143.5 90 127
  endloop
 endfacet
 facet normal -0.57735026918962584 -0.57735026918962584 -0.57735026918962584
  outer loop
   vertex 144.5 89 126
   vertex 144 89 126.5
   vertex 144 89.5 126
  endloop
 endfacet
 facet normal 0.57735026918962584 -0.57735026918962584 -0.57735026918962584
  outer loop
   vertex 148.5 89 126
   vertex 149 89.5 126
   vertex 149 89 126.5
  endloop
 endfacet
 facet normal 0 -0.70710678118654746 -0.70710678118654746
  outer loop
   vertex 150 89.5 126
   vertex 149 89 126.5
   vertex 149 89.5 126
  endloop
 endfacet
 facet normal 0 -0.70710678118654746 -0.70710678118654746
  outer loop
   vertex 150 89 126.5
   vertex 149 89 126.5
   vertex 150 89.5 126
  endloop
 endfacet
 facet normal 0.57735026918962584 -0.57735026918962584 -0.57735026918962584
  outer loop
   vertex 150.5 90 126
   vertex 151 90 126.5
   vertex 151 89.5 127
  endloop
 endfacet
 facet normal 0.57735026918962584 -0.57735026918962584 -0.57735026918962584
  outer loop
   vertex 150 89.5 126
   vertex 150.5 90 126
   vertex 151 89.5 127
  endloop
 endfacet
 facet normal 0.57735026918962584 -0.57735026918962584 -0.57735026918962584
  outer loop
   vertex 150 89.5 126
   vertex 151 89.5 127
   vertex 150.5 89 127
  endloop
 endfacet
 facet normal 0.57735026918962584 -0.57735026918962584 -0.57735026918962584
  outer loop
   vertex 150 89.5 126
   vertex 150.5 89 127
   vertex 150 89 126.5
  endloop
 endfacet
 facet normal 0.57735026918962584 -0.57735026918962584 -0.57735026918962584
  outer loop
   vertex 151 89.5 127
   vertex 151 90 126.5
   vertex 151.5 90 127
  endloop
 endfacet
 facet normal -0.70710678118654746 -0.70710678118654746 -0
  outer loop
   vertex 143 90.5 126
   vertex 143 90.5 127
   vertex 142.5 91 127
  endloop
 endfacet
 facet normal -0.70710678118654746 -0.70710678118654746 0
  outer loop
   vertex 142.5 91 126
   vertex 143 90.5 126
   vertex 142.5 91 127
  endloop
 endfacet
 facet normal -0.70710678118654746 -0.70710678118654746 0
  outer loop
   vertex 143.5 90 127
   vertex 143 90.5 126
   vertex 143.5 90 126
  endloop
 endfacet
 facet normal -0.70710678118654746 -0.70710678118654746 0
  outer loop
   vertex 143 90.5 127
   vertex 143 90.5 126
   vertex 143.5 90 127
  endloop
 endfacet
 facet normal 0.57735026918962584 -0.57735026918962584 -0.57735026918962584
  outer loop
   vertex 150.5 90 126
   vertex 151 90.5 126
   vertex 151 90 126.5
  endloop
 endfacet
 facet normal 0.57735026918962584 -0.57735026918962584 -0.57735026918962584
  outer loop
   vertex 151 90 126.5
   vertex 151 90.5 126
   vertex 151.5 91 126
  endloop
 endfacet
 facet normal 0.57735026918962584 -0.57735026918962584 -0.57735026918962584
  outer loop
   vertex 151 90 126.5
   vertex 151.5 91 126
   vertex 151.5 90 127
  endloop
 endfacet
 facet normal 1 0 -0
  outer loop
   vertex 151.5 90 127
   vertex 151.5 91 126
   vertex 151.5 91 127
  endloop
 endfacet
 facet normal -1 0 0
  outer loop
   vertex 142.5 91 126
   vertex 142.5 91 127
   vertex 142.5 92 126
  endloop
 endfacet
 facet normal -1 -0 -0
  outer loop
   vertex 142.5 91 127
   vertex 142.5 92 127
   vertex 142.5 92 126
  endloop
 endfacet
 facet normal 0.70710678118654746 -0.70710678118654746 0
  outer loop
   vertex 151.5 91 126
   vertex 152 91.5 127
   vertex 151.5 91 127
  endloop
 endfacet
 facet normal 0.70710678118654746 -0.70710678118654746 0
  outer loop
   vertex 152 91.5 126
   vertex 152 91.5 127
   vertex 151.5 91 126
  endloop
 endfacet
 facet normal 0.70710678118654746 -0.70710678118654746 0
  outer loop
   vertex 152 91.5 127
   vertex 152 91.5 126
   vertex 152.5 92 126
  endloop
 endfacet
 facet normal 0.70710678118654746 -0.70710678118654746 0
  outer loop
   vertex 152.5 92 127
   vertex 152 91.5 127
   vertex 152.5 92 126
  endloop
 endfacet
 facet normal -1 0 0
  outer loop
   vertex 142.5 92 126
   vertex 142.5 92 127
   vertex 142.5 93 126
  endloop
 endfacet
 facet normal -1 -0 -0
  outer loop
   vertex 142.5 92 127
   vertex 142.5 93 127
   vertex 142.5 93 126
  endloop
 endfacet
 facet normal 1 0 0
  outer loop
   vertex 152.5 92 126
   vertex 152.5 93 126
   vertex 152.5 92 127
  endloop
 endfacet
 facet normal 1 0 -0
  outer loop
   vertex 152.5 92 127
   vertex 152.5 93 126
   vertex 152.5 93 127
  endloop
 endfacet
 facet normal -0.57735026918962584 0.57735026918962584 0.57735026918962584
  outer loop
   vertex 143 93.5 127
   vertex 143 94 126.5
   vertex 142.5 94 126
  endloop
 endfacet
 facet normal -0.57735026918962584 0.57735026918962584 0.57735026918962584
  outer loop
   vertex 143 93.5 127
   vertex 142.5 94 126
   vertex 142.5 93 127
  endloop
 endfacet
 facet normal -1 0 0
  outer loop
   vertex 142.5 93 127
   vertex 142.5 94 126
   vertex 142.5 93 126
  endloop
 endfacet
 facet normal 0 0.70710678118654746 0.70710678118654746
  outer loop
   vertex 143 94 126.5
   vertex 144 93.5 127
   vertex 144 94 126.5
  endloop
 endfacet
 facet normal 0 0.70710678118654746 0.70710678118654746
  outer loop
   vertex 143 93.5 127
   vertex 144 93.5 127
   vertex 143 94 126.5
  endloop
 endfacet
 facet normal -0.57735026918962584 0.57735026918962584 0.57735026918962584
  outer loop
   vertex 144 93.5 127
   vertex 144.5 94 127
   vertex 144 94 126.5
  endloop
 endfacet
 facet normal 0.57735026918962584 -0.57735026918962584 -0.57735026918962584
  outer loop
   vertex 153 93.5 127
   vertex 152.5 94 126
   vertex 153 94 126.5
  endloop
 endfacet
 facet normal 0.57735026918962584 -0.57735026918962584 -0.57735026918962584
  outer loop
   vertex 153 93.5 127
   vertex 152.5 93 127
   vertex 152.5 94 126
  endloop
 endfacet
 facet normal 1 0 0
  outer loop
   vertex 152.5 93 127
   vertex 152.5 93 126
   vertex 152.5 94 126
  endloop
 endfacet
 facet normal 0.57735026918962584 -0.57735026918962584 -0.57735026918962584
  outer loop
   vertex 153 93.5 127
   vertex 153 94 126.5
   vertex 153.5 94 127
  endloop
 endfacet
 facet normal -0.57735026918962584 0.57735026918962584 0.57735026918962584
  outer loop
   vertex 142.5 94 126
   vertex 143 94 126.5
   vertex 143 94.5 126
  endloop
 endfacet
 facet normal -0 0.70710678118654746 0.70710678118654746
  outer loop
   vertex 144 94.5 126
   vertex 143 94.5 126
   vertex 143 94 126.5
  endloop
 endfacet
 facet normal 0 0.70710678118654746 0.70710678118654746
  outer loop
   vertex 144 94 126.5
   vertex 144 94.5 126
   vertex 143 94 126.5
  endloop
 endfacet
 facet normal -0.57735026918962584 0.57735026918962584 0.57735026918962584
  outer loop
   vertex 144 94 126.5
   vertex 144.5 95 126
   vertex 144 94.5 126
  endloop
 endfacet
 facet normal -0.57735026918962584 0.57735026918962584 0.57735026918962584
  outer loop
   vertex 144 94 126.5
   vertex 144.5 94 127
   vertex 144.5 95 126
  endloop
 endfacet
 facet normal -1 -0 -0
  outer loop
   vertex 144.5 94 127
   vertex 144.5 95 127
   vertex 144.5 95 126
  endloop
 endfacet
 facet normal 0.70710678118654746 0 -0.70710678118654746
  outer loop
   vertex 153 94 126.5
   vertex 152.5 95 126
   vertex 153 95 126.5
  endloop
 endfacet
 facet normal 0.70710678118654746 0 -0.70710678118654746
  outer loop
   vertex 152.5 94 126
   vertex 152.5 95 126
   vertex 153 94 126.5
  endloop
 endfacet
 facet normal 0.70710678118654746 0 -0.70710678118654746
  outer loop
   vertex 153.5 95 127
   vertex 153.5 94 127
   vertex 153 94 126.5
  endloop
 endfacet
 facet normal 0.70710678118654746 0 -0.70710678118654746
  outer loop
   vertex 153 95 126.5
   vertex 153.5 95 127
   vertex 153 94 126.5
  endloop
 endfacet
 facet normal -0.57735026918962584 -0.57735026918962584 0.57735026918962584
  outer loop
   vertex 157 94.5 126
   vertex 157 95 126.5
   vertex 156.5 95 126
  endloop
 endfacet
 facet normal 0.57735026918962584 -0.57735026918962584 0.57735026918962584
  outer loop
   vertex 157 94.5 126
   vertex 157.5 95 126
   vertex 157 95 126.5
  endloop
 endfacet
 facet normal -1 0 0
  outer loop
   vertex 144.5 95 126
   vertex 144.5 95 127
   vertex 144.5 96 126
  endloop
 endfacet
 facet normal -1 -0 -0
  outer loop
   vertex 144.5 95 127
   vertex 144.5 96 127
   vertex 144.5 96 126
  endloop
 endfacet
 facet normal 0.57735026918962584 -0.57735026918962584 -0.57735026918962584
  outer loop
   vertex 152.5 95 126
   vertex 153 95.5 126
   vertex 153 95 126.5
  endloop
 endfacet
 facet normal 0.57735026918962584 -0.57735026918962584 -0.57735026918962584
  outer loop
   vertex 153 95 126.5
   vertex 153 95.5 126
   vertex 153.5 96 126
  endloop
 endfacet
 facet normal 0.57735026918962584 -0.57735026918962584 -0.57735026918962584
  outer loop
   vertex 153 95 126.5
   vertex 153.5 96 126
   vertex 153.5 95 127
  endloop
 endfacet
 facet normal 1 0 -0
  outer loop
   vertex 153.5 95 127
   vertex 153.5 96 126
   vertex 153.5 96 127
  endloop
 endfacet
 facet normal -0.57735026918962584 0.57735026918962584 0.57735026918962584
  outer loop
   vertex 156.5 95 126
   vertex 157 95 126.5
   vertex 157 95.5 126
  endloop
 endfacet
 facet normal 0.57735026918962584 0.57735026918962584 0.57735026918962584
  outer loop
   vertex 157.5 95 126
   vertex 157 95.5 126
   vertex 157 95 126.5
  endloop
 endfacet
 facet normal -1 0 0
  outer loop
   vertex 144.5 96 126
   vertex 144.5 96 127
   vertex 144.5 97 126
  endloop
 endfacet
 facet normal -1 -0 -0
  outer loop
   vertex 144.5 96 127
   vertex 144.5 97 127
   vertex 144.5 97 126
  endloop
 endfacet
 facet normal 0.70710678118654746 0.70710678118654746 0
  outer loop
   vertex 153 96.5 126
   vertex 152.5 97 127
   vertex 153 96.5 127
  endloop
 endfacet
 facet normal 0.70710678118654746 0.70710678118654746 0
  outer loop
   vertex 152.5 97 126
   vertex 152.5 97 127
   vertex 153 96.5 126
  endloop
 endfacet
 facet normal 0.70710678118654746 0.70710678118654746 -0
  outer loop
   vertex 153.5 96 127
   vertex 153.5 96 126
   vertex 153 96.5 126
  endloop
 endfacet
 facet normal 0.70710678118654746 0.70710678118654746 0
  outer loop
   vertex 153 96.5 127
   vertex 153.5 96 127
   vertex 153 96.5 126
  endloop
 endfacet
 facet normal -0.57735026918962584 -0.57735026918962584 0.57735026918962584
  outer loop
   vertex 155 96.5 126
   vertex 155 97 126.5
   vertex 154.5 97 126
  endloop
 endfacet
 facet normal -0.57735026918962584 -0.57735026918962584 0.57735026918962584
  outer loop
   vertex 155.5 97 127
   vertex 155 97 126.5
   vertex 155 96.5 126
  endloop
 endfacet
 facet normal -0.57735026918962584 -0.57735026918962584 0.57735026918962584
  outer loop
   vertex 155.5 97 127
   vertex 155 96.5 126
   vertex 156 96.5 127
  endloop
 endfacet
 facet normal 0 -1 0
  outer loop
   vertex 156 96.5 127
   vertex 155 96.5 126
   vertex 156 96.5 126
  endloop
 endfacet
 facet normal 0 -1 -0
  outer loop
   vertex 157 96.5 126
   vertex 157 96.5 127
   vertex 156 96.5 126
  endloop
 endfacet
 facet normal -0 -1 0
  outer loop
   vertex 156 96.5 126
   vertex 157 96.5 127
   vertex 156 96.5 127
  endloop
 endfacet
 facet normal 0.70710678118654746 -0.70710678118654746 0
  outer loop
   vertex 157 96.5 127
   vertex 157 96.5 126
   vertex 157.5 97 126
  endloop
 endfacet
 facet normal 0.70710678118654746 -0.70710678118654746 0
  outer loop
   vertex 157.5 97 127
   vertex 157 96.5 127
   vertex 157.5 97 126
  endloop
 endfacet
 facet normal -1 0 0
  outer loop
   vertex 144.5 97 126
   vertex 144.5 97 127
   vertex 144.5 98 126
  endloop
 endfacet
 facet normal -1 -0 -0
  outer loop
   vertex 144.5 97 127
   vertex 144.5 98 127
   vertex 144.5 98 126
  endloop
 endfacet
 facet normal 1 0 0
  outer loop
   vertex 152.5 97 126
   vertex 152.5 98 126
   vertex 152.5 97 127
  endloop
 endfacet
 facet normal 1 0 -0
  outer loop
   vertex 152.5 97 127
   vertex 152.5 98 126
   vertex 152.5 98 127
  endloop
 endfacet
 facet normal -0.57735026918962584 -0.57735026918962584 0.57735026918962584
  outer loop
   vertex 155 97 126.5
   vertex 155 97.5 127
   vertex 154.5 98 127
  endloop
 endfacet
 facet normal -0.57735026918962584 -0.57735026918962584 0.57735026918962584
  outer loop
   vertex 155 97 126.5
   vertex 154.5 98 127
   vertex 154.5 97 126
  endloop
 endfacet
 facet normal -1 0 -0
  outer loop
   vertex 154.5 97 126
   vertex 154.5 98 127
   vertex 154.5 98 126
  endloop
 endfacet
 facet normal -0.57735026918962584 -0.57735026918962584 0.57735026918962584
  outer loop
   vertex 155.5 97 127
   vertex 155 97.5 127
   vertex 155 97 126.5
  endloop
 endfacet
 facet normal 1 0 0
  outer loop
   vertex 157.5 97 126
   vertex 157.5 98 126
   vertex 157.5 97 127
  endloop
 endfacet
 facet normal 1 0 -0
  outer loop
   vertex 157.5 97 127
   vertex 157.5 98 126
   vertex 157.5 98 127
  endloop
 endfacet
 facet normal -0.70710678118654746 -0.70710678118654746 -0
  outer loop
   vertex 144 98.5 126
   vertex 144 98.5 127
   vertex 143.5 99 127
  endloop
 endfacet
 facet normal -0.70710678118654746 -0.70710678118654746 0
  outer loop
   vertex 143.5 99 126
   vertex 144 98.5 126
   vertex 143.5 99 127
  endloop
 endfacet
 facet normal -0.70710678118654746 -0.70710678118654746 0
  outer loop
   vertex 144.5 98 127
   vertex 144 98.5 126
   vertex 144.5 98 126
  endloop
 endfacet
 facet normal -0.70710678118654746 -0.70710678118654746 0
  outer loop
   vertex 144 98.5 127
   vertex 144 98.5 126
   vertex 144.5 98 127
  endloop
 endfacet
 facet normal 0.57735026918962584 0.57735026918962584 0.57735026918962584
  outer loop
   vertex 152 99 126.5
   vertex 151.5 99 127
   vertex 152 98.5 127
  endloop
 endfacet
 facet normal 0.57735026918962584 0.57735026918962584 0.57735026918962584
  outer loop
   vertex 152 99 126.5
   vertex 152 98.5 127
   vertex 152.5 98 127
  endloop
 endfacet
 facet normal 0.57735026918962584 0.57735026918962584 0.57735026918962584
  outer loop
   vertex 152 99 126.5
   vertex 152.5 98 127
   vertex 152.5 99 126
  endloop
 endfacet
 facet normal 1 0 0
  outer loop
   vertex 152.5 99 126
   vertex 152.5 98 127
   vertex 152.5 98 126
  endloop
 endfacet
 facet normal -0.70710678118654746 -0.70710678118654746 -0
  outer loop
   vertex 154 98.5 126
   vertex 154 98.5 127
   vertex 153.5 99 127
  endloop
 endfacet
 facet normal -0.70710678118654746 -0.70710678118654746 0
  outer loop
   vertex 153.5 99 126
   vertex 154 98.5 126
   vertex 153.5 99 127
  endloop
 endfacet
 facet normal -0.70710678118654746 -0.70710678118654746 0
  outer loop
   vertex 154.5 98 127
   vertex 154 98.5 126
   vertex 154.5 98 126
  endloop
 endfacet
 facet normal -0.70710678118654746 -0.70710678118654746 0
  outer loop
   vertex 154 98.5 127
   vertex 154 98.5 126
   vertex 154.5 98 127
  endloop
 endfacet
 facet normal 1 0 0
  outer loop
   vertex 157.5 98 126
   vertex 157.5 99 126
   vertex 157.5 98 127
  endloop
 endfacet
 facet normal 1 0 -0
  outer loop
   vertex 157.5 98 127
   vertex 157.5 99 126
   vertex 157.5 99 127
  endloop
 endfacet
 facet normal -1 0 0
  outer loop
   vertex 143.5 99 126
   vertex 143.5 99 127
   vertex 143.5 100 126
  endloop
 endfacet
 facet normal -1 -0 -0
  outer loop
   vertex 143.5 99 127
   vertex 143.5 100 127
   vertex 143.5 100 126
  endloop
 endfacet
 facet normal 0.57735026918962584 0.57735026918962584 0.57735026918962584
  outer loop
   vertex 152 99.5 126
   vertex 151.5 99 127
   vertex 152 99 126.5
  endloop
 endfacet
 facet normal 0.57735026918962584 0.57735026918962584 0.57735026918962584
  outer loop
   vertex 152 99.5 126
   vertex 151.5 100 126
   vertex 151.5 99 127
  endloop
 endfacet
 facet normal 1 0 0
  outer loop
   vertex 151.5 100 126
   vertex 151.5 100 127
   vertex 151.5 99 127
  endloop
 endfacet
 facet normal 0.57735026918962584 0.57735026918962584 0.57735026918962584
  outer loop
   vertex 152.5 99 126
   vertex 152 99.5 126
   vertex 152 99 126.5
  endloop
 endfacet
 facet normal -1 0 0
  outer loop
   vertex 153.5 99 126
   vertex 153.5 99 127
   vertex 153.5 100 126
  endloop
 endfacet
 facet normal -1 -0 -0
  outer loop
   vertex 153.5 99 127
   vertex 153.5 100 127
   vertex 153.5 100 126
  endloop
 endfacet
 facet normal 1 0 0
  outer loop
   vertex 157.5 99 126
   vertex 157.5 100 126
   vertex 157.5 99 127
  endloop
 endfacet
 facet normal 1 0 -0
  outer loop
   vertex 157.5 99 127
   vertex 157.5 100 126
   vertex 157.5 100 127
  endloop
 endfacet
 facet normal -0.57735026918962584 -0.57735026918962584 0.57735026918962584
  outer loop
   vertex 141 100.5 126
   vertex 141 101 126.5
   vertex 140.5 101 126
  endloop
 endfacet
 facet normal -0.57735026918962584 -0.57735026918962584 0.57735026918962584
  outer loop
   vertex 141.5 101 127
   vertex 141 101 126.5
   vertex 141 100.5 126
  endloop
 endfacet
 facet normal -0.57735026918962584 -0.57735026918962584 0.57735026918962584
  outer loop
   vertex 141.5 101 127
   vertex 141 100.5 126
   vertex 142 100.5 127
  endloop
 endfacet
 facet normal 0 -1 0
  outer loop
   vertex 142 100.5 127
   vertex 141 100.5 126
   vertex 142 100.5 126
  endloop
 endfacet
 facet normal 0 -1 -0
  outer loop
   vertex 143 100.5 126
   vertex 143 100.5 127
   vertex 142 100.5 126
  endloop
 endfacet
 facet normal -0 -1 0
  outer loop
   vertex 142 100.5 126
   vertex 143 100.5 127
   vertex 142 100.5 127
  endloop
 endfacet
 facet normal -0.70710678118654746 -0.70710678118654746 0
  outer loop
   vertex 143.5 100 127
   vertex 143 100.5 126
   vertex 143.5 100 126
  endloop
 endfacet
 facet normal -0.70710678118654746 -0.70710678118654746 0
  outer loop
   vertex 143 100.5 127
   vertex 143 100.5 126
   vertex 143.5 100 127
  endloop
 endfacet
 facet normal 1 0 0
  outer loop
   vertex 151.5 100 126
   vertex 151.5 101 126
   vertex 151.5 100 127
  endloop
 endfacet
 facet normal 1 0 -0
  outer loop
   vertex 151.5 100 127
   vertex 151.5 101 126
   vertex 151.5 101 127
  endloop
 endfacet
 facet normal -1 0 0
  outer loop
   vertex 153.5 100 126
   vertex 153.5 100 127
   vertex 153.5 101 126
  endloop
 endfacet
 facet normal -1 -0 -0
  outer loop
   vertex 153.5 100 127
   vertex 153.5 101 127
   vertex 153.5 101 126
  endloop
 endfacet
 facet normal 1 0 0
  outer loop
   vertex 157.5 100 126
   vertex 157.5 101 126
   vertex 157.5 100 127
  endloop
 endfacet
 facet normal 1 0 -0
  outer loop
   vertex 157.5 100 127
   vertex 157.5 101 126
   vertex 157.5 101 127
  endloop
 endfacet
 facet normal -0.57735026918962584 -0.57735026918962584 0.57735026918962584
  outer loop
   vertex 141 101 126.5
   vertex 141 101.5 127
   vertex 140.5 102 127
  endloop
 endfacet
 facet normal -0.57735026918962584 -0.57735026918962584 0.57735026918962584
  outer loop
   vertex 141 101 126.5
   vertex 140.5 102 127
   vertex 140.5 101 126
  endloop
 endfacet
 facet normal -1 0 -0
  outer loop
   vertex 140.5 101 126
   vertex 140.5 102 127
   vertex 140.5 102 126
  endloop
 endfacet
 facet normal -0.57735026918962584 -0.57735026918962584 0.57735026918962584
  outer loop
   vertex 141.5 101 127
   vertex 141 101.5 127
   vertex 141 101 126.5
  endloop
 endfacet
 facet normal 1 0 0
  outer loop
   vertex 151.5 101 126
   vertex 151.5 102 126
   vertex 151.5 101 127
  endloop
 endfacet
 facet normal 1 0 -0
  outer loop
   vertex 151.5 101 127
   vertex 151.5 102 126
   vertex 151.5 102 127
  endloop
 endfacet
 facet normal -1 0 0
  outer loop
   vertex 153.5 101 126
   vertex 153.5 101 127
   vertex 153.5 102 126
  endloop
 endfacet
 facet normal -1 -0 -0
  outer loop
   vertex 153.5 101 127
   vertex 153.5 102 127
   vertex 153.5 102 126
  endloop
 endfacet
 facet normal 1 0 0
  outer loop
   vertex 157.5 101 126
   vertex 157.5 102 126
   vertex 157.5 101 127
  endloop
 endfacet
 facet normal 1 0 -0
  outer loop
   vertex 157.5 101 127
   vertex 157.5 102 126
   vertex 157.5 102 127
  endloop
 endfacet
 facet normal -1 0 0
  outer loop
   vertex 140.5 102 126
   vertex 140.5 102 127
   vertex 140.5 103 126
  endloop
 endfacet
 facet normal -1 -0 -0
  outer loop
   vertex 140.5 102 127
   vertex 140.5 103 127
   vertex 140.5 103 126
  endloop
 endfacet
 facet normal 0.57735026918962584 0.57735026918962584 0.57735026918962584
  outer loop
   vertex 146 103 126.5
   vertex 145.5 103 127
   vertex 146 102.5 127
  endloop
 endfacet
 facet normal 0 0.70710678118654746 0.70710678118654746
  outer loop
   vertex 146 103 126.5
   vertex 147 102.5 127
   vertex 147 103 126.5
  endloop
 endfacet
 facet normal 0 0.70710678118654746 0.70710678118654746
  outer loop
   vertex 146 102.5 127
   vertex 147 102.5 127
   vertex 146 103 126.5
  endloop
 endfacet
 facet normal 0 0.70710678118654746 0.70710678118654746
  outer loop
   vertex 147 103 126.5
   vertex 148 102.5 127
   vertex 148 103 126.5
  endloop
 endfacet
 facet normal 0 0.70710678118654746 0.70710678118654746
  outer loop
   vertex 147 102.5 127
   vertex 148 102.5 127
   vertex 147 103 126.5
  endloop
 endfacet
 facet normal -0.57735026918962584 0.57735026918962584 0.57735026918962584
  outer loop
   vertex 148 102.5 127
   vertex 148.5 103 127
   vertex 148 103 126.5
  endloop
 endfacet
 facet normal 0.57735026918962584 -0.57735026918962584 -0.57735026918962584
  outer loop
   vertex 152 102.5 127
   vertex 151.5 103 126
   vertex 152 103 126.5
  endloop
 endfacet
 facet normal 0.57735026918962584 -0.57735026918962584 -0.57735026918962584
  outer loop
   vertex 152 102.5 127
   vertex 151.5 102 127
   vertex 151.5 103 126
  endloop
 endfacet
 facet normal 1 0 0
  outer loop
   vertex 151.5 102 127
   vertex 151.5 102 126
   vertex 151.5 103 126
  endloop
 endfacet
 facet normal -0 -0.70710678118654746 -0.70710678118654746
  outer loop
   vertex 152 103 126.5
   vertex 153 103 126.5
   vertex 153 102.5 127
  endloop
 endfacet
 facet normal 0 -0.70710678118654746 -0.70710678118654746
  outer loop
   vertex 152 102.5 127
   vertex 152 103 126.5
   vertex 153 102.5 127
  endloop
 endfacet
 facet normal -0.57735026918962584 -0.57735026918962584 -0.57735026918962584
  outer loop
   vertex 153 103 126.5
   vertex 153.5 102 127
   vertex 153 102.5 127
  endloop
 endfacet
 facet normal -0.57735026918962584 -0.57735026918962584 -0.57735026918962584
  outer loop
   vertex 153 103 126.5
   vertex 153.5 103 126
   vertex 153.5 102 127
  endloop
 endfacet
 facet normal -1 0 0
  outer loop
   vertex 153.5 103 126
   vertex 153.5 102 126
   vertex 153.5 102 127
  endloop
 endfacet
 facet normal 1 0 0
  outer loop
   vertex 157.5 102 126
   vertex 157.5 103 126
   vertex 157.5 102 127
  endloop
 endfacet
 facet normal 1 0 -0
  outer loop
   vertex 157.5 102 127
   vertex 157.5 103 126
   vertex 157.5 103 127
  endloop
 endfacet
 facet normal -0.57735026918962584 0.57735026918962584 0.57735026918962584
  outer loop
   vertex 141 103.5 127
   vertex 141 104 126.5
   vertex 140.5 104 126
  endloop
 endfacet
 facet normal -0.57735026918962584 0.57735026918962584 0.57735026918962584
  outer loop
   vertex 141 103.5 127
   vertex 140.5 104 126
   vertex 140.5 103 127
  endloop
 endfacet
 facet normal -1 0 0
  outer loop
   vertex 140.5 103 127
   vertex 140.5 104 126
   vertex 140.5 103 126
  endloop
 endfacet
 facet normal 0 0.70710678118654746 0.70710678118654746
  outer loop
   vertex 141 104 126.5
   vertex 142 103.5 127
   vertex 142 104 126.5
  endloop
 endfacet
 facet normal 0 0.70710678118654746 0.70710678118654746
  outer loop
   vertex 141 103.5 127
   vertex 142 103.5 127
   vertex 141 104 126.5
  endloop
 endfacet
 facet normal 0 0.70710678118654746 0.70710678118654746
  outer loop
   vertex 142 104 126.5
   vertex 143 103.5 127
   vertex 143 104 126.5
  endloop
 endfacet
 facet normal 0 0.70710678118654746 0.70710678118654746
  outer loop
   vertex 142 103.5 127
   vertex 143 103.5 127
   vertex 142 104 126.5
  endloop
 endfacet
 facet normal 0 0.70710678118654746 0.70710678118654746
  outer loop
   vertex 143 104 126.5
   vertex 144 103.5 127
   vertex 144 104 126.5
  endloop
 endfacet
 facet normal 0 0.70710678118654746 0.70710678118654746
  outer loop
   vertex 143 103.5 127
   vertex 144 103.5 127
   vertex 143 104 126.5
  endloop
 endfacet
 facet normal 0.57735026918962584 0.57735026918962584 0.57735026918962584
  outer loop
   vertex 144 104 126.5
   vertex 145 103.5 126
   vertex 144.5 104 126
  endloop
 endfacet
 facet normal 0.57735026918962584 0.57735026918962584 0.57735026918962584
  outer loop
   vertex 144 104 126.5
   vertex 144 103.5 127
   vertex 145 103.5 126
  endloop
 endfacet
 facet normal 0 1 0
  outer loop
   vertex 144 103.5 127
   vertex 145 103.5 127
   vertex 145 103.5 126
  endloop
 endfacet
 facet normal 0.57735026918962584 0.57735026918962584 0.57735026918962584
  outer loop
   vertex 145.5 103 127
   vertex 146 103 126.5
   vertex 146 103.5 126
  endloop
 endfacet
 facet normal 0.57735026918962584 0.57735026918962584 0.57735026918962584
  outer loop
   vertex 145.5 103 127
   vertex 146 103.5 126
   vertex 145 103.5 127
  endloop
 endfacet
 facet normal 0 1 0
  outer loop
   vertex 145 103.5 127
   vertex 146 103.5 126
   vertex 145 103.5 126
  endloop
 endfacet
 facet normal -0 0.70710678118654746 0.70710678118654746
  outer loop
   vertex 147 103.5 126
   vertex 146 103.5 126
   vertex 146 103 126.5
  endloop
 endfacet
 facet normal 0 0.70710678118654746 0.70710678118654746
  outer loop
   vertex 147 103 126.5
   vertex 147 103.5 126
   vertex 146 103 126.5
  endloop
 endfacet
 facet normal -0 0.70710678118654746 0.70710678118654746
  outer loop
   vertex 148 103.5 126
   vertex 147 103.5 126
   vertex 147 103 126.5
  endloop
 endfacet
 facet normal 0 0.70710678118654746 0.70710678118654746
  outer loop
   vertex 148 103 126.5
   vertex 148 103.5 126
   vertex 147 103 126.5
  endloop
 endfacet
 facet normal -0.57735026918962584 0.57735026918962584 0.57735026918962584
  outer loop
   vertex 148.5 104 126
   vertex 149 103.5 127
   vertex 149 104 126.5
  endloop
 endfacet
 facet normal -0.57735026918962584 0.57735026918962584 0.57735026918962584
  outer loop
   vertex 148 103.5 126
   vertex 149 103.5 127
   vertex 148.5 104 126
  endloop
 endfacet
 facet normal -0.57735026918962584 0.57735026918962584 0.57735026918962584
  outer loop
   vertex 148 103.5 126
   vertex 148.5 103 127
   vertex 149 103.5 127
  endloop
 endfacet
 facet normal -0.57735026918962584 0.57735026918962584 0.57735026918962584
  outer loop
   vertex 148 103.5 126
   vertex 148 103 126.5
   vertex 148.5 103 127
  endloop
 endfacet
 facet normal 0.57735026918962584 0.57735026918962584 0.57735026918962584
  outer loop
   vertex 149 104 126.5
   vertex 150 103.5 126
   vertex 149.5 104 126
  endloop
 endfacet
 facet normal 0.57735026918962584 0.57735026918962584 0.57735026918962584
  outer loop
   vertex 149 104 126.5
   vertex 149 103.5 127
   vertex 150 103.5 126
  endloop
 endfacet
 facet normal -0.57735026918962584 0.57735026918962584 -0.57735026918962584
  outer loop
   vertex 150 104 126.5
   vertex 150 103.5 126
   vertex 149.5 104 127
  endloop
 endfacet
 facet normal -0.57735026918962584 0.57735026918962584 -0.57735026918962584
  outer loop
   vertex 149.5 104 127
   vertex 150 103.5 126
   vertex 149 103.5 127
  endloop
 endfacet
 facet normal 0.57735026918962584 0.57735026918962584 -0.57735026918962584
  outer loop
   vertex 150.5 104 127
   vertex 150 103.5 126
   vertex 150 104 126.5
  endloop
 endfacet
 facet normal 0.57735026918962584 0.57735026918962584 -0.57735026918962584
  outer loop
   vertex 150.5 104 127
   vertex 151 103.5 127
   vertex 150 103.5 126
  endloop
 endfacet
 facet normal 0 1 -0
  outer loop
   vertex 151 103.5 127
   vertex 151 103.5 126
   vertex 150 103.5 126
  endloop
 endfacet
 facet normal 0.57735026918962584 0.57735026918962584 -0.57735026918962584
  outer loop
   vertex 152 103 126.5
   vertex 151.5 103 126
   vertex 151 103.5 126
  endloop
 endfacet
 facet normal 0.57735026918962584 0.57735026918962584 -0.57735026918962584
  outer loop
   vertex 152 103 126.5
   vertex 151 103.5 126
   vertex 152 103.5 127
  endloop
 endfacet
 facet normal 0 1 0
  outer loop
   vertex 152 103.5 127
   vertex 151 103.5 126
   vertex 151 103.5 127
  endloop
 endfacet
 facet normal -0.57735026918962584 0.57735026918962584 -0.57735026918962584
  outer loop
   vertex 152 103.5 127
   vertex 152.5 104 127
   vertex 153 104 126.5
  endloop
 endfacet
 facet normal -0.57735026918962584 0.57735026918962584 -0.57735026918962584
  outer loop
   vertex 152 103.5 127
   vertex 153 104 126.5
   vertex 152 103 126.5
  endloop
 endfacet
 facet normal 0 -0 -1
  outer loop
   vertex 152 103 126.5
   vertex 153 104 126.5
   vertex 153 103 126.5
  endloop
 endfacet
 facet normal -0.70710678118654746 0 -0.70710678118654746
  outer loop
   vertex 153.5 103 126
   vertex 153 104 126.5
   vertex 153.5 104 126
  endloop
 endfacet
 facet normal -0.70710678118654746 -0 -0.70710678118654746
  outer loop
   vertex 153 103 126.5
   vertex 153 104 126.5
   vertex 153.5 103 126
  endloop
 endfacet
 facet normal 0.57735026918962584 0.57735026918962584 0.57735026918962584
  outer loop
   vertex 156 104 126.5
   vertex 155.5 104 127
   vertex 156 103.5 127
  endloop
 endfacet
 facet normal 0.57735026918962584 0.57735026918962584 0.57735026918962584
  outer loop
   vertex 156 104 126.5
   vertex 157 103.5 126
   vertex 156.5 104 126
  endloop
 endfacet
 facet normal 0.57735026918962584 0.57735026918962584 0.57735026918962584
  outer loop
   vertex 156 104 126.5
   vertex 156 103.5 127
   vertex 157 103.5 126
  endloop
 endfacet
 facet normal -0.57735026918962584 0.57735026918962584 -0.57735026918962584
  outer loop
   vertex 157 104 126.5
   vertex 157 103.5 126
   vertex 156.5 104 127
  endloop
 endfacet
 facet normal -0.57735026918962584 0.57735026918962584 -0.57735026918962584
  outer loop
   vertex 156.5 104 127
   vertex 157 103.5 126
   vertex 156 103.5 127
  endloop
 endfacet
 facet normal 0.57735026918962584 0.57735026918962584 -0.57735026918962584
  outer loop
   vertex 157 103.5 126
   vertex 157 104 126.5
   vertex 157.5 104 127
  endloop
 endfacet
 facet normal 0.57735026918962584 0.57735026918962584 -0.57735026918962584
  outer loop
   vertex 157 103.5 126
   vertex 157.5 104 127
   vertex 157.5 103 126
  endloop
 endfacet
 facet normal 1 0 0
  outer loop
   vertex 157.5 103 126
   vertex 157.5 104 127
   vertex 157.5 103 127
  endloop
 endfacet
 facet normal -0.57735026918962584 0.57735026918962584 0.57735026918962584
  outer loop
   vertex 141 104 126.5
   vertex 141 104.5 126
   vertex 140.5 104 126
  endloop
 endfacet
 facet normal -0.57735026918962584 -0.57735026918962584 -0.57735026918962584
  outer loop
   vertex 141 104.5 127
   vertex 140.5 105 127
   vertex 141 105 126.5
  endloop
 endfacet
 facet normal 0.57735026918962584 -0.57735026918962584 -0.57735026918962584
  outer loop
   vertex 141.5 105 127
   vertex 141 104.5 127
   vertex 141 105 126.5
  endloop
 endfacet
 facet normal -0.57735026918962584 0.57735026918962584 0.57735026918962584
  outer loop
   vertex 141.5 105 126
   vertex 141 104.5 126
   vertex 142 105 126.5
  endloop
 endfacet
 facet normal -0.57735026918962584 0.57735026918962584 0.57735026918962584
  outer loop
   vertex 142 105 126.5
   vertex 141 104.5 126
   vertex 141 104 126.5
  endloop
 endfacet
 facet normal 0 0 1
  outer loop
   vertex 142 105 126.5
   vertex 141 104 126.5
   vertex 142 104 126.5
  endloop
 endfacet
 facet normal 0.57735026918962584 0.57735026918962584 0.57735026918962584
  outer loop
   vertex 143 104.5 126
   vertex 142.5 105 126
   vertex 142 105 126.5
  endloop
 endfacet
 facet normal 0.57735026918962584 0.57735026918962584 0.57735026918962584
  outer loop
   vertex 143 104.5 126
   vertex 142 105 126.5
   vertex 143 104 126.5
  endloop
 endfacet
 facet normal 0 0 1
  outer loop
   vertex 143 104 126.5
   vertex 142 105 126.5
   vertex 142 104 126.5
  endloop
 endfacet
 facet normal -0 0.70710678118654746 0.70710678118654746
  outer loop
   vertex 144 104.5 126
   vertex 143 104.5 126
   vertex 143 104 126.5
  endloop
 endfacet
 facet normal 0 0.70710678118654746 0.70710678118654746
  outer loop
   vertex 144 104 126.5
   vertex 144 104.5 126
   vertex 143 104 126.5
  endloop
 endfacet
 facet normal 0.57735026918962584 0.57735026918962584 0.57735026918962584
  outer loop
   vertex 144.5 104 126
   vertex 144 104.5 126
   vertex 144 104 126.5
  endloop
 endfacet
 facet normal -0.57735026918962584 0.57735026918962584 0.57735026918962584
  outer loop
   vertex 148.5 104 126
   vertex 149 104 126.5
   vertex 149 104.5 126
  endloop
 endfacet
 facet normal -0.57735026918962584 0.57735026918962584 -0.57735026918962584
  outer loop
   vertex 150 104 126.5
   vertex 149.5 104 127
   vertex 150 104.5 127
  endloop
 endfacet
 facet normal 0.57735026918962584 0.57735026918962584 0.57735026918962584
  outer loop
   vertex 149.5 104 126
   vertex 149 104.5 126
   vertex 149 104 126.5
  endloop
 endfacet
 facet normal 0.57735026918962584 0.57735026918962584 -0.57735026918962584
  outer loop
   vertex 150.5 104 127
   vertex 150 104 126.5
   vertex 150 104.5 127
  endloop
 endfacet
 facet normal -0.57735026918962584 -0.57735026918962584 -0.57735026918962584
  outer loop
   vertex 153 104.5 126
   vertex 153 104 126.5
   vertex 152.5 104 127
  endloop
 endfacet
 facet normal -0.57735026918962584 -0.57735026918962584 -0.57735026918962584
  outer loop
   vertex 153 104.5 126
   vertex 152.5 104 127
   vertex 152.5 105 126
  endloop
 endfacet
 facet normal -1 0 0
  outer loop
   vertex 152.5 105 126
   vertex 152.5 104 127
   vertex 152.5 105 127
  endloop
 endfacet
 facet normal -0.57735026918962584 -0.57735026918962584 -0.57735026918962584
  outer loop
   vertex 153.5 104 126
   vertex 153 104 126.5
   vertex 153 104.5 126
  endloop
 endfacet
 facet normal 0.70710678118654746 0 0.70710678118654746
  outer loop
   vertex 156 105 126.5
   vertex 155.5 104 127
   vertex 156 104 126.5
  endloop
 endfacet
 facet normal 0.70710678118654746 -0 0.70710678118654746
  outer loop
   vertex 155.5 105 127
   vertex 155.5 104 127
   vertex 156 105 126.5
  endloop
 endfacet
 facet normal 0.70710678118654746 0 0.70710678118654746
  outer loop
   vertex 156.5 104 126
   vertex 156.5 105 126
   vertex 156 105 126.5
  endloop
 endfacet
 facet normal 0.70710678118654746 0 0.70710678118654746
  outer loop
   vertex 156.5 104 126
   vertex 156 105 126.5
   vertex 156 104 126.5
  endloop
 endfacet
 facet normal -0.57735026918962584 0.57735026918962584 -0.57735026918962584
  outer loop
   vertex 156.5 104 127
   vertex 157 104.5 127
   vertex 157 104 126.5
  endloop
 endfacet
 facet normal 0.57735026918962584 0.57735026918962584 -0.57735026918962584
  outer loop
   vertex 157.5 104 127
   vertex 157 104 126.5
   vertex 157 104.5 127
  endloop
 endfacet
 facet normal -0.57735026918962584 0.57735026918962584 -0.57735026918962584
  outer loop
   vertex 141 105 126.5
   vertex 140.5 105 127
   vertex 141 105.5 127
  endloop
 endfacet
 facet normal -0.70710678118654746 0 0.70710678118654746
  outer loop
   vertex 142 105 126.5
   vertex 142 106 126.5
   vertex 141.5 106 126
  endloop
 endfacet
 facet normal -0.70710678118654746 0 0.70710678118654746
  outer loop
   vertex 142 105 126.5
   vertex 141.5 106 126
   vertex 141.5 105 126
  endloop
 endfacet
 facet normal 0.57735026918962584 0.57735026918962584 -0.57735026918962584
  outer loop
   vertex 141 105 126.5
   vertex 141 105.5 127
   vertex 141.5 105 127
  endloop
 endfacet
 facet normal 0.70710678118654746 0 0.70710678118654746
  outer loop
   vertex 142.5 105 126
   vertex 142.5 106 126
   vertex 142 106 126.5
  endloop
 endfacet
 facet normal 0.70710678118654746 0 0.70710678118654746
  outer loop
   vertex 142 105 126.5
   vertex 142.5 105 126
   vertex 142 106 126.5
  endloop
 endfacet
 facet normal -0.57735026918962584 -0.57735026918962584 -0.57735026918962584
  outer loop
   vertex 150 106 126.5
   vertex 150 105.5 127
   vertex 149.5 106 127
  endloop
 endfacet
 facet normal 0.57735026918962584 -0.57735026918962584 -0.57735026918962584
  outer loop
   vertex 150 105.5 127
   vertex 150 106 126.5
   vertex 150.5 106 127
  endloop
 endfacet
 facet normal -0.57735026918962584 -0.57735026918962584 -0.57735026918962584
  outer loop
   vertex 152 106 126.5
   vertex 152 105.5 127
   vertex 151.5 106 127
  endloop
 endfacet
 facet normal -0.57735026918962584 -0.57735026918962584 -0.57735026918962584
  outer loop
   vertex 152 106 126.5
   vertex 152.5 105 127
   vertex 152 105.5 127
  endloop
 endfacet
 facet normal -0.57735026918962584 -0.57735026918962584 -0.57735026918962584
  outer loop
   vertex 152 106 126.5
   vertex 152.5 106 126
   vertex 152.5 105 127
  endloop
 endfacet
 facet normal -1 0 0
  outer loop
   vertex 152.5 106 126
   vertex 152.5 105 126
   vertex 152.5 105 127
  endloop
 endfacet
 facet normal 0.57735026918962584 0.57735026918962584 0.57735026918962584
  outer loop
   vertex 155 106 126.5
   vertex 154.5 106 127
   vertex 155 105.5 127
  endloop
 endfacet
 facet normal 0.57735026918962584 0.57735026918962584 0.57735026918962584
  outer loop
   vertex 155.5 105 127
   vertex 155 106 126.5
   vertex 155 105.5 127
  endloop
 endfacet
 facet normal 0.57735026918962584 0.57735026918962584 0.57735026918962584
  outer loop
   vertex 155.5 105 127
   vertex 156 105 126.5
   vertex 155 106 126.5
  endloop
 endfacet
 facet normal 0 0 1
  outer loop
   vertex 156 105 126.5
   vertex 156 106 126.5
   vertex 155 106 126.5
  endloop
 endfacet
 facet normal 0.70710678118654746 -0 0.70710678118654746
  outer loop
   vertex 156 106 126.5
   vertex 156 105 126.5
   vertex 156.5 105 126
  endloop
 endfacet
 facet normal 0.70710678118654746 -0 0.70710678118654746
  outer loop
   vertex 156 106 126.5
   vertex 156.5 105 126
   vertex 156.5 106 126
  endloop
 endfacet
 facet normal -0.57735026918962584 -0.57735026918962584 -0.57735026918962584
  outer loop
   vertex 157 106 126.5
   vertex 157 105.5 127
   vertex 156.5 106 127
  endloop
 endfacet
 facet normal 0.57735026918962584 -0.57735026918962584 -0.57735026918962584
  outer loop
   vertex 157 105.5 127
   vertex 157 106 126.5
   vertex 157.5 106 127
  endloop
 endfacet
 facet normal -0.57735026918962584 0.57735026918962584 0.57735026918962584
  outer loop
   vertex 141.5 106 126
   vertex 142 106 126.5
   vertex 142 106.5 126
  endloop
 endfacet
 facet normal 0.57735026918962584 0.57735026918962584 0.57735026918962584
  outer loop
   vertex 142.5 106 126
   vertex 142 106.5 126
   vertex 142 106 126.5
  endloop
 endfacet
 facet normal -0.57735026918962584 -0.57735026918962584 0.57735026918962584
  outer loop
   vertex 143 106.5 126
   vertex 143 107 126.5
   vertex 142.5 107 126
  endloop
 endfacet
 facet normal 0.57735026918962584 -0.57735026918962584 0.57735026918962584
  outer loop
   vertex 143 106.5 126
   vertex 143.5 107 126
   vertex 143 107 126.5
  endloop
 endfacet
 facet normal -0.57735026918962584 0.57735026918962584 -0.57735026918962584
  outer loop
   vertex 150 106 126.5
   vertex 149.5 106 127
   vertex 150 106.5 127
  endloop
 endfacet
 facet normal 0.57735026918962584 0.57735026918962584 -0.57735026918962584
  outer loop
   vertex 150.5 106 127
   vertex 150 106 126.5
   vertex 150 106.5 127
  endloop
 endfacet
 facet normal -0.70710678118654746 0 -0.70710678118654746
  outer loop
   vertex 152 107 126.5
   vertex 152 106 126.5
   vertex 151.5 106 127
  endloop
 endfacet
 facet normal -0.70710678118654746 0 -0.70710678118654746
  outer loop
   vertex 151.5 107 127
   vertex 152 107 126.5
   vertex 151.5 106 127
  endloop
 endfacet
 facet normal -0.70710678118654746 0 -0.70710678118654746
  outer loop
   vertex 152.5 106 126
   vertex 152 107 126.5
   vertex 152.5 107 126
  endloop
 endfacet
 facet normal -0.70710678118654746 -0 -0.70710678118654746
  outer loop
   vertex 152 106 126.5
   vertex 152 107 126.5
   vertex 152.5 106 126
  endloop
 endfacet
 facet normal 0.57735026918962584 0.57735026918962584 0.57735026918962584
  outer loop
   vertex 154 107 126.5
   vertex 153.5 107 127
   vertex 154 106.5 127
  endloop
 endfacet
 facet normal 0.57735026918962584 0.57735026918962584 0.57735026918962584
  outer loop
   vertex 154.5 106 127
   vertex 154 107 126.5
   vertex 154 106.5 127
  endloop
 endfacet
 facet normal 0.57735026918962584 0.57735026918962584 0.57735026918962584
  outer loop
   vertex 154.5 106 127
   vertex 155 106 126.5
   vertex 154 107 126.5
  endloop
 endfacet
 facet normal 0 0 1
  outer loop
   vertex 155 106 126.5
   vertex 155 107 126.5
   vertex 154 107 126.5
  endloop
 endfacet
 facet normal 0.57735026918962584 0.57735026918962584 0.57735026918962584
  outer loop
   vertex 156 106.5 126
   vertex 155.5 107 126
   vertex 155 107 126.5
  endloop
 endfacet
 facet normal 0.57735026918962584 0.57735026918962584 0.57735026918962584
  outer loop
   vertex 156 106.5 126
   vertex 155 107 126.5
   vertex 156 106 126.5
  endloop
 endfacet
 facet normal 0 0 1
  outer loop
   vertex 156 106 126.5
   vertex 155 107 126.5
   vertex 155 106 126.5
  endloop
 endfacet
 facet normal -0.57735026918962584 0.57735026918962584 -0.57735026918962584
  outer loop
   vertex 157 106 126.5
   vertex 156.5 106 127
   vertex 157 106.5 127
  endloop
 endfacet
 facet normal 0.57735026918962584 0.57735026918962584 0.57735026918962584
  outer loop
   vertex 156.5 106 126
   vertex 156 106.5 126
   vertex 156 106 126.5
  endloop
 endfacet
 facet normal 0.57735026918962584 0.57735026918962584 -0.57735026918962584
  outer loop
   vertex 157.5 106 127
   vertex 157 106 126.5
   vertex 157 106.5 127
  endloop
 endfacet
 facet normal -0.57735026918962584 -0.57735026918962584 -0.57735026918962584
  outer loop
   vertex 141 108 126.5
   vertex 141 107.5 127
   vertex 140.5 108 127
  endloop
 endfacet
 facet normal -0.57735026918962584 -0.57735026918962584 0.57735026918962584
  outer loop
   vertex 142 108 126.5
   vertex 141.5 108 126
   vertex 142 107.5 126
  endloop
 endfacet
 facet normal 0.57735026918962584 -0.57735026918962584 -0.57735026918962584
  outer loop
   vertex 141.5 108 127
   vertex 141 107.5 127
   vertex 141 108 126.5
  endloop
 endfacet
 facet normal -0.57735026918962584 0.57735026918962584 0.57735026918962584
  outer loop
   vertex 143 107.5 126
   vertex 142.5 107 126
   vertex 143 107 126.5
  endloop
 endfacet
 facet normal 0.57735026918962584 -0.57735026918962584 0.57735026918962584
  outer loop
   vertex 142.5 108 126
   vertex 142 108 126.5
   vertex 142 107.5 126
  endloop
 endfacet
 facet normal 0.57735026918962584 0.57735026918962584 0.57735026918962584
  outer loop
   vertex 143.5 107 126
   vertex 143 107.5 126
   vertex 143 107 126.5
  endloop
 endfacet
 facet normal -0.70710678118654746 0 -0.70710678118654746
  outer loop
   vertex 152 108 126.5
   vertex 152 107 126.5
   vertex 151.5 107 127
  endloop
 endfacet
 facet normal -0.70710678118654746 0 -0.70710678118654746
  outer loop
   vertex 151.5 108 127
   vertex 152 108 126.5
   vertex 151.5 107 127
  endloop
 endfacet
 facet normal 0.44721359549995793 0 -0.89442719099991586
  outer loop
   vertex 152 108 126.5
   vertex 153 107.5 127
   vertex 152 107 126.5
  endloop
 endfacet
 facet normal 0.57735026918962584 0.57735026918962584 -0.57735026918962584
  outer loop
   vertex 152 108 126.5
   vertex 152.5 108 127
   vertex 153 107.5 127
  endloop
 endfacet
 facet normal -0.30151134457776363 0.90453403373329089 -0.30151134457776363
  outer loop
   vertex 152 107 126.5
   vertex 153 107.5 127
   vertex 152.5 107 126
  endloop
 endfacet
 facet normal -0.57735026918962584 0.57735026918962584 0.57735026918962584
  outer loop
   vertex 153 108 126.5
   vertex 152.5 108 126
   vertex 153 107.5 127
  endloop
 endfacet
 facet normal -0.89442719099991586 0 0.44721359549995793
  outer loop
   vertex 152.5 107 126
   vertex 153 107.5 127
   vertex 152.5 108 126
  endloop
 endfacet
 facet normal 0.57735026918962584 0.57735026918962584 0.57735026918962584
  outer loop
   vertex 153.5 107 127
   vertex 153 108 126.5
   vertex 153 107.5 127
  endloop
 endfacet
 facet normal 0.57735026918962584 0.57735026918962584 0.57735026918962584
  outer loop
   vertex 153.5 107 127
   vertex 154 107 126.5
   vertex 153 108 126.5
  endloop
 endfacet
 facet normal 0 0 1
  outer loop
   vertex 154 107 126.5
   vertex 154 108 126.5
   vertex 153 108 126.5
  endloop
 endfacet
 facet normal 0.57735026918962584 0.57735026918962584 0.57735026918962584
  outer loop
   vertex 155 107.5 126
   vertex 154.5 108 126
   vertex 154 108 126.5
  endloop
 endfacet
 facet normal 0.57735026918962584 0.57735026918962584 0.57735026918962584
  outer loop
   vertex 155 107.5 126
   vertex 154 108 126.5
   vertex 155 107 126.5
  endloop
 endfacet
 facet normal 0 0 1
  outer loop
   vertex 155 107 126.5
   vertex 154 108 126.5
   vertex 154 107 126.5
  endloop
 endfacet
 facet normal 0.57735026918962584 0.57735026918962584 0.57735026918962584
  outer loop
   vertex 155.5 107 126
   vertex 155 107.5 126
   vertex 155 107 126.5
  endloop
 endfacet
 facet normal -0.57735026918962584 -0.57735026918962584 -0.57735026918962584
  outer loop
   vertex 156 107.5 127
   vertex 155.5 108 127
   vertex 156 108 126.5
  endloop
 endfacet
 facet normal 0.57735026918962584 -0.57735026918962584 -0.57735026918962584
  outer loop
   vertex 156 107.5 127
   vertex 156 108 126.5
   vertex 156.5 108 127
  endloop
 endfacet
 facet normal -0.57735026918962584 0.57735026918962584 -0.57735026918962584
  outer loop
   vertex 141 108 126.5
   vertex 140.5 108 127
   vertex 141 108.5 127
  endloop
 endfacet
 facet normal -0.57735026918962584 0.57735026918962584 0.57735026918962584
  outer loop
   vertex 141.5 108 126
   vertex 142 108 126.5
   vertex 142 108.5 126
  endloop
 endfacet
 facet normal 0.57735026918962584 0.57735026918962584 -0.57735026918962584
  outer loop
   vertex 141 108 126.5
   vertex 141 108.5 127
   vertex 141.5 108 127
  endloop
 endfacet
 facet normal 0.57735026918962584 0.57735026918962584 0.57735026918962584
  outer loop
   vertex 142.5 108 126
   vertex 142 108.5 126
   vertex 142 108 126.5
  endloop
 endfacet
 facet normal -0.57735026918962584 0.57735026918962584 -0.57735026918962584
  outer loop
   vertex 152 108 126.5
   vertex 151.5 108 127
   vertex 152 108.5 127
  endloop
 endfacet
 facet normal -0.57735026918962584 0.57735026918962584 0.57735026918962584
  outer loop
   vertex 152.5 108 126
   vertex 153 108 126.5
   vertex 153 108.5 126
  endloop
 endfacet
 facet normal 0.57735026918962584 0.57735026918962584 -0.57735026918962584
  outer loop
   vertex 152 108 126.5
   vertex 152 108.5 127
   vertex 152.5 108 127
  endloop
 endfacet
 facet normal -0 0.70710678118654746 0.70710678118654746
  outer loop
   vertex 154 108.5 126
   vertex 153 108.5 126
   vertex 153 108 126.5
  endloop
 endfacet
 facet normal -0 0.70710678118654746 0.70710678118654746
  outer loop
   vertex 154 108.5 126
   vertex 153 108 126.5
   vertex 154 108 126.5
  endloop
 endfacet
 facet normal -0.57735026918962584 -0.57735026918962584 -0.57735026918962584
  outer loop
   vertex 154 108.5 127
   vertex 153.5 109 127
   vertex 154 109 126.5
  endloop
 endfacet
 facet normal 0.57735026918962584 0.57735026918962584 0.57735026918962584
  outer loop
   vertex 154 108.5 126
   vertex 154 108 126.5
   vertex 154.5 108 126
  endloop
 endfacet
 facet normal 0.57735026918962584 -0.57735026918962584 -0.57735026918962584
  outer loop
   vertex 154 109 126.5
   vertex 154.5 109 127
   vertex 154 108.5 127
  endloop
 endfacet
 facet normal -0.57735026918962584 0.57735026918962584 -0.57735026918962584
  outer loop
   vertex 156 108 126.5
   vertex 155.5 108 127
   vertex 156 108.5 127
  endloop
 endfacet
 facet normal 0.57735026918962584 0.57735026918962584 -0.57735026918962584
  outer loop
   vertex 156.5 108 127
   vertex 156 108 126.5
   vertex 156 108.5 127
  endloop
 endfacet
 facet normal -0.57735026918962584 -0.57735026918962584 0.57735026918962584
  outer loop
   vertex 144 109.5 126
   vertex 144 110 126.5
   vertex 143.5 110 126
  endloop
 endfacet
 facet normal 0 -0.70710678118654746 0.70710678118654746
  outer loop
   vertex 144 109.5 126
   vertex 145 109.5 126
   vertex 145 110 126.5
  endloop
 endfacet
 facet normal 0 -0.70710678118654746 0.70710678118654746
  outer loop
   vertex 144 110 126.5
   vertex 144 109.5 126
   vertex 145 110 126.5
  endloop
 endfacet
 facet normal 0 -0.70710678118654746 0.70710678118654746
  outer loop
   vertex 145 109.5 126
   vertex 146 109.5 126
   vertex 146 110 126.5
  endloop
 endfacet
 facet normal 0 -0.70710678118654746 0.70710678118654746
  outer loop
   vertex 145 110 126.5
   vertex 145 109.5 126
   vertex 146 110 126.5
  endloop
 endfacet
 facet normal 0.57735026918962584 -0.57735026918962584 0.57735026918962584
  outer loop
   vertex 146 109.5 126
   vertex 146.5 110 126
   vertex 146 110 126.5
  endloop
 endfacet
 facet normal -0.57735026918962584 0.57735026918962584 -0.57735026918962584
  outer loop
   vertex 154 109 126.5
   vertex 153.5 109 127
   vertex 154 109.5 127
  endloop
 endfacet
 facet normal 0.57735026918962584 0.57735026918962584 -0.57735026918962584
  outer loop
   vertex 154.5 109 127
   vertex 154 109 126.5
   vertex 154 109.5 127
  endloop
 endfacet
 facet normal -0.57735026918962584 0.57735026918962584 0.57735026918962584
  outer loop
   vertex 144 110 126.5
   vertex 144 110.5 126
   vertex 143.5 110 126
  endloop
 endfacet
 facet normal -0.57735026918962584 -0.57735026918962584 -0.57735026918962584
  outer loop
   vertex 144 110.5 127
   vertex 143.5 111 127
   vertex 144 111 126.5
  endloop
 endfacet
 facet normal -0 -0.70710678118654746 -0.70710678118654746
  outer loop
   vertex 145 111 126.5
   vertex 145 110.5 127
   vertex 144 110.5 127
  endloop
 endfacet
 facet normal 0 -0.70710678118654746 -0.70710678118654746
  outer loop
   vertex 145 111 126.5
   vertex 144 110.5 127
   vertex 144 111 126.5
  endloop
 endfacet
 facet normal 0 0.70710678118654746 0.70710678118654746
  outer loop
   vertex 145 110 126.5
   vertex 145 110.5 126
   vertex 144 110 126.5
  endloop
 endfacet
 facet normal 0 0.70710678118654746 0.70710678118654746
  outer loop
   vertex 144 110 126.5
   vertex 145 110.5 126
   vertex 144 110.5 126
  endloop
 endfacet
 facet normal -0 -0.70710678118654746 -0.70710678118654746
  outer loop
   vertex 146 111 126.5
   vertex 146 110.5 127
   vertex 145 110.5 127
  endloop
 endfacet
 facet normal 0 -0.70710678118654746 -0.70710678118654746
  outer loop
   vertex 146 111 126.5
   vertex 145 110.5 127
   vertex 145 111 126.5
  endloop
 endfacet
 facet normal 0 0.70710678118654746 0.70710678118654746
  outer loop
   vertex 146 110 126.5
   vertex 146 110.5 126
   vertex 145 110 126.5
  endloop
 endfacet
 facet normal 0 0.70710678118654746 0.70710678118654746
  outer loop
   vertex 145 110 126.5
   vertex 146 110.5 126
   vertex 145 110.5 126
  endloop
 endfacet
 facet normal 0.57735026918962584 0.57735026918962584 0.57735026918962584
  outer loop
   vertex 146 110.5 126
   vertex 146 110 126.5
   vertex 146.5 110 126
  endloop
 endfacet
 facet normal 0.57735026918962584 -0.57735026918962584 -0.57735026918962584
  outer loop
   vertex 146 111 126.5
   vertex 146.5 111 127
   vertex 146 110.5 127
  endloop
 endfacet
 facet normal -0.57735026918962584 0.57735026918962584 -0.57735026918962584
  outer loop
   vertex 144 111 126.5
   vertex 143.5 111 127
   vertex 144 111.5 127
  endloop
 endfacet
 facet normal 0 0.70710678118654746 -0.70710678118654746
  outer loop
   vertex 145 111 126.5
   vertex 144 111 126.5
   vertex 144 111.5 127
  endloop
 endfacet
 facet normal 0 0.70710678118654746 -0.70710678118654746
  outer loop
   vertex 145 111.5 127
   vertex 145 111 126.5
   vertex 144 111.5 127
  endloop
 endfacet
 facet normal 0 0.70710678118654746 -0.70710678118654746
  outer loop
   vertex 146 111 126.5
   vertex 145 111 126.5
   vertex 145 111.5 127
  endloop
 endfacet
 facet normal 0 0.70710678118654746 -0.70710678118654746
  outer loop
   vertex 146 111.5 127
   vertex 146 111 126.5
   vertex 145 111.5 127
  endloop
 endfacet
 facet normal 0.57735026918962584 0.57735026918962584 -0.57735026918962584
  outer loop
   vertex 146.5 111 127
   vertex 146 111 126.5
   vertex 146 111.5 127
  endloop
 endfacet
 facet normal -0.57735026918962584 -0.57735026918962584 -0.57735026918962584
  outer loop
   vertex 145 88 127.5
   vertex 145 87.5 128
   vertex 144.5 88 128
  endloop
 endfacet
 facet normal -0.57735026918962584 -0.57735026918962584 -0.57735026918962584
  outer loop
   vertex 145 88 127.5
   vertex 145.5 88 127
   vertex 146 87.5 127
  endloop
 endfacet
 facet normal -0.57735026918962584 -0.57735026918962584 -0.57735026918962584
  outer loop
   vertex 145 88 127.5
   vertex 146 87.5 127
   vertex 145 87.5 128
  endloop
 endfacet
 facet normal 0 -1 0
  outer loop
   vertex 145 87.5 128
   vertex 146 87.5 127
   vertex 146 87.5 128
  endloop
 endfacet
 facet normal 0 -1 -0
  outer loop
   vertex 147 87.5 127
   vertex 147 87.5 128
   vertex 146 87.5 127
  endloop
 endfacet
 facet normal -0 -1 0
  outer loop
   vertex 146 87.5 127
   vertex 147 87.5 128
   vertex 146 87.5 128
  endloop
 endfacet
 facet normal 0 -1 -0
  outer loop
   vertex 148 87.5 127
   vertex 148 87.5 128
   vertex 147 87.5 127
  endloop
 endfacet
 facet normal -0 -1 0
  outer loop
   vertex 147 87.5 127
   vertex 148 87.5 128
   vertex 147 87.5 128
  endloop
 endfacet
 facet normal 0.57735026918962584 -0.57735026918962584 -0.57735026918962584
  outer loop
   vertex 148.5 88 127
   vertex 149 88 127.5
   vertex 149 87.5 128
  endloop
 endfacet
 facet normal 0.57735026918962584 -0.57735026918962584 -0.57735026918962584
  outer loop
   vertex 148.5 88 127
   vertex 149 87.5 128
   vertex 148 87.5 127
  endloop
 endfacet
 facet normal -0 -1 0
  outer loop
   vertex 148 87.5 127
   vertex 149 87.5 128
   vertex 148 87.5 128
  endloop
 endfacet
 facet normal 0.57735026918962584 -0.57735026918962584 -0.57735026918962584
  outer loop
   vertex 149 87.5 128
   vertex 149 88 127.5
   vertex 149.5 88 128
  endloop
 endfacet
 facet normal -0.70710678118654746 -0.70710678118654746 -0
  outer loop
   vertex 144 88.5 127
   vertex 144 88.5 128
   vertex 143.5 89 128
  endloop
 endfacet
 facet normal -0.70710678118654746 -0.70710678118654746 0
  outer loop
   vertex 143.5 89 127
   vertex 144 88.5 127
   vertex 143.5 89 128
  endloop
 endfacet
 facet normal -0.57735026918962584 -0.57735026918962584 -0.57735026918962584
  outer loop
   vertex 144.5 88 128
   vertex 145 88.5 127
   vertex 145 88 127.5
  endloop
 endfacet
 facet normal -0.57735026918962584 -0.57735026918962584 -0.57735026918962584
  outer loop
   vertex 144.5 88 128
   vertex 144 88.5 128
   vertex 145 88.5 127
  endloop
 endfacet
 facet normal 0 -1 0
  outer loop
   vertex 144 88.5 128
   vertex 144 88.5 127
   vertex 145 88.5 127
  endloop
 endfacet
 facet normal -0.57735026918962584 -0.57735026918962584 -0.57735026918962584
  outer loop
   vertex 145.5 88 127
   vertex 145 88 127.5
   vertex 145 88.5 127
  endloop
 endfacet
 facet normal 0.57735026918962584 -0.57735026918962584 -0.57735026918962584
  outer loop
   vertex 148.5 88 127
   vertex 149 88.5 127
   vertex 149 88 127.5
  endloop
 endfacet
 facet normal 0.57735026918962584 -0.57735026918962584 -0.57735026918962584
  outer loop
   vertex 149 88 127.5
   vertex 150 88.5 128
   vertex 149.5 88 128
  endloop
 endfacet
 facet normal 0.57735026918962584 -0.57735026918962584 -0.57735026918962584
  outer loop
   vertex 149 88 127.5
   vertex 149 88.5 127
   vertex 150 88.5 128
  endloop
 endfacet
 facet normal 0 -1 0
  outer loop
   vertex 149 88.5 127
   vertex 150 88.5 127
   vertex 150 88.5 128
  endloop
 endfacet
 facet normal 0.70710678118654746 -0.70710678118654746 0
  outer loop
   vertex 150 88.5 128
   vertex 150 88.5 127
   vertex 150.5 89 127
  endloop
 endfacet
 facet normal 0.70710678118654746 -0.70710678118654746 0
  outer loop
   vertex 150.5 89 128
   vertex 150 88.5 128
   vertex 150.5 89 127
  endloop
 endfacet
 facet normal -1 0 0
  outer loop
   vertex 143.5 89 127
   vertex 143.5 89 128
   vertex 143.5 90 127
  endloop
 endfacet
 facet normal -1 -0 -0
  outer loop
   vertex 143.5 89 128
   vertex 143.5 90 128
   vertex 143.5 90 127
  endloop
 endfacet
 facet normal 0.70710678118654746 -0.70710678118654746 0
  outer loop
   vertex 150.5 89 127
   vertex 151 89.5 128
   vertex 150.5 89 128
  endloop
 endfacet
 facet normal 0.70710678118654746 -0.70710678118654746 0
  outer loop
   vertex 151 89.5 127
   vertex 151 89.5 128
   vertex 150.5 89 127
  endloop
 endfacet
 facet normal 0.70710678118654746 -0.70710678118654746 0
  outer loop
   vertex 151 89.5 128
   vertex 151 89.5 127
   vertex 151.5 90 127
  endloop
 endfacet
 facet normal 0.70710678118654746 -0.70710678118654746 0
  outer loop
   vertex 151.5 90 128
   vertex 151 89.5 128
   vertex 151.5 90 127
  endloop
 endfacet
 facet normal -0.70710678118654746 -0.70710678118654746 -0
  outer loop
   vertex 143 90.5 127
   vertex 143 90.5 128
   vertex 142.5 91 128
  endloop
 endfacet
 facet normal -0.70710678118654746 -0.70710678118654746 0
  outer loop
   vertex 142.5 91 127
   vertex 143 90.5 127
   vertex 142.5 91 128
  endloop
 endfacet
 facet normal -0.70710678118654746 -0.70710678118654746 0
  outer loop
   vertex 143.5 90 128
   vertex 143 90.5 127
   vertex 143.5 90 127
  endloop
 endfacet
 facet normal -0.70710678118654746 -0.70710678118654746 0
  outer loop
   vertex 143 90.5 128
   vertex 143 90.5 127
   vertex 143.5 90 128
  endloop
 endfacet
 facet normal 0.57735026918962584 -0.57735026918962584 -0.57735026918962584
  outer loop
   vertex 152 90.5 128
   vertex 151.5 91 127
   vertex 152 91 127.5
  endloop
 endfacet
 facet normal 0.57735026918962584 -0.57735026918962584 -0.57735026918962584
  outer loop
   vertex 152 90.5 128
   vertex 151.5 90 128
   vertex 151.5 91 127
  endloop
 endfacet
 facet normal 1 0 0
  outer loop
   vertex 151.5 90 128
   vertex 151.5 90 127
   vertex 151.5 91 127
  endloop
 endfacet
 facet normal 0.57735026918962584 -0.57735026918962584 -0.57735026918962584
  outer loop
   vertex 152 90.5 128
   vertex 152 91 127.5
   vertex 152.5 91 128
  endloop
 endfacet
 facet normal -1 0 0
  outer loop
   vertex 142.5 91 127
   vertex 142.5 91 128
   vertex 142.5 92 127
  endloop
 endfacet
 facet normal -1 -0 -0
  outer loop
   vertex 142.5 91 128
   vertex 142.5 92 128
   vertex 142.5 92 127
  endloop
 endfacet
 facet normal 0.57735026918962584 -0.57735026918962584 -0.57735026918962584
  outer loop
   vertex 151.5 91 127
   vertex 152 91.5 127
   vertex 152 91 127.5
  endloop
 endfacet
 facet normal 0.57735026918962584 -0.57735026918962584 -0.57735026918962584
  outer loop
   vertex 152 91 127.5
   vertex 152 91.5 127
   vertex 152.5 92 127
  endloop
 endfacet
 facet normal 0.57735026918962584 -0.57735026918962584 -0.57735026918962584
  outer loop
   vertex 152 91 127.5
   vertex 152.5 92 127
   vertex 152.5 91 128
  endloop
 endfacet
 facet normal 1 0 -0
  outer loop
   vertex 152.5 91 128
   vertex 152.5 92 127
   vertex 152.5 92 128
  endloop
 endfacet
 facet normal -0.57735026918962584 0.57735026918962584 0.57735026918962584
  outer loop
   vertex 143 92.5 128
   vertex 143 93 127.5
   vertex 142.5 93 127
  endloop
 endfacet
 facet normal -0.57735026918962584 0.57735026918962584 0.57735026918962584
  outer loop
   vertex 143 92.5 128
   vertex 142.5 93 127
   vertex 142.5 92 128
  endloop
 endfacet
 facet normal -1 0 0
  outer loop
   vertex 142.5 92 128
   vertex 142.5 93 127
   vertex 142.5 92 127
  endloop
 endfacet
 facet normal -0.57735026918962584 0.57735026918962584 0.57735026918962584
  outer loop
   vertex 143 92.5 128
   vertex 143.5 93 128
   vertex 143 93 127.5
  endloop
 endfacet
 facet normal 0.57735026918962584 -0.57735026918962584 -0.57735026918962584
  outer loop
   vertex 153 92.5 128
   vertex 152.5 93 127
   vertex 153 93 127.5
  endloop
 endfacet
 facet normal 0.57735026918962584 -0.57735026918962584 -0.57735026918962584
  outer loop
   vertex 153 92.5 128
   vertex 152.5 92 128
   vertex 152.5 93 127
  endloop
 endfacet
 facet normal 1 0 0
  outer loop
   vertex 152.5 92 128
   vertex 152.5 92 127
   vertex 152.5 93 127
  endloop
 endfacet
 facet normal 0.57735026918962584 -0.57735026918962584 -0.57735026918962584
  outer loop
   vertex 153 92.5 128
   vertex 153 93 127.5
   vertex 153.5 93 128
  endloop
 endfacet
 facet normal -0.57735026918962584 0.57735026918962584 0.57735026918962584
  outer loop
   vertex 142.5 93 127
   vertex 143 93 127.5
   vertex 143 93.5 127
  endloop
 endfacet
 facet normal -0.57735026918962584 0.57735026918962584 0.57735026918962584
  outer loop
   vertex 143 93 127.5
   vertex 143.5 93 128
   vertex 144 93.5 128
  endloop
 endfacet
 facet normal -0.57735026918962584 0.57735026918962584 0.57735026918962584
  outer loop
   vertex 143 93 127.5
   vertex 144 93.5 128
   vertex 143 93.5 127
  endloop
 endfacet
 facet normal 0 1 0
  outer loop
   vertex 143 93.5 127
   vertex 144 93.5 128
   vertex 144 93.5 127
  endloop
 endfacet
 facet normal -0.70710678118654746 0.70710678118654746 0
  outer loop
   vertex 144 93.5 128
   vertex 144.5 94 127
   vertex 144 93.5 127
  endloop
 endfacet
 facet normal -0.70710678118654746 0.70710678118654746 0
  outer loop
   vertex 144.5 94 128
   vertex 144.5 94 127
   vertex 144 93.5 128
  endloop
 endfacet
 facet normal 0.57735026918962584 -0.57735026918962584 -0.57735026918962584
  outer loop
   vertex 152.5 93 127
   vertex 153 93.5 127
   vertex 153 93 127.5
  endloop
 endfacet
 facet normal 0.57735026918962584 -0.57735026918962584 -0.57735026918962584
  outer loop
   vertex 153 93 127.5
   vertex 153 93.5 127
   vertex 153.5 94 127
  endloop
 endfacet
 facet normal 0.57735026918962584 -0.57735026918962584 -0.57735026918962584
  outer loop
   vertex 153 93 127.5
   vertex 153.5 94 127
   vertex 153.5 93 128
  endloop
 endfacet
 facet normal 1 0 -0
  outer loop
   vertex 153.5 93 128
   vertex 153.5 94 127
   vertex 153.5 94 128
  endloop
 endfacet
 facet normal -0.57735026918962584 0.57735026918962584 0.57735026918962584
  outer loop
   vertex 145 94.5 128
   vertex 145 95 127.5
   vertex 144.5 95 127
  endloop
 endfacet
 facet normal -0.57735026918962584 0.57735026918962584 0.57735026918962584
  outer loop
   vertex 145 94.5 128
   vertex 144.5 95 127
   vertex 144.5 94 128
  endloop
 endfacet
 facet normal -1 0 0
  outer loop
   vertex 144.5 94 128
   vertex 144.5 95 127
   vertex 144.5 94 127
  endloop
 endfacet
 facet normal -0.57735026918962584 0.57735026918962584 0.57735026918962584
  outer loop
   vertex 145 94.5 128
   vertex 145.5 95 128
   vertex 145 95 127.5
  endloop
 endfacet
 facet normal 0.57735026918962584 0.57735026918962584 0.57735026918962584
  outer loop
   vertex 153 95 127.5
   vertex 152.5 95 128
   vertex 153 94.5 128
  endloop
 endfacet
 facet normal 0.57735026918962584 0.57735026918962584 0.57735026918962584
  outer loop
   vertex 153 95 127.5
   vertex 153 94.5 128
   vertex 153.5 94 128
  endloop
 endfacet
 facet normal 0.57735026918962584 0.57735026918962584 0.57735026918962584
  outer loop
   vertex 153 95 127.5
   vertex 153.5 94 128
   vertex 153.5 95 127
  endloop
 endfacet
 facet normal 1 0 0
  outer loop
   vertex 153.5 95 127
   vertex 153.5 94 128
   vertex 153.5 94 127
  endloop
 endfacet
 facet normal -0.57735026918962584 -0.57735026918962584 0.57735026918962584
  outer loop
   vertex 145 95 127.5
   vertex 145 95.5 128
   vertex 144.5 96 128
  endloop
 endfacet
 facet normal -0.57735026918962584 -0.57735026918962584 0.57735026918962584
  outer loop
   vertex 145 95 127.5
   vertex 144.5 96 128
   vertex 144.5 95 127
  endloop
 endfacet
 facet normal -1 0 -0
  outer loop
   vertex 144.5 95 127
   vertex 144.5 96 128
   vertex 144.5 96 127
  endloop
 endfacet
 facet normal -0.57735026918962584 -0.57735026918962584 0.57735026918962584
  outer loop
   vertex 145.5 95 128
   vertex 145 95.5 128
   vertex 145 95 127.5
  endloop
 endfacet
 facet normal 0.70710678118654746 0 0.70710678118654746
  outer loop
   vertex 153 96 127.5
   vertex 152.5 95 128
   vertex 153 95 127.5
  endloop
 endfacet
 facet normal 0.70710678118654746 -0 0.70710678118654746
  outer loop
   vertex 152.5 96 128
   vertex 152.5 95 128
   vertex 153 96 127.5
  endloop
 endfacet
 facet normal 0.70710678118654746 0 0.70710678118654746
  outer loop
   vertex 153.5 95 127
   vertex 153.5 96 127
   vertex 153 96 127.5
  endloop
 endfacet
 facet normal 0.70710678118654746 0 0.70710678118654746
  outer loop
   vertex 153 95 127.5
   vertex 153.5 95 127
   vertex 153 96 127.5
  endloop
 endfacet
 facet normal -1 0 0
  outer loop
   vertex 144.5 96 127
   vertex 144.5 96 128
   vertex 144.5 97 127
  endloop
 endfacet
 facet normal -1 -0 -0
  outer loop
   vertex 144.5 96 128
   vertex 144.5 97 128
   vertex 144.5 97 127
  endloop
 endfacet
 facet normal 0.57735026918962584 0.57735026918962584 0.57735026918962584
  outer loop
   vertex 153 96.5 127
   vertex 152.5 96 128
   vertex 153 96 127.5
  endloop
 endfacet
 facet normal 0.57735026918962584 0.57735026918962584 0.57735026918962584
  outer loop
   vertex 153 96.5 127
   vertex 152.5 97 127
   vertex 152.5 96 128
  endloop
 endfacet
 facet normal 1 0 0
  outer loop
   vertex 152.5 97 127
   vertex 152.5 97 128
   vertex 152.5 96 128
  endloop
 endfacet
 facet normal 0.57735026918962584 0.57735026918962584 0.57735026918962584
  outer loop
   vertex 153.5 96 127
   vertex 153 96.5 127
   vertex 153 96 127.5
  endloop
 endfacet
 facet normal -0.57735026918962584 -0.57735026918962584 -0.57735026918962584
  outer loop
   vertex 155 97 127.5
   vertex 155 96.5 128
   vertex 154.5 97 128
  endloop
 endfacet
 facet normal -0.57735026918962584 -0.57735026918962584 -0.57735026918962584
  outer loop
   vertex 155 97 127.5
   vertex 155.5 97 127
   vertex 156 96.5 127
  endloop
 endfacet
 facet normal -0.57735026918962584 -0.57735026918962584 -0.57735026918962584
  outer loop
   vertex 155 97 127.5
   vertex 156 96.5 127
   vertex 155 96.5 128
  endloop
 endfacet
 facet normal 0 -1 0
  outer loop
   vertex 155 96.5 128
   vertex 156 96.5 127
   vertex 156 96.5 128
  endloop
 endfacet
 facet normal 0 -1 -0
  outer loop
   vertex 157 96.5 127
   vertex 157 96.5 128
   vertex 156 96.5 127
  endloop
 endfacet
 facet normal -0 -1 0
  outer loop
   vertex 156 96.5 127
   vertex 157 96.5 128
   vertex 156 96.5 128
  endloop
 endfacet
 facet normal 0.70710678118654746 -0.70710678118654746 0
  outer loop
   vertex 157 96.5 128
   vertex 157 96.5 127
   vertex 157.5 97 127
  endloop
 endfacet
 facet normal 0.70710678118654746 -0.70710678118654746 0
  outer loop
   vertex 157.5 97 128
   vertex 157 96.5 128
   vertex 157.5 97 127
  endloop
 endfacet
 facet normal -0.57735026918962584 0.57735026918962584 0.57735026918962584
  outer loop
   vertex 145 97.5 128
   vertex 145 98 127.5
   vertex 144.5 98 127
  endloop
 endfacet
 facet normal -0.57735026918962584 0.57735026918962584 0.57735026918962584
  outer loop
   vertex 145 97.5 128
   vertex 144.5 98 127
   vertex 144.5 97 128
  endloop
 endfacet
 facet normal -1 0 0
  outer loop
   vertex 144.5 97 128
   vertex 144.5 98 127
   vertex 144.5 97 127
  endloop
 endfacet
 facet normal 0 0.70710678118654746 0.70710678118654746
  outer loop
   vertex 145 98 127.5
   vertex 146 97.5 128
   vertex 146 98 127.5
  endloop
 endfacet
 facet normal 0 0.70710678118654746 0.70710678118654746
  outer loop
   vertex 145 97.5 128
   vertex 146 97.5 128
   vertex 145 98 127.5
  endloop
 endfacet
 facet normal -0.57735026918962584 0.57735026918962584 0.57735026918962584
  outer loop
   vertex 146 97.5 128
   vertex 146.5 98 128
   vertex 146 98 127.5
  endloop
 endfacet
 facet normal 0.57735026918962584 0.57735026918962584 0.57735026918962584
  outer loop
   vertex 152 98 127.5
   vertex 151.5 98 128
   vertex 152 97.5 128
  endloop
 endfacet
 facet normal 0.57735026918962584 0.57735026918962584 0.57735026918962584
  outer loop
   vertex 152 98 127.5
   vertex 152 97.5 128
   vertex 152.5 97 128
  endloop
 endfacet
 facet normal 0.57735026918962584 0.57735026918962584 0.57735026918962584
  outer loop
   vertex 152 98 127.5
   vertex 152.5 97 128
   vertex 152.5 98 127
  endloop
 endfacet
 facet normal 1 0 0
  outer loop
   vertex 152.5 98 127
   vertex 152.5 97 128
   vertex 152.5 97 127
  endloop
 endfacet
 facet normal -0.57735026918962584 -0.57735026918962584 -0.57735026918962584
  outer loop
   vertex 155 97.5 127
   vertex 155 97 127.5
   vertex 154.5 97 128
  endloop
 endfacet
 facet normal -0.57735026918962584 -0.57735026918962584 -0.57735026918962584
  outer loop
   vertex 155 97.5 127
   vertex 154.5 97 128
   vertex 154.5 98 127
  endloop
 endfacet
 facet normal -1 0 0
  outer loop
   vertex 154.5 98 127
   vertex 154.5 97 128
   vertex 154.5 98 128
  endloop
 endfacet
 facet normal -0.57735026918962584 -0.57735026918962584 -0.57735026918962584
  outer loop
   vertex 155.5 97 127
   vertex 155 97 127.5
   vertex 155 97.5 127
  endloop
 endfacet
 facet normal 1 0 0
  outer loop
   vertex 157.5 97 127
   vertex 157.5 98 127
   vertex 157.5 97 128
  endloop
 endfacet
 facet normal 1 0 -0
  outer loop
   vertex 157.5 97 128
   vertex 157.5 98 127
   vertex 157.5 98 128
  endloop
 endfacet
 facet normal -0.57735026918962584 -0.57735026918962584 0.57735026918962584
  outer loop
   vertex 144 98.5 127
   vertex 144 99 127.5
   vertex 143.5 99 127
  endloop
 endfacet
 facet normal -0.57735026918962584 -0.57735026918962584 0.57735026918962584
  outer loop
   vertex 144 98.5 127
   vertex 144.5 99 128
   vertex 144 99 127.5
  endloop
 endfacet
 facet normal -0.57735026918962584 -0.57735026918962584 0.57735026918962584
  outer loop
   vertex 144.5 98 127
   vertex 144.5 99 128
   vertex 144 98.5 127
  endloop
 endfacet
 facet normal -0.57735026918962584 -0.57735026918962584 0.57735026918962584
  outer loop
   vertex 144.5 98 127
   vertex 145 98.5 128
   vertex 144.5 99 128
  endloop
 endfacet
 facet normal -0.57735026918962584 -0.57735026918962584 0.57735026918962584
  outer loop
   vertex 144.5 98 127
   vertex 145 98 127.5
   vertex 145 98.5 128
  endloop
 endfacet
 facet normal 0 -0.70710678118654746 0.70710678118654746
  outer loop
   vertex 146 98 127.5
   vertex 145 98.5 128
   vertex 145 98 127.5
  endloop
 endfacet
 facet normal 0 -0.70710678118654746 0.70710678118654746
  outer loop
   vertex 146 98.5 128
   vertex 145 98.5 128
   vertex 146 98 127.5
  endloop
 endfacet
 facet normal -0.57735026918962584 -0.57735026918962584 0.57735026918962584
  outer loop
   vertex 146.5 98 128
   vertex 146 98.5 128
   vertex 146 98 127.5
  endloop
 endfacet
 facet normal 0.57735026918962584 0.57735026918962584 0.57735026918962584
  outer loop
   vertex 152 98.5 127
   vertex 151.5 98 128
   vertex 152 98 127.5
  endloop
 endfacet
 facet normal 0.57735026918962584 0.57735026918962584 0.57735026918962584
  outer loop
   vertex 152 98.5 127
   vertex 151.5 99 127
   vertex 151.5 98 128
  endloop
 endfacet
 facet normal 1 0 0
  outer loop
   vertex 151.5 99 127
   vertex 151.5 99 128
   vertex 151.5 98 128
  endloop
 endfacet
 facet normal 0.57735026918962584 0.57735026918962584 0.57735026918962584
  outer loop
   vertex 152.5 98 127
   vertex 152 98.5 127
   vertex 152 98 127.5
  endloop
 endfacet
 facet normal -0.57735026918962584 -0.57735026918962584 0.57735026918962584
  outer loop
   vertex 154 98.5 127
   vertex 154 99 127.5
   vertex 153.5 99 127
  endloop
 endfacet
 facet normal -0.57735026918962584 -0.57735026918962584 0.57735026918962584
  outer loop
   vertex 154 98.5 127
   vertex 154.5 99 128
   vertex 154 99 127.5
  endloop
 endfacet
 facet normal -0.57735026918962584 -0.57735026918962584 0.57735026918962584
  outer loop
   vertex 154 98.5 127
   vertex 154.5 98 127
   vertex 154.5 99 128
  endloop
 endfacet
 facet normal -1 0 0
  outer loop
   vertex 154.5 98 127
   vertex 154.5 98 128
   vertex 154.5 99 128
  endloop
 endfacet
 facet normal 1 0 0
  outer loop
   vertex 157.5 98 127
   vertex 157.5 99 127
   vertex 157.5 98 128
  endloop
 endfacet
 facet normal 1 0 -0
  outer loop
   vertex 157.5 98 128
   vertex 157.5 99 127
   vertex 157.5 99 128
  endloop
 endfacet
 facet normal -0.57735026918962584 -0.57735026918962584 0.57735026918962584
  outer loop
   vertex 144 99 127.5
   vertex 144 99.5 128
   vertex 143.5 100 128
  endloop
 endfacet
 facet normal -0.57735026918962584 -0.57735026918962584 0.57735026918962584
  outer loop
   vertex 144 99 127.5
   vertex 143.5 100 128
   vertex 143.5 99 127
  endloop
 endfacet
 facet normal -1 0 -0
  outer loop
   vertex 143.5 99 127
   vertex 143.5 100 128
   vertex 143.5 100 127
  endloop
 endfacet
 facet normal -0.57735026918962584 -0.57735026918962584 0.57735026918962584
  outer loop
   vertex 144.5 99 128
   vertex 144 99.5 128
   vertex 144 99 127.5
  endloop
 endfacet
 facet normal 1 0 0
  outer loop
   vertex 151.5 99 127
   vertex 151.5 100 127
   vertex 151.5 99 128
  endloop
 endfacet
 facet normal 1 0 -0
  outer loop
   vertex 151.5 99 128
   vertex 151.5 100 127
   vertex 151.5 100 128
  endloop
 endfacet
 facet normal -0.70710678118654746 0 0.70710678118654746
  outer loop
   vertex 154 99 127.5
   vertex 154 100 127.5
   vertex 153.5 100 127
  endloop
 endfacet
 facet normal -0.70710678118654746 0 0.70710678118654746
  outer loop
   vertex 153.5 99 127
   vertex 154 99 127.5
   vertex 153.5 100 127
  endloop
 endfacet
 facet normal -0.70710678118654746 0 0.70710678118654746
  outer loop
   vertex 154.5 100 128
   vertex 154 99 127.5
   vertex 154.5 99 128
  endloop
 endfacet
 facet normal -0.70710678118654746 0 0.70710678118654746
  outer loop
   vertex 154 100 127.5
   vertex 154 99 127.5
   vertex 154.5 100 128
  endloop
 endfacet
 facet normal 1 0 0
  outer loop
   vertex 157.5 99 127
   vertex 157.5 100 127
   vertex 157.5 99 128
  endloop
 endfacet
 facet normal 1 0 -0
  outer loop
   vertex 157.5 99 128
   vertex 157.5 100 127
   vertex 157.5 100 128
  endloop
 endfacet
 facet normal -0.57735026918962584 -0.57735026918962584 0.57735026918962584
  outer loop
   vertex 142 100.5 127
   vertex 142 101 127.5
   vertex 141.5 101 127
  endloop
 endfacet
 facet normal -0.57735026918962584 -0.57735026918962584 0.57735026918962584
  outer loop
   vertex 142.5 101 128
   vertex 142 101 127.5
   vertex 142 100.5 127
  endloop
 endfacet
 facet normal -0.57735026918962584 -0.57735026918962584 0.57735026918962584
  outer loop
   vertex 142.5 101 128
   vertex 142 100.5 127
   vertex 143 100.5 128
  endloop
 endfacet
 facet normal 0 -1 0
  outer loop
   vertex 143 100.5 128
   vertex 142 100.5 127
   vertex 143 100.5 127
  endloop
 endfacet
 facet normal -0.70710678118654746 -0.70710678118654746 0
  outer loop
   vertex 143.5 100 128
   vertex 143 100.5 127
   vertex 143.5 100 127
  endloop
 endfacet
 facet normal -0.70710678118654746 -0.70710678118654746 0
  outer loop
   vertex 143 100.5 128
   vertex 143 100.5 127
   vertex 143.5 100 128
  endloop
 endfacet
 facet normal 1 0 0
  outer loop
   vertex 151.5 100 127
   vertex 151.5 101 127
   vertex 151.5 100 128
  endloop
 endfacet
 facet normal 1 0 -0
  outer loop
   vertex 151.5 100 128
   vertex 151.5 101 127
   vertex 151.5 101 128
  endloop
 endfacet
 facet normal -0.57735026918962584 -0.57735026918962584 0.57735026918962584
  outer loop
   vertex 154 100 127.5
   vertex 154 100.5 128
   vertex 153.5 101 128
  endloop
 endfacet
 facet normal -0.57735026918962584 -0.57735026918962584 0.57735026918962584
  outer loop
   vertex 154 100 127.5
   vertex 153.5 101 128
   vertex 153.5 100 127
  endloop
 endfacet
 facet normal -1 0 -0
  outer loop
   vertex 153.5 100 127
   vertex 153.5 101 128
   vertex 153.5 101 127
  endloop
 endfacet
 facet normal -0.57735026918962584 -0.57735026918962584 0.57735026918962584
  outer loop
   vertex 154.5 100 128
   vertex 154 100.5 128
   vertex 154 100 127.5
  endloop
 endfacet
 facet normal 1 0 0
  outer loop
   vertex 157.5 100 127
   vertex 157.5 101 127
   vertex 157.5 100 128
  endloop
 endfacet
 facet normal 1 0 -0
  outer loop
   vertex 157.5 100 128
   vertex 157.5 101 127
   vertex 157.5 101 128
  endloop
 endfacet
 facet normal -0.57735026918962584 -0.57735026918962584 0.57735026918962584
  outer loop
   vertex 141 101.5 127
   vertex 141 102 127.5
   vertex 140.5 102 127
  endloop
 endfacet
 facet normal -0.57735026918962584 -0.57735026918962584 0.57735026918962584
  outer loop
   vertex 141 101.5 127
   vertex 141.5 102 128
   vertex 141 102 127.5
  endloop
 endfacet
 facet normal -0.57735026918962584 -0.57735026918962584 0.57735026918962584
  outer loop
   vertex 141.5 101 127
   vertex 141.5 102 128
   vertex 141 101.5 127
  endloop
 endfacet
 facet normal -0.57735026918962584 -0.57735026918962584 0.57735026918962584
  outer loop
   vertex 141.5 101 127
   vertex 142 101.5 128
   vertex 141.5 102 128
  endloop
 endfacet
 facet normal -0.57735026918962584 -0.57735026918962584 0.57735026918962584
  outer loop
   vertex 141.5 101 127
   vertex 142 101 127.5
   vertex 142 101.5 128
  endloop
 endfacet
 facet normal -0.57735026918962584 -0.57735026918962584 0.57735026918962584
  outer loop
   vertex 142.5 101 128
   vertex 142 101.5 128
   vertex 142 101 127.5
  endloop
 endfacet
 facet normal 0.57735026918962584 0.57735026918962584 0.57735026918962584
  outer loop
   vertex 148 102 127.5
   vertex 147.5 102 128
   vertex 148 101.5 128
  endloop
 endfacet
 facet normal 0 0.70710678118654746 0.70710678118654746
  outer loop
   vertex 148 102 127.5
   vertex 149 101.5 128
   vertex 149 102 127.5
  endloop
 endfacet
 facet normal 0 0.70710678118654746 0.70710678118654746
  outer loop
   vertex 148 101.5 128
   vertex 149 101.5 128
   vertex 148 102 127.5
  endloop
 endfacet
 facet normal -0.57735026918962584 0.57735026918962584 0.57735026918962584
  outer loop
   vertex 149 101.5 128
   vertex 149.5 102 128
   vertex 149 102 127.5
  endloop
 endfacet
 facet normal 1 0 0
  outer loop
   vertex 151.5 101 127
   vertex 151.5 102 127
   vertex 151.5 101 128
  endloop
 endfacet
 facet normal 1 0 -0
  outer loop
   vertex 151.5 101 128
   vertex 151.5 102 127
   vertex 151.5 102 128
  endloop
 endfacet
 facet normal -1 0 0
  outer loop
   vertex 153.5 101 127
   vertex 153.5 101 128
   vertex 153.5 102 127
  endloop
 endfacet
 facet normal -1 -0 -0
  outer loop
   vertex 153.5 101 128
   vertex 153.5 102 128
   vertex 153.5 102 127
  endloop
 endfacet
 facet normal 1 0 0
  outer loop
   vertex 157.5 101 127
   vertex 157.5 102 127
   vertex 157.5 101 128
  endloop
 endfacet
 facet normal 1 0 -0
  outer loop
   vertex 157.5 101 128
   vertex 157.5 102 127
   vertex 157.5 102 128
  endloop
 endfacet
 facet normal -0.57735026918962584 -0.57735026918962584 0.57735026918962584
  outer loop
   vertex 141 102 127.5
   vertex 141 102.5 128
   vertex 140.5 103 128
  endloop
 endfacet
 facet normal -0.57735026918962584 -0.57735026918962584 0.57735026918962584
  outer loop
   vertex 141 102 127.5
   vertex 140.5 103 128
   vertex 140.5 102 127
  endloop
 endfacet
 facet normal -1 0 -0
  outer loop
   vertex 140.5 102 127
   vertex 140.5 103 128
   vertex 140.5 103 127
  endloop
 endfacet
 facet normal 0.57735026918962584 -0.57735026918962584 0.57735026918962584
  outer loop
   vertex 141 102.5 128
   vertex 142 103 127.5
   vertex 141.5 103 128
  endloop
 endfacet
 facet normal 0.57735026918962584 -0.57735026918962584 0.57735026918962584
  outer loop
   vertex 141 102.5 128
   vertex 141 102 127.5
   vertex 142 103 127.5
  endloop
 endfacet
 facet normal -0.57735026918962584 0.57735026918962584 0.57735026918962584
  outer loop
   vertex 142 102.5 128
   vertex 142 103 127.5
   vertex 141.5 102 128
  endloop
 endfacet
 facet normal -0.57735026918962584 0.57735026918962584 0.57735026918962584
  outer loop
   vertex 141.5 102 128
   vertex 142 103 127.5
   vertex 141 102 127.5
  endloop
 endfacet
 facet normal 0 0.70710678118654746 0.70710678118654746
  outer loop
   vertex 142 103 127.5
   vertex 143 102.5 128
   vertex 143 103 127.5
  endloop
 endfacet
 facet normal 0 0.70710678118654746 0.70710678118654746
  outer loop
   vertex 142 102.5 128
   vertex 143 102.5 128
   vertex 142 103 127.5
  endloop
 endfacet
 facet normal 0 0.70710678118654746 0.70710678118654746
  outer loop
   vertex 143 103 127.5
   vertex 144 102.5 128
   vertex 144 103 127.5
  endloop
 endfacet
 facet normal 0 0.70710678118654746 0.70710678118654746
  outer loop
   vertex 143 102.5 128
   vertex 144 102.5 128
   vertex 143 103 127.5
  endloop
 endfacet
 facet normal 0 0.70710678118654746 0.70710678118654746
  outer loop
   vertex 144 103 127.5
   vertex 145 102.5 128
   vertex 145 103 127.5
  endloop
 endfacet
 facet normal 0 0.70710678118654746 0.70710678118654746
  outer loop
   vertex 144 102.5 128
   vertex 145 102.5 128
   vertex 144 103 127.5
  endloop
 endfacet
 facet normal 0.57735026918962584 0.57735026918962584 0.57735026918962584
  outer loop
   vertex 145 103 127.5
   vertex 146 102.5 127
   vertex 145.5 103 127
  endloop
 endfacet
 facet normal 0.57735026918962584 0.57735026918962584 0.57735026918962584
  outer loop
   vertex 145 103 127.5
   vertex 145 102.5 128
   vertex 146 102.5 127
  endloop
 endfacet
 facet normal 0 1 0
  outer loop
   vertex 145 102.5 128
   vertex 146 102.5 128
   vertex 146 102.5 127
  endloop
 endfacet
 facet normal 0 1 0
  outer loop
   vertex 147 102.5 127
   vertex 146 102.5 127
   vertex 147 102.5 128
  endloop
 endfacet
 facet normal -0 1 0
  outer loop
   vertex 146 102.5 127
   vertex 146 102.5 128
   vertex 147 102.5 128
  endloop
 endfacet
 facet normal 0.57735026918962584 0.57735026918962584 0.57735026918962584
  outer loop
   vertex 147.5 102 128
   vertex 148 102 127.5
   vertex 148 102.5 127
  endloop
 endfacet
 facet normal 0.57735026918962584 0.57735026918962584 0.57735026918962584
  outer loop
   vertex 147.5 102 128
   vertex 148 102.5 127
   vertex 147 102.5 128
  endloop
 endfacet
 facet normal 0 1 0
  outer loop
   vertex 147 102.5 128
   vertex 148 102.5 127
   vertex 147 102.5 127
  endloop
 endfacet
 facet normal -0.57735026918962584 0.57735026918962584 0.57735026918962584
  outer loop
   vertex 148.5 103 127
   vertex 148 102.5 127
   vertex 148 102 127.5
  endloop
 endfacet
 facet normal -0.57735026918962584 0.57735026918962584 0.57735026918962584
  outer loop
   vertex 148.5 103 127
   vertex 148 102 127.5
   vertex 149 103 127.5
  endloop
 endfacet
 facet normal 0 0 1
  outer loop
   vertex 149 103 127.5
   vertex 148 102 127.5
   vertex 149 102 127.5
  endloop
 endfacet
 facet normal -0.57735026918962584 0.57735026918962584 0.57735026918962584
  outer loop
   vertex 150 102.5 128
   vertex 149 102 127.5
   vertex 149.5 102 128
  endloop
 endfacet
 facet normal -0.57735026918962584 0.57735026918962584 0.57735026918962584
  outer loop
   vertex 150 102.5 128
   vertex 150 103 127.5
   vertex 149 102 127.5
  endloop
 endfacet
 facet normal -0 0 1
  outer loop
   vertex 150 103 127.5
   vertex 149 103 127.5
   vertex 149 102 127.5
  endloop
 endfacet
 facet normal -0.57735026918962584 0.57735026918962584 0.57735026918962584
  outer loop
   vertex 150 102.5 128
   vertex 150.5 103 128
   vertex 150 103 127.5
  endloop
 endfacet
 facet normal 0.57735026918962584 -0.57735026918962584 0.57735026918962584
  outer loop
   vertex 152 103 127.5
   vertex 151.5 102 127
   vertex 152 102.5 127
  endloop
 endfacet
 facet normal 0.57735026918962584 -0.57735026918962584 0.57735026918962584
  outer loop
   vertex 152 103 127.5
   vertex 151.5 103 128
   vertex 151.5 102 127
  endloop
 endfacet
 facet normal 1 -0 0
  outer loop
   vertex 151.5 103 128
   vertex 151.5 102 128
   vertex 151.5 102 127
  endloop
 endfacet
 facet normal -0.57735026918962584 -0.57735026918962584 0.57735026918962584
  outer loop
   vertex 152.5 103 128
   vertex 152 103 127.5
   vertex 152 102.5 127
  endloop
 endfacet
 facet normal -0.57735026918962584 -0.57735026918962584 0.57735026918962584
  outer loop
   vertex 152.5 103 128
   vertex 152 102.5 127
   vertex 153 102.5 128
  endloop
 endfacet
 facet normal 0 -1 0
  outer loop
   vertex 153 102.5 128
   vertex 152 102.5 127
   vertex 153 102.5 127
  endloop
 endfacet
 facet normal -0.70710678118654746 -0.70710678118654746 0
  outer loop
   vertex 153.5 102 128
   vertex 153 102.5 127
   vertex 153.5 102 127
  endloop
 endfacet
 facet normal -0.70710678118654746 -0.70710678118654746 0
  outer loop
   vertex 153 102.5 128
   vertex 153 102.5 127
   vertex 153.5 102 128
  endloop
 endfacet
 facet normal 0.57735026918962584 0.57735026918962584 0.57735026918962584
  outer loop
   vertex 157 103 127.5
   vertex 156.5 103 128
   vertex 157 102.5 128
  endloop
 endfacet
 facet normal 0.57735026918962584 0.57735026918962584 0.57735026918962584
  outer loop
   vertex 157 103 127.5
   vertex 157 102.5 128
   vertex 157.5 102 128
  endloop
 endfacet
 facet normal 0.57735026918962584 0.57735026918962584 0.57735026918962584
  outer loop
   vertex 157 103 127.5
   vertex 157.5 102 128
   vertex 157.5 103 127
  endloop
 endfacet
 facet normal 1 0 0
  outer loop
   vertex 157.5 103 127
   vertex 157.5 102 128
   vertex 157.5 102 127
  endloop
 endfacet
 facet normal -0.70710678118654746 0.70710678118654746 0
  outer loop
   vertex 140.5 103 127
   vertex 140.5 103 128
   vertex 141 103.5 128
  endloop
 endfacet
 facet normal -0.70710678118654746 0.70710678118654746 0
  outer loop
   vertex 141 103.5 127
   vertex 140.5 103 127
   vertex 141 103.5 128
  endloop
 endfacet
 facet normal 0.57735026918962584 0.57735026918962584 0.57735026918962584
  outer loop
   vertex 141.5 103 128
   vertex 142 103 127.5
   vertex 142 103.5 127
  endloop
 endfacet
 facet normal 0.57735026918962584 0.57735026918962584 0.57735026918962584
  outer loop
   vertex 141.5 103 128
   vertex 142 103.5 127
   vertex 141 103.5 128
  endloop
 endfacet
 facet normal 0 1 0
  outer loop
   vertex 141 103.5 128
   vertex 142 103.5 127
   vertex 141 103.5 127
  endloop
 endfacet
 facet normal -0 0.70710678118654746 0.70710678118654746
  outer loop
   vertex 143 103.5 127
   vertex 142 103.5 127
   vertex 142 103 127.5
  endloop
 endfacet
 facet normal 0 0.70710678118654746 0.70710678118654746
  outer loop
   vertex 143 103 127.5
   vertex 143 103.5 127
   vertex 142 103 127.5
  endloop
 endfacet
 facet normal -0 0.70710678118654746 0.70710678118654746
  outer loop
   vertex 144 103.5 127
   vertex 143 103.5 127
   vertex 143 103 127.5
  endloop
 endfacet
 facet normal 0 0.70710678118654746 0.70710678118654746
  outer loop
   vertex 144 103 127.5
   vertex 144 103.5 127
   vertex 143 103 127.5
  endloop
 endfacet
 facet normal -0 0.70710678118654746 0.70710678118654746
  outer loop
   vertex 145 103.5 127
   vertex 144 103.5 127
   vertex 144 103 127.5
  endloop
 endfacet
 facet normal 0 0.70710678118654746 0.70710678118654746
  outer loop
   vertex 145 103 127.5
   vertex 145 103.5 127
   vertex 144 103 127.5
  endloop
 endfacet
 facet normal 0.57735026918962584 0.57735026918962584 0.57735026918962584
  outer loop
   vertex 145.5 103 127
   vertex 145 103.5 127
   vertex 145 103 127.5
  endloop
 endfacet
 facet normal -0.57735026918962584 0.57735026918962584 0.57735026918962584
  outer loop
   vertex 148.5 103 127
   vertex 149 103 127.5
   vertex 149 103.5 127
  endloop
 endfacet
 facet normal -0.57735026918962584 0.57735026918962584 0.57735026918962584
  outer loop
   vertex 149.5 104 127
   vertex 149 103.5 127
   vertex 149 103 127.5
  endloop
 endfacet
 facet normal -0.57735026918962584 0.57735026918962584 0.57735026918962584
  outer loop
   vertex 149.5 104 127
   vertex 149 103 127.5
   vertex 150 104 127.5
  endloop
 endfacet
 facet normal 0 0 1
  outer loop
   vertex 150 104 127.5
   vertex 149 103 127.5
   vertex 150 103 127.5
  endloop
 endfacet
 facet normal -0.89442719099991586 0 -0.44721359549995793
  outer loop
   vertex 150.5 104 128
   vertex 151 103.5 127
   vertex 150.5 103 128
  endloop
 endfacet
 facet normal -0.57735026918962584 0.57735026918962584 -0.57735026918962584
  outer loop
   vertex 150.5 104 128
   vertex 151 104 127.5
   vertex 151 103.5 127
  endloop
 endfacet
 facet normal -0.30151134457776363 0.90453403373329089 0.30151134457776363
  outer loop
   vertex 150.5 103 128
   vertex 151 103.5 127
   vertex 150 103 127.5
  endloop
 endfacet
 facet normal 0.57735026918962584 0.57735026918962584 0.57735026918962584
  outer loop
   vertex 150.5 104 127
   vertex 150 104 127.5
   vertex 151 103.5 127
  endloop
 endfacet
 facet normal 0.44721359549995793 0 0.89442719099991586
  outer loop
   vertex 150 103 127.5
   vertex 151 103.5 127
   vertex 150 104 127.5
  endloop
 endfacet
 facet normal 0.70710678118654746 0 0.70710678118654746
  outer loop
   vertex 152 103 127.5
   vertex 151.5 104 128
   vertex 151.5 103 128
  endloop
 endfacet
 facet normal 0.57735026918962573 0.57735026918962573 -0.57735026918962573
  outer loop
   vertex 152 103 127.5
   vertex 151 103.5 127
   vertex 151.5 104 128
  endloop
 endfacet
 facet normal 0 0.70710678118654746 0.70710678118654746
  outer loop
   vertex 152 103 127.5
   vertex 152 103.5 127
   vertex 151 103.5 127
  endloop
 endfacet
 facet normal 0.57735026918962584 0.57735026918962584 -0.57735026918962584
  outer loop
   vertex 151 104 127.5
   vertex 151.5 104 128
   vertex 151 103.5 127
  endloop
 endfacet
 facet normal -0.57735026918962584 0.57735026918962584 0.57735026918962584
  outer loop
   vertex 152.5 104 127
   vertex 153 103.5 128
   vertex 153 104 127.5
  endloop
 endfacet
 facet normal -0.57735026918962584 0.57735026918962584 0.57735026918962584
  outer loop
   vertex 152 103.5 127
   vertex 153 103.5 128
   vertex 152.5 104 127
  endloop
 endfacet
 facet normal -0.57735026918962584 0.57735026918962584 0.57735026918962584
  outer loop
   vertex 152 103.5 127
   vertex 152.5 103 128
   vertex 153 103.5 128
  endloop
 endfacet
 facet normal -0.57735026918962584 0.57735026918962584 0.57735026918962584
  outer loop
   vertex 152 103.5 127
   vertex 152 103 127.5
   vertex 152.5 103 128
  endloop
 endfacet
 facet normal -0.57735026918962584 0.57735026918962584 0.57735026918962584
  outer loop
   vertex 153 103.5 128
   vertex 153.5 104 128
   vertex 153 104 127.5
  endloop
 endfacet
 facet normal 0.57735026918962584 0.57735026918962584 0.57735026918962584
  outer loop
   vertex 155 104 127.5
   vertex 154.5 104 128
   vertex 155 103.5 128
  endloop
 endfacet
 facet normal 0.57735026918962584 0.57735026918962584 0.57735026918962584
  outer loop
   vertex 155 104 127.5
   vertex 156 103.5 127
   vertex 155.5 104 127
  endloop
 endfacet
 facet normal 0.57735026918962584 0.57735026918962584 0.57735026918962584
  outer loop
   vertex 155 104 127.5
   vertex 155 103.5 128
   vertex 156 103.5 127
  endloop
 endfacet
 facet normal 0 1 0
  outer loop
   vertex 155 103.5 128
   vertex 156 103.5 128
   vertex 156 103.5 127
  endloop
 endfacet
 facet normal -0.70710678118654746 0 0.70710678118654746
  outer loop
   vertex 156.5 104 127
   vertex 157 103 127.5
   vertex 157 104 127.5
  endloop
 endfacet
 facet normal 0.57735026918962573 0.57735026918962573 0.57735026918962573
  outer loop
   vertex 156.5 104 127
   vertex 156 103.5 128
   vertex 157 103 127.5
  endloop
 endfacet
 facet normal -0.70710678118654746 0.70710678118654746 0
  outer loop
   vertex 156.5 104 127
   vertex 156 103.5 127
   vertex 156 103.5 128
  endloop
 endfacet
 facet normal 0.57735026918962584 0.57735026918962584 0.57735026918962584
  outer loop
   vertex 156 103.5 128
   vertex 156.5 103 128
   vertex 157 103 127.5
  endloop
 endfacet
 facet normal 0.70710678118654746 0 0.70710678118654746
  outer loop
   vertex 157.5 103 127
   vertex 157.5 104 127
   vertex 157 104 127.5
  endloop
 endfacet
 facet normal 0.70710678118654746 0 0.70710678118654746
  outer loop
   vertex 157 103 127.5
   vertex 157.5 103 127
   vertex 157 104 127.5
  endloop
 endfacet
 facet normal -0.57735026918962584 -0.57735026918962584 0.57735026918962584
  outer loop
   vertex 141 104.5 127
   vertex 141 105 127.5
   vertex 140.5 105 127
  endloop
 endfacet
 facet normal 0.57735026918962584 -0.57735026918962584 0.57735026918962584
  outer loop
   vertex 141 104.5 127
   vertex 141.5 105 127
   vertex 141 105 127.5
  endloop
 endfacet
 facet normal -0.57735026918962584 0.57735026918962584 0.57735026918962584
  outer loop
   vertex 149.5 104 127
   vertex 150 104 127.5
   vertex 150 104.5 127
  endloop
 endfacet
 facet normal -0.70710678118654746 -0 -0.70710678118654746
  outer loop
   vertex 150.5 104 128
   vertex 150.5 105 128
   vertex 151 105 127.5
  endloop
 endfacet
 facet normal -0.70710678118654746 -0 -0.70710678118654746
  outer loop
   vertex 150.5 104 128
   vertex 151 105 127.5
   vertex 151 104 127.5
  endloop
 endfacet
 facet normal 0.57735026918962584 0.57735026918962584 0.57735026918962584
  outer loop
   vertex 150.5 104 127
   vertex 150 104.5 127
   vertex 150 104 127.5
  endloop
 endfacet
 facet normal 0.70710678118654746 0 -0.70710678118654746
  outer loop
   vertex 151.5 105 128
   vertex 151.5 104 128
   vertex 151 104 127.5
  endloop
 endfacet
 facet normal 0.70710678118654746 0 -0.70710678118654746
  outer loop
   vertex 151 105 127.5
   vertex 151.5 105 128
   vertex 151 104 127.5
  endloop
 endfacet
 facet normal -0.70710678118654746 0 0.70710678118654746
  outer loop
   vertex 153 104 127.5
   vertex 153 105 127.5
   vertex 152.5 105 127
  endloop
 endfacet
 facet normal -0.70710678118654746 0 0.70710678118654746
  outer loop
   vertex 152.5 104 127
   vertex 153 104 127.5
   vertex 152.5 105 127
  endloop
 endfacet
 facet normal -0.70710678118654746 0 0.70710678118654746
  outer loop
   vertex 153.5 105 128
   vertex 153 104 127.5
   vertex 153.5 104 128
  endloop
 endfacet
 facet normal -0.70710678118654746 0 0.70710678118654746
  outer loop
   vertex 153 105 127.5
   vertex 153 104 127.5
   vertex 153.5 105 128
  endloop
 endfacet
 facet normal 0.70710678118654746 0 0.70710678118654746
  outer loop
   vertex 155 105 127.5
   vertex 154.5 104 128
   vertex 155 104 127.5
  endloop
 endfacet
 facet normal 0.70710678118654746 -0 0.70710678118654746
  outer loop
   vertex 154.5 105 128
   vertex 154.5 104 128
   vertex 155 105 127.5
  endloop
 endfacet
 facet normal 0.70710678118654746 0 0.70710678118654746
  outer loop
   vertex 155.5 104 127
   vertex 155.5 105 127
   vertex 155 105 127.5
  endloop
 endfacet
 facet normal 0.70710678118654746 0 0.70710678118654746
  outer loop
   vertex 155 104 127.5
   vertex 155.5 104 127
   vertex 155 105 127.5
  endloop
 endfacet
 facet normal -0.57735026918962584 0.57735026918962584 0.57735026918962584
  outer loop
   vertex 156.5 104 127
   vertex 157 104 127.5
   vertex 157 104.5 127
  endloop
 endfacet
 facet normal 0.57735026918962584 0.57735026918962584 0.57735026918962584
  outer loop
   vertex 157.5 104 127
   vertex 157 104.5 127
   vertex 157 104 127.5
  endloop
 endfacet
 facet normal -0.57735026918962584 0.57735026918962584 0.57735026918962584
  outer loop
   vertex 140.5 105 127
   vertex 141 105 127.5
   vertex 141 105.5 127
  endloop
 endfacet
 facet normal 0.57735026918962584 0.57735026918962584 0.57735026918962584
  outer loop
   vertex 141.5 105 127
   vertex 141 105.5 127
   vertex 141 105 127.5
  endloop
 endfacet
 facet normal -0.57735026918962584 -0.57735026918962584 0.57735026918962584
  outer loop
   vertex 150 105.5 127
   vertex 150 106 127.5
   vertex 149.5 106 127
  endloop
 endfacet
 facet normal -0.57735026918962584 0.57735026918962584 -0.57735026918962584
  outer loop
   vertex 151 105 127.5
   vertex 150.5 105 128
   vertex 151 105.5 128
  endloop
 endfacet
 facet normal 0.57735026918962584 -0.57735026918962584 0.57735026918962584
  outer loop
   vertex 150.5 106 127
   vertex 150 106 127.5
   vertex 150 105.5 127
  endloop
 endfacet
 facet normal -0.70710678118654746 -0.70710678118654746 0
  outer loop
   vertex 151.5 106 128
   vertex 151.5 106 127
   vertex 152 105.5 127
  endloop
 endfacet
 facet normal -0.70710678118654746 -0.70710678118654746 0
  outer loop
   vertex 151.5 106 128
   vertex 152 105.5 127
   vertex 152 105.5 128
  endloop
 endfacet
 facet normal 0.57735026918962584 0.57735026918962584 -0.57735026918962584
  outer loop
   vertex 151.5 105 128
   vertex 151 105 127.5
   vertex 151 105.5 128
  endloop
 endfacet
 facet normal -0.57735026918962584 -0.57735026918962584 0.57735026918962584
  outer loop
   vertex 153 105 127.5
   vertex 152 105.5 127
   vertex 152.5 105 127
  endloop
 endfacet
 facet normal -0.57735026918962584 -0.57735026918962584 0.57735026918962584
  outer loop
   vertex 153 105 127.5
   vertex 153 105.5 128
   vertex 152 105.5 127
  endloop
 endfacet
 facet normal 0 -1 0
  outer loop
   vertex 153 105.5 128
   vertex 152 105.5 128
   vertex 152 105.5 127
  endloop
 endfacet
 facet normal 0.57735026918962584 -0.57735026918962584 0.57735026918962584
  outer loop
   vertex 153 105.5 128
   vertex 154 106 127.5
   vertex 153.5 106 128
  endloop
 endfacet
 facet normal 0.57735026918962584 -0.57735026918962584 0.57735026918962584
  outer loop
   vertex 153 105.5 128
   vertex 153 105 127.5
   vertex 154 106 127.5
  endloop
 endfacet
 facet normal -0.57735026918962584 0.57735026918962584 0.57735026918962584
  outer loop
   vertex 154 105.5 128
   vertex 154 106 127.5
   vertex 153.5 105 128
  endloop
 endfacet
 facet normal -0.57735026918962584 0.57735026918962584 0.57735026918962584
  outer loop
   vertex 153.5 105 128
   vertex 154 106 127.5
   vertex 153 105 127.5
  endloop
 endfacet
 facet normal 0.57735026918962584 0.57735026918962584 0.57735026918962584
  outer loop
   vertex 154.5 105 128
   vertex 154 106 127.5
   vertex 154 105.5 128
  endloop
 endfacet
 facet normal 0.57735026918962584 0.57735026918962584 0.57735026918962584
  outer loop
   vertex 155 105 127.5
   vertex 154 106 127.5
   vertex 154.5 105 128
  endloop
 endfacet
 facet normal 0.57735026918962584 0.57735026918962584 0.57735026918962584
  outer loop
   vertex 155 105 127.5
   vertex 154.5 106 127
   vertex 154 106 127.5
  endloop
 endfacet
 facet normal 0.57735026918962584 0.57735026918962584 0.57735026918962584
  outer loop
   vertex 155 105 127.5
   vertex 155 105.5 127
   vertex 154.5 106 127
  endloop
 endfacet
 facet normal 0.57735026918962584 0.57735026918962584 0.57735026918962584
  outer loop
   vertex 155.5 105 127
   vertex 155 105.5 127
   vertex 155 105 127.5
  endloop
 endfacet
 facet normal -0.57735026918962584 -0.57735026918962584 0.57735026918962584
  outer loop
   vertex 157 105.5 127
   vertex 157 106 127.5
   vertex 156.5 106 127
  endloop
 endfacet
 facet normal 0.57735026918962584 -0.57735026918962584 0.57735026918962584
  outer loop
   vertex 157 105.5 127
   vertex 157.5 106 127
   vertex 157 106 127.5
  endloop
 endfacet
 facet normal -0.57735026918962584 0.57735026918962584 0.57735026918962584
  outer loop
   vertex 149.5 106 127
   vertex 150 106 127.5
   vertex 150 106.5 127
  endloop
 endfacet
 facet normal 0.57735026918962584 0.57735026918962584 0.57735026918962584
  outer loop
   vertex 150.5 106 127
   vertex 150 106.5 127
   vertex 150 106 127.5
  endloop
 endfacet
 facet normal -0.57735026918962584 0.57735026918962584 0.57735026918962584
  outer loop
   vertex 152 106.5 128
   vertex 152 107 127.5
   vertex 151.5 107 127
  endloop
 endfacet
 facet normal -0.57735026918962584 0.57735026918962584 0.57735026918962584
  outer loop
   vertex 152 106.5 128
   vertex 151.5 107 127
   vertex 151.5 106 128
  endloop
 endfacet
 facet normal -1 0 0
  outer loop
   vertex 151.5 106 128
   vertex 151.5 107 127
   vertex 151.5 106 127
  endloop
 endfacet
 facet normal 0 0.70710678118654746 0.70710678118654746
  outer loop
   vertex 152 107 127.5
   vertex 153 106.5 128
   vertex 153 107 127.5
  endloop
 endfacet
 facet normal 0 0.70710678118654746 0.70710678118654746
  outer loop
   vertex 152 106.5 128
   vertex 153 106.5 128
   vertex 152 107 127.5
  endloop
 endfacet
 facet normal 0.57735026918962584 0.57735026918962584 0.57735026918962584
  outer loop
   vertex 153.5 106 128
   vertex 153 107 127.5
   vertex 153 106.5 128
  endloop
 endfacet
 facet normal 0.57735026918962584 0.57735026918962584 0.57735026918962584
  outer loop
   vertex 154 106 127.5
   vertex 153 107 127.5
   vertex 153.5 106 128
  endloop
 endfacet
 facet normal 0.57735026918962584 0.57735026918962584 0.57735026918962584
  outer loop
   vertex 154 106 127.5
   vertex 153.5 107 127
   vertex 153 107 127.5
  endloop
 endfacet
 facet normal 0.57735026918962584 0.57735026918962584 0.57735026918962584
  outer loop
   vertex 154 106 127.5
   vertex 154 106.5 127
   vertex 153.5 107 127
  endloop
 endfacet
 facet normal 0.57735026918962584 0.57735026918962584 0.57735026918962584
  outer loop
   vertex 154.5 106 127
   vertex 154 106.5 127
   vertex 154 106 127.5
  endloop
 endfacet
 facet normal -0.57735026918962584 0.57735026918962584 0.57735026918962584
  outer loop
   vertex 156.5 106 127
   vertex 157 106 127.5
   vertex 157 106.5 127
  endloop
 endfacet
 facet normal 0.57735026918962584 0.57735026918962584 0.57735026918962584
  outer loop
   vertex 157.5 106 127
   vertex 157 106.5 127
   vertex 157 106 127.5
  endloop
 endfacet
 facet normal -0.57735026918962584 -0.57735026918962584 -0.57735026918962584
  outer loop
   vertex 140 108 127.5
   vertex 140 107.5 128
   vertex 139.5 108 128
  endloop
 endfacet
 facet normal -0.57735026918962584 -0.57735026918962584 0.57735026918962584
  outer loop
   vertex 141 108 127.5
   vertex 140.5 108 127
   vertex 141 107.5 127
  endloop
 endfacet
 facet normal 0.57735026918962584 -0.57735026918962584 -0.57735026918962584
  outer loop
   vertex 140.5 108 128
   vertex 140 107.5 128
   vertex 140 108 127.5
  endloop
 endfacet
 facet normal 0.57735026918962584 -0.57735026918962584 0.57735026918962584
  outer loop
   vertex 141 107.5 127
   vertex 141.5 108 127
   vertex 141 108 127.5
  endloop
 endfacet
 facet normal -0.70710678118654746 0 0.70710678118654746
  outer loop
   vertex 152 107 127.5
   vertex 152 108 127.5
   vertex 151.5 108 127
  endloop
 endfacet
 facet normal -0.70710678118654746 0 0.70710678118654746
  outer loop
   vertex 151.5 107 127
   vertex 152 107 127.5
   vertex 151.5 108 127
  endloop
 endfacet
 facet normal 0.57735026918962584 0.57735026918962584 0.57735026918962584
  outer loop
   vertex 153 107.5 127
   vertex 152.5 108 127
   vertex 152 108 127.5
  endloop
 endfacet
 facet normal 0.57735026918962584 0.57735026918962584 0.57735026918962584
  outer loop
   vertex 153 107.5 127
   vertex 152 108 127.5
   vertex 153 107 127.5
  endloop
 endfacet
 facet normal 0 0 1
  outer loop
   vertex 153 107 127.5
   vertex 152 108 127.5
   vertex 152 107 127.5
  endloop
 endfacet
 facet normal 0.57735026918962584 0.57735026918962584 0.57735026918962584
  outer loop
   vertex 153.5 107 127
   vertex 153 107.5 127
   vertex 153 107 127.5
  endloop
 endfacet
 facet normal -0.57735026918962584 -0.57735026918962584 0.57735026918962584
  outer loop
   vertex 156 107.5 127
   vertex 156 108 127.5
   vertex 155.5 108 127
  endloop
 endfacet
 facet normal 0.57735026918962584 -0.57735026918962584 0.57735026918962584
  outer loop
   vertex 156 107.5 127
   vertex 156.5 108 127
   vertex 156 108 127.5
  endloop
 endfacet
 facet normal -0.57735026918962584 -0.57735026918962584 -0.57735026918962584
  outer loop
   vertex 158 108 127.5
   vertex 158 107.5 128
   vertex 157.5 108 128
  endloop
 endfacet
 facet normal 0.57735026918962584 -0.57735026918962584 -0.57735026918962584
  outer loop
   vertex 158 107.5 128
   vertex 158 108 127.5
   vertex 158.5 108 128
  endloop
 endfacet
 facet normal -0.57735026918962584 0.57735026918962584 -0.57735026918962584
  outer loop
   vertex 140 108 127.5
   vertex 139.5 108 128
   vertex 140 108.5 128
  endloop
 endfacet
 facet normal -0.57735026918962584 0.57735026918962584 0.57735026918962584
  outer loop
   vertex 141 108.5 127
   vertex 140.5 108 127
   vertex 141 108 127.5
  endloop
 endfacet
 facet normal -0.57735026918962584 -0.57735026918962584 -0.57735026918962584
  outer loop
   vertex 141 108.5 128
   vertex 140.5 109 128
   vertex 141 109 127.5
  endloop
 endfacet
 facet normal 0.57735026918962584 0.57735026918962584 -0.57735026918962584
  outer loop
   vertex 140 108 127.5
   vertex 140 108.5 128
   vertex 140.5 108 128
  endloop
 endfacet
 facet normal 0.57735026918962584 0.57735026918962584 0.57735026918962584
  outer loop
   vertex 141 108.5 127
   vertex 141 108 127.5
   vertex 141.5 108 127
  endloop
 endfacet
 facet normal 0.57735026918962584 -0.57735026918962584 -0.57735026918962584
  outer loop
   vertex 141 109 127.5
   vertex 141.5 109 128
   vertex 141 108.5 128
  endloop
 endfacet
 facet normal -0.57735026918962584 0.57735026918962584 0.57735026918962584
  outer loop
   vertex 151.5 108 127
   vertex 152 108 127.5
   vertex 152 108.5 127
  endloop
 endfacet
 facet normal 0.57735026918962584 0.57735026918962584 0.57735026918962584
  outer loop
   vertex 152.5 108 127
   vertex 152 108.5 127
   vertex 152 108 127.5
  endloop
 endfacet
 facet normal -0.57735026918962584 -0.57735026918962584 0.57735026918962584
  outer loop
   vertex 154 108.5 127
   vertex 154 109 127.5
   vertex 153.5 109 127
  endloop
 endfacet
 facet normal 0.57735026918962584 -0.57735026918962584 0.57735026918962584
  outer loop
   vertex 154 108.5 127
   vertex 154.5 109 127
   vertex 154 109 127.5
  endloop
 endfacet
 facet normal -0.57735026918962584 0.57735026918962584 0.57735026918962584
  outer loop
   vertex 155.5 108 127
   vertex 156 108 127.5
   vertex 156 108.5 127
  endloop
 endfacet
 facet normal 0.57735026918962584 0.57735026918962584 0.57735026918962584
  outer loop
   vertex 156.5 108 127
   vertex 156 108.5 127
   vertex 156 108 127.5
  endloop
 endfacet
 facet normal -0.57735026918962584 0.57735026918962584 -0.57735026918962584
  outer loop
   vertex 158 108 127.5
   vertex 157.5 108 128
   vertex 158 108.5 128
  endloop
 endfacet
 facet normal 0.57735026918962584 0.57735026918962584 -0.57735026918962584
  outer loop
   vertex 158.5 108 128
   vertex 158 108 127.5
   vertex 158 108.5 128
  endloop
 endfacet
 facet normal -0.57735026918962584 0.57735026918962584 -0.57735026918962584
  outer loop
   vertex 141 109 127.5
   vertex 140.5 109 128
   vertex 141 109.5 128
  endloop
 endfacet
 facet normal 0.57735026918962584 0.57735026918962584 -0.57735026918962584
  outer loop
   vertex 141.5 109 128
   vertex 141 109 127.5
   vertex 141 109.5 128
  endloop
 endfacet
 facet normal -0.57735026918962584 0.57735026918962584 0.57735026918962584
  outer loop
   vertex 153.5 109 127
   vertex 154 109 127.5
   vertex 154 109.5 127
  endloop
 endfacet
 facet normal 0.57735026918962584 0.57735026918962584 0.57735026918962584
  outer loop
   vertex 154.5 109 127
   vertex 154 109.5 127
   vertex 154 109 127.5
  endloop
 endfacet
 facet normal -0.57735026918962584 -0.57735026918962584 0.57735026918962584
  outer loop
   vertex 144 110.5 127
   vertex 144 111 127.5
   vertex 143.5 111 127
  endloop
 endfacet
 facet normal 0 -0.70710678118654746 0.70710678118654746
  outer loop
   vertex 144 110.5 127
   vertex 145 110.5 127
   vertex 145 111 127.5
  endloop
 endfacet
 facet normal 0 -0.70710678118654746 0.70710678118654746
  outer loop
   vertex 144 111 127.5
   vertex 144 110.5 127
   vertex 145 111 127.5
  endloop
 endfacet
 facet normal 0 -0.70710678118654746 0.70710678118654746
  outer loop
   vertex 145 110.5 127
   vertex 146 110.5 127
   vertex 146 111 127.5
  endloop
 endfacet
 facet normal 0 -0.70710678118654746 0.70710678118654746
  outer loop
   vertex 145 111 127.5
   vertex 145 110.5 127
   vertex 146 111 127.5
  endloop
 endfacet
 facet normal 0.57735026918962584 -0.57735026918962584 0.57735026918962584
  outer loop
   vertex 146 110.5 127
   vertex 146.5 111 127
   vertex 146 111 127.5
  endloop
 endfacet
 facet normal -0.57735026918962584 0.57735026918962584 0.57735026918962584
  outer loop
   vertex 143.5 111 127
   vertex 144 111 127.5
   vertex 144 111.5 127
  endloop
 endfacet
 facet normal -0 0.70710678118654746 0.70710678118654746
  outer loop
   vertex 145 111.5 127
   vertex 144 111.5 127
   vertex 144 111 127.5
  endloop
 endfacet
 facet normal 0 0.70710678118654746 0.70710678118654746
  outer loop
   vertex 145 111 127.5
   vertex 145 111.5 127
   vertex 144 111 127.5
  endloop
 endfacet
 facet normal -0 0.70710678118654746 0.70710678118654746
  outer loop
   vertex 146 111.5 127
   vertex 145 111.5 127
   vertex 145 111 127.5
  endloop
 endfacet
 facet normal 0 0.70710678118654746 0.70710678118654746
  outer loop
   vertex 146 111 127.5
   vertex 146 111.5 127
   vertex 145 111 127.5
  endloop
 endfacet
 facet normal 0.57735026918962584 0.57735026918962584 0.57735026918962584
  outer loop
   vertex 146.5 111 127
   vertex 146 111.5 127
   vertex 146 111 127.5
  endloop
 endfacet
 facet normal -0.57735026918962584 -0.57735026918962584 -0.57735026918962584
  outer loop
   vertex 147 87 128.5
   vertex 147 86.5 129
   vertex 146.5 87 129
  endloop
 endfacet
 facet normal 0.57735026918962584 -0.57735026918962584 -0.57735026918962584
  outer loop
   vertex 147 86.5 129
   vertex 147 87 128.5
   vertex 147.5 87 129
  endloop
 endfacet
 facet normal -0.57735026918962584 -0.57735026918962584 0.57735026918962584
  outer loop
   vertex 145 87.5 128
   vertex 145 88 128.5
   vertex 144.5 88 128
  endloop
 endfacet
 facet normal -0.57735026918962584 -0.57735026918962584 0.57735026918962584
  outer loop
   vertex 145.5 88 129
   vertex 145 88 128.5
   vertex 145 87.5 128
  endloop
 endfacet
 facet normal -0.57735026918962584 -0.57735026918962584 0.57735026918962584
  outer loop
   vertex 145.5 88 129
   vertex 145 87.5 128
   vertex 146 87.5 129
  endloop
 endfacet
 facet normal 0 -1 0
  outer loop
   vertex 146 87.5 129
   vertex 145 87.5 128
   vertex 146 87.5 128
  endloop
 endfacet
 facet normal -0.57735026918962584 -0.57735026918962584 -0.57735026918962584
  outer loop
   vertex 146.5 87 129
   vertex 147 87.5 128
   vertex 147 87 128.5
  endloop
 endfacet
 facet normal -0.57735026918962584 -0.57735026918962584 -0.57735026918962584
  outer loop
   vertex 146.5 87 129
   vertex 146 87.5 129
   vertex 147 87.5 128
  endloop
 endfacet
 facet normal 0 -1 0
  outer loop
   vertex 146 87.5 129
   vertex 146 87.5 128
   vertex 147 87.5 128
  endloop
 endfacet
 facet normal 0.57735026918962584 -0.57735026918962584 -0.57735026918962584
  outer loop
   vertex 147 87 128.5
   vertex 148 87.5 129
   vertex 147.5 87 129
  endloop
 endfacet
 facet normal 0.57735026918962584 -0.57735026918962584 -0.57735026918962584
  outer loop
   vertex 147 87 128.5
   vertex 147 87.5 128
   vertex 148 87.5 129
  endloop
 endfacet
 facet normal 0 -1 0
  outer loop
   vertex 147 87.5 128
   vertex 148 87.5 128
   vertex 148 87.5 129
  endloop
 endfacet
 facet normal 0 -1 -0
  outer loop
   vertex 149 87.5 128
   vertex 149 87.5 129
   vertex 148 87.5 128
  endloop
 endfacet
 facet normal -0 -1 0
  outer loop
   vertex 148 87.5 128
   vertex 149 87.5 129
   vertex 148 87.5 129
  endloop
 endfacet
 facet normal 0.57735026918962584 -0.57735026918962584 -0.57735026918962584
  outer loop
   vertex 149.5 88 128
   vertex 150 88 128.5
   vertex 150 87.5 129
  endloop
 endfacet
 facet normal 0.57735026918962584 -0.57735026918962584 -0.57735026918962584
  outer loop
   vertex 149.5 88 128
   vertex 150 87.5 129
   vertex 149 87.5 128
  endloop
 endfacet
 facet normal -0 -1 0
  outer loop
   vertex 149 87.5 128
   vertex 150 87.5 129
   vertex 149 87.5 129
  endloop
 endfacet
 facet normal 0.57735026918962584 -0.57735026918962584 -0.57735026918962584
  outer loop
   vertex 150 87.5 129
   vertex 150 88 128.5
   vertex 150.5 88 129
  endloop
 endfacet
 facet normal -0.57735026918962584 -0.57735026918962584 0.57735026918962584
  outer loop
   vertex 144 88.5 128
   vertex 144 89 128.5
   vertex 143.5 89 128
  endloop
 endfacet
 facet normal -0.57735026918962584 -0.57735026918962584 0.57735026918962584
  outer loop
   vertex 144 88.5 128
   vertex 144.5 89 129
   vertex 144 89 128.5
  endloop
 endfacet
 facet normal -0.57735026918962584 -0.57735026918962584 0.57735026918962584
  outer loop
   vertex 144.5 88 128
   vertex 144.5 89 129
   vertex 144 88.5 128
  endloop
 endfacet
 facet normal -0.57735026918962584 -0.57735026918962584 0.57735026918962584
  outer loop
   vertex 144.5 88 128
   vertex 145 88.5 129
   vertex 144.5 89 129
  endloop
 endfacet
 facet normal -0.57735026918962584 -0.57735026918962584 0.57735026918962584
  outer loop
   vertex 144.5 88 128
   vertex 145 88 128.5
   vertex 145 88.5 129
  endloop
 endfacet
 facet normal -0.57735026918962584 -0.57735026918962584 0.57735026918962584
  outer loop
   vertex 145.5 88 129
   vertex 145 88.5 129
   vertex 145 88 128.5
  endloop
 endfacet
 facet normal 0.57735026918962584 -0.57735026918962584 -0.57735026918962584
  outer loop
   vertex 149.5 88 128
   vertex 150 88.5 128
   vertex 150 88 128.5
  endloop
 endfacet
 facet normal 0.57735026918962584 -0.57735026918962584 -0.57735026918962584
  outer loop
   vertex 150.5 89 128
   vertex 151 89 128.5
   vertex 151 88.5 129
  endloop
 endfacet
 facet normal 0.57735026918962584 -0.57735026918962584 -0.57735026918962584
  outer loop
   vertex 150 88.5 128
   vertex 150.5 89 128
   vertex 151 88.5 129
  endloop
 endfacet
 facet normal 0.57735026918962584 -0.57735026918962584 -0.57735026918962584
  outer loop
   vertex 150 88.5 128
   vertex 151 88.5 129
   vertex 150.5 88 129
  endloop
 endfacet
 facet normal 0.57735026918962584 -0.57735026918962584 -0.57735026918962584
  outer loop
   vertex 150 88.5 128
   vertex 150.5 88 129
   vertex 150 88 128.5
  endloop
 endfacet
 facet normal 0.57735026918962584 -0.57735026918962584 -0.57735026918962584
  outer loop
   vertex 151 88.5 129
   vertex 151 89 128.5
   vertex 151.5 89 129
  endloop
 endfacet
 facet normal -0.70710678118654746 0 0.70710678118654746
  outer loop
   vertex 144 89 128.5
   vertex 144 90 128.5
   vertex 143.5 90 128
  endloop
 endfacet
 facet normal -0.70710678118654746 0 0.70710678118654746
  outer loop
   vertex 143.5 89 128
   vertex 144 89 128.5
   vertex 143.5 90 128
  endloop
 endfacet
 facet normal -0.57735026918962584 0.57735026918962584 0.57735026918962584
  outer loop
   vertex 145 89.5 129
   vertex 144 89 128.5
   vertex 144.5 89 129
  endloop
 endfacet
 facet normal -0.57735026918962584 0.57735026918962584 0.57735026918962584
  outer loop
   vertex 145 89.5 129
   vertex 145 90 128.5
   vertex 144 89 128.5
  endloop
 endfacet
 facet normal -0 0 1
  outer loop
   vertex 145 90 128.5
   vertex 144 90 128.5
   vertex 144 89 128.5
  endloop
 endfacet
 facet normal -0.57735026918962584 0.57735026918962584 0.57735026918962584
  outer loop
   vertex 145 89.5 129
   vertex 145.5 90 129
   vertex 145 90 128.5
  endloop
 endfacet
 facet normal 0.57735026918962584 -0.57735026918962584 -0.57735026918962584
  outer loop
   vertex 150.5 89 128
   vertex 151 89.5 128
   vertex 151 89 128.5
  endloop
 endfacet
 facet normal 0.57735026918962584 -0.57735026918962584 -0.57735026918962584
  outer loop
   vertex 151 89 128.5
   vertex 151 89.5 128
   vertex 151.5 90 128
  endloop
 endfacet
 facet normal 0.57735026918962584 -0.57735026918962584 -0.57735026918962584
  outer loop
   vertex 151 89 128.5
   vertex 151.5 90 128
   vertex 151.5 89 129
  endloop
 endfacet
 facet normal 1 0 -0
  outer loop
   vertex 151.5 89 129
   vertex 151.5 90 128
   vertex 151.5 90 129
  endloop
 endfacet
 facet normal -0.57735026918962584 -0.57735026918962584 0.57735026918962584
  outer loop
   vertex 143 90.5 128
   vertex 143 91 128.5
   vertex 142.5 91 128
  endloop
 endfacet
 facet normal -0.57735026918962584 -0.57735026918962584 0.57735026918962584
  outer loop
   vertex 143 90.5 128
   vertex 143.5 90 128
   vertex 144 90 128.5
  endloop
 endfacet
 facet normal -0.57735026918962584 -0.57735026918962584 0.57735026918962584
  outer loop
   vertex 143 90.5 128
   vertex 144 90 128.5
   vertex 143 91 128.5
  endloop
 endfacet
 facet normal 0 -0 1
  outer loop
   vertex 143 91 128.5
   vertex 144 90 128.5
   vertex 144 91 128.5
  endloop
 endfacet
 facet normal -0.57735026918962584 -0.57735026918962584 0.57735026918962584
  outer loop
   vertex 144.5 91 129
   vertex 145 90 128.5
   vertex 145 90.5 129
  endloop
 endfacet
 facet normal -0.57735026918962584 -0.57735026918962584 0.57735026918962584
  outer loop
   vertex 144.5 91 129
   vertex 144 91 128.5
   vertex 145 90 128.5
  endloop
 endfacet
 facet normal 0 0 1
  outer loop
   vertex 144 91 128.5
   vertex 144 90 128.5
   vertex 145 90 128.5
  endloop
 endfacet
 facet normal -0.57735026918962584 -0.57735026918962584 0.57735026918962584
  outer loop
   vertex 145.5 90 129
   vertex 145 90.5 129
   vertex 145 90 128.5
  endloop
 endfacet
 facet normal 0.70710678118654746 -0.70710678118654746 0
  outer loop
   vertex 151.5 90 128
   vertex 152 90.5 129
   vertex 151.5 90 129
  endloop
 endfacet
 facet normal 0.70710678118654746 -0.70710678118654746 0
  outer loop
   vertex 152 90.5 128
   vertex 152 90.5 129
   vertex 151.5 90 128
  endloop
 endfacet
 facet normal 0.70710678118654746 -0.70710678118654746 0
  outer loop
   vertex 152 90.5 129
   vertex 152 90.5 128
   vertex 152.5 91 128
  endloop
 endfacet
 facet normal 0.70710678118654746 -0.70710678118654746 0
  outer loop
   vertex 152.5 91 129
   vertex 152 90.5 129
   vertex 152.5 91 128
  endloop
 endfacet
 facet normal -0.70710678118654746 0 0.70710678118654746
  outer loop
   vertex 143 91 128.5
   vertex 143 92 128.5
   vertex 142.5 92 128
  endloop
 endfacet
 facet normal -0.70710678118654746 0 0.70710678118654746
  outer loop
   vertex 142.5 91 128
   vertex 143 91 128.5
   vertex 142.5 92 128
  endloop
 endfacet
 facet normal 0 0 1
  outer loop
   vertex 144 91 128.5
   vertex 144 92 128.5
   vertex 143 91 128.5
  endloop
 endfacet
 facet normal -0 0 1
  outer loop
   vertex 144 92 128.5
   vertex 143 92 128.5
   vertex 143 91 128.5
  endloop
 endfacet
 facet normal -0.70710678118654746 0 0.70710678118654746
  outer loop
   vertex 144.5 92 129
   vertex 144 91 128.5
   vertex 144.5 91 129
  endloop
 endfacet
 facet normal -0.70710678118654746 0 0.70710678118654746
  outer loop
   vertex 144 92 128.5
   vertex 144 91 128.5
   vertex 144.5 92 129
  endloop
 endfacet
 facet normal 1 0 0
  outer loop
   vertex 152.5 91 128
   vertex 152.5 92 128
   vertex 152.5 91 129
  endloop
 endfacet
 facet normal 1 0 -0
  outer loop
   vertex 152.5 91 129
   vertex 152.5 92 128
   vertex 152.5 92 129
  endloop
 endfacet
 facet normal -0.57735026918962584 0.57735026918962584 0.57735026918962584
  outer loop
   vertex 142.5 92 128
   vertex 143 92 128.5
   vertex 143 92.5 128
  endloop
 endfacet
 facet normal -0.57735026918962584 0.57735026918962584 0.57735026918962584
  outer loop
   vertex 143.5 93 128
   vertex 143 92.5 128
   vertex 143 92 128.5
  endloop
 endfacet
 facet normal -0.57735026918962584 0.57735026918962584 0.57735026918962584
  outer loop
   vertex 143.5 93 128
   vertex 143 92 128.5
   vertex 144 93 128.5
  endloop
 endfacet
 facet normal 0 0 1
  outer loop
   vertex 144 93 128.5
   vertex 143 92 128.5
   vertex 144 92 128.5
  endloop
 endfacet
 facet normal -0.70710678118654746 0 0.70710678118654746
  outer loop
   vertex 144.5 93 129
   vertex 144 92 128.5
   vertex 144.5 92 129
  endloop
 endfacet
 facet normal -0.70710678118654746 0 0.70710678118654746
  outer loop
   vertex 144 93 128.5
   vertex 144 92 128.5
   vertex 144.5 93 129
  endloop
 endfacet
 facet normal 0.70710678118654746 -0.70710678118654746 0
  outer loop
   vertex 152.5 92 128
   vertex 153 92.5 129
   vertex 152.5 92 129
  endloop
 endfacet
 facet normal 0.70710678118654746 -0.70710678118654746 0
  outer loop
   vertex 153 92.5 128
   vertex 153 92.5 129
   vertex 152.5 92 128
  endloop
 endfacet
 facet normal 0.70710678118654746 -0.70710678118654746 0
  outer loop
   vertex 153 92.5 129
   vertex 153 92.5 128
   vertex 153.5 93 128
  endloop
 endfacet
 facet normal 0.70710678118654746 -0.70710678118654746 0
  outer loop
   vertex 153.5 93 129
   vertex 153 92.5 129
   vertex 153.5 93 128
  endloop
 endfacet
 facet normal -0.57735026918962584 0.57735026918962584 0.57735026918962584
  outer loop
   vertex 143.5 93 128
   vertex 144 93 128.5
   vertex 144 93.5 128
  endloop
 endfacet
 facet normal -0.57735026918962584 0.57735026918962584 0.57735026918962584
  outer loop
   vertex 144.5 94 128
   vertex 145 93.5 129
   vertex 145 94 128.5
  endloop
 endfacet
 facet normal -0.57735026918962584 0.57735026918962584 0.57735026918962584
  outer loop
   vertex 144 93.5 128
   vertex 145 93.5 129
   vertex 144.5 94 128
  endloop
 endfacet
 facet normal -0.57735026918962584 0.57735026918962584 0.57735026918962584
  outer loop
   vertex 144 93.5 128
   vertex 144.5 93 129
   vertex 145 93.5 129
  endloop
 endfacet
 facet normal -0.57735026918962584 0.57735026918962584 0.57735026918962584
  outer loop
   vertex 144 93.5 128
   vertex 144 93 128.5
   vertex 144.5 93 129
  endloop
 endfacet
 facet normal -0.57735026918962584 0.57735026918962584 0.57735026918962584
  outer loop
   vertex 145 93.5 129
   vertex 145.5 94 129
   vertex 145 94 128.5
  endloop
 endfacet
 facet normal 0.57735026918962584 0.57735026918962584 0.57735026918962584
  outer loop
   vertex 153 94 128.5
   vertex 152.5 94 129
   vertex 153 93.5 129
  endloop
 endfacet
 facet normal 0.57735026918962584 0.57735026918962584 0.57735026918962584
  outer loop
   vertex 153 94 128.5
   vertex 153 93.5 129
   vertex 153.5 93 129
  endloop
 endfacet
 facet normal 0.57735026918962584 0.57735026918962584 0.57735026918962584
  outer loop
   vertex 153 94 128.5
   vertex 153.5 93 129
   vertex 153.5 94 128
  endloop
 endfacet
 facet normal 1 0 0
  outer loop
   vertex 153.5 94 128
   vertex 153.5 93 129
   vertex 153.5 93 128
  endloop
 endfacet
 facet normal -0.57735026918962584 0.57735026918962584 0.57735026918962584
  outer loop
   vertex 144.5 94 128
   vertex 145 94 128.5
   vertex 145 94.5 128
  endloop
 endfacet
 facet normal -0.57735026918962584 0.57735026918962584 0.57735026918962584
  outer loop
   vertex 145 94 128.5
   vertex 145.5 95 128
   vertex 145 94.5 128
  endloop
 endfacet
 facet normal -0.57735026918962584 0.57735026918962584 0.57735026918962584
  outer loop
   vertex 145 94 128.5
   vertex 145.5 94 129
   vertex 145.5 95 128
  endloop
 endfacet
 facet normal -1 -0 -0
  outer loop
   vertex 145.5 94 129
   vertex 145.5 95 129
   vertex 145.5 95 128
  endloop
 endfacet
 facet normal 0.57735026918962584 0.57735026918962584 0.57735026918962584
  outer loop
   vertex 153 94.5 128
   vertex 152.5 94 129
   vertex 153 94 128.5
  endloop
 endfacet
 facet normal 0.57735026918962584 0.57735026918962584 0.57735026918962584
  outer loop
   vertex 153 94.5 128
   vertex 152.5 95 128
   vertex 152.5 94 129
  endloop
 endfacet
 facet normal 1 0 0
  outer loop
   vertex 152.5 95 128
   vertex 152.5 95 129
   vertex 152.5 94 129
  endloop
 endfacet
 facet normal 0.57735026918962584 0.57735026918962584 0.57735026918962584
  outer loop
   vertex 153.5 94 128
   vertex 153 94.5 128
   vertex 153 94 128.5
  endloop
 endfacet
 facet normal -0.57735026918962584 -0.57735026918962584 0.57735026918962584
  outer loop
   vertex 145 95.5 128
   vertex 145 96 128.5
   vertex 144.5 96 128
  endloop
 endfacet
 facet normal -0.57735026918962584 -0.57735026918962584 0.57735026918962584
  outer loop
   vertex 145 95.5 128
   vertex 145.5 96 129
   vertex 145 96 128.5
  endloop
 endfacet
 facet normal -0.57735026918962584 -0.57735026918962584 0.57735026918962584
  outer loop
   vertex 145 95.5 128
   vertex 145.5 95 128
   vertex 145.5 96 129
  endloop
 endfacet
 facet normal -1 0 0
  outer loop
   vertex 145.5 95 128
   vertex 145.5 95 129
   vertex 145.5 96 129
  endloop
 endfacet
 facet normal 1 0 0
  outer loop
   vertex 152.5 95 128
   vertex 152.5 96 128
   vertex 152.5 95 129
  endloop
 endfacet
 facet normal 1 0 -0
  outer loop
   vertex 152.5 95 129
   vertex 152.5 96 128
   vertex 152.5 96 129
  endloop
 endfacet
 facet normal -0.57735026918962584 -0.57735026918962584 0.57735026918962584
  outer loop
   vertex 145 96 128.5
   vertex 145 96.5 129
   vertex 144.5 97 129
  endloop
 endfacet
 facet normal -0.57735026918962584 -0.57735026918962584 0.57735026918962584
  outer loop
   vertex 145 96 128.5
   vertex 144.5 97 129
   vertex 144.5 96 128
  endloop
 endfacet
 facet normal -1 0 -0
  outer loop
   vertex 144.5 96 128
   vertex 144.5 97 129
   vertex 144.5 97 128
  endloop
 endfacet
 facet normal -0.57735026918962584 -0.57735026918962584 0.57735026918962584
  outer loop
   vertex 145.5 96 129
   vertex 145 96.5 129
   vertex 145 96 128.5
  endloop
 endfacet
 facet normal 1 0 0
  outer loop
   vertex 152.5 96 128
   vertex 152.5 97 128
   vertex 152.5 96 129
  endloop
 endfacet
 facet normal 1 0 -0
  outer loop
   vertex 152.5 96 129
   vertex 152.5 97 128
   vertex 152.5 97 129
  endloop
 endfacet
 facet normal -0.57735026918962584 -0.57735026918962584 0.57735026918962584
  outer loop
   vertex 155 96.5 128
   vertex 155 97 128.5
   vertex 154.5 97 128
  endloop
 endfacet
 facet normal 0 -0.70710678118654746 0.70710678118654746
  outer loop
   vertex 155 96.5 128
   vertex 156 96.5 128
   vertex 156 97 128.5
  endloop
 endfacet
 facet normal 0 -0.70710678118654746 0.70710678118654746
  outer loop
   vertex 155 97 128.5
   vertex 155 96.5 128
   vertex 156 97 128.5
  endloop
 endfacet
 facet normal 0 -0.70710678118654746 0.70710678118654746
  outer loop
   vertex 156 96.5 128
   vertex 157 96.5 128
   vertex 157 97 128.5
  endloop
 endfacet
 facet normal 0 -0.70710678118654746 0.70710678118654746
  outer loop
   vertex 156 97 128.5
   vertex 156 96.5 128
   vertex 157 97 128.5
  endloop
 endfacet
 facet normal 0.57735026918962584 -0.57735026918962584 0.57735026918962584
  outer loop
   vertex 157 96.5 128
   vertex 157.5 97 128
   vertex 157 97 128.5
  endloop
 endfacet
 facet normal -0.70710678118654746 0.70710678118654746 0
  outer loop
   vertex 144.5 97 128
   vertex 144.5 97 129
   vertex 145 97.5 129
  endloop
 endfacet
 facet normal -0.70710678118654746 0.70710678118654746 0
  outer loop
   vertex 145 97.5 128
   vertex 144.5 97 128
   vertex 145 97.5 129
  endloop
 endfacet
 facet normal -0.57735026918962584 0.57735026918962584 -0.57735026918962584
  outer loop
   vertex 146 98 128.5
   vertex 145 97.5 129
   vertex 145.5 98 129
  endloop
 endfacet
 facet normal -0.57735026918962584 0.57735026918962584 -0.57735026918962584
  outer loop
   vertex 146 98 128.5
   vertex 146 97.5 128
   vertex 145 97.5 129
  endloop
 endfacet
 facet normal 0 1 0
  outer loop
   vertex 146 97.5 128
   vertex 145 97.5 128
   vertex 145 97.5 129
  endloop
 endfacet
 facet normal -0.57735026918962584 0.57735026918962584 -0.57735026918962584
  outer loop
   vertex 146 97.5 128
   vertex 146 98 128.5
   vertex 146.5 98 128
  endloop
 endfacet
 facet normal 0.70710678118654746 0.70710678118654746 0
  outer loop
   vertex 152 97.5 128
   vertex 151.5 98 129
   vertex 152 97.5 129
  endloop
 endfacet
 facet normal 0.70710678118654746 0.70710678118654746 0
  outer loop
   vertex 151.5 98 128
   vertex 151.5 98 129
   vertex 152 97.5 128
  endloop
 endfacet
 facet normal 0.70710678118654746 0.70710678118654746 -0
  outer loop
   vertex 152.5 97 129
   vertex 152.5 97 128
   vertex 152 97.5 128
  endloop
 endfacet
 facet normal 0.70710678118654746 0.70710678118654746 0
  outer loop
   vertex 152 97.5 129
   vertex 152.5 97 129
   vertex 152 97.5 128
  endloop
 endfacet
 facet normal -0.57735026918962584 -0.57735026918962584 0.57735026918962584
  outer loop
   vertex 155 97 128.5
   vertex 155 97.5 129
   vertex 154.5 98 129
  endloop
 endfacet
 facet normal -0.57735026918962584 -0.57735026918962584 0.57735026918962584
  outer loop
   vertex 155 97 128.5
   vertex 154.5 98 129
   vertex 154.5 97 128
  endloop
 endfacet
 facet normal -1 0 -0
  outer loop
   vertex 154.5 97 128
   vertex 154.5 98 129
   vertex 154.5 98 128
  endloop
 endfacet
 facet normal 0 -0.70710678118654746 0.70710678118654746
  outer loop
   vertex 156 97 128.5
   vertex 155 97.5 129
   vertex 155 97 128.5
  endloop
 endfacet
 facet normal 0 -0.70710678118654746 0.70710678118654746
  outer loop
   vertex 156 97.5 129
   vertex 155 97.5 129
   vertex 156 97 128.5
  endloop
 endfacet
 facet normal 0.57735026918962584 -0.57735026918962584 0.57735026918962584
  outer loop
   vertex 156 97.5 129
   vertex 157 98 128.5
   vertex 156.5 98 129
  endloop
 endfacet
 facet normal 0.57735026918962584 -0.57735026918962584 0.57735026918962584
  outer loop
   vertex 156 97.5 129
   vertex 156 97 128.5
   vertex 157 98 128.5
  endloop
 endfacet
 facet normal 0 -0 1
  outer loop
   vertex 156 97 128.5
   vertex 157 97 128.5
   vertex 157 98 128.5
  endloop
 endfacet
 facet normal 0.70710678118654746 0 0.70710678118654746
  outer loop
   vertex 157.5 97 128
   vertex 157.5 98 128
   vertex 157 98 128.5
  endloop
 endfacet
 facet normal 0.70710678118654746 0 0.70710678118654746
  outer loop
   vertex 157 97 128.5
   vertex 157.5 97 128
   vertex 157 98 128.5
  endloop
 endfacet
 facet normal -0.57735026918962584 -0.57735026918962584 -0.57735026918962584
  outer loop
   vertex 144 99 128.5
   vertex 144 98.5 129
   vertex 143.5 99 129
  endloop
 endfacet
 facet normal -0.57735026918962584 -0.57735026918962584 -0.57735026918962584
  outer loop
   vertex 144 99 128.5
   vertex 144.5 99 128
   vertex 145 98.5 128
  endloop
 endfacet
 facet normal -0.57735026918962584 -0.57735026918962584 -0.57735026918962584
  outer loop
   vertex 144 99 128.5
   vertex 145 98.5 128
   vertex 144 98.5 129
  endloop
 endfacet
 facet normal 0 -1 0
  outer loop
   vertex 144 98.5 129
   vertex 145 98.5 128
   vertex 145 98.5 129
  endloop
 endfacet
 facet normal -0.57735026918962584 -0.57735026918962584 -0.57735026918962584
  outer loop
   vertex 145.5 98 129
   vertex 146 98.5 128
   vertex 146 98 128.5
  endloop
 endfacet
 facet normal -0.57735026918962584 -0.57735026918962584 -0.57735026918962584
  outer loop
   vertex 145.5 98 129
   vertex 145 98.5 129
   vertex 146 98.5 128
  endloop
 endfacet
 facet normal 0 -1 0
  outer loop
   vertex 145 98.5 129
   vertex 145 98.5 128
   vertex 146 98.5 128
  endloop
 endfacet
 facet normal -0.57735026918962584 -0.57735026918962584 -0.57735026918962584
  outer loop
   vertex 146.5 98 128
   vertex 146 98 128.5
   vertex 146 98.5 128
  endloop
 endfacet
 facet normal 1 0 0
  outer loop
   vertex 151.5 98 128
   vertex 151.5 99 128
   vertex 151.5 98 129
  endloop
 endfacet
 facet normal 1 0 -0
  outer loop
   vertex 151.5 98 129
   vertex 151.5 99 128
   vertex 151.5 99 129
  endloop
 endfacet
 facet normal -1 0 0
  outer loop
   vertex 154.5 98 128
   vertex 154.5 98 129
   vertex 154.5 99 128
  endloop
 endfacet
 facet normal -1 -0 -0
  outer loop
   vertex 154.5 98 129
   vertex 154.5 99 129
   vertex 154.5 99 128
  endloop
 endfacet
 facet normal 0.57735026918962584 -0.57735026918962584 0.57735026918962584
  outer loop
   vertex 157 98 128.5
   vertex 157 98.5 129
   vertex 156.5 98 129
  endloop
 endfacet
 facet normal 0.57735026918962584 -0.57735026918962584 0.57735026918962584
  outer loop
   vertex 157 98.5 129
   vertex 157 98 128.5
   vertex 157.5 98 128
  endloop
 endfacet
 facet normal 0.57735026918962584 -0.57735026918962584 0.57735026918962584
  outer loop
   vertex 157 98.5 129
   vertex 157.5 98 128
   vertex 157.5 99 129
  endloop
 endfacet
 facet normal 1 0 0
  outer loop
   vertex 157.5 99 129
   vertex 157.5 98 128
   vertex 157.5 99 128
  endloop
 endfacet
 facet normal -0.57735026918962584 -0.57735026918962584 -0.57735026918962584
  outer loop
   vertex 143 100 128.5
   vertex 143 99.5 129
   vertex 142.5 100 129
  endloop
 endfacet
 facet normal -0.57735026918962584 -0.57735026918962584 -0.57735026918962584
  outer loop
   vertex 143.5 99 129
   vertex 143 99.5 129
   vertex 143 100 128.5
  endloop
 endfacet
 facet normal -0.57735026918962584 -0.57735026918962584 -0.57735026918962584
  outer loop
   vertex 144 99 128.5
   vertex 143.5 99 129
   vertex 143 100 128.5
  endloop
 endfacet
 facet normal -0.57735026918962584 -0.57735026918962584 -0.57735026918962584
  outer loop
   vertex 144 99 128.5
   vertex 143 100 128.5
   vertex 143.5 100 128
  endloop
 endfacet
 facet normal -0.57735026918962584 -0.57735026918962584 -0.57735026918962584
  outer loop
   vertex 144 99 128.5
   vertex 143.5 100 128
   vertex 144 99.5 128
  endloop
 endfacet
 facet normal -0.57735026918962584 -0.57735026918962584 -0.57735026918962584
  outer loop
   vertex 144.5 99 128
   vertex 144 99 128.5
   vertex 144 99.5 128
  endloop
 endfacet
 facet normal 1 0 0
  outer loop
   vertex 151.5 99 128
   vertex 151.5 100 128
   vertex 151.5 99 129
  endloop
 endfacet
 facet normal 1 0 -0
  outer loop
   vertex 151.5 99 129
   vertex 151.5 100 128
   vertex 151.5 100 129
  endloop
 endfacet
 facet normal -1 0 0
  outer loop
   vertex 154.5 99 128
   vertex 154.5 99 129
   vertex 154.5 100 128
  endloop
 endfacet
 facet normal -1 -0 -0
  outer loop
   vertex 154.5 99 129
   vertex 154.5 100 129
   vertex 154.5 100 128
  endloop
 endfacet
 facet normal 1 0 0
  outer loop
   vertex 157.5 99 128
   vertex 157.5 100 128
   vertex 157.5 99 129
  endloop
 endfacet
 facet normal 1 0 -0
  outer loop
   vertex 157.5 99 129
   vertex 157.5 100 128
   vertex 157.5 100 129
  endloop
 endfacet
 facet normal -0.57735026918962584 -0.57735026918962584 -0.57735026918962584
  outer loop
   vertex 142 101 128.5
   vertex 142 100.5 129
   vertex 141.5 101 129
  endloop
 endfacet
 facet normal -0.57735026918962584 -0.57735026918962584 -0.57735026918962584
  outer loop
   vertex 142.5 100 129
   vertex 142 100.5 129
   vertex 142 101 128.5
  endloop
 endfacet
 facet normal -0.57735026918962584 -0.57735026918962584 -0.57735026918962584
  outer loop
   vertex 143 100 128.5
   vertex 142.5 100 129
   vertex 142 101 128.5
  endloop
 endfacet
 facet normal -0.57735026918962584 -0.57735026918962584 -0.57735026918962584
  outer loop
   vertex 143 100 128.5
   vertex 142 101 128.5
   vertex 142.5 101 128
  endloop
 endfacet
 facet normal -0.57735026918962584 -0.57735026918962584 -0.57735026918962584
  outer loop
   vertex 143 100 128.5
   vertex 142.5 101 128
   vertex 143 100.5 128
  endloop
 endfacet
 facet normal -0.57735026918962584 -0.57735026918962584 -0.57735026918962584
  outer loop
   vertex 143.5 100 128
   vertex 143 100 128.5
   vertex 143 100.5 128
  endloop
 endfacet
 facet normal 1 0 0
  outer loop
   vertex 151.5 100 128
   vertex 151.5 101 128
   vertex 151.5 100 129
  endloop
 endfacet
 facet normal 1 0 -0
  outer loop
   vertex 151.5 100 129
   vertex 151.5 101 128
   vertex 151.5 101 129
  endloop
 endfacet
 facet normal -0.70710678118654746 -0.70710678118654746 -0
  outer loop
   vertex 154 100.5 128
   vertex 154 100.5 129
   vertex 153.5 101 129
  endloop
 endfacet
 facet normal -0.70710678118654746 -0.70710678118654746 0
  outer loop
   vertex 153.5 101 128
   vertex 154 100.5 128
   vertex 153.5 101 129
  endloop
 endfacet
 facet normal -0.70710678118654746 -0.70710678118654746 0
  outer loop
   vertex 154.5 100 129
   vertex 154 100.5 128
   vertex 154.5 100 128
  endloop
 endfacet
 facet normal -0.70710678118654746 -0.70710678118654746 0
  outer loop
   vertex 154 100.5 129
   vertex 154 100.5 128
   vertex 154.5 100 129
  endloop
 endfacet
 facet normal 1 0 0
  outer loop
   vertex 157.5 100 128
   vertex 157.5 101 128
   vertex 157.5 100 129
  endloop
 endfacet
 facet normal 1 0 -0
  outer loop
   vertex 157.5 100 129
   vertex 157.5 101 128
   vertex 157.5 101 129
  endloop
 endfacet
 facet normal -0.57735026918962584 -0.57735026918962584 -0.57735026918962584
  outer loop
   vertex 142 101.5 128
   vertex 142 101 128.5
   vertex 141.5 101 129
  endloop
 endfacet
 facet normal -0.57735026918962584 -0.57735026918962584 -0.57735026918962584
  outer loop
   vertex 142 101.5 128
   vertex 141.5 101 129
   vertex 141.5 102 128
  endloop
 endfacet
 facet normal -1 0 0
  outer loop
   vertex 141.5 102 128
   vertex 141.5 101 129
   vertex 141.5 102 129
  endloop
 endfacet
 facet normal -0.57735026918962584 -0.57735026918962584 -0.57735026918962584
  outer loop
   vertex 142.5 101 128
   vertex 142 101 128.5
   vertex 142 101.5 128
  endloop
 endfacet
 facet normal 0.70710678118654746 0.70710678118654746 0
  outer loop
   vertex 148 101.5 128
   vertex 147.5 102 129
   vertex 148 101.5 129
  endloop
 endfacet
 facet normal 0.70710678118654746 0.70710678118654746 0
  outer loop
   vertex 147.5 102 128
   vertex 147.5 102 129
   vertex 148 101.5 128
  endloop
 endfacet
 facet normal 0 1 0
  outer loop
   vertex 149 101.5 128
   vertex 148 101.5 128
   vertex 149 101.5 129
  endloop
 endfacet
 facet normal -0 1 0
  outer loop
   vertex 148 101.5 128
   vertex 148 101.5 129
   vertex 149 101.5 129
  endloop
 endfacet
 facet normal -0.57735026918962584 0.57735026918962584 0.57735026918962584
  outer loop
   vertex 149.5 102 128
   vertex 150 101.5 129
   vertex 150 102 128.5
  endloop
 endfacet
 facet normal -0.57735026918962584 0.57735026918962584 0.57735026918962584
  outer loop
   vertex 149.5 102 128
   vertex 149 101.5 128
   vertex 150 101.5 129
  endloop
 endfacet
 facet normal -0 1 0
  outer loop
   vertex 149 101.5 128
   vertex 149 101.5 129
   vertex 150 101.5 129
  endloop
 endfacet
 facet normal -0.57735026918962584 0.57735026918962584 0.57735026918962584
  outer loop
   vertex 150 101.5 129
   vertex 150.5 102 129
   vertex 150 102 128.5
  endloop
 endfacet
 facet normal 1 0 0
  outer loop
   vertex 151.5 101 128
   vertex 151.5 102 128
   vertex 151.5 101 129
  endloop
 endfacet
 facet normal 1 0 -0
  outer loop
   vertex 151.5 101 129
   vertex 151.5 102 128
   vertex 151.5 102 129
  endloop
 endfacet
 facet normal -1 0 0
  outer loop
   vertex 153.5 101 128
   vertex 153.5 101 129
   vertex 153.5 102 128
  endloop
 endfacet
 facet normal -1 -0 -0
  outer loop
   vertex 153.5 101 129
   vertex 153.5 102 129
   vertex 153.5 102 128
  endloop
 endfacet
 facet normal 0.57735026918962584 0.57735026918962584 0.57735026918962584
  outer loop
   vertex 157 102 128.5
   vertex 156.5 102 129
   vertex 157 101.5 129
  endloop
 endfacet
 facet normal -0.57735026918962584 -0.57735026918962584 -0.57735026918962584
  outer loop
   vertex 158 101.5 129
   vertex 157.5 102 129
   vertex 158 102 128.5
  endloop
 endfacet
 facet normal 0.57735026918962584 0.57735026918962584 0.57735026918962584
  outer loop
   vertex 157.5 101 129
   vertex 157.5 102 128
   vertex 157 101.5 129
  endloop
 endfacet
 facet normal 1 0 0
  outer loop
   vertex 157.5 101 129
   vertex 157.5 101 128
   vertex 157.5 102 128
  endloop
 endfacet
 facet normal 0.57735026918962584 0.57735026918962584 0.57735026918962584
  outer loop
   vertex 157.5 102 128
   vertex 157 102 128.5
   vertex 157 101.5 129
  endloop
 endfacet
 facet normal 0.57735026918962584 -0.57735026918962584 -0.57735026918962584
  outer loop
   vertex 158 101.5 129
   vertex 158 102 128.5
   vertex 158.5 102 129
  endloop
 endfacet
 facet normal -0.57735026918962584 -0.57735026918962584 -0.57735026918962584
  outer loop
   vertex 140 103 128.5
   vertex 140 102.5 129
   vertex 139.5 103 129
  endloop
 endfacet
 facet normal -0.57735026918962584 -0.57735026918962584 0.57735026918962584
  outer loop
   vertex 141 103 128.5
   vertex 140.5 103 128
   vertex 141 102.5 128
  endloop
 endfacet
 facet normal 0.57735026918962584 -0.57735026918962584 -0.57735026918962584
  outer loop
   vertex 140.5 103 129
   vertex 140 102.5 129
   vertex 140 103 128.5
  endloop
 endfacet
 facet normal -0.70710678118654746 0.70710678118654746 0
  outer loop
   vertex 141.5 102 128
   vertex 141.5 102 129
   vertex 142 102.5 129
  endloop
 endfacet
 facet normal -0.70710678118654746 0.70710678118654746 0
  outer loop
   vertex 141.5 102 128
   vertex 142 102.5 129
   vertex 142 102.5 128
  endloop
 endfacet
 facet normal 0.57735026918962584 -0.57735026918962584 0.57735026918962584
  outer loop
   vertex 141.5 103 128
   vertex 141 103 128.5
   vertex 141 102.5 128
  endloop
 endfacet
 facet normal 0 1 0
  outer loop
   vertex 143 102.5 128
   vertex 142 102.5 128
   vertex 143 102.5 129
  endloop
 endfacet
 facet normal -0 1 0
  outer loop
   vertex 142 102.5 128
   vertex 142 102.5 129
   vertex 143 102.5 129
  endloop
 endfacet
 facet normal 0 1 0
  outer loop
   vertex 144 102.5 128
   vertex 143 102.5 128
   vertex 144 102.5 129
  endloop
 endfacet
 facet normal -0 1 0
  outer loop
   vertex 143 102.5 128
   vertex 143 102.5 129
   vertex 144 102.5 129
  endloop
 endfacet
 facet normal 0 1 0
  outer loop
   vertex 145 102.5 128
   vertex 144 102.5 128
   vertex 145 102.5 129
  endloop
 endfacet
 facet normal -0 1 0
  outer loop
   vertex 144 102.5 128
   vertex 144 102.5 129
   vertex 145 102.5 129
  endloop
 endfacet
 facet normal 0 1 0
  outer loop
   vertex 146 102.5 128
   vertex 145 102.5 128
   vertex 146 102.5 129
  endloop
 endfacet
 facet normal -0 1 0
  outer loop
   vertex 145 102.5 128
   vertex 145 102.5 129
   vertex 146 102.5 129
  endloop
 endfacet
 facet normal 0 1 0
  outer loop
   vertex 147 102.5 128
   vertex 146 102.5 128
   vertex 147 102.5 129
  endloop
 endfacet
 facet normal -0 1 0
  outer loop
   vertex 146 102.5 128
   vertex 146 102.5 129
   vertex 147 102.5 129
  endloop
 endfacet
 facet normal 0.70710678118654746 0.70710678118654746 -0
  outer loop
   vertex 147.5 102 129
   vertex 147.5 102 128
   vertex 147 102.5 128
  endloop
 endfacet
 facet normal 0.70710678118654746 0.70710678118654746 0
  outer loop
   vertex 147 102.5 129
   vertex 147.5 102 129
   vertex 147 102.5 128
  endloop
 endfacet
 facet normal -0.57735026918962584 0.57735026918962584 0.57735026918962584
  outer loop
   vertex 149.5 102 128
   vertex 150 102 128.5
   vertex 150 102.5 128
  endloop
 endfacet
 facet normal -0.57735026918962584 0.57735026918962584 0.57735026918962584
  outer loop
   vertex 150 102 128.5
   vertex 150.5 103 128
   vertex 150 102.5 128
  endloop
 endfacet
 facet normal -0.57735026918962584 0.57735026918962584 0.57735026918962584
  outer loop
   vertex 150 102 128.5
   vertex 150.5 102 129
   vertex 150.5 103 128
  endloop
 endfacet
 facet normal -1 -0 -0
  outer loop
   vertex 150.5 102 129
   vertex 150.5 103 129
   vertex 150.5 103 128
  endloop
 endfacet
 facet normal 0.57735026918962584 -0.57735026918962584 -0.57735026918962584
  outer loop
   vertex 152 102.5 129
   vertex 151.5 103 128
   vertex 152 103 128.5
  endloop
 endfacet
 facet normal 0.57735026918962584 -0.57735026918962584 -0.57735026918962584
  outer loop
   vertex 152 102.5 129
   vertex 151.5 102 129
   vertex 151.5 103 128
  endloop
 endfacet
 facet normal 1 0 0
  outer loop
   vertex 151.5 102 129
   vertex 151.5 102 128
   vertex 151.5 103 128
  endloop
 endfacet
 facet normal -0.57735026918962584 -0.57735026918962584 -0.57735026918962584
  outer loop
   vertex 152 103 128.5
   vertex 152.5 103 128
   vertex 153 102.5 128
  endloop
 endfacet
 facet normal -0.57735026918962584 -0.57735026918962584 -0.57735026918962584
  outer loop
   vertex 152 103 128.5
   vertex 153 102.5 128
   vertex 152 102.5 129
  endloop
 endfacet
 facet normal 0 -1 0
  outer loop
   vertex 152 102.5 129
   vertex 153 102.5 128
   vertex 153 102.5 129
  endloop
 endfacet
 facet normal -0.70710678118654746 -0.70710678118654746 0
  outer loop
   vertex 153.5 102 129
   vertex 153 102.5 128
   vertex 153.5 102 128
  endloop
 endfacet
 facet normal -0.70710678118654746 -0.70710678118654746 0
  outer loop
   vertex 153 102.5 129
   vertex 153 102.5 128
   vertex 153.5 102 129
  endloop
 endfacet
 facet normal 0.57735026918962584 0.57735026918962584 0.57735026918962584
  outer loop
   vertex 156 103 128.5
   vertex 155.5 103 129
   vertex 156 102.5 129
  endloop
 endfacet
 facet normal 0.57735026918962584 0.57735026918962584 0.57735026918962584
  outer loop
   vertex 156.5 102 129
   vertex 156 103 128.5
   vertex 156 102.5 129
  endloop
 endfacet
 facet normal 0.57735026918962584 0.57735026918962584 0.57735026918962584
  outer loop
   vertex 157 102 128.5
   vertex 156 103 128.5
   vertex 156.5 102 129
  endloop
 endfacet
 facet normal 0.57735026918962584 0.57735026918962584 0.57735026918962584
  outer loop
   vertex 157 102 128.5
   vertex 156.5 103 128
   vertex 156 103 128.5
  endloop
 endfacet
 facet normal 0.57735026918962584 0.57735026918962584 0.57735026918962584
  outer loop
   vertex 157 102 128.5
   vertex 157 102.5 128
   vertex 156.5 103 128
  endloop
 endfacet
 facet normal -0.70710678118654746 -0 -0.70710678118654746
  outer loop
   vertex 157.5 102 129
   vertex 157.5 103 129
   vertex 158 103 128.5
  endloop
 endfacet
 facet normal -0.70710678118654746 -0 -0.70710678118654746
  outer loop
   vertex 157.5 102 129
   vertex 158 103 128.5
   vertex 158 102 128.5
  endloop
 endfacet
 facet normal 0.57735026918962584 0.57735026918962584 0.57735026918962584
  outer loop
   vertex 157.5 102 128
   vertex 157 102.5 128
   vertex 157 102 128.5
  endloop
 endfacet
 facet normal 0.70710678118654746 0 -0.70710678118654746
  outer loop
   vertex 158.5 103 129
   vertex 158.5 102 129
   vertex 158 102 128.5
  endloop
 endfacet
 facet normal 0.70710678118654746 0 -0.70710678118654746
  outer loop
   vertex 158 103 128.5
   vertex 158.5 103 129
   vertex 158 102 128.5
  endloop
 endfacet
 facet normal -0.57735026918962584 0.57735026918962584 -0.57735026918962584
  outer loop
   vertex 140 103 128.5
   vertex 139.5 103 129
   vertex 140 103.5 129
  endloop
 endfacet
 facet normal -0.57735026918962584 0.57735026918962584 0.57735026918962584
  outer loop
   vertex 140.5 103 128
   vertex 141 103 128.5
   vertex 141 103.5 128
  endloop
 endfacet
 facet normal 0.57735026918962584 0.57735026918962584 -0.57735026918962584
  outer loop
   vertex 140 103 128.5
   vertex 140 103.5 129
   vertex 140.5 103 129
  endloop
 endfacet
 facet normal 0.57735026918962584 0.57735026918962584 0.57735026918962584
  outer loop
   vertex 141.5 103 128
   vertex 141 103.5 128
   vertex 141 103 128.5
  endloop
 endfacet
 facet normal -1 0 0
  outer loop
   vertex 150.5 103 128
   vertex 150.5 103 129
   vertex 150.5 104 128
  endloop
 endfacet
 facet normal -1 -0 -0
  outer loop
   vertex 150.5 103 129
   vertex 150.5 104 129
   vertex 150.5 104 128
  endloop
 endfacet
 facet normal 0.70710678118654746 0 -0.70710678118654746
  outer loop
   vertex 152 103 128.5
   vertex 151.5 104 128
   vertex 152 104 128.5
  endloop
 endfacet
 facet normal 0.70710678118654746 0 -0.70710678118654746
  outer loop
   vertex 151.5 103 128
   vertex 151.5 104 128
   vertex 152 103 128.5
  endloop
 endfacet
 facet normal -0.57735026918962584 0.57735026918962584 -0.57735026918962584
  outer loop
   vertex 152.5 103 128
   vertex 153 104 128.5
   vertex 153 103.5 128
  endloop
 endfacet
 facet normal -0.57735026918962584 0.57735026918962584 -0.57735026918962584
  outer loop
   vertex 152.5 103 128
   vertex 152 103 128.5
   vertex 153 104 128.5
  endloop
 endfacet
 facet normal 0 0 -1
  outer loop
   vertex 152 103 128.5
   vertex 152 104 128.5
   vertex 153 104 128.5
  endloop
 endfacet
 facet normal -0.57735026918962584 0.57735026918962584 -0.57735026918962584
  outer loop
   vertex 153 103.5 128
   vertex 153 104 128.5
   vertex 153.5 104 128
  endloop
 endfacet
 facet normal 0.70710678118654746 0.70710678118654746 0
  outer loop
   vertex 155 103.5 128
   vertex 154.5 104 129
   vertex 155 103.5 129
  endloop
 endfacet
 facet normal 0.70710678118654746 0.70710678118654746 0
  outer loop
   vertex 154.5 104 128
   vertex 154.5 104 129
   vertex 155 103.5 128
  endloop
 endfacet
 facet normal 0.57735026918962584 0.57735026918962584 0.57735026918962584
  outer loop
   vertex 155.5 103 129
   vertex 156 103 128.5
   vertex 156 103.5 128
  endloop
 endfacet
 facet normal 0.57735026918962584 0.57735026918962584 0.57735026918962584
  outer loop
   vertex 155.5 103 129
   vertex 156 103.5 128
   vertex 155 103.5 129
  endloop
 endfacet
 facet normal 0 1 0
  outer loop
   vertex 155 103.5 129
   vertex 156 103.5 128
   vertex 155 103.5 128
  endloop
 endfacet
 facet normal 0.57735026918962584 0.57735026918962584 0.57735026918962584
  outer loop
   vertex 156.5 103 128
   vertex 156 103.5 128
   vertex 156 103 128.5
  endloop
 endfacet
 facet normal -0.57735026918962584 0.57735026918962584 -0.57735026918962584
  outer loop
   vertex 158 103 128.5
   vertex 157.5 103 129
   vertex 158 103.5 129
  endloop
 endfacet
 facet normal 0.57735026918962584 0.57735026918962584 -0.57735026918962584
  outer loop
   vertex 158.5 103 129
   vertex 158 103 128.5
   vertex 158 103.5 129
  endloop
 endfacet
 facet normal -0.57735026918962584 -0.57735026918962584 -0.57735026918962584
  outer loop
   vertex 138 105 128.5
   vertex 138 104.5 129
   vertex 137.5 105 129
  endloop
 endfacet
 facet normal 0.57735026918962584 -0.57735026918962584 -0.57735026918962584
  outer loop
   vertex 138 104.5 129
   vertex 138 105 128.5
   vertex 138.5 105 129
  endloop
 endfacet
 facet normal -0.57735026918962584 0.57735026918962584 0.57735026918962584
  outer loop
   vertex 151 104.5 129
   vertex 151 105 128.5
   vertex 150.5 105 128
  endloop
 endfacet
 facet normal -0.57735026918962584 0.57735026918962584 0.57735026918962584
  outer loop
   vertex 151 104.5 129
   vertex 150.5 105 128
   vertex 150.5 104 129
  endloop
 endfacet
 facet normal -1 0 0
  outer loop
   vertex 150.5 104 129
   vertex 150.5 105 128
   vertex 150.5 104 128
  endloop
 endfacet
 facet normal 0 0.70710678118654746 -0.70710678118654746
  outer loop
   vertex 152 104 128.5
   vertex 151 104.5 129
   vertex 152 104.5 129
  endloop
 endfacet
 facet normal 0.57735026918962573 0.57735026918962573 0.57735026918962573
  outer loop
   vertex 152 104 128.5
   vertex 151.5 105 128
   vertex 151 104.5 129
  endloop
 endfacet
 facet normal 0.70710678118654746 0 -0.70710678118654746
  outer loop
   vertex 152 104 128.5
   vertex 151.5 104 128
   vertex 151.5 105 128
  endloop
 endfacet
 facet normal 0.57735026918962584 0.57735026918962584 0.57735026918962584
  outer loop
   vertex 151.5 105 128
   vertex 151 105 128.5
   vertex 151 104.5 129
  endloop
 endfacet
 facet normal 0 0.70710678118654746 -0.70710678118654746
  outer loop
   vertex 153 104 128.5
   vertex 152 104 128.5
   vertex 152 104.5 129
  endloop
 endfacet
 facet normal 0 0.70710678118654746 -0.70710678118654746
  outer loop
   vertex 153 104.5 129
   vertex 153 104 128.5
   vertex 152 104.5 129
  endloop
 endfacet
 facet normal -0.70710678118654746 -0 -0.70710678118654746
  outer loop
   vertex 153 104 128.5
   vertex 153.5 105 128
   vertex 153.5 104 128
  endloop
 endfacet
 facet normal -0.57735026918962573 0.57735026918962573 0.57735026918962573
  outer loop
   vertex 153 104 128.5
   vertex 154 104.5 129
   vertex 153.5 105 128
  endloop
 endfacet
 facet normal 0 0.70710678118654746 -0.70710678118654746
  outer loop
   vertex 153 104 128.5
   vertex 153 104.5 129
   vertex 154 104.5 129
  endloop
 endfacet
 facet normal -0.57735026918962584 0.57735026918962584 0.57735026918962584
  outer loop
   vertex 154 105 128.5
   vertex 153.5 105 128
   vertex 154 104.5 129
  endloop
 endfacet
 facet normal 0.57735026918962584 0.57735026918962584 0.57735026918962584
  outer loop
   vertex 154 105 128.5
   vertex 154 104.5 129
   vertex 154.5 104 129
  endloop
 endfacet
 facet normal 0.57735026918962584 0.57735026918962584 0.57735026918962584
  outer loop
   vertex 154 105 128.5
   vertex 154.5 104 129
   vertex 154.5 105 128
  endloop
 endfacet
 facet normal 1 0 0
  outer loop
   vertex 154.5 105 128
   vertex 154.5 104 129
   vertex 154.5 104 128
  endloop
 endfacet
 facet normal -0.70710678118654746 0 -0.70710678118654746
  outer loop
   vertex 138 106 128.5
   vertex 138 105 128.5
   vertex 137.5 105 129
  endloop
 endfacet
 facet normal -0.70710678118654746 0 -0.70710678118654746
  outer loop
   vertex 137.5 106 129
   vertex 138 106 128.5
   vertex 137.5 105 129
  endloop
 endfacet
 facet normal 0.70710678118654746 0 -0.70710678118654746
  outer loop
   vertex 138.5 106 129
   vertex 138.5 105 129
   vertex 138 105 128.5
  endloop
 endfacet
 facet normal 0.70710678118654746 0 -0.70710678118654746
  outer loop
   vertex 138 106 128.5
   vertex 138.5 106 129
   vertex 138 105 128.5
  endloop
 endfacet
 facet normal -0.57735026918962584 0.57735026918962584 0.57735026918962584
  outer loop
   vertex 150.5 105 128
   vertex 151 105 128.5
   vertex 151 105.5 128
  endloop
 endfacet
 facet normal 0.57735026918962584 0.57735026918962584 0.57735026918962584
  outer loop
   vertex 151.5 105 128
   vertex 151 105.5 128
   vertex 151 105 128.5
  endloop
 endfacet
 facet normal -0.57735026918962584 -0.57735026918962584 0.57735026918962584
  outer loop
   vertex 152 105.5 128
   vertex 152 106 128.5
   vertex 151.5 106 128
  endloop
 endfacet
 facet normal -0.57735026918962584 -0.57735026918962584 0.57735026918962584
  outer loop
   vertex 152.5 106 129
   vertex 152 106 128.5
   vertex 152 105.5 128
  endloop
 endfacet
 facet normal -0.57735026918962584 -0.57735026918962584 0.57735026918962584
  outer loop
   vertex 152.5 106 129
   vertex 152 105.5 128
   vertex 153 105.5 129
  endloop
 endfacet
 facet normal 0 -1 0
  outer loop
   vertex 153 105.5 129
   vertex 152 105.5 128
   vertex 153 105.5 128
  endloop
 endfacet
 facet normal 0.70710678118654746 -0.70710678118654746 0
  outer loop
   vertex 153.5 106 128
   vertex 153.5 106 129
   vertex 153 105.5 129
  endloop
 endfacet
 facet normal 0.70710678118654746 -0.70710678118654746 0
  outer loop
   vertex 153.5 106 128
   vertex 153 105.5 129
   vertex 153 105.5 128
  endloop
 endfacet
 facet normal -0.57735026918962584 0.57735026918962584 0.57735026918962584
  outer loop
   vertex 153.5 105 128
   vertex 154 105 128.5
   vertex 154 105.5 128
  endloop
 endfacet
 facet normal 0.57735026918962584 0.57735026918962584 0.57735026918962584
  outer loop
   vertex 154.5 105 128
   vertex 154 105.5 128
   vertex 154 105 128.5
  endloop
 endfacet
 facet normal -0.57735026918962584 0.57735026918962584 -0.57735026918962584
  outer loop
   vertex 138 106 128.5
   vertex 137.5 106 129
   vertex 138 106.5 129
  endloop
 endfacet
 facet normal -0.57735026918962584 -0.57735026918962584 -0.57735026918962584
  outer loop
   vertex 139 106.5 129
   vertex 138.5 107 129
   vertex 139 107 128.5
  endloop
 endfacet
 facet normal 0.57735026918962584 0.57735026918962584 -0.57735026918962584
  outer loop
   vertex 138.5 106 129
   vertex 138 106 128.5
   vertex 138 106.5 129
  endloop
 endfacet
 facet normal 0.57735026918962584 -0.57735026918962584 -0.57735026918962584
  outer loop
   vertex 139 106.5 129
   vertex 139 107 128.5
   vertex 139.5 107 129
  endloop
 endfacet
 facet normal -0.57735026918962584 0.57735026918962584 0.57735026918962584
  outer loop
   vertex 151.5 106 128
   vertex 152 106 128.5
   vertex 152 106.5 128
  endloop
 endfacet
 facet normal -0.57735026918962584 0.57735026918962584 0.57735026918962584
  outer loop
   vertex 152 106 128.5
   vertex 152.5 106 129
   vertex 153 106.5 129
  endloop
 endfacet
 facet normal -0.57735026918962584 0.57735026918962584 0.57735026918962584
  outer loop
   vertex 152 106 128.5
   vertex 153 106.5 129
   vertex 152 106.5 128
  endloop
 endfacet
 facet normal 0 1 0
  outer loop
   vertex 152 106.5 128
   vertex 153 106.5 129
   vertex 153 106.5 128
  endloop
 endfacet
 facet normal 0.70710678118654746 0.70710678118654746 -0
  outer loop
   vertex 153.5 106 129
   vertex 153.5 106 128
   vertex 153 106.5 128
  endloop
 endfacet
 facet normal 0.70710678118654746 0.70710678118654746 0
  outer loop
   vertex 153 106.5 129
   vertex 153.5 106 129
   vertex 153 106.5 128
  endloop
 endfacet
 facet normal -0.57735026918962584 0.57735026918962584 -0.57735026918962584
  outer loop
   vertex 139 107 128.5
   vertex 138.5 107 129
   vertex 139 107.5 129
  endloop
 endfacet
 facet normal -0.70710678118654746 -0.70710678118654746 0
  outer loop
   vertex 139.5 108 129
   vertex 139.5 108 128
   vertex 140 107.5 128
  endloop
 endfacet
 facet normal -0.70710678118654746 -0.70710678118654746 0
  outer loop
   vertex 139.5 108 129
   vertex 140 107.5 128
   vertex 140 107.5 129
  endloop
 endfacet
 facet normal 0.57735026918962584 0.57735026918962584 -0.57735026918962584
  outer loop
   vertex 139.5 107 129
   vertex 139 107 128.5
   vertex 139 107.5 129
  endloop
 endfacet
 facet normal 0.70710678118654746 -0.70710678118654746 0
  outer loop
   vertex 140 107.5 129
   vertex 140 107.5 128
   vertex 140.5 108 128
  endloop
 endfacet
 facet normal 0.70710678118654746 -0.70710678118654746 0
  outer loop
   vertex 140.5 108 129
   vertex 140 107.5 129
   vertex 140.5 108 128
  endloop
 endfacet
 facet normal -0.57735026918962584 -0.57735026918962584 0.57735026918962584
  outer loop
   vertex 158 107.5 128
   vertex 158 108 128.5
   vertex 157.5 108 128
  endloop
 endfacet
 facet normal 0.57735026918962584 -0.57735026918962584 0.57735026918962584
  outer loop
   vertex 158 107.5 128
   vertex 158.5 108 128
   vertex 158 108 128.5
  endloop
 endfacet
 facet normal -0.70710678118654746 0.70710678118654746 0
  outer loop
   vertex 139.5 108 128
   vertex 139.5 108 129
   vertex 140 108.5 129
  endloop
 endfacet
 facet normal -0.70710678118654746 0.70710678118654746 0
  outer loop
   vertex 140 108.5 128
   vertex 139.5 108 128
   vertex 140 108.5 129
  endloop
 endfacet
 facet normal -0.70710678118654746 -0.70710678118654746 -0
  outer loop
   vertex 141 108.5 128
   vertex 141 108.5 129
   vertex 140.5 109 128
  endloop
 endfacet
 facet normal -0.70710678118654746 -0.70710678118654746 -0
  outer loop
   vertex 141 108.5 129
   vertex 140.5 109 129
   vertex 140.5 109 128
  endloop
 endfacet
 facet normal 0.70710678118654746 0.70710678118654746 0
  outer loop
   vertex 140 108.5 128
   vertex 140.5 108 129
   vertex 140.5 108 128
  endloop
 endfacet
 facet normal 0.70710678118654746 0.70710678118654746 0
  outer loop
   vertex 140 108.5 128
   vertex 140 108.5 129
   vertex 140.5 108 129
  endloop
 endfacet
 facet normal 0.70710678118654746 -0.70710678118654746 0
  outer loop
   vertex 141 108.5 129
   vertex 141 108.5 128
   vertex 141.5 109 128
  endloop
 endfacet
 facet normal 0.70710678118654746 -0.70710678118654746 0
  outer loop
   vertex 141.5 109 129
   vertex 141 108.5 129
   vertex 141.5 109 128
  endloop
 endfacet
 facet normal -0.57735026918962584 0.57735026918962584 0.57735026918962584
  outer loop
   vertex 157.5 108 128
   vertex 158 108 128.5
   vertex 158 108.5 128
  endloop
 endfacet
 facet normal 0.57735026918962584 0.57735026918962584 0.57735026918962584
  outer loop
   vertex 158.5 108 128
   vertex 158 108.5 128
   vertex 158 108 128.5
  endloop
 endfacet
 facet normal -0.70710678118654746 0.70710678118654746 0
  outer loop
   vertex 140.5 109 128
   vertex 140.5 109 129
   vertex 141 109.5 129
  endloop
 endfacet
 facet normal -0.70710678118654746 0.70710678118654746 0
  outer loop
   vertex 141 109.5 128
   vertex 140.5 109 128
   vertex 141 109.5 129
  endloop
 endfacet
 facet normal 0.70710678118654746 0.70710678118654746 -0
  outer loop
   vertex 141.5 109 129
   vertex 141.5 109 128
   vertex 141 109.5 128
  endloop
 endfacet
 facet normal 0.70710678118654746 0.70710678118654746 -0
  outer loop
   vertex 141.5 109 129
   vertex 141 109.5 128
   vertex 141 109.5 129
  endloop
 endfacet
 facet normal -0.57735026918962584 -0.57735026918962584 -0.57735026918962584
  outer loop
   vertex 141.5 110 129
   vertex 142 110 128.5
   vertex 142 109.5 129
  endloop
 endfacet
 facet normal 0.57735026918962584 -0.57735026918962584 -0.57735026918962584
  outer loop
   vertex 142 109.5 129
   vertex 142 110 128.5
   vertex 142.5 110 129
  endloop
 endfacet
 facet normal -0.57735026918962584 0.57735026918962584 -0.57735026918962584
  outer loop
   vertex 142 110 128.5
   vertex 141.5 110 129
   vertex 142 110.5 129
  endloop
 endfacet
 facet normal 0.57735026918962584 0.57735026918962584 -0.57735026918962584
  outer loop
   vertex 142.5 110 129
   vertex 142 110 128.5
   vertex 142 110.5 129
  endloop
 endfacet
 facet normal -0.57735026918962584 -0.57735026918962584 -0.57735026918962584
  outer loop
   vertex 146 112 128.5
   vertex 146 111.5 129
   vertex 145.5 112 129
  endloop
 endfacet
 facet normal 0.57735026918962584 -0.57735026918962584 -0.57735026918962584
  outer loop
   vertex 146 111.5 129
   vertex 146 112 128.5
   vertex 146.5 112 129
  endloop
 endfacet
 facet normal -0.57735026918962584 0.57735026918962584 -0.57735026918962584
  outer loop
   vertex 146 112 128.5
   vertex 145.5 112 129
   vertex 146 112.5 129
  endloop
 endfacet
 facet normal 0.57735026918962584 0.57735026918962584 -0.57735026918962584
  outer loop
   vertex 146.5 112 129
   vertex 146 112 128.5
   vertex 146 112.5 129
  endloop
 endfacet
 facet normal -0.57735026918962584 -0.57735026918962584 -0.57735026918962584
  outer loop
   vertex 153 114 128.5
   vertex 153 113.5 129
   vertex 152.5 114 129
  endloop
 endfacet
 facet normal 0.57735026918962584 -0.57735026918962584 -0.57735026918962584
  outer loop
   vertex 153 113.5 129
   vertex 153 114 128.5
   vertex 153.5 114 129
  endloop
 endfacet
 facet normal -0.57735026918962584 0.57735026918962584 -0.57735026918962584
  outer loop
   vertex 153 114 128.5
   vertex 152.5 114 129
   vertex 153 114.5 129
  endloop
 endfacet
 facet normal 0.57735026918962584 0.57735026918962584 -0.57735026918962584
  outer loop
   vertex 153.5 114 129
   vertex 153 114 128.5
   vertex 153 114.5 129
  endloop
 endfacet
 facet normal -0.57735026918962584 -0.57735026918962584 -0.57735026918962584
  outer loop
   vertex 146 87 129.5
   vertex 146 86.5 130
   vertex 145.5 87 130
  endloop
 endfacet
 facet normal -0.57735026918962584 -0.57735026918962584 -0.57735026918962584
  outer loop
   vertex 146 87 129.5
   vertex 146.5 87 129
   vertex 147 86.5 129
  endloop
 endfacet
 facet normal -0.57735026918962584 -0.57735026918962584 -0.57735026918962584
  outer loop
   vertex 146 87 129.5
   vertex 147 86.5 129
   vertex 146 86.5 130
  endloop
 endfacet
 facet normal 0 -1 0
  outer loop
   vertex 146 86.5 130
   vertex 147 86.5 129
   vertex 147 86.5 130
  endloop
 endfacet
 facet normal 0.57735026918962584 -0.57735026918962584 -0.57735026918962584
  outer loop
   vertex 147.5 87 129
   vertex 148 87 129.5
   vertex 148 86.5 130
  endloop
 endfacet
 facet normal 0.57735026918962584 -0.57735026918962584 -0.57735026918962584
  outer loop
   vertex 147.5 87 129
   vertex 148 86.5 130
   vertex 147 86.5 129
  endloop
 endfacet
 facet normal -0 -1 0
  outer loop
   vertex 147 86.5 129
   vertex 148 86.5 130
   vertex 147 86.5 130
  endloop
 endfacet
 facet normal 0.57735026918962584 -0.57735026918962584 -0.57735026918962584
  outer loop
   vertex 148 86.5 130
   vertex 148 87 129.5
   vertex 148.5 87 130
  endloop
 endfacet
 facet normal -0.57735026918962584 -0.57735026918962584 0.57735026918962584
  outer loop
   vertex 146 87.5 129
   vertex 146 88 129.5
   vertex 145.5 88 129
  endloop
 endfacet
 facet normal -0.57735026918962584 0.57735026918962584 -0.57735026918962584
  outer loop
   vertex 146 87 129.5
   vertex 145.5 87 130
   vertex 146 87.5 130
  endloop
 endfacet
 facet normal -0.57735026918962584 0.57735026918962584 -0.57735026918962584
  outer loop
   vertex 146 87.5 130
   vertex 146.5 87 129
   vertex 146 87 129.5
  endloop
 endfacet
 facet normal -0.57735026918962584 0.57735026918962584 -0.57735026918962584
  outer loop
   vertex 146 87.5 130
   vertex 146.5 88 130
   vertex 146.5 87 129
  endloop
 endfacet
 facet normal -0.57735026918962584 -0.57735026918962584 0.57735026918962584
  outer loop
   vertex 146 87.5 129
   vertex 146.5 87 129
   vertex 146 88 129.5
  endloop
 endfacet
 facet normal -0.57735026918962584 -0.57735026918962584 0.57735026918962584
  outer loop
   vertex 146 88 129.5
   vertex 146.5 87 129
   vertex 146.5 88 130
  endloop
 endfacet
 facet normal 0.57735026918962584 -0.57735026918962584 -0.57735026918962584
  outer loop
   vertex 147.5 87 129
   vertex 148 87.5 129
   vertex 148 87 129.5
  endloop
 endfacet
 facet normal 0.57735026918962584 -0.57735026918962584 -0.57735026918962584
  outer loop
   vertex 148 87 129.5
   vertex 149 87.5 130
   vertex 148.5 87 130
  endloop
 endfacet
 facet normal 0.57735026918962584 -0.57735026918962584 -0.57735026918962584
  outer loop
   vertex 148 87 129.5
   vertex 148 87.5 129
   vertex 149 87.5 130
  endloop
 endfacet
 facet normal 0 -1 0
  outer loop
   vertex 148 87.5 129
   vertex 149 87.5 129
   vertex 149 87.5 130
  endloop
 endfacet
 facet normal 0 -1 -0
  outer loop
   vertex 150 87.5 129
   vertex 150 87.5 130
   vertex 149 87.5 129
  endloop
 endfacet
 facet normal -0 -1 0
  outer loop
   vertex 149 87.5 129
   vertex 150 87.5 130
   vertex 149 87.5 130
  endloop
 endfacet
 facet normal 0.70710678118654746 -0.70710678118654746 0
  outer loop
   vertex 150 87.5 130
   vertex 150 87.5 129
   vertex 150.5 88 129
  endloop
 endfacet
 facet normal 0.70710678118654746 -0.70710678118654746 0
  outer loop
   vertex 150.5 88 130
   vertex 150 87.5 130
   vertex 150.5 88 129
  endloop
 endfacet
 facet normal -0.57735026918962584 -0.57735026918962584 0.57735026918962584
  outer loop
   vertex 145 88.5 129
   vertex 145 89 129.5
   vertex 144.5 89 129
  endloop
 endfacet
 facet normal -0.57735026918962584 -0.57735026918962584 0.57735026918962584
  outer loop
   vertex 145 88.5 129
   vertex 145.5 88 129
   vertex 146 88 129.5
  endloop
 endfacet
 facet normal -0.57735026918962584 -0.57735026918962584 0.57735026918962584
  outer loop
   vertex 145 88.5 129
   vertex 146 88 129.5
   vertex 145 89 129.5
  endloop
 endfacet
 facet normal 0 -0 1
  outer loop
   vertex 145 89 129.5
   vertex 146 88 129.5
   vertex 146 89 129.5
  endloop
 endfacet
 facet normal -0.57735026918962584 0.57735026918962584 0.57735026918962584
  outer loop
   vertex 147 88.5 130
   vertex 146 88 129.5
   vertex 146.5 88 130
  endloop
 endfacet
 facet normal -0.57735026918962584 0.57735026918962584 0.57735026918962584
  outer loop
   vertex 147 88.5 130
   vertex 147 89 129.5
   vertex 146 88 129.5
  endloop
 endfacet
 facet normal -0 0 1
  outer loop
   vertex 147 89 129.5
   vertex 146 89 129.5
   vertex 146 88 129.5
  endloop
 endfacet
 facet normal -0.57735026918962584 0.57735026918962584 0.57735026918962584
  outer loop
   vertex 147 88.5 130
   vertex 147.5 89 130
   vertex 147 89 129.5
  endloop
 endfacet
 facet normal 0.70710678118654746 -0.70710678118654746 0
  outer loop
   vertex 150.5 88 129
   vertex 151 88.5 130
   vertex 150.5 88 130
  endloop
 endfacet
 facet normal 0.70710678118654746 -0.70710678118654746 0
  outer loop
   vertex 151 88.5 129
   vertex 151 88.5 130
   vertex 150.5 88 129
  endloop
 endfacet
 facet normal 0.70710678118654746 -0.70710678118654746 0
  outer loop
   vertex 151 88.5 130
   vertex 151 88.5 129
   vertex 151.5 89 129
  endloop
 endfacet
 facet normal 0.70710678118654746 -0.70710678118654746 0
  outer loop
   vertex 151.5 89 130
   vertex 151 88.5 130
   vertex 151.5 89 129
  endloop
 endfacet
 facet normal -0.57735026918962584 0.57735026918962584 0.57735026918962584
  outer loop
   vertex 144.5 89 129
   vertex 145 89 129.5
   vertex 145 89.5 129
  endloop
 endfacet
 facet normal -0.57735026918962584 0.57735026918962584 0.57735026918962584
  outer loop
   vertex 145.5 90 129
   vertex 145 89.5 129
   vertex 145 89 129.5
  endloop
 endfacet
 facet normal -0.57735026918962584 0.57735026918962584 0.57735026918962584
  outer loop
   vertex 145.5 90 129
   vertex 145 89 129.5
   vertex 146 90 129.5
  endloop
 endfacet
 facet normal 0 0 1
  outer loop
   vertex 146 90 129.5
   vertex 145 89 129.5
   vertex 146 89 129.5
  endloop
 endfacet
 facet normal 0 0 1
  outer loop
   vertex 147 89 129.5
   vertex 147 90 129.5
   vertex 146 89 129.5
  endloop
 endfacet
 facet normal -0 0 1
  outer loop
   vertex 147 90 129.5
   vertex 146 90 129.5
   vertex 146 89 129.5
  endloop
 endfacet
 facet normal -0.57735026918962584 0.57735026918962584 0.57735026918962584
  outer loop
   vertex 148 89.5 130
   vertex 147 89 129.5
   vertex 147.5 89 130
  endloop
 endfacet
 facet normal -0.57735026918962584 0.57735026918962584 0.57735026918962584
  outer loop
   vertex 148 89.5 130
   vertex 148 90 129.5
   vertex 147 89 129.5
  endloop
 endfacet
 facet normal -0 0 1
  outer loop
   vertex 148 90 129.5
   vertex 147 90 129.5
   vertex 147 89 129.5
  endloop
 endfacet
 facet normal -0.57735026918962584 0.57735026918962584 0.57735026918962584
  outer loop
   vertex 148 89.5 130
   vertex 148.5 90 130
   vertex 148 90 129.5
  endloop
 endfacet
 facet normal 1 0 0
  outer loop
   vertex 151.5 89 129
   vertex 151.5 90 129
   vertex 151.5 89 130
  endloop
 endfacet
 facet normal 1 0 -0
  outer loop
   vertex 151.5 89 130
   vertex 151.5 90 129
   vertex 151.5 90 130
  endloop
 endfacet
 facet normal -0.57735026918962584 -0.57735026918962584 0.57735026918962584
  outer loop
   vertex 145 90.5 129
   vertex 145 91 129.5
   vertex 144.5 91 129
  endloop
 endfacet
 facet normal -0.57735026918962584 -0.57735026918962584 0.57735026918962584
  outer loop
   vertex 145 90.5 129
   vertex 145.5 90 129
   vertex 146 90 129.5
  endloop
 endfacet
 facet normal -0.57735026918962584 -0.57735026918962584 0.57735026918962584
  outer loop
   vertex 145 90.5 129
   vertex 146 90 129.5
   vertex 145 91 129.5
  endloop
 endfacet
 facet normal 0 -0 1
  outer loop
   vertex 145 91 129.5
   vertex 146 90 129.5
   vertex 146 91 129.5
  endloop
 endfacet
 facet normal 0 0 1
  outer loop
   vertex 147 90 129.5
   vertex 147 91 129.5
   vertex 146 90 129.5
  endloop
 endfacet
 facet normal -0 0 1
  outer loop
   vertex 147 91 129.5
   vertex 146 91 129.5
   vertex 146 90 129.5
  endloop
 endfacet
 facet normal 0 0 1
  outer loop
   vertex 148 90 129.5
   vertex 148 91 129.5
   vertex 147 90 129.5
  endloop
 endfacet
 facet normal -0 0 1
  outer loop
   vertex 148 91 129.5
   vertex 147 91 129.5
   vertex 147 90 129.5
  endloop
 endfacet
 facet normal -0.70710678118654746 0 0.70710678118654746
  outer loop
   vertex 148.5 91 130
   vertex 148 90 129.5
   vertex 148.5 90 130
  endloop
 endfacet
 facet normal -0.70710678118654746 0 0.70710678118654746
  outer loop
   vertex 148 91 129.5
   vertex 148 90 129.5
   vertex 148.5 91 130
  endloop
 endfacet
 facet normal 0.70710678118654746 -0.70710678118654746 0
  outer loop
   vertex 151.5 90 129
   vertex 152 90.5 130
   vertex 151.5 90 130
  endloop
 endfacet
 facet normal 0.70710678118654746 -0.70710678118654746 0
  outer loop
   vertex 152 90.5 129
   vertex 152 90.5 130
   vertex 151.5 90 129
  endloop
 endfacet
 facet normal 0.70710678118654746 -0.70710678118654746 0
  outer loop
   vertex 152 90.5 130
   vertex 152 90.5 129
   vertex 152.5 91 129
  endloop
 endfacet
 facet normal 0.70710678118654746 -0.70710678118654746 0
  outer loop
   vertex 152.5 91 130
   vertex 152 90.5 130
   vertex 152.5 91 129
  endloop
 endfacet
 facet normal -0.70710678118654746 0 0.70710678118654746
  outer loop
   vertex 145 91 129.5
   vertex 145 92 129.5
   vertex 144.5 92 129
  endloop
 endfacet
 facet normal -0.70710678118654746 0 0.70710678118654746
  outer loop
   vertex 144.5 91 129
   vertex 145 91 129.5
   vertex 144.5 92 129
  endloop
 endfacet
 facet normal 0 0 1
  outer loop
   vertex 146 91 129.5
   vertex 146 92 129.5
   vertex 145 91 129.5
  endloop
 endfacet
 facet normal -0 0 1
  outer loop
   vertex 146 92 129.5
   vertex 145 92 129.5
   vertex 145 91 129.5
  endloop
 endfacet
 facet normal 0 0 1
  outer loop
   vertex 147 91 129.5
   vertex 147 92 129.5
   vertex 146 91 129.5
  endloop
 endfacet
 facet normal -0 0 1
  outer loop
   vertex 147 92 129.5
   vertex 146 92 129.5
   vertex 146 91 129.5
  endloop
 endfacet
 facet normal 0 0 1
  outer loop
   vertex 148 91 129.5
   vertex 148 92 129.5
   vertex 147 91 129.5
  endloop
 endfacet
 facet normal -0 0 1
  outer loop
   vertex 148 92 129.5
   vertex 147 92 129.5
   vertex 147 91 129.5
  endloop
 endfacet
 facet normal -0.70710678118654746 0 0.70710678118654746
  outer loop
   vertex 148.5 92 130
   vertex 148 91 129.5
   vertex 148.5 91 130
  endloop
 endfacet
 facet normal -0.70710678118654746 0 0.70710678118654746
  outer loop
   vertex 148 92 129.5
   vertex 148 91 129.5
   vertex 148.5 92 130
  endloop
 endfacet
 facet normal 1 0 0
  outer loop
   vertex 152.5 91 129
   vertex 152.5 92 129
   vertex 152.5 91 130
  endloop
 endfacet
 facet normal 1 0 -0
  outer loop
   vertex 152.5 91 130
   vertex 152.5 92 129
   vertex 152.5 92 130
  endloop
 endfacet
 facet normal -0.70710678118654746 0 0.70710678118654746
  outer loop
   vertex 145 92 129.5
   vertex 145 93 129.5
   vertex 144.5 93 129
  endloop
 endfacet
 facet normal -0.70710678118654746 0 0.70710678118654746
  outer loop
   vertex 144.5 92 129
   vertex 145 92 129.5
   vertex 144.5 93 129
  endloop
 endfacet
 facet normal 0 0 1
  outer loop
   vertex 146 92 129.5
   vertex 146 93 129.5
   vertex 145 92 129.5
  endloop
 endfacet
 facet normal -0 0 1
  outer loop
   vertex 146 93 129.5
   vertex 145 93 129.5
   vertex 145 92 129.5
  endloop
 endfacet
 facet normal -0.57735026918962584 -0.57735026918962584 0.57735026918962584
  outer loop
   vertex 146.5 93 130
   vertex 147 92 129.5
   vertex 147 92.5 130
  endloop
 endfacet
 facet normal -0.57735026918962584 -0.57735026918962584 0.57735026918962584
  outer loop
   vertex 146.5 93 130
   vertex 146 93 129.5
   vertex 147 92 129.5
  endloop
 endfacet
 facet normal 0 0 1
  outer loop
   vertex 146 93 129.5
   vertex 146 92 129.5
   vertex 147 92 129.5
  endloop
 endfacet
 facet normal 0.57735026918962584 -0.57735026918962584 0.57735026918962584
  outer loop
   vertex 147 92.5 130
   vertex 148 93 129.5
   vertex 147.5 93 130
  endloop
 endfacet
 facet normal 0.57735026918962584 -0.57735026918962584 0.57735026918962584
  outer loop
   vertex 147 92.5 130
   vertex 147 92 129.5
   vertex 148 93 129.5
  endloop
 endfacet
 facet normal 0 -0 1
  outer loop
   vertex 147 92 129.5
   vertex 148 92 129.5
   vertex 148 93 129.5
  endloop
 endfacet
 facet normal -0.70710678118654746 0 0.70710678118654746
  outer loop
   vertex 148.5 93 130
   vertex 148 92 129.5
   vertex 148.5 92 130
  endloop
 endfacet
 facet normal -0.70710678118654746 0 0.70710678118654746
  outer loop
   vertex 148 93 129.5
   vertex 148 92 129.5
   vertex 148.5 93 130
  endloop
 endfacet
 facet normal 0.57735026918962584 -0.57735026918962584 0.57735026918962584
  outer loop
   vertex 153 93 129.5
   vertex 152.5 92 129
   vertex 153 92.5 129
  endloop
 endfacet
 facet normal 0.57735026918962584 -0.57735026918962584 0.57735026918962584
  outer loop
   vertex 153 93 129.5
   vertex 152.5 93 130
   vertex 152.5 92 129
  endloop
 endfacet
 facet normal 1 -0 0
  outer loop
   vertex 152.5 93 130
   vertex 152.5 92 130
   vertex 152.5 92 129
  endloop
 endfacet
 facet normal 0.57735026918962584 -0.57735026918962584 0.57735026918962584
  outer loop
   vertex 153 92.5 129
   vertex 153.5 93 129
   vertex 153 93 129.5
  endloop
 endfacet
 facet normal -0.57735026918962584 0.57735026918962584 0.57735026918962584
  outer loop
   vertex 144.5 93 129
   vertex 145 93 129.5
   vertex 145 93.5 129
  endloop
 endfacet
 facet normal -0.57735026918962584 0.57735026918962584 0.57735026918962584
  outer loop
   vertex 145.5 94 129
   vertex 145 93.5 129
   vertex 145 93 129.5
  endloop
 endfacet
 facet normal -0.57735026918962584 0.57735026918962584 0.57735026918962584
  outer loop
   vertex 145.5 94 129
   vertex 145 93 129.5
   vertex 146 94 129.5
  endloop
 endfacet
 facet normal 0 0 1
  outer loop
   vertex 146 94 129.5
   vertex 145 93 129.5
   vertex 146 93 129.5
  endloop
 endfacet
 facet normal -0.70710678118654746 0 0.70710678118654746
  outer loop
   vertex 146.5 94 130
   vertex 146 93 129.5
   vertex 146.5 93 130
  endloop
 endfacet
 facet normal -0.70710678118654746 0 0.70710678118654746
  outer loop
   vertex 146 94 129.5
   vertex 146 93 129.5
   vertex 146.5 94 130
  endloop
 endfacet
 facet normal 0.70710678118654746 0 0.70710678118654746
  outer loop
   vertex 148 94 129.5
   vertex 147.5 93 130
   vertex 148 93 129.5
  endloop
 endfacet
 facet normal 0.70710678118654746 -0 0.70710678118654746
  outer loop
   vertex 147.5 94 130
   vertex 147.5 93 130
   vertex 148 94 129.5
  endloop
 endfacet
 facet normal -0.70710678118654746 0 0.70710678118654746
  outer loop
   vertex 148.5 94 130
   vertex 148 93 129.5
   vertex 148.5 93 130
  endloop
 endfacet
 facet normal -0.70710678118654746 0 0.70710678118654746
  outer loop
   vertex 148 94 129.5
   vertex 148 93 129.5
   vertex 148.5 94 130
  endloop
 endfacet
 facet normal 0.57735026918962584 0.57735026918962584 0.57735026918962584
  outer loop
   vertex 153 93.5 129
   vertex 152.5 93 130
   vertex 153 93 129.5
  endloop
 endfacet
 facet normal 0.57735026918962584 0.57735026918962584 0.57735026918962584
  outer loop
   vertex 153 93.5 129
   vertex 152.5 94 129
   vertex 152.5 93 130
  endloop
 endfacet
 facet normal 1 0 0
  outer loop
   vertex 152.5 94 129
   vertex 152.5 94 130
   vertex 152.5 93 130
  endloop
 endfacet
 facet normal 0.57735026918962584 0.57735026918962584 0.57735026918962584
  outer loop
   vertex 153.5 93 129
   vertex 153 93.5 129
   vertex 153 93 129.5
  endloop
 endfacet
 facet normal -0.57735026918962584 -0.57735026918962584 0.57735026918962584
  outer loop
   vertex 146 94 129.5
   vertex 146 94.5 130
   vertex 145.5 95 130
  endloop
 endfacet
 facet normal -0.57735026918962584 -0.57735026918962584 0.57735026918962584
  outer loop
   vertex 146 94 129.5
   vertex 145.5 95 130
   vertex 145.5 94 129
  endloop
 endfacet
 facet normal -1 0 -0
  outer loop
   vertex 145.5 94 129
   vertex 145.5 95 130
   vertex 145.5 95 129
  endloop
 endfacet
 facet normal -0.57735026918962584 -0.57735026918962584 0.57735026918962584
  outer loop
   vertex 146.5 94 130
   vertex 146 94.5 130
   vertex 146 94 129.5
  endloop
 endfacet
 facet normal 0.57735026918962584 -0.57735026918962584 0.57735026918962584
  outer loop
   vertex 148 94 129.5
   vertex 148 94.5 130
   vertex 147.5 94 130
  endloop
 endfacet
 facet normal -0.57735026918962584 -0.57735026918962584 0.57735026918962584
  outer loop
   vertex 148.5 94 130
   vertex 148 94.5 130
   vertex 148 94 129.5
  endloop
 endfacet
 facet normal 1 0 0
  outer loop
   vertex 152.5 94 129
   vertex 152.5 95 129
   vertex 152.5 94 130
  endloop
 endfacet
 facet normal 1 0 -0
  outer loop
   vertex 152.5 94 130
   vertex 152.5 95 129
   vertex 152.5 95 130
  endloop
 endfacet
 facet normal -1 0 0
  outer loop
   vertex 145.5 95 129
   vertex 145.5 95 130
   vertex 145.5 96 129
  endloop
 endfacet
 facet normal -1 -0 -0
  outer loop
   vertex 145.5 95 130
   vertex 145.5 96 130
   vertex 145.5 96 129
  endloop
 endfacet
 facet normal 1 0 0
  outer loop
   vertex 152.5 95 129
   vertex 152.5 96 129
   vertex 152.5 95 130
  endloop
 endfacet
 facet normal 1 0 -0
  outer loop
   vertex 152.5 95 130
   vertex 152.5 96 129
   vertex 152.5 96 130
  endloop
 endfacet
 facet normal -0.70710678118654746 -0.70710678118654746 -0
  outer loop
   vertex 145 96.5 129
   vertex 145 96.5 130
   vertex 144.5 97 130
  endloop
 endfacet
 facet normal -0.70710678118654746 -0.70710678118654746 0
  outer loop
   vertex 144.5 97 129
   vertex 145 96.5 129
   vertex 144.5 97 130
  endloop
 endfacet
 facet normal -0.70710678118654746 -0.70710678118654746 0
  outer loop
   vertex 145.5 96 130
   vertex 145 96.5 129
   vertex 145.5 96 129
  endloop
 endfacet
 facet normal -0.70710678118654746 -0.70710678118654746 0
  outer loop
   vertex 145 96.5 130
   vertex 145 96.5 129
   vertex 145.5 96 130
  endloop
 endfacet
 facet normal 0.57735026918962584 0.57735026918962584 0.57735026918962584
  outer loop
   vertex 152 97 129.5
   vertex 151.5 97 130
   vertex 152 96.5 130
  endloop
 endfacet
 facet normal 0.57735026918962584 0.57735026918962584 0.57735026918962584
  outer loop
   vertex 152 97 129.5
   vertex 152 96.5 130
   vertex 152.5 96 130
  endloop
 endfacet
 facet normal 0.57735026918962584 0.57735026918962584 0.57735026918962584
  outer loop
   vertex 152 97 129.5
   vertex 152.5 96 130
   vertex 152.5 97 129
  endloop
 endfacet
 facet normal 1 0 0
  outer loop
   vertex 152.5 97 129
   vertex 152.5 96 130
   vertex 152.5 96 129
  endloop
 endfacet
 facet normal -0.57735026918962584 0.57735026918962584 -0.57735026918962584
  outer loop
   vertex 145 98 129.5
   vertex 145 97.5 129
   vertex 144.5 97 129
  endloop
 endfacet
 facet normal -0.57735026918962584 0.57735026918962584 -0.57735026918962584
  outer loop
   vertex 145 98 129.5
   vertex 144.5 97 129
   vertex 144.5 98 130
  endloop
 endfacet
 facet normal -1 0 0
  outer loop
   vertex 144.5 98 130
   vertex 144.5 97 129
   vertex 144.5 97 130
  endloop
 endfacet
 facet normal -0.57735026918962584 0.57735026918962584 -0.57735026918962584
  outer loop
   vertex 145 97.5 129
   vertex 145 98 129.5
   vertex 145.5 98 129
  endloop
 endfacet
 facet normal 0.57735026918962584 0.57735026918962584 0.57735026918962584
  outer loop
   vertex 152 97.5 129
   vertex 151.5 97 130
   vertex 152 97 129.5
  endloop
 endfacet
 facet normal 0.57735026918962584 0.57735026918962584 0.57735026918962584
  outer loop
   vertex 152 97.5 129
   vertex 151.5 98 129
   vertex 151.5 97 130
  endloop
 endfacet
 facet normal 1 0 0
  outer loop
   vertex 151.5 98 129
   vertex 151.5 98 130
   vertex 151.5 97 130
  endloop
 endfacet
 facet normal 0.57735026918962584 0.57735026918962584 0.57735026918962584
  outer loop
   vertex 152.5 97 129
   vertex 152 97.5 129
   vertex 152 97 129.5
  endloop
 endfacet
 facet normal -0.57735026918962584 -0.57735026918962584 0.57735026918962584
  outer loop
   vertex 155 97.5 129
   vertex 155 98 129.5
   vertex 154.5 98 129
  endloop
 endfacet
 facet normal 0 -0.70710678118654746 0.70710678118654746
  outer loop
   vertex 155 97.5 129
   vertex 156 97.5 129
   vertex 156 98 129.5
  endloop
 endfacet
 facet normal 0 -0.70710678118654746 0.70710678118654746
  outer loop
   vertex 155 98 129.5
   vertex 155 97.5 129
   vertex 156 98 129.5
  endloop
 endfacet
 facet normal 0.57735026918962584 -0.57735026918962584 0.57735026918962584
  outer loop
   vertex 156 97.5 129
   vertex 156.5 98 129
   vertex 156 98 129.5
  endloop
 endfacet
 facet normal -0.57735026918962584 -0.57735026918962584 -0.57735026918962584
  outer loop
   vertex 143 99 129.5
   vertex 143 98.5 130
   vertex 142.5 99 130
  endloop
 endfacet
 facet normal -0.57735026918962584 -0.57735026918962584 -0.57735026918962584
  outer loop
   vertex 143 99 129.5
   vertex 143.5 99 129
   vertex 144 98.5 129
  endloop
 endfacet
 facet normal -0.57735026918962584 -0.57735026918962584 -0.57735026918962584
  outer loop
   vertex 143 99 129.5
   vertex 144 98.5 129
   vertex 143 98.5 130
  endloop
 endfacet
 facet normal 0 -1 0
  outer loop
   vertex 143 98.5 130
   vertex 144 98.5 129
   vertex 144 98.5 130
  endloop
 endfacet
 facet normal -0.57735026918962584 -0.57735026918962584 -0.57735026918962584
  outer loop
   vertex 144.5 98 130
   vertex 145 98.5 129
   vertex 145 98 129.5
  endloop
 endfacet
 facet normal -0.57735026918962584 -0.57735026918962584 -0.57735026918962584
  outer loop
   vertex 144.5 98 130
   vertex 144 98.5 130
   vertex 145 98.5 129
  endloop
 endfacet
 facet normal 0 -1 0
  outer loop
   vertex 144 98.5 130
   vertex 144 98.5 129
   vertex 145 98.5 129
  endloop
 endfacet
 facet normal -0.57735026918962584 -0.57735026918962584 -0.57735026918962584
  outer loop
   vertex 145.5 98 129
   vertex 145 98 129.5
   vertex 145 98.5 129
  endloop
 endfacet
 facet normal 1 0 0
  outer loop
   vertex 151.5 98 129
   vertex 151.5 99 129
   vertex 151.5 98 130
  endloop
 endfacet
 facet normal 1 0 -0
  outer loop
   vertex 151.5 98 130
   vertex 151.5 99 129
   vertex 151.5 99 130
  endloop
 endfacet
 facet normal -0.57735026918962584 -0.57735026918962584 0.57735026918962584
  outer loop
   vertex 155 98 129.5
   vertex 155 98.5 130
   vertex 154.5 99 130
  endloop
 endfacet
 facet normal -0.57735026918962584 -0.57735026918962584 0.57735026918962584
  outer loop
   vertex 155 98 129.5
   vertex 154.5 99 130
   vertex 154.5 98 129
  endloop
 endfacet
 facet normal -1 0 -0
  outer loop
   vertex 154.5 98 129
   vertex 154.5 99 130
   vertex 154.5 99 129
  endloop
 endfacet
 facet normal 0 -0.70710678118654746 0.70710678118654746
  outer loop
   vertex 156 98 129.5
   vertex 155 98.5 130
   vertex 155 98 129.5
  endloop
 endfacet
 facet normal 0 -0.70710678118654746 0.70710678118654746
  outer loop
   vertex 156 98.5 130
   vertex 155 98.5 130
   vertex 156 98 129.5
  endloop
 endfacet
 facet normal 0.57735026918962584 -0.57735026918962584 0.57735026918962584
  outer loop
   vertex 156.5 98 129
   vertex 156 98.5 130
   vertex 156 98 129.5
  endloop
 endfacet
 facet normal 0.57735026918962584 -0.57735026918962584 0.57735026918962584
  outer loop
   vertex 156.5 98 129
   vertex 157 98.5 129
   vertex 156 98.5 130
  endloop
 endfacet
 facet normal -0 -1 -0
  outer loop
   vertex 157 98.5 129
   vertex 157 98.5 130
   vertex 156 98.5 130
  endloop
 endfacet
 facet normal 0.70710678118654746 -0.70710678118654746 0
  outer loop
   vertex 157 98.5 130
   vertex 157 98.5 129
   vertex 157.5 99 129
  endloop
 endfacet
 facet normal 0.70710678118654746 -0.70710678118654746 0
  outer loop
   vertex 157.5 99 130
   vertex 157 98.5 130
   vertex 157.5 99 129
  endloop
 endfacet
 facet normal -0.57735026918962584 -0.57735026918962584 -0.57735026918962584
  outer loop
   vertex 143 99.5 129
   vertex 143 99 129.5
   vertex 142.5 99 130
  endloop
 endfacet
 facet normal -0.57735026918962584 -0.57735026918962584 -0.57735026918962584
  outer loop
   vertex 143 99.5 129
   vertex 142.5 99 130
   vertex 142.5 100 129
  endloop
 endfacet
 facet normal -1 0 0
  outer loop
   vertex 142.5 100 129
   vertex 142.5 99 130
   vertex 142.5 100 130
  endloop
 endfacet
 facet normal -0.57735026918962584 -0.57735026918962584 -0.57735026918962584
  outer loop
   vertex 143.5 99 129
   vertex 143 99 129.5
   vertex 143 99.5 129
  endloop
 endfacet
 facet normal 1 0 0
  outer loop
   vertex 151.5 99 129
   vertex 151.5 100 129
   vertex 151.5 99 130
  endloop
 endfacet
 facet normal 1 0 -0
  outer loop
   vertex 151.5 99 130
   vertex 151.5 100 129
   vertex 151.5 100 130
  endloop
 endfacet
 facet normal -0.57735026918962584 -0.57735026918962584 -0.57735026918962584
  outer loop
   vertex 154 100 129.5
   vertex 154 99.5 130
   vertex 153.5 100 130
  endloop
 endfacet
 facet normal -0.57735026918962584 -0.57735026918962584 -0.57735026918962584
  outer loop
   vertex 154 100 129.5
   vertex 154.5 99 130
   vertex 154 99.5 130
  endloop
 endfacet
 facet normal -0.57735026918962584 -0.57735026918962584 -0.57735026918962584
  outer loop
   vertex 154 100 129.5
   vertex 154.5 100 129
   vertex 154.5 99 130
  endloop
 endfacet
 facet normal -1 0 0
  outer loop
   vertex 154.5 100 129
   vertex 154.5 99 129
   vertex 154.5 99 130
  endloop
 endfacet
 facet normal 0.57735026918962584 0.57735026918962584 0.57735026918962584
  outer loop
   vertex 157 100 129.5
   vertex 156.5 100 130
   vertex 157 99.5 130
  endloop
 endfacet
 facet normal 0.57735026918962584 0.57735026918962584 0.57735026918962584
  outer loop
   vertex 157 100 129.5
   vertex 157 99.5 130
   vertex 157.5 99 130
  endloop
 endfacet
 facet normal 0.57735026918962584 0.57735026918962584 0.57735026918962584
  outer loop
   vertex 157 100 129.5
   vertex 157.5 99 130
   vertex 157.5 100 129
  endloop
 endfacet
 facet normal 1 0 0
  outer loop
   vertex 157.5 100 129
   vertex 157.5 99 130
   vertex 157.5 99 129
  endloop
 endfacet
 facet normal -0.57735026918962584 -0.57735026918962584 0.57735026918962584
  outer loop
   vertex 142 100.5 129
   vertex 142 101 129.5
   vertex 141.5 101 129
  endloop
 endfacet
 facet normal -0.57735026918962584 -0.57735026918962584 0.57735026918962584
  outer loop
   vertex 142 100.5 129
   vertex 142.5 101 130
   vertex 142 101 129.5
  endloop
 endfacet
 facet normal -0.57735026918962584 -0.57735026918962584 0.57735026918962584
  outer loop
   vertex 142 100.5 129
   vertex 142.5 100 129
   vertex 142.5 101 130
  endloop
 endfacet
 facet normal -1 0 0
  outer loop
   vertex 142.5 100 129
   vertex 142.5 100 130
   vertex 142.5 101 130
  endloop
 endfacet
 facet normal 1 0 0
  outer loop
   vertex 151.5 100 129
   vertex 151.5 101 129
   vertex 151.5 100 130
  endloop
 endfacet
 facet normal 1 0 -0
  outer loop
   vertex 151.5 100 130
   vertex 151.5 101 129
   vertex 151.5 101 130
  endloop
 endfacet
 facet normal -0.57735026918962584 -0.57735026918962584 -0.57735026918962584
  outer loop
   vertex 153 101 129.5
   vertex 153 100.5 130
   vertex 152.5 101 130
  endloop
 endfacet
 facet normal -0.57735026918962584 0.57735026918962584 -0.57735026918962584
  outer loop
   vertex 154 100 129.5
   vertex 153.5 100 130
   vertex 154 100.5 130
  endloop
 endfacet
 facet normal -0.57735026918962584 -0.57735026918962584 0.57735026918962584
  outer loop
   vertex 154 101 129.5
   vertex 153.5 101 129
   vertex 154 100.5 129
  endloop
 endfacet
 facet normal 0.57735026918962584 -0.57735026918962584 -0.57735026918962584
  outer loop
   vertex 153 100.5 130
   vertex 153 101 129.5
   vertex 153.5 101 130
  endloop
 endfacet
 facet normal 0 -0.44721359549995793 0.89442719099991586
  outer loop
   vertex 154 101 129.5
   vertex 154.5 100 129
   vertex 155 101 129.5
  endloop
 endfacet
 facet normal -0.57735026918962584 -0.57735026918962584 0.57735026918962584
  outer loop
   vertex 154 101 129.5
   vertex 154 100.5 129
   vertex 154.5 100 129
  endloop
 endfacet
 facet normal -0.90453403373329089 0.30151134457776363 0.30151134457776363
  outer loop
   vertex 155 101 129.5
   vertex 154.5 100 129
   vertex 155 100.5 130
  endloop
 endfacet
 facet normal -0.57735026918962584 0.57735026918962584 -0.57735026918962584
  outer loop
   vertex 154 100 129.5
   vertex 154 100.5 130
   vertex 154.5 100 129
  endloop
 endfacet
 facet normal 0 0.89442719099991586 -0.44721359549995793
  outer loop
   vertex 155 100.5 130
   vertex 154.5 100 129
   vertex 154 100.5 130
  endloop
 endfacet
 facet normal 0 0.70710678118654746 0.70710678118654746
  outer loop
   vertex 155 101 129.5
   vertex 156 100.5 130
   vertex 156 101 129.5
  endloop
 endfacet
 facet normal 0 0.70710678118654746 0.70710678118654746
  outer loop
   vertex 155 100.5 130
   vertex 156 100.5 130
   vertex 155 101 129.5
  endloop
 endfacet
 facet normal 0.57735026918962584 0.57735026918962584 0.57735026918962584
  outer loop
   vertex 156.5 100 130
   vertex 156 101 129.5
   vertex 156 100.5 130
  endloop
 endfacet
 facet normal 0.57735026918962584 0.57735026918962584 0.57735026918962584
  outer loop
   vertex 156.5 100 130
   vertex 157 100 129.5
   vertex 156 101 129.5
  endloop
 endfacet
 facet normal 0 0 1
  outer loop
   vertex 157 100 129.5
   vertex 157 101 129.5
   vertex 156 101 129.5
  endloop
 endfacet
 facet normal 0.70710678118654746 0 0.70710678118654746
  outer loop
   vertex 157.5 100 129
   vertex 157.5 101 129
   vertex 157 101 129.5
  endloop
 endfacet
 facet normal 0.70710678118654746 0 0.70710678118654746
  outer loop
   vertex 157 100 129.5
   vertex 157.5 100 129
   vertex 157 101 129.5
  endloop
 endfacet
 facet normal -0.57735026918962584 -0.57735026918962584 -0.57735026918962584
  outer loop
   vertex 140 102 129.5
   vertex 140 101.5 130
   vertex 139.5 102 130
  endloop
 endfacet
 facet normal -0 -0.70710678118654746 -0.70710678118654746
  outer loop
   vertex 140 102 129.5
   vertex 141 102 129.5
   vertex 141 101.5 130
  endloop
 endfacet
 facet normal 0 -0.70710678118654746 -0.70710678118654746
  outer loop
   vertex 140 101.5 130
   vertex 140 102 129.5
   vertex 141 101.5 130
  endloop
 endfacet
 facet normal 0 -0.70710678118654746 0.70710678118654746
  outer loop
   vertex 142 101 129.5
   vertex 142 101.5 130
   vertex 141 101.5 130
  endloop
 endfacet
 facet normal -0.57735026918962573 -0.57735026918962573 -0.57735026918962573
  outer loop
   vertex 142 101 129.5
   vertex 141 101.5 130
   vertex 141.5 102 129
  endloop
 endfacet
 facet normal -0.70710678118654746 0 0.70710678118654746
  outer loop
   vertex 142 101 129.5
   vertex 141.5 102 129
   vertex 141.5 101 129
  endloop
 endfacet
 facet normal -0.57735026918962584 -0.57735026918962584 -0.57735026918962584
  outer loop
   vertex 141.5 102 129
   vertex 141 101.5 130
   vertex 141 102 129.5
  endloop
 endfacet
 facet normal -0.57735026918962584 -0.57735026918962584 0.57735026918962584
  outer loop
   vertex 142.5 101 130
   vertex 142 101.5 130
   vertex 142 101 129.5
  endloop
 endfacet
 facet normal 0.57735026918962584 0.57735026918962584 0.57735026918962584
  outer loop
   vertex 146 102 129.5
   vertex 145.5 102 130
   vertex 146 101.5 130
  endloop
 endfacet
 facet normal 0 0.70710678118654746 0.70710678118654746
  outer loop
   vertex 146 102 129.5
   vertex 147 101.5 130
   vertex 147 102 129.5
  endloop
 endfacet
 facet normal 0 0.70710678118654746 0.70710678118654746
  outer loop
   vertex 146 101.5 130
   vertex 147 101.5 130
   vertex 146 102 129.5
  endloop
 endfacet
 facet normal 0.57735026918962584 0.57735026918962584 0.57735026918962584
  outer loop
   vertex 147 102 129.5
   vertex 148 101.5 129
   vertex 147.5 102 129
  endloop
 endfacet
 facet normal 0.57735026918962584 0.57735026918962584 0.57735026918962584
  outer loop
   vertex 147 102 129.5
   vertex 147 101.5 130
   vertex 148 101.5 129
  endloop
 endfacet
 facet normal 0 1 0
  outer loop
   vertex 147 101.5 130
   vertex 148 101.5 130
   vertex 148 101.5 129
  endloop
 endfacet
 facet normal 0 1 0
  outer loop
   vertex 149 101.5 129
   vertex 148 101.5 129
   vertex 149 101.5 130
  endloop
 endfacet
 facet normal -0 1 0
  outer loop
   vertex 148 101.5 129
   vertex 148 101.5 130
   vertex 149 101.5 130
  endloop
 endfacet
 facet normal 0 1 0
  outer loop
   vertex 150 101.5 129
   vertex 149 101.5 129
   vertex 150 101.5 130
  endloop
 endfacet
 facet normal -0 1 0
  outer loop
   vertex 149 101.5 129
   vertex 149 101.5 130
   vertex 150 101.5 130
  endloop
 endfacet
 facet normal -0.70710678118654746 0.70710678118654746 0
  outer loop
   vertex 150 101.5 130
   vertex 150.5 102 129
   vertex 150 101.5 129
  endloop
 endfacet
 facet normal -0.70710678118654746 0.70710678118654746 0
  outer loop
   vertex 150.5 102 130
   vertex 150.5 102 129
   vertex 150 101.5 130
  endloop
 endfacet
 facet normal 1 0 0
  outer loop
   vertex 151.5 101 129
   vertex 151.5 102 129
   vertex 151.5 101 130
  endloop
 endfacet
 facet normal 1 0 -0
  outer loop
   vertex 151.5 101 130
   vertex 151.5 102 129
   vertex 151.5 102 130
  endloop
 endfacet
 facet normal -0.70710678118654746 0 -0.70710678118654746
  outer loop
   vertex 153 102 129.5
   vertex 153 101 129.5
   vertex 152.5 101 130
  endloop
 endfacet
 facet normal -0.70710678118654746 0 -0.70710678118654746
  outer loop
   vertex 152.5 102 130
   vertex 153 102 129.5
   vertex 152.5 101 130
  endloop
 endfacet
 facet normal 0.70710678118654746 0 -0.70710678118654746
  outer loop
   vertex 153.5 101 130
   vertex 153 101 129.5
   vertex 153 102 129.5
  endloop
 endfacet
 facet normal 0.70710678118654746 0 -0.70710678118654746
  outer loop
   vertex 153.5 101 130
   vertex 153 102 129.5
   vertex 153.5 102 130
  endloop
 endfacet
 facet normal -0.70710678118654746 0 0.70710678118654746
  outer loop
   vertex 153.5 101 129
   vertex 154 101 129.5
   vertex 153.5 102 129
  endloop
 endfacet
 facet normal -0.70710678118654746 0 0.70710678118654746
  outer loop
   vertex 153.5 102 129
   vertex 154 101 129.5
   vertex 154 102 129.5
  endloop
 endfacet
 facet normal 0 0 1
  outer loop
   vertex 155 101 129.5
   vertex 155 102 129.5
   vertex 154 101 129.5
  endloop
 endfacet
 facet normal -0 0 1
  outer loop
   vertex 155 102 129.5
   vertex 154 102 129.5
   vertex 154 101 129.5
  endloop
 endfacet
 facet normal 0 0 1
  outer loop
   vertex 156 101 129.5
   vertex 156 102 129.5
   vertex 155 101 129.5
  endloop
 endfacet
 facet normal -0 0 1
  outer loop
   vertex 156 102 129.5
   vertex 155 102 129.5
   vertex 155 101 129.5
  endloop
 endfacet
 facet normal 0.57735026918962584 0.57735026918962584 0.57735026918962584
  outer loop
   vertex 157 101.5 129
   vertex 156.5 102 129
   vertex 156 102 129.5
  endloop
 endfacet
 facet normal 0.57735026918962584 0.57735026918962584 0.57735026918962584
  outer loop
   vertex 157 101.5 129
   vertex 156 102 129.5
   vertex 157 101 129.5
  endloop
 endfacet
 facet normal 0 0 1
  outer loop
   vertex 157 101 129.5
   vertex 156 102 129.5
   vertex 156 101 129.5
  endloop
 endfacet
 facet normal 0.57735026918962584 0.57735026918962584 0.57735026918962584
  outer loop
   vertex 157.5 101 129
   vertex 157 101.5 129
   vertex 157 101 129.5
  endloop
 endfacet
 facet normal -0.57735026918962584 -0.57735026918962584 0.57735026918962584
  outer loop
   vertex 158 101.5 129
   vertex 158 102 129.5
   vertex 157.5 102 129
  endloop
 endfacet
 facet normal 0.57735026918962584 -0.57735026918962584 0.57735026918962584
  outer loop
   vertex 158 101.5 129
   vertex 158.5 102 129
   vertex 158 102 129.5
  endloop
 endfacet
 facet normal -0.57735026918962584 -0.57735026918962584 -0.57735026918962584
  outer loop
   vertex 138 103 129.5
   vertex 138 102.5 130
   vertex 137.5 103 130
  endloop
 endfacet
 facet normal 0.57735026918962584 -0.57735026918962584 -0.57735026918962584
  outer loop
   vertex 138 102.5 130
   vertex 138 103 129.5
   vertex 138.5 103 130
  endloop
 endfacet
 facet normal -0.57735026918962584 -0.57735026918962584 0.57735026918962584
  outer loop
   vertex 140 102.5 129
   vertex 140 103 129.5
   vertex 139.5 103 129
  endloop
 endfacet
 facet normal -0.57735026918962584 0.57735026918962584 -0.57735026918962584
  outer loop
   vertex 140 102 129.5
   vertex 139.5 102 130
   vertex 140 102.5 130
  endloop
 endfacet
 facet normal 0 0.70710678118654746 -0.70710678118654746
  outer loop
   vertex 140 102.5 130
   vertex 141 102.5 130
   vertex 141 102 129.5
  endloop
 endfacet
 facet normal 0 0.70710678118654746 -0.70710678118654746
  outer loop
   vertex 140 102.5 130
   vertex 141 102 129.5
   vertex 140 102 129.5
  endloop
 endfacet
 facet normal 0.57735026918962584 -0.57735026918962584 0.57735026918962584
  outer loop
   vertex 140 102.5 129
   vertex 140.5 103 129
   vertex 140 103 129.5
  endloop
 endfacet
 facet normal -0.57735026918962584 0.57735026918962584 -0.57735026918962584
  outer loop
   vertex 141.5 102 129
   vertex 141 102 129.5
   vertex 141 102.5 130
  endloop
 endfacet
 facet normal -0.57735026918962584 0.57735026918962584 -0.57735026918962584
  outer loop
   vertex 141.5 102 129
   vertex 141 102.5 130
   vertex 142 102.5 129
  endloop
 endfacet
 facet normal -0 1 0
  outer loop
   vertex 142 102.5 129
   vertex 141 102.5 130
   vertex 142 102.5 130
  endloop
 endfacet
 facet normal 0 1 0
  outer loop
   vertex 143 102.5 129
   vertex 142 102.5 129
   vertex 143 102.5 130
  endloop
 endfacet
 facet normal -0 1 0
  outer loop
   vertex 142 102.5 129
   vertex 142 102.5 130
   vertex 143 102.5 130
  endloop
 endfacet
 facet normal 0 1 0
  outer loop
   vertex 144 102.5 129
   vertex 143 102.5 129
   vertex 144 102.5 130
  endloop
 endfacet
 facet normal -0 1 0
  outer loop
   vertex 143 102.5 129
   vertex 143 102.5 130
   vertex 144 102.5 130
  endloop
 endfacet
 facet normal 0 1 0
  outer loop
   vertex 145 102.5 129
   vertex 144 102.5 129
   vertex 145 102.5 130
  endloop
 endfacet
 facet normal -0 1 0
  outer loop
   vertex 144 102.5 129
   vertex 144 102.5 130
   vertex 145 102.5 130
  endloop
 endfacet
 facet normal 0.57735026918962584 0.57735026918962584 0.57735026918962584
  outer loop
   vertex 145.5 102 130
   vertex 146 102 129.5
   vertex 146 102.5 129
  endloop
 endfacet
 facet normal 0.57735026918962584 0.57735026918962584 0.57735026918962584
  outer loop
   vertex 145.5 102 130
   vertex 146 102.5 129
   vertex 145 102.5 130
  endloop
 endfacet
 facet normal 0 1 0
  outer loop
   vertex 145 102.5 130
   vertex 146 102.5 129
   vertex 145 102.5 129
  endloop
 endfacet
 facet normal -0 0.70710678118654746 0.70710678118654746
  outer loop
   vertex 147 102.5 129
   vertex 146 102.5 129
   vertex 146 102 129.5
  endloop
 endfacet
 facet normal 0 0.70710678118654746 0.70710678118654746
  outer loop
   vertex 147 102 129.5
   vertex 147 102.5 129
   vertex 146 102 129.5
  endloop
 endfacet
 facet normal 0.57735026918962584 0.57735026918962584 0.57735026918962584
  outer loop
   vertex 147.5 102 129
   vertex 147 102.5 129
   vertex 147 102 129.5
  endloop
 endfacet
 facet normal -0.57735026918962584 0.57735026918962584 0.57735026918962584
  outer loop
   vertex 151 102.5 130
   vertex 151 103 129.5
   vertex 150.5 103 129
  endloop
 endfacet
 facet normal -0.57735026918962584 0.57735026918962584 0.57735026918962584
  outer loop
   vertex 151 102.5 130
   vertex 150.5 103 129
   vertex 150.5 102 130
  endloop
 endfacet
 facet normal -1 0 0
  outer loop
   vertex 150.5 102 130
   vertex 150.5 103 129
   vertex 150.5 102 129
  endloop
 endfacet
 facet normal 0 -0.70710678118654746 0.70710678118654746
  outer loop
   vertex 152 102.5 129
   vertex 152 103 129.5
   vertex 151 103 129.5
  endloop
 endfacet
 facet normal 0.57735026918962573 0.57735026918962573 0.57735026918962573
  outer loop
   vertex 152 102.5 129
   vertex 151 103 129.5
   vertex 151.5 102 130
  endloop
 endfacet
 facet normal 0.70710678118654746 -0.70710678118654746 0
  outer loop
   vertex 152 102.5 129
   vertex 151.5 102 130
   vertex 151.5 102 129
  endloop
 endfacet
 facet normal 0.57735026918962584 0.57735026918962584 0.57735026918962584
  outer loop
   vertex 151 102.5 130
   vertex 151.5 102 130
   vertex 151 103 129.5
  endloop
 endfacet
 facet normal 0 -0.70710678118654746 0.70710678118654746
  outer loop
   vertex 153 103 129.5
   vertex 152 103 129.5
   vertex 152 102.5 129
  endloop
 endfacet
 facet normal 0 -0.70710678118654746 0.70710678118654746
  outer loop
   vertex 153 103 129.5
   vertex 152 102.5 129
   vertex 153 102.5 129
  endloop
 endfacet
 facet normal -0.57735026918962584 0.57735026918962584 -0.57735026918962584
  outer loop
   vertex 153 102 129.5
   vertex 152.5 102 130
   vertex 153 102.5 130
  endloop
 endfacet
 facet normal -0.57735026918962584 -0.57735026918962584 0.57735026918962584
  outer loop
   vertex 153.5 102 129
   vertex 154 102 129.5
   vertex 154 102.5 130
  endloop
 endfacet
 facet normal -0.57735026918962584 -0.57735026918962584 0.57735026918962584
  outer loop
   vertex 153.5 102 129
   vertex 154 102.5 130
   vertex 153.5 103 130
  endloop
 endfacet
 facet normal -0.57735026918962584 -0.57735026918962584 0.57735026918962584
  outer loop
   vertex 153.5 102 129
   vertex 153.5 103 130
   vertex 153 102.5 129
  endloop
 endfacet
 facet normal -0.57735026918962584 -0.57735026918962584 0.57735026918962584
  outer loop
   vertex 153 103 129.5
   vertex 153 102.5 129
   vertex 153.5 103 130
  endloop
 endfacet
 facet normal 0.57735026918962584 0.57735026918962584 -0.57735026918962584
  outer loop
   vertex 153 102 129.5
   vertex 153 102.5 130
   vertex 153.5 102 130
  endloop
 endfacet
 facet normal 0.57735026918962584 -0.57735026918962584 0.57735026918962584
  outer loop
   vertex 154 102.5 130
   vertex 155 103 129.5
   vertex 154.5 103 130
  endloop
 endfacet
 facet normal 0.57735026918962584 -0.57735026918962584 0.57735026918962584
  outer loop
   vertex 154 102.5 130
   vertex 154 102 129.5
   vertex 155 103 129.5
  endloop
 endfacet
 facet normal 0 -0 1
  outer loop
   vertex 154 102 129.5
   vertex 155 102 129.5
   vertex 155 103 129.5
  endloop
 endfacet
 facet normal 0.57735026918962584 0.57735026918962584 0.57735026918962584
  outer loop
   vertex 156 102.5 129
   vertex 155.5 103 129
   vertex 155 103 129.5
  endloop
 endfacet
 facet normal 0.57735026918962584 0.57735026918962584 0.57735026918962584
  outer loop
   vertex 156 102.5 129
   vertex 155 103 129.5
   vertex 156 102 129.5
  endloop
 endfacet
 facet normal 0 0 1
  outer loop
   vertex 156 102 129.5
   vertex 155 103 129.5
   vertex 155 102 129.5
  endloop
 endfacet
 facet normal 0.57735026918962584 0.57735026918962584 0.57735026918962584
  outer loop
   vertex 156.5 102 129
   vertex 156 102.5 129
   vertex 156 102 129.5
  endloop
 endfacet
 facet normal -0.70710678118654746 0 0.70710678118654746
  outer loop
   vertex 158 102 129.5
   vertex 158 103 129.5
   vertex 157.5 103 129
  endloop
 endfacet
 facet normal -0.70710678118654746 0 0.70710678118654746
  outer loop
   vertex 157.5 102 129
   vertex 158 102 129.5
   vertex 157.5 103 129
  endloop
 endfacet
 facet normal 0.70710678118654746 0 0.70710678118654746
  outer loop
   vertex 158.5 102 129
   vertex 158.5 103 129
   vertex 158 103 129.5
  endloop
 endfacet
 facet normal 0.70710678118654746 0 0.70710678118654746
  outer loop
   vertex 158 102 129.5
   vertex 158.5 102 129
   vertex 158 103 129.5
  endloop
 endfacet
 facet normal -0.57735026918962584 -0.57735026918962584 -0.57735026918962584
  outer loop
   vertex 137 104 129.5
   vertex 137 103.5 130
   vertex 136.5 104 130
  endloop
 endfacet
 facet normal -0.57735026918962584 0.57735026918962584 -0.57735026918962584
  outer loop
   vertex 137.5 103 130
   vertex 138 103.5 130
   vertex 138 103 129.5
  endloop
 endfacet
 facet normal 0.57735026918962584 -0.57735026918962584 -0.57735026918962584
  outer loop
   vertex 137 103.5 130
   vertex 137 104 129.5
   vertex 137.5 104 130
  endloop
 endfacet
 facet normal 0.57735026918962584 0.57735026918962584 -0.57735026918962584
  outer loop
   vertex 138.5 103 130
   vertex 138 103 129.5
   vertex 138 103.5 130
  endloop
 endfacet
 facet normal -0.57735026918962584 0.57735026918962584 0.57735026918962584
  outer loop
   vertex 139.5 103 129
   vertex 140 103 129.5
   vertex 140 103.5 129
  endloop
 endfacet
 facet normal 0.57735026918962584 0.57735026918962584 0.57735026918962584
  outer loop
   vertex 140.5 103 129
   vertex 140 103.5 129
   vertex 140 103 129.5
  endloop
 endfacet
 facet normal -0.70710678118654746 0 0.70710678118654746
  outer loop
   vertex 151 103 129.5
   vertex 151 104 129.5
   vertex 150.5 104 129
  endloop
 endfacet
 facet normal -0.70710678118654746 0 0.70710678118654746
  outer loop
   vertex 150.5 103 129
   vertex 151 103 129.5
   vertex 150.5 104 129
  endloop
 endfacet
 facet normal -0.57735026918962584 -0.57735026918962584 0.57735026918962584
  outer loop
   vertex 151.5 104 130
   vertex 152 103 129.5
   vertex 152 103.5 130
  endloop
 endfacet
 facet normal -0.57735026918962584 -0.57735026918962584 0.57735026918962584
  outer loop
   vertex 151.5 104 130
   vertex 151 104 129.5
   vertex 152 103 129.5
  endloop
 endfacet
 facet normal 0 0 1
  outer loop
   vertex 151 104 129.5
   vertex 151 103 129.5
   vertex 152 103 129.5
  endloop
 endfacet
 facet normal 0 -0.70710678118654746 0.70710678118654746
  outer loop
   vertex 153 103 129.5
   vertex 152 103.5 130
   vertex 152 103 129.5
  endloop
 endfacet
 facet normal 0 -0.70710678118654746 0.70710678118654746
  outer loop
   vertex 153 103.5 130
   vertex 152 103.5 130
   vertex 153 103 129.5
  endloop
 endfacet
 facet normal 0.57735026918962584 -0.57735026918962584 0.57735026918962584
  outer loop
   vertex 153 103.5 130
   vertex 154 104 129.5
   vertex 153.5 104 130
  endloop
 endfacet
 facet normal 0.57735026918962584 -0.57735026918962584 0.57735026918962584
  outer loop
   vertex 153 103.5 130
   vertex 153 103 129.5
   vertex 154 104 129.5
  endloop
 endfacet
 facet normal -0.57735026918962584 0.57735026918962584 0.57735026918962584
  outer loop
   vertex 154 103.5 130
   vertex 154 104 129.5
   vertex 153.5 103 130
  endloop
 endfacet
 facet normal -0.57735026918962584 0.57735026918962584 0.57735026918962584
  outer loop
   vertex 153.5 103 130
   vertex 154 104 129.5
   vertex 153 103 129.5
  endloop
 endfacet
 facet normal 0.57735026918962584 0.57735026918962584 0.57735026918962584
  outer loop
   vertex 154.5 103 130
   vertex 154 104 129.5
   vertex 154 103.5 130
  endloop
 endfacet
 facet normal 0.57735026918962584 0.57735026918962584 0.57735026918962584
  outer loop
   vertex 155 103 129.5
   vertex 154 104 129.5
   vertex 154.5 103 130
  endloop
 endfacet
 facet normal 0.57735026918962584 0.57735026918962584 0.57735026918962584
  outer loop
   vertex 155 103 129.5
   vertex 154.5 104 129
   vertex 154 104 129.5
  endloop
 endfacet
 facet normal 0.57735026918962584 0.57735026918962584 0.57735026918962584
  outer loop
   vertex 155 103 129.5
   vertex 155 103.5 129
   vertex 154.5 104 129
  endloop
 endfacet
 facet normal 0.57735026918962584 0.57735026918962584 0.57735026918962584
  outer loop
   vertex 155.5 103 129
   vertex 155 103.5 129
   vertex 155 103 129.5
  endloop
 endfacet
 facet normal -0.57735026918962584 0.57735026918962584 0.57735026918962584
  outer loop
   vertex 157.5 103 129
   vertex 158 103 129.5
   vertex 158 103.5 129
  endloop
 endfacet
 facet normal 0.57735026918962584 0.57735026918962584 0.57735026918962584
  outer loop
   vertex 158.5 103 129
   vertex 158 103.5 129
   vertex 158 103 129.5
  endloop
 endfacet
 facet normal -0.70710678118654746 0 -0.70710678118654746
  outer loop
   vertex 137 105 129.5
   vertex 137 104 129.5
   vertex 136.5 104 130
  endloop
 endfacet
 facet normal -0.70710678118654746 0 -0.70710678118654746
  outer loop
   vertex 136.5 105 130
   vertex 137 105 129.5
   vertex 136.5 104 130
  endloop
 endfacet
 facet normal 0.70710678118654746 0 -0.70710678118654746
  outer loop
   vertex 137.5 105 130
   vertex 137.5 104 130
   vertex 137 104 129.5
  endloop
 endfacet
 facet normal 0.70710678118654746 0 -0.70710678118654746
  outer loop
   vertex 137.5 105 130
   vertex 137 104 129.5
   vertex 137 105 129.5
  endloop
 endfacet
 facet normal -0.57735026918962584 -0.57735026918962584 0.57735026918962584
  outer loop
   vertex 137.5 105 129
   vertex 138 104.5 129
   vertex 138 105 129.5
  endloop
 endfacet
 facet normal 0.57735026918962584 -0.57735026918962584 0.57735026918962584
  outer loop
   vertex 138 104.5 129
   vertex 138.5 105 129
   vertex 138 105 129.5
  endloop
 endfacet
 facet normal -0.57735026918962584 0.57735026918962584 0.57735026918962584
  outer loop
   vertex 150.5 104 129
   vertex 151 104 129.5
   vertex 151 104.5 129
  endloop
 endfacet
 facet normal -0.57735026918962584 0.57735026918962584 0.57735026918962584
  outer loop
   vertex 151 104 129.5
   vertex 151.5 104 130
   vertex 152 104.5 130
  endloop
 endfacet
 facet normal -0.57735026918962584 0.57735026918962584 0.57735026918962584
  outer loop
   vertex 151 104 129.5
   vertex 152 104.5 130
   vertex 151 104.5 129
  endloop
 endfacet
 facet normal 0 1 0
  outer loop
   vertex 151 104.5 129
   vertex 152 104.5 130
   vertex 152 104.5 129
  endloop
 endfacet
 facet normal 0 1 0
  outer loop
   vertex 153 104.5 129
   vertex 152 104.5 129
   vertex 153 104.5 130
  endloop
 endfacet
 facet normal -0 1 0
  outer loop
   vertex 152 104.5 129
   vertex 152 104.5 130
   vertex 153 104.5 130
  endloop
 endfacet
 facet normal 0.57735026918962584 0.57735026918962584 0.57735026918962584
  outer loop
   vertex 153.5 104 130
   vertex 154 104 129.5
   vertex 154 104.5 129
  endloop
 endfacet
 facet normal 0.57735026918962584 0.57735026918962584 0.57735026918962584
  outer loop
   vertex 153.5 104 130
   vertex 154 104.5 129
   vertex 153 104.5 130
  endloop
 endfacet
 facet normal 0 1 0
  outer loop
   vertex 153 104.5 130
   vertex 154 104.5 129
   vertex 153 104.5 129
  endloop
 endfacet
 facet normal 0.57735026918962584 0.57735026918962584 0.57735026918962584
  outer loop
   vertex 154.5 104 129
   vertex 154 104.5 129
   vertex 154 104 129.5
  endloop
 endfacet
 facet normal -0.70710678118654746 0 -0.70710678118654746
  outer loop
   vertex 137 106 129.5
   vertex 137 105 129.5
   vertex 136.5 105 130
  endloop
 endfacet
 facet normal -0.70710678118654746 0 -0.70710678118654746
  outer loop
   vertex 136.5 106 130
   vertex 137 106 129.5
   vertex 136.5 105 130
  endloop
 endfacet
 facet normal 0.70710678118654746 0 -0.70710678118654746
  outer loop
   vertex 137.5 105 130
   vertex 137 105 129.5
   vertex 137 106 129.5
  endloop
 endfacet
 facet normal 0.70710678118654746 0 -0.70710678118654746
  outer loop
   vertex 137.5 105 130
   vertex 137 106 129.5
   vertex 137.5 106 130
  endloop
 endfacet
 facet normal -0.70710678118654746 0 0.70710678118654746
  outer loop
   vertex 137.5 105 129
   vertex 138 105 129.5
   vertex 137.5 106 129
  endloop
 endfacet
 facet normal -0.70710678118654746 0 0.70710678118654746
  outer loop
   vertex 137.5 106 129
   vertex 138 105 129.5
   vertex 138 106 129.5
  endloop
 endfacet
 facet normal 0.70710678118654746 0 0.70710678118654746
  outer loop
   vertex 138.5 105 129
   vertex 138.5 106 129
   vertex 138 106 129.5
  endloop
 endfacet
 facet normal 0.70710678118654746 0 0.70710678118654746
  outer loop
   vertex 138 105 129.5
   vertex 138.5 105 129
   vertex 138 106 129.5
  endloop
 endfacet
 facet normal -0.57735026918962584 -0.57735026918962584 0.57735026918962584
  outer loop
   vertex 153 105.5 129
   vertex 153 106 129.5
   vertex 152.5 106 129
  endloop
 endfacet
 facet normal 0.57735026918962584 -0.57735026918962584 0.57735026918962584
  outer loop
   vertex 153 105.5 129
   vertex 153.5 106 129
   vertex 153 106 129.5
  endloop
 endfacet
 facet normal -0.57735026918962584 0.57735026918962584 -0.57735026918962584
  outer loop
   vertex 137 106 129.5
   vertex 136.5 106 130
   vertex 137 106.5 130
  endloop
 endfacet
 facet normal -0.57735026918962584 0.57735026918962584 0.57735026918962584
  outer loop
   vertex 138 106.5 129
   vertex 137.5 106 129
   vertex 138 106 129.5
  endloop
 endfacet
 facet normal -0.57735026918962584 -0.57735026918962584 -0.57735026918962584
  outer loop
   vertex 138 106.5 130
   vertex 137.5 107 130
   vertex 138 107 129.5
  endloop
 endfacet
 facet normal 0.57735026918962584 0.57735026918962584 -0.57735026918962584
  outer loop
   vertex 137 106 129.5
   vertex 137 106.5 130
   vertex 137.5 106 130
  endloop
 endfacet
 facet normal -0.57735026918962584 -0.57735026918962584 0.57735026918962584
  outer loop
   vertex 139 106.5 129
   vertex 139 107 129.5
   vertex 138.5 107 129
  endloop
 endfacet
 facet normal 0.57735026918962584 0.57735026918962584 0.57735026918962584
  outer loop
   vertex 138 106.5 129
   vertex 138 106 129.5
   vertex 138.5 106 129
  endloop
 endfacet
 facet normal 0.57735026918962584 -0.57735026918962584 -0.57735026918962584
  outer loop
   vertex 138.5 107 130
   vertex 138 106.5 130
   vertex 138 107 129.5
  endloop
 endfacet
 facet normal 0.57735026918962584 -0.57735026918962584 0.57735026918962584
  outer loop
   vertex 139 106.5 129
   vertex 139.5 107 129
   vertex 139 107 129.5
  endloop
 endfacet
 facet normal -0.57735026918962584 0.57735026918962584 0.57735026918962584
  outer loop
   vertex 152.5 106 129
   vertex 153 106 129.5
   vertex 153 106.5 129
  endloop
 endfacet
 facet normal 0.57735026918962584 0.57735026918962584 0.57735026918962584
  outer loop
   vertex 153.5 106 129
   vertex 153 106.5 129
   vertex 153 106 129.5
  endloop
 endfacet
 facet normal -0.57735026918962584 0.57735026918962584 -0.57735026918962584
  outer loop
   vertex 138 107 129.5
   vertex 137.5 107 130
   vertex 138 107.5 130
  endloop
 endfacet
 facet normal -0.57735026918962584 0.57735026918962584 0.57735026918962584
  outer loop
   vertex 138.5 107 129
   vertex 139 107 129.5
   vertex 139 107.5 129
  endloop
 endfacet
 facet normal 0.57735026918962584 0.57735026918962584 -0.57735026918962584
  outer loop
   vertex 138 107 129.5
   vertex 138 107.5 130
   vertex 138.5 107 130
  endloop
 endfacet
 facet normal -0.70710678118654746 -0.70710678118654746 -0
  outer loop
   vertex 140 107.5 129
   vertex 140 107.5 130
   vertex 139.5 108 130
  endloop
 endfacet
 facet normal -0.70710678118654746 -0.70710678118654746 -0
  outer loop
   vertex 140 107.5 129
   vertex 139.5 108 130
   vertex 139.5 108 129
  endloop
 endfacet
 facet normal 0.57735026918962584 0.57735026918962584 0.57735026918962584
  outer loop
   vertex 139 107.5 129
   vertex 139 107 129.5
   vertex 139.5 107 129
  endloop
 endfacet
 facet normal 0.70710678118654746 -0.70710678118654746 0
  outer loop
   vertex 140 107.5 130
   vertex 140 107.5 129
   vertex 140.5 108 129
  endloop
 endfacet
 facet normal 0.70710678118654746 -0.70710678118654746 0
  outer loop
   vertex 140.5 108 130
   vertex 140 107.5 130
   vertex 140.5 108 129
  endloop
 endfacet
 facet normal -0.70710678118654746 0.70710678118654746 0
  outer loop
   vertex 139.5 108 129
   vertex 139.5 108 130
   vertex 140 108.5 130
  endloop
 endfacet
 facet normal -0.70710678118654746 0.70710678118654746 0
  outer loop
   vertex 140 108.5 129
   vertex 139.5 108 129
   vertex 140 108.5 130
  endloop
 endfacet
 facet normal -0.70710678118654746 -0.70710678118654746 -0
  outer loop
   vertex 141 108.5 129
   vertex 141 108.5 130
   vertex 140.5 109 129
  endloop
 endfacet
 facet normal -0.70710678118654746 -0.70710678118654746 -0
  outer loop
   vertex 141 108.5 130
   vertex 140.5 109 130
   vertex 140.5 109 129
  endloop
 endfacet
 facet normal 0.70710678118654746 0.70710678118654746 0
  outer loop
   vertex 140 108.5 129
   vertex 140.5 108 130
   vertex 140.5 108 129
  endloop
 endfacet
 facet normal 0.70710678118654746 0.70710678118654746 0
  outer loop
   vertex 140 108.5 129
   vertex 140 108.5 130
   vertex 140.5 108 130
  endloop
 endfacet
 facet normal 0.70710678118654746 -0.70710678118654746 0
  outer loop
   vertex 141 108.5 130
   vertex 141 108.5 129
   vertex 141.5 109 129
  endloop
 endfacet
 facet normal 0.70710678118654746 -0.70710678118654746 0
  outer loop
   vertex 141.5 109 130
   vertex 141 108.5 130
   vertex 141.5 109 129
  endloop
 endfacet
 facet normal -0.70710678118654746 0.70710678118654746 0
  outer loop
   vertex 140.5 109 129
   vertex 140.5 109 130
   vertex 141 109.5 130
  endloop
 endfacet
 facet normal -0.70710678118654746 0.70710678118654746 0
  outer loop
   vertex 141 109.5 129
   vertex 140.5 109 129
   vertex 141 109.5 130
  endloop
 endfacet
 facet normal 0.70710678118654746 0.70710678118654746 0
  outer loop
   vertex 141 109.5 129
   vertex 141 109.5 130
   vertex 141.5 109 130
  endloop
 endfacet
 facet normal 0.70710678118654746 0.70710678118654746 0
  outer loop
   vertex 141 109.5 129
   vertex 141.5 109 130
   vertex 141.5 109 129
  endloop
 endfacet
 facet normal -0.57735026918962584 -0.57735026918962584 0.57735026918962584
  outer loop
   vertex 142 109.5 129
   vertex 142 110 129.5
   vertex 141.5 110 129
  endloop
 endfacet
 facet normal 0.57735026918962584 -0.57735026918962584 0.57735026918962584
  outer loop
   vertex 142 109.5 129
   vertex 142.5 110 129
   vertex 142 110 129.5
  endloop
 endfacet
 facet normal -0.57735026918962584 0.57735026918962584 0.57735026918962584
  outer loop
   vertex 141.5 110 129
   vertex 142 110 129.5
   vertex 142 110.5 129
  endloop
 endfacet
 facet normal 0.57735026918962584 0.57735026918962584 0.57735026918962584
  outer loop
   vertex 142.5 110 129
   vertex 142 110.5 129
   vertex 142 110 129.5
  endloop
 endfacet
 facet normal -0.57735026918962584 -0.57735026918962584 0.57735026918962584
  outer loop
   vertex 146 111.5 129
   vertex 146 112 129.5
   vertex 145.5 112 129
  endloop
 endfacet
 facet normal 0.57735026918962584 -0.57735026918962584 0.57735026918962584
  outer loop
   vertex 146 111.5 129
   vertex 146.5 112 129
   vertex 146 112 129.5
  endloop
 endfacet
 facet normal -0.57735026918962584 0.57735026918962584 0.57735026918962584
  outer loop
   vertex 145.5 112 129
   vertex 146 112 129.5
   vertex 146 112.5 129
  endloop
 endfacet
 facet normal 0.57735026918962584 0.57735026918962584 0.57735026918962584
  outer loop
   vertex 146.5 112 129
   vertex 146 112.5 129
   vertex 146 112 129.5
  endloop
 endfacet
 facet normal -0.57735026918962584 -0.57735026918962584 -0.57735026918962584
  outer loop
   vertex 149 114 129.5
   vertex 149 113.5 130
   vertex 148.5 114 130
  endloop
 endfacet
 facet normal 0.57735026918962584 -0.57735026918962584 -0.57735026918962584
  outer loop
   vertex 149 113.5 130
   vertex 149 114 129.5
   vertex 149.5 114 130
  endloop
 endfacet
 facet normal -0.57735026918962584 -0.57735026918962584 0.57735026918962584
  outer loop
   vertex 153 113.5 129
   vertex 153 114 129.5
   vertex 152.5 114 129
  endloop
 endfacet
 facet normal 0.57735026918962584 -0.57735026918962584 0.57735026918962584
  outer loop
   vertex 153 113.5 129
   vertex 153.5 114 129
   vertex 153 114 129.5
  endloop
 endfacet
 facet normal -0.57735026918962584 0.57735026918962584 -0.57735026918962584
  outer loop
   vertex 149 114 129.5
   vertex 148.5 114 130
   vertex 149 114.5 130
  endloop
 endfacet
 facet normal 0.57735026918962584 0.57735026918962584 -0.57735026918962584
  outer loop
   vertex 149.5 114 130
   vertex 149 114 129.5
   vertex 149 114.5 130
  endloop
 endfacet
 facet normal -0.57735026918962584 0.57735026918962584 0.57735026918962584
  outer loop
   vertex 152.5 114 129
   vertex 153 114 129.5
   vertex 153 114.5 129
  endloop
 endfacet
 facet normal 0.57735026918962584 0.57735026918962584 0.57735026918962584
  outer loop
   vertex 153.5 114 129
   vertex 153 114.5 129
   vertex 153 114 129.5
  endloop
 endfacet
 facet normal -0.70710678118654746 -0.70710678118654746 -0
  outer loop
   vertex 146 86.5 130
   vertex 146 86.5 131
   vertex 145.5 87 131
  endloop
 endfacet
 facet normal -0.70710678118654746 -0.70710678118654746 0
  outer loop
   vertex 145.5 87 130
   vertex 146 86.5 130
   vertex 145.5 87 131
  endloop
 endfacet
 facet normal 0 -1 -0
  outer loop
   vertex 147 86.5 130
   vertex 147 86.5 131
   vertex 146 86.5 130
  endloop
 endfacet
 facet normal -0 -1 0
  outer loop
   vertex 146 86.5 130
   vertex 147 86.5 131
   vertex 146 86.5 131
  endloop
 endfacet
 facet normal 0 -1 -0
  outer loop
   vertex 148 86.5 130
   vertex 148 86.5 131
   vertex 147 86.5 130
  endloop
 endfacet
 facet normal -0 -1 0
  outer loop
   vertex 147 86.5 130
   vertex 148 86.5 131
   vertex 147 86.5 131
  endloop
 endfacet
 facet normal 0.70710678118654746 -0.70710678118654746 0
  outer loop
   vertex 148 86.5 131
   vertex 148 86.5 130
   vertex 148.5 87 130
  endloop
 endfacet
 facet normal 0.70710678118654746 -0.70710678118654746 0
  outer loop
   vertex 148.5 87 131
   vertex 148 86.5 131
   vertex 148.5 87 130
  endloop
 endfacet
 facet normal -0.70710678118654746 0.70710678118654746 0
  outer loop
   vertex 145.5 87 130
   vertex 145.5 87 131
   vertex 146 87.5 131
  endloop
 endfacet
 facet normal -0.70710678118654746 0.70710678118654746 0
  outer loop
   vertex 146 87.5 130
   vertex 145.5 87 130
   vertex 146 87.5 131
  endloop
 endfacet
 facet normal -0.70710678118654746 0.70710678118654746 0
  outer loop
   vertex 146 87.5 131
   vertex 146.5 88 130
   vertex 146 87.5 130
  endloop
 endfacet
 facet normal -0.70710678118654746 0.70710678118654746 0
  outer loop
   vertex 146.5 88 131
   vertex 146.5 88 130
   vertex 146 87.5 131
  endloop
 endfacet
 facet normal 0.70710678118654746 -0.70710678118654746 0
  outer loop
   vertex 148.5 87 130
   vertex 149 87.5 131
   vertex 148.5 87 131
  endloop
 endfacet
 facet normal 0.70710678118654746 -0.70710678118654746 0
  outer loop
   vertex 149 87.5 130
   vertex 149 87.5 131
   vertex 148.5 87 130
  endloop
 endfacet
 facet normal 0.57735026918962584 -0.57735026918962584 0.57735026918962584
  outer loop
   vertex 150 88 130.5
   vertex 149.5 88 131
   vertex 149 87.5 131
  endloop
 endfacet
 facet normal 0.57735026918962584 -0.57735026918962584 0.57735026918962584
  outer loop
   vertex 150 88 130.5
   vertex 149 87.5 131
   vertex 150 87.5 130
  endloop
 endfacet
 facet normal 0 -1 0
  outer loop
   vertex 150 87.5 130
   vertex 149 87.5 131
   vertex 149 87.5 130
  endloop
 endfacet
 facet normal 0.57735026918962584 -0.57735026918962584 0.57735026918962584
  outer loop
   vertex 150 87.5 130
   vertex 150.5 88 130
   vertex 150 88 130.5
  endloop
 endfacet
 facet normal -0.70710678118654746 0.70710678118654746 0
  outer loop
   vertex 146.5 88 130
   vertex 146.5 88 131
   vertex 147 88.5 131
  endloop
 endfacet
 facet normal -0.70710678118654746 0.70710678118654746 0
  outer loop
   vertex 147 88.5 130
   vertex 146.5 88 130
   vertex 147 88.5 131
  endloop
 endfacet
 facet normal -0.70710678118654746 0.70710678118654746 0
  outer loop
   vertex 147 88.5 131
   vertex 147.5 89 130
   vertex 147 88.5 130
  endloop
 endfacet
 facet normal -0.70710678118654746 0.70710678118654746 0
  outer loop
   vertex 147.5 89 131
   vertex 147.5 89 130
   vertex 147 88.5 131
  endloop
 endfacet
 facet normal 0.57735026918962584 -0.57735026918962584 0.57735026918962584
  outer loop
   vertex 150 88 130.5
   vertex 150 88.5 131
   vertex 149.5 88 131
  endloop
 endfacet
 facet normal 0.57735026918962584 -0.57735026918962584 0.57735026918962584
  outer loop
   vertex 150.5 88 130
   vertex 150 88.5 131
   vertex 150 88 130.5
  endloop
 endfacet
 facet normal 0.57735026918962584 -0.57735026918962584 0.57735026918962584
  outer loop
   vertex 150.5 88 130
   vertex 151 88.5 130
   vertex 150 88.5 131
  endloop
 endfacet
 facet normal -0 -1 -0
  outer loop
   vertex 151 88.5 130
   vertex 151 88.5 131
   vertex 150 88.5 131
  endloop
 endfacet
 facet normal 0.70710678118654746 -0.70710678118654746 0
  outer loop
   vertex 151 88.5 131
   vertex 151 88.5 130
   vertex 151.5 89 130
  endloop
 endfacet
 facet normal 0.70710678118654746 -0.70710678118654746 0
  outer loop
   vertex 151.5 89 131
   vertex 151 88.5 131
   vertex 151.5 89 130
  endloop
 endfacet
 facet normal -0.70710678118654746 0.70710678118654746 0
  outer loop
   vertex 147.5 89 130
   vertex 147.5 89 131
   vertex 148 89.5 131
  endloop
 endfacet
 facet normal -0.70710678118654746 0.70710678118654746 0
  outer loop
   vertex 148 89.5 130
   vertex 147.5 89 130
   vertex 148 89.5 131
  endloop
 endfacet
 facet normal -0.70710678118654746 0.70710678118654746 0
  outer loop
   vertex 148 89.5 131
   vertex 148.5 90 130
   vertex 148 89.5 130
  endloop
 endfacet
 facet normal -0.70710678118654746 0.70710678118654746 0
  outer loop
   vertex 148.5 90 131
   vertex 148.5 90 130
   vertex 148 89.5 131
  endloop
 endfacet
 facet normal 1 0 0
  outer loop
   vertex 151.5 89 130
   vertex 151.5 90 130
   vertex 151.5 89 131
  endloop
 endfacet
 facet normal 1 0 -0
  outer loop
   vertex 151.5 89 131
   vertex 151.5 90 130
   vertex 151.5 90 131
  endloop
 endfacet
 facet normal -0.57735026918962584 0.57735026918962584 0.57735026918962584
  outer loop
   vertex 149 90.5 131
   vertex 149 91 130.5
   vertex 148.5 91 130
  endloop
 endfacet
 facet normal -0.57735026918962584 0.57735026918962584 0.57735026918962584
  outer loop
   vertex 149 90.5 131
   vertex 148.5 91 130
   vertex 148.5 90 131
  endloop
 endfacet
 facet normal -1 0 0
  outer loop
   vertex 148.5 90 131
   vertex 148.5 91 130
   vertex 148.5 90 130
  endloop
 endfacet
 facet normal -0.57735026918962584 0.57735026918962584 0.57735026918962584
  outer loop
   vertex 149 90.5 131
   vertex 149.5 91 131
   vertex 149 91 130.5
  endloop
 endfacet
 facet normal 0.70710678118654746 -0.70710678118654746 0
  outer loop
   vertex 151.5 90 130
   vertex 152 90.5 131
   vertex 151.5 90 131
  endloop
 endfacet
 facet normal 0.70710678118654746 -0.70710678118654746 0
  outer loop
   vertex 152 90.5 130
   vertex 152 90.5 131
   vertex 151.5 90 130
  endloop
 endfacet
 facet normal 0.70710678118654746 -0.70710678118654746 0
  outer loop
   vertex 152 90.5 131
   vertex 152 90.5 130
   vertex 152.5 91 130
  endloop
 endfacet
 facet normal 0.70710678118654746 -0.70710678118654746 0
  outer loop
   vertex 152.5 91 131
   vertex 152 90.5 131
   vertex 152.5 91 130
  endloop
 endfacet
 facet normal -0.57735026918962584 -0.57735026918962584 0.57735026918962584
  outer loop
   vertex 149 91 130.5
   vertex 149 91.5 131
   vertex 148.5 92 131
  endloop
 endfacet
 facet normal -0.57735026918962584 -0.57735026918962584 0.57735026918962584
  outer loop
   vertex 149 91 130.5
   vertex 148.5 92 131
   vertex 148.5 91 130
  endloop
 endfacet
 facet normal -1 0 -0
  outer loop
   vertex 148.5 91 130
   vertex 148.5 92 131
   vertex 148.5 92 130
  endloop
 endfacet
 facet normal -0.57735026918962584 -0.57735026918962584 0.57735026918962584
  outer loop
   vertex 149.5 91 131
   vertex 149 91.5 131
   vertex 149 91 130.5
  endloop
 endfacet
 facet normal 1 0 0
  outer loop
   vertex 152.5 91 130
   vertex 152.5 92 130
   vertex 152.5 91 131
  endloop
 endfacet
 facet normal 1 0 -0
  outer loop
   vertex 152.5 91 131
   vertex 152.5 92 130
   vertex 152.5 92 131
  endloop
 endfacet
 facet normal -0.57735026918962584 -0.57735026918962584 0.57735026918962584
  outer loop
   vertex 147 92.5 130
   vertex 147 93 130.5
   vertex 146.5 93 130
  endloop
 endfacet
 facet normal 0.57735026918962584 -0.57735026918962584 0.57735026918962584
  outer loop
   vertex 147 92.5 130
   vertex 147.5 93 130
   vertex 147 93 130.5
  endloop
 endfacet
 facet normal -1 0 0
  outer loop
   vertex 148.5 92 130
   vertex 148.5 92 131
   vertex 148.5 93 130
  endloop
 endfacet
 facet normal -1 -0 -0
  outer loop
   vertex 148.5 92 131
   vertex 148.5 93 131
   vertex 148.5 93 130
  endloop
 endfacet
 facet normal 1 0 0
  outer loop
   vertex 152.5 92 130
   vertex 152.5 93 130
   vertex 152.5 92 131
  endloop
 endfacet
 facet normal 1 0 -0
  outer loop
   vertex 152.5 92 131
   vertex 152.5 93 130
   vertex 152.5 93 131
  endloop
 endfacet
 facet normal -0.70710678118654746 0 0.70710678118654746
  outer loop
   vertex 147 93 130.5
   vertex 147 94 130.5
   vertex 146.5 94 130
  endloop
 endfacet
 facet normal -0.70710678118654746 0 0.70710678118654746
  outer loop
   vertex 146.5 93 130
   vertex 147 93 130.5
   vertex 146.5 94 130
  endloop
 endfacet
 facet normal 0.70710678118654746 0 0.70710678118654746
  outer loop
   vertex 147.5 93 130
   vertex 147.5 94 130
   vertex 147 94 130.5
  endloop
 endfacet
 facet normal 0.70710678118654746 0 0.70710678118654746
  outer loop
   vertex 147 93 130.5
   vertex 147.5 93 130
   vertex 147 94 130.5
  endloop
 endfacet
 facet normal -1 0 0
  outer loop
   vertex 148.5 93 130
   vertex 148.5 93 131
   vertex 148.5 94 130
  endloop
 endfacet
 facet normal -1 -0 -0
  outer loop
   vertex 148.5 93 131
   vertex 148.5 94 131
   vertex 148.5 94 130
  endloop
 endfacet
 facet normal 1 0 0
  outer loop
   vertex 152.5 93 130
   vertex 152.5 94 130
   vertex 152.5 93 131
  endloop
 endfacet
 facet normal 1 0 -0
  outer loop
   vertex 152.5 93 131
   vertex 152.5 94 130
   vertex 152.5 94 131
  endloop
 endfacet
 facet normal -0.57735026918962584 -0.57735026918962584 0.57735026918962584
  outer loop
   vertex 146 94.5 130
   vertex 146 95 130.5
   vertex 145.5 95 130
  endloop
 endfacet
 facet normal -0.57735026918962584 -0.57735026918962584 0.57735026918962584
  outer loop
   vertex 146 94.5 130
   vertex 146.5 95 131
   vertex 146 95 130.5
  endloop
 endfacet
 facet normal -0.57735026918962584 -0.57735026918962584 0.57735026918962584
  outer loop
   vertex 146.5 94 130
   vertex 146.5 95 131
   vertex 146 94.5 130
  endloop
 endfacet
 facet normal -0.57735026918962584 -0.57735026918962584 0.57735026918962584
  outer loop
   vertex 146.5 94 130
   vertex 147 94.5 131
   vertex 146.5 95 131
  endloop
 endfacet
 facet normal -0.57735026918962584 -0.57735026918962584 0.57735026918962584
  outer loop
   vertex 146.5 94 130
   vertex 147 94 130.5
   vertex 147 94.5 131
  endloop
 endfacet
 facet normal 0.57735026918962584 -0.57735026918962584 0.57735026918962584
  outer loop
   vertex 147.5 94 130
   vertex 147 94.5 131
   vertex 147 94 130.5
  endloop
 endfacet
 facet normal 0.57735026918962584 -0.57735026918962584 0.57735026918962584
  outer loop
   vertex 147.5 94 130
   vertex 148 94.5 130
   vertex 147 94.5 131
  endloop
 endfacet
 facet normal -0 -1 -0
  outer loop
   vertex 148 94.5 130
   vertex 148 94.5 131
   vertex 147 94.5 131
  endloop
 endfacet
 facet normal -0.70710678118654746 -0.70710678118654746 0
  outer loop
   vertex 148.5 94 131
   vertex 148 94.5 130
   vertex 148.5 94 130
  endloop
 endfacet
 facet normal -0.70710678118654746 -0.70710678118654746 0
  outer loop
   vertex 148 94.5 131
   vertex 148 94.5 130
   vertex 148.5 94 131
  endloop
 endfacet
 facet normal 1 0 0
  outer loop
   vertex 152.5 94 130
   vertex 152.5 95 130
   vertex 152.5 94 131
  endloop
 endfacet
 facet normal 1 0 -0
  outer loop
   vertex 152.5 94 131
   vertex 152.5 95 130
   vertex 152.5 95 131
  endloop
 endfacet
 facet normal -0.57735026918962584 -0.57735026918962584 0.57735026918962584
  outer loop
   vertex 146 95 130.5
   vertex 146 95.5 131
   vertex 145.5 96 131
  endloop
 endfacet
 facet normal -0.57735026918962584 -0.57735026918962584 0.57735026918962584
  outer loop
   vertex 146 95 130.5
   vertex 145.5 96 131
   vertex 145.5 95 130
  endloop
 endfacet
 facet normal -1 0 -0
  outer loop
   vertex 145.5 95 130
   vertex 145.5 96 131
   vertex 145.5 96 130
  endloop
 endfacet
 facet normal -0.57735026918962584 -0.57735026918962584 0.57735026918962584
  outer loop
   vertex 146.5 95 131
   vertex 146 95.5 131
   vertex 146 95 130.5
  endloop
 endfacet
 facet normal 1 0 0
  outer loop
   vertex 152.5 95 130
   vertex 152.5 96 130
   vertex 152.5 95 131
  endloop
 endfacet
 facet normal 1 0 -0
  outer loop
   vertex 152.5 95 131
   vertex 152.5 96 130
   vertex 152.5 96 131
  endloop
 endfacet
 facet normal -0.70710678118654746 -0.70710678118654746 -0
  outer loop
   vertex 145 96.5 130
   vertex 145 96.5 131
   vertex 144.5 97 131
  endloop
 endfacet
 facet normal -0.70710678118654746 -0.70710678118654746 0
  outer loop
   vertex 144.5 97 130
   vertex 145 96.5 130
   vertex 144.5 97 131
  endloop
 endfacet
 facet normal -0.70710678118654746 -0.70710678118654746 0
  outer loop
   vertex 145.5 96 131
   vertex 145 96.5 130
   vertex 145.5 96 130
  endloop
 endfacet
 facet normal -0.70710678118654746 -0.70710678118654746 0
  outer loop
   vertex 145 96.5 131
   vertex 145 96.5 130
   vertex 145.5 96 131
  endloop
 endfacet
 facet normal 0.57735026918962584 0.57735026918962584 -0.57735026918962584
  outer loop
   vertex 152 96.5 130
   vertex 151.5 97 130
   vertex 152 97 130.5
  endloop
 endfacet
 facet normal 0.57735026918962584 0.57735026918962584 -0.57735026918962584
  outer loop
   vertex 152 96.5 130
   vertex 152 97 130.5
   vertex 152.5 97 131
  endloop
 endfacet
 facet normal 0.57735026918962584 0.57735026918962584 -0.57735026918962584
  outer loop
   vertex 152 96.5 130
   vertex 152.5 97 131
   vertex 152.5 96 130
  endloop
 endfacet
 facet normal 1 0 0
  outer loop
   vertex 152.5 96 130
   vertex 152.5 97 131
   vertex 152.5 96 131
  endloop
 endfacet
 facet normal -1 0 0
  outer loop
   vertex 144.5 97 130
   vertex 144.5 97 131
   vertex 144.5 98 130
  endloop
 endfacet
 facet normal -1 -0 -0
  outer loop
   vertex 144.5 97 131
   vertex 144.5 98 131
   vertex 144.5 98 130
  endloop
 endfacet
 facet normal 0.70710678118654746 0 -0.70710678118654746
  outer loop
   vertex 152 97 130.5
   vertex 151.5 98 130
   vertex 152 98 130.5
  endloop
 endfacet
 facet normal 0.70710678118654746 0 -0.70710678118654746
  outer loop
   vertex 151.5 97 130
   vertex 151.5 98 130
   vertex 152 97 130.5
  endloop
 endfacet
 facet normal 0.70710678118654746 0 -0.70710678118654746
  outer loop
   vertex 152.5 98 131
   vertex 152.5 97 131
   vertex 152 97 130.5
  endloop
 endfacet
 facet normal 0.70710678118654746 0 -0.70710678118654746
  outer loop
   vertex 152 98 130.5
   vertex 152.5 98 131
   vertex 152 97 130.5
  endloop
 endfacet
 facet normal -0.70710678118654746 -0.70710678118654746 -0
  outer loop
   vertex 143 98.5 130
   vertex 143 98.5 131
   vertex 142.5 99 131
  endloop
 endfacet
 facet normal -0.70710678118654746 -0.70710678118654746 0
  outer loop
   vertex 142.5 99 130
   vertex 143 98.5 130
   vertex 142.5 99 131
  endloop
 endfacet
 facet normal 0 -1 -0
  outer loop
   vertex 144 98.5 130
   vertex 144 98.5 131
   vertex 143 98.5 130
  endloop
 endfacet
 facet normal -0 -1 0
  outer loop
   vertex 143 98.5 130
   vertex 144 98.5 131
   vertex 143 98.5 131
  endloop
 endfacet
 facet normal -0.70710678118654746 -0.70710678118654746 0
  outer loop
   vertex 144.5 98 131
   vertex 144 98.5 130
   vertex 144.5 98 130
  endloop
 endfacet
 facet normal -0.70710678118654746 -0.70710678118654746 0
  outer loop
   vertex 144 98.5 131
   vertex 144 98.5 130
   vertex 144.5 98 131
  endloop
 endfacet
 facet normal 0.70710678118654746 0 -0.70710678118654746
  outer loop
   vertex 152 98 130.5
   vertex 151.5 99 130
   vertex 152 99 130.5
  endloop
 endfacet
 facet normal 0.70710678118654746 0 -0.70710678118654746
  outer loop
   vertex 151.5 98 130
   vertex 151.5 99 130
   vertex 152 98 130.5
  endloop
 endfacet
 facet normal 0.70710678118654746 0 -0.70710678118654746
  outer loop
   vertex 152.5 99 131
   vertex 152.5 98 131
   vertex 152 98 130.5
  endloop
 endfacet
 facet normal 0.70710678118654746 0 -0.70710678118654746
  outer loop
   vertex 152 99 130.5
   vertex 152.5 99 131
   vertex 152 98 130.5
  endloop
 endfacet
 facet normal -0.70710678118654746 -0.70710678118654746 -0
  outer loop
   vertex 155 98.5 130
   vertex 155 98.5 131
   vertex 154.5 99 131
  endloop
 endfacet
 facet normal -0.70710678118654746 -0.70710678118654746 0
  outer loop
   vertex 154.5 99 130
   vertex 155 98.5 130
   vertex 154.5 99 131
  endloop
 endfacet
 facet normal 0 -1 -0
  outer loop
   vertex 156 98.5 130
   vertex 156 98.5 131
   vertex 155 98.5 130
  endloop
 endfacet
 facet normal -0 -1 0
  outer loop
   vertex 155 98.5 130
   vertex 156 98.5 131
   vertex 155 98.5 131
  endloop
 endfacet
 facet normal 0.57735026918962584 -0.57735026918962584 0.57735026918962584
  outer loop
   vertex 157 99 130.5
   vertex 156.5 99 131
   vertex 156 98.5 131
  endloop
 endfacet
 facet normal 0.57735026918962584 -0.57735026918962584 0.57735026918962584
  outer loop
   vertex 157 99 130.5
   vertex 156 98.5 131
   vertex 157 98.5 130
  endloop
 endfacet
 facet normal 0 -1 0
  outer loop
   vertex 157 98.5 130
   vertex 156 98.5 131
   vertex 156 98.5 130
  endloop
 endfacet
 facet normal 0.57735026918962584 -0.57735026918962584 0.57735026918962584
  outer loop
   vertex 157 98.5 130
   vertex 157.5 99 130
   vertex 157 99 130.5
  endloop
 endfacet
 facet normal -0.57735026918962584 -0.57735026918962584 -0.57735026918962584
  outer loop
   vertex 142 100 130.5
   vertex 142 99.5 131
   vertex 141.5 100 131
  endloop
 endfacet
 facet normal -0.57735026918962584 -0.57735026918962584 -0.57735026918962584
  outer loop
   vertex 142 100 130.5
   vertex 142.5 99 131
   vertex 142 99.5 131
  endloop
 endfacet
 facet normal -0.57735026918962584 -0.57735026918962584 -0.57735026918962584
  outer loop
   vertex 142 100 130.5
   vertex 142.5 100 130
   vertex 142.5 99 131
  endloop
 endfacet
 facet normal -1 0 0
  outer loop
   vertex 142.5 100 130
   vertex 142.5 99 130
   vertex 142.5 99 131
  endloop
 endfacet
 facet normal 0.57735026918962584 0.57735026918962584 0.57735026918962584
  outer loop
   vertex 151 100 130.5
   vertex 150.5 100 131
   vertex 151 99.5 131
  endloop
 endfacet
 facet normal 0 0.70710678118654746 -0.70710678118654746
  outer loop
   vertex 152 99 130.5
   vertex 151 99.5 131
   vertex 152 99.5 131
  endloop
 endfacet
 facet normal 0.57735026918962573 0.57735026918962573 0.57735026918962573
  outer loop
   vertex 152 99 130.5
   vertex 151.5 100 130
   vertex 151 99.5 131
  endloop
 endfacet
 facet normal 0.70710678118654746 0 -0.70710678118654746
  outer loop
   vertex 152 99 130.5
   vertex 151.5 99 130
   vertex 151.5 100 130
  endloop
 endfacet
 facet normal 0.57735026918962584 0.57735026918962584 0.57735026918962584
  outer loop
   vertex 151.5 100 130
   vertex 151 100 130.5
   vertex 151 99.5 131
  endloop
 endfacet
 facet normal -0.57735026918962584 -0.57735026918962584 -0.57735026918962584
  outer loop
   vertex 153 99.5 131
   vertex 152.5 100 131
   vertex 153 100 130.5
  endloop
 endfacet
 facet normal 0.57735026918962584 0.57735026918962584 -0.57735026918962584
  outer loop
   vertex 152.5 99 131
   vertex 152 99 130.5
   vertex 152 99.5 131
  endloop
 endfacet
 facet normal -0.57735026918962584 -0.57735026918962584 -0.57735026918962584
  outer loop
   vertex 153 100 130.5
   vertex 153.5 100 130
   vertex 154 99.5 130
  endloop
 endfacet
 facet normal -0.57735026918962584 -0.57735026918962584 -0.57735026918962584
  outer loop
   vertex 153 100 130.5
   vertex 154 99.5 130
   vertex 153 99.5 131
  endloop
 endfacet
 facet normal 0 -1 0
  outer loop
   vertex 153 99.5 131
   vertex 154 99.5 130
   vertex 154 99.5 131
  endloop
 endfacet
 facet normal -0.89442719099991586 0.44721359549995793 0
  outer loop
   vertex 154.5 99 131
   vertex 155 100 130.5
   vertex 154.5 99 130
  endloop
 endfacet
 facet normal -0.57735026918962584 0.57735026918962584 0.57735026918962584
  outer loop
   vertex 154.5 99 131
   vertex 155 99.5 131
   vertex 155 100 130.5
  endloop
 endfacet
 facet normal -0.30151134457776363 -0.30151134457776363 0.90453403373329089
  outer loop
   vertex 154.5 99 130
   vertex 155 100 130.5
   vertex 154 99.5 130
  endloop
 endfacet
 facet normal 0.57735026918962584 -0.57735026918962584 0.57735026918962584
  outer loop
   vertex 154.5 100 131
   vertex 154 99.5 131
   vertex 155 100 130.5
  endloop
 endfacet
 facet normal 0.44721359549995793 -0.89442719099991586 0
  outer loop
   vertex 154 99.5 130
   vertex 155 100 130.5
   vertex 154 99.5 131
  endloop
 endfacet
 facet normal 0 0.70710678118654746 0.70710678118654746
  outer loop
   vertex 155 100 130.5
   vertex 156 99.5 131
   vertex 156 100 130.5
  endloop
 endfacet
 facet normal 0 0.70710678118654746 0.70710678118654746
  outer loop
   vertex 155 99.5 131
   vertex 156 99.5 131
   vertex 155 100 130.5
  endloop
 endfacet
 facet normal 0.57735026918962584 0.57735026918962584 0.57735026918962584
  outer loop
   vertex 156.5 99 131
   vertex 156 100 130.5
   vertex 156 99.5 131
  endloop
 endfacet
 facet normal 0.57735026918962584 0.57735026918962584 0.57735026918962584
  outer loop
   vertex 157 99 130.5
   vertex 156 100 130.5
   vertex 156.5 99 131
  endloop
 endfacet
 facet normal 0.57735026918962584 0.57735026918962584 0.57735026918962584
  outer loop
   vertex 157 99 130.5
   vertex 156.5 100 130
   vertex 156 100 130.5
  endloop
 endfacet
 facet normal 0.57735026918962584 0.57735026918962584 0.57735026918962584
  outer loop
   vertex 157 99 130.5
   vertex 157 99.5 130
   vertex 156.5 100 130
  endloop
 endfacet
 facet normal 0.57735026918962584 0.57735026918962584 0.57735026918962584
  outer loop
   vertex 157.5 99 130
   vertex 157 99.5 130
   vertex 157 99 130.5
  endloop
 endfacet
 facet normal -0.57735026918962584 -0.57735026918962584 -0.57735026918962584
  outer loop
   vertex 140 101 130.5
   vertex 140 100.5 131
   vertex 139.5 101 131
  endloop
 endfacet
 facet normal -0 -0.70710678118654746 -0.70710678118654746
  outer loop
   vertex 140 101 130.5
   vertex 141 101 130.5
   vertex 141 100.5 131
  endloop
 endfacet
 facet normal 0 -0.70710678118654746 -0.70710678118654746
  outer loop
   vertex 140 100.5 131
   vertex 140 101 130.5
   vertex 141 100.5 131
  endloop
 endfacet
 facet normal -0.57735026918962584 -0.57735026918962584 -0.57735026918962584
  outer loop
   vertex 141.5 100 131
   vertex 141 100.5 131
   vertex 141 101 130.5
  endloop
 endfacet
 facet normal -0.57735026918962584 -0.57735026918962584 -0.57735026918962584
  outer loop
   vertex 141.5 100 131
   vertex 141 101 130.5
   vertex 142 100 130.5
  endloop
 endfacet
 facet normal 0 0 -1
  outer loop
   vertex 142 100 130.5
   vertex 141 101 130.5
   vertex 142 101 130.5
  endloop
 endfacet
 facet normal -0.70710678118654746 0 -0.70710678118654746
  outer loop
   vertex 142.5 100 130
   vertex 142 101 130.5
   vertex 142.5 101 130
  endloop
 endfacet
 facet normal -0.70710678118654746 -0 -0.70710678118654746
  outer loop
   vertex 142 100 130.5
   vertex 142 101 130.5
   vertex 142.5 100 130
  endloop
 endfacet
 facet normal 0.57735026918962584 0.57735026918962584 0.57735026918962584
  outer loop
   vertex 150 101 130.5
   vertex 149.5 101 131
   vertex 150 100.5 131
  endloop
 endfacet
 facet normal 0.57735026918962584 0.57735026918962584 0.57735026918962584
  outer loop
   vertex 150.5 100 131
   vertex 150 101 130.5
   vertex 150 100.5 131
  endloop
 endfacet
 facet normal 0.57735026918962584 0.57735026918962584 0.57735026918962584
  outer loop
   vertex 150.5 100 131
   vertex 151 100 130.5
   vertex 150 101 130.5
  endloop
 endfacet
 facet normal 0 0 1
  outer loop
   vertex 151 100 130.5
   vertex 151 101 130.5
   vertex 150 101 130.5
  endloop
 endfacet
 facet normal 0.70710678118654746 0 0.70710678118654746
  outer loop
   vertex 151.5 100 130
   vertex 151.5 101 130
   vertex 151 101 130.5
  endloop
 endfacet
 facet normal 0.70710678118654746 0 0.70710678118654746
  outer loop
   vertex 151 100 130.5
   vertex 151.5 100 130
   vertex 151 101 130.5
  endloop
 endfacet
 facet normal -0.57735026918962584 -0.57735026918962584 0.57735026918962584
  outer loop
   vertex 153 100.5 130
   vertex 153 101 130.5
   vertex 152.5 101 130
  endloop
 endfacet
 facet normal -0.57735026918962584 0.57735026918962584 -0.57735026918962584
  outer loop
   vertex 153 100 130.5
   vertex 152.5 100 131
   vertex 153 100.5 131
  endloop
 endfacet
 facet normal 0.57735026918962584 -0.57735026918962584 0.57735026918962584
  outer loop
   vertex 153.5 101 130
   vertex 153 101 130.5
   vertex 153 100.5 130
  endloop
 endfacet
 facet normal -0.57735026918962584 0.57735026918962584 -0.57735026918962584
  outer loop
   vertex 153.5 100 130
   vertex 153 100 130.5
   vertex 154 100.5 130
  endloop
 endfacet
 facet normal -0.57735026918962584 0.57735026918962584 -0.57735026918962584
  outer loop
   vertex 154 100.5 130
   vertex 153 100 130.5
   vertex 153 100.5 131
  endloop
 endfacet
 facet normal -0 1 0
  outer loop
   vertex 154 100.5 130
   vertex 153 100.5 131
   vertex 154 100.5 131
  endloop
 endfacet
 facet normal 0.57735026918962584 0.57735026918962584 0.57735026918962584
  outer loop
   vertex 154.5 100 131
   vertex 155 100 130.5
   vertex 155 100.5 130
  endloop
 endfacet
 facet normal 0.57735026918962584 0.57735026918962584 0.57735026918962584
  outer loop
   vertex 154.5 100 131
   vertex 155 100.5 130
   vertex 154 100.5 131
  endloop
 endfacet
 facet normal 0 1 0
  outer loop
   vertex 154 100.5 131
   vertex 155 100.5 130
   vertex 154 100.5 130
  endloop
 endfacet
 facet normal -0 0.70710678118654746 0.70710678118654746
  outer loop
   vertex 156 100.5 130
   vertex 155 100.5 130
   vertex 155 100 130.5
  endloop
 endfacet
 facet normal 0 0.70710678118654746 0.70710678118654746
  outer loop
   vertex 156 100 130.5
   vertex 156 100.5 130
   vertex 155 100 130.5
  endloop
 endfacet
 facet normal 0.57735026918962584 0.57735026918962584 0.57735026918962584
  outer loop
   vertex 156.5 100 130
   vertex 156 100.5 130
   vertex 156 100 130.5
  endloop
 endfacet
 facet normal -0.57735026918962584 -0.57735026918962584 -0.57735026918962584
  outer loop
   vertex 136 102 130.5
   vertex 136 101.5 131
   vertex 135.5 102 131
  endloop
 endfacet
 facet normal -0 -0.70710678118654746 -0.70710678118654746
  outer loop
   vertex 136 102 130.5
   vertex 137 102 130.5
   vertex 137 101.5 131
  endloop
 endfacet
 facet normal 0 -0.70710678118654746 -0.70710678118654746
  outer loop
   vertex 136 101.5 131
   vertex 136 102 130.5
   vertex 137 101.5 131
  endloop
 endfacet
 facet normal 0.57735026918962584 -0.57735026918962584 -0.57735026918962584
  outer loop
   vertex 137 101.5 131
   vertex 137 102 130.5
   vertex 137.5 102 131
  endloop
 endfacet
 facet normal -0.57735026918962584 -0.57735026918962584 0.57735026918962584
  outer loop
   vertex 140 101.5 130
   vertex 140 102 130.5
   vertex 139.5 102 130
  endloop
 endfacet
 facet normal -0.57735026918962584 0.57735026918962584 -0.57735026918962584
  outer loop
   vertex 140 101 130.5
   vertex 139.5 101 131
   vertex 140 101.5 131
  endloop
 endfacet
 facet normal 0 0.70710678118654746 -0.70710678118654746
  outer loop
   vertex 141 101 130.5
   vertex 140 101 130.5
   vertex 141 101.5 131
  endloop
 endfacet
 facet normal 0 0.70710678118654746 -0.70710678118654746
  outer loop
   vertex 140 101 130.5
   vertex 140 101.5 131
   vertex 141 101.5 131
  endloop
 endfacet
 facet normal 0 -0.70710678118654746 0.70710678118654746
  outer loop
   vertex 141 102 130.5
   vertex 140 101.5 130
   vertex 141 101.5 130
  endloop
 endfacet
 facet normal 0 -0.70710678118654746 0.70710678118654746
  outer loop
   vertex 141 102 130.5
   vertex 140 102 130.5
   vertex 140 101.5 130
  endloop
 endfacet
 facet normal 0 0.70710678118654746 -0.70710678118654746
  outer loop
   vertex 142 101 130.5
   vertex 141 101 130.5
   vertex 142 101.5 131
  endloop
 endfacet
 facet normal 0 0.70710678118654746 -0.70710678118654746
  outer loop
   vertex 141 101 130.5
   vertex 141 101.5 131
   vertex 142 101.5 131
  endloop
 endfacet
 facet normal 0 -0.70710678118654746 0.70710678118654746
  outer loop
   vertex 142 102 130.5
   vertex 141 101.5 130
   vertex 142 101.5 130
  endloop
 endfacet
 facet normal 0 -0.70710678118654746 0.70710678118654746
  outer loop
   vertex 142 102 130.5
   vertex 141 102 130.5
   vertex 141 101.5 130
  endloop
 endfacet
 facet normal 0 -0.44721359549995793 0.89442719099991586
  outer loop
   vertex 142 102 130.5
   vertex 142.5 101 130
   vertex 143 102 130.5
  endloop
 endfacet
 facet normal -0.57735026918962584 -0.57735026918962584 0.57735026918962584
  outer loop
   vertex 142 102 130.5
   vertex 142 101.5 130
   vertex 142.5 101 130
  endloop
 endfacet
 facet normal -0.90453403373329089 0.30151134457776363 0.30151134457776363
  outer loop
   vertex 143 102 130.5
   vertex 142.5 101 130
   vertex 143 101.5 131
  endloop
 endfacet
 facet normal -0.57735026918962584 0.57735026918962584 -0.57735026918962584
  outer loop
   vertex 142 101 130.5
   vertex 142 101.5 131
   vertex 142.5 101 130
  endloop
 endfacet
 facet normal 0 0.89442719099991586 -0.44721359549995793
  outer loop
   vertex 143 101.5 131
   vertex 142.5 101 130
   vertex 142 101.5 131
  endloop
 endfacet
 facet normal 0 0.70710678118654746 0.70710678118654746
  outer loop
   vertex 143 102 130.5
   vertex 144 101.5 131
   vertex 144 102 130.5
  endloop
 endfacet
 facet normal 0 0.70710678118654746 0.70710678118654746
  outer loop
   vertex 143 101.5 131
   vertex 144 101.5 131
   vertex 143 102 130.5
  endloop
 endfacet
 facet normal 0 0.70710678118654746 0.70710678118654746
  outer loop
   vertex 144 102 130.5
   vertex 145 101.5 131
   vertex 145 102 130.5
  endloop
 endfacet
 facet normal 0 0.70710678118654746 0.70710678118654746
  outer loop
   vertex 144 101.5 131
   vertex 145 101.5 131
   vertex 144 102 130.5
  endloop
 endfacet
 facet normal 0.57735026918962584 0.57735026918962584 0.57735026918962584
  outer loop
   vertex 145 102 130.5
   vertex 146 101.5 130
   vertex 145.5 102 130
  endloop
 endfacet
 facet normal 0.57735026918962584 0.57735026918962584 0.57735026918962584
  outer loop
   vertex 145 102 130.5
   vertex 145 101.5 131
   vertex 146 101.5 130
  endloop
 endfacet
 facet normal 0 1 0
  outer loop
   vertex 145 101.5 131
   vertex 146 101.5 131
   vertex 146 101.5 130
  endloop
 endfacet
 facet normal 0 1 0
  outer loop
   vertex 147 101.5 130
   vertex 146 101.5 130
   vertex 147 101.5 131
  endloop
 endfacet
 facet normal -0 1 0
  outer loop
   vertex 146 101.5 130
   vertex 146 101.5 131
   vertex 147 101.5 131
  endloop
 endfacet
 facet normal 0 1 0
  outer loop
   vertex 148 101.5 130
   vertex 147 101.5 130
   vertex 148 101.5 131
  endloop
 endfacet
 facet normal -0 1 0
  outer loop
   vertex 147 101.5 130
   vertex 147 101.5 131
   vertex 148 101.5 131
  endloop
 endfacet
 facet normal 0 1 0
  outer loop
   vertex 149 101.5 130
   vertex 148 101.5 130
   vertex 149 101.5 131
  endloop
 endfacet
 facet normal -0 1 0
  outer loop
   vertex 148 101.5 130
   vertex 148 101.5 131
   vertex 149 101.5 131
  endloop
 endfacet
 facet normal 0.57735026918962584 0.57735026918962584 0.57735026918962584
  outer loop
   vertex 149.5 101 131
   vertex 150 101 130.5
   vertex 150 101.5 130
  endloop
 endfacet
 facet normal 0.57735026918962584 0.57735026918962584 0.57735026918962584
  outer loop
   vertex 149.5 101 131
   vertex 150 101.5 130
   vertex 149 101.5 131
  endloop
 endfacet
 facet normal 0 1 0
  outer loop
   vertex 149 101.5 131
   vertex 150 101.5 130
   vertex 149 101.5 130
  endloop
 endfacet
 facet normal -0.57735026918962584 0.57735026918962584 0.57735026918962584
  outer loop
   vertex 150.5 102 130
   vertex 150 101.5 130
   vertex 150 101 130.5
  endloop
 endfacet
 facet normal -0.57735026918962584 0.57735026918962584 0.57735026918962584
  outer loop
   vertex 150.5 102 130
   vertex 150 101 130.5
   vertex 151 102 130.5
  endloop
 endfacet
 facet normal 0 0 1
  outer loop
   vertex 151 102 130.5
   vertex 150 101 130.5
   vertex 151 101 130.5
  endloop
 endfacet
 facet normal 0.70710678118654746 0 0.70710678118654746
  outer loop
   vertex 151.5 101 130
   vertex 151.5 102 130
   vertex 151 102 130.5
  endloop
 endfacet
 facet normal 0.70710678118654746 0 0.70710678118654746
  outer loop
   vertex 151 101 130.5
   vertex 151.5 101 130
   vertex 151 102 130.5
  endloop
 endfacet
 facet normal -0.70710678118654746 0 0.70710678118654746
  outer loop
   vertex 153 101 130.5
   vertex 153 102 130.5
   vertex 152.5 102 130
  endloop
 endfacet
 facet normal -0.70710678118654746 0 0.70710678118654746
  outer loop
   vertex 152.5 101 130
   vertex 153 101 130.5
   vertex 152.5 102 130
  endloop
 endfacet
 facet normal 0.70710678118654746 0 0.70710678118654746
  outer loop
   vertex 153.5 101 130
   vertex 153.5 102 130
   vertex 153 102 130.5
  endloop
 endfacet
 facet normal 0.70710678118654746 0 0.70710678118654746
  outer loop
   vertex 153 101 130.5
   vertex 153.5 101 130
   vertex 153 102 130.5
  endloop
 endfacet
 facet normal -0.70710678118654746 0 -0.70710678118654746
  outer loop
   vertex 136 103 130.5
   vertex 136 102 130.5
   vertex 135.5 102 131
  endloop
 endfacet
 facet normal -0.70710678118654746 0 -0.70710678118654746
  outer loop
   vertex 135.5 103 131
   vertex 136 103 130.5
   vertex 135.5 102 131
  endloop
 endfacet
 facet normal 0.57735026918962584 0.57735026918962584 -0.57735026918962584
  outer loop
   vertex 136.5 103 131
   vertex 137 102.5 131
   vertex 137 102 130.5
  endloop
 endfacet
 facet normal 0.57735026918962584 0.57735026918962584 -0.57735026918962584
  outer loop
   vertex 136.5 103 131
   vertex 137 102 130.5
   vertex 136 103 130.5
  endloop
 endfacet
 facet normal 0 0 -1
  outer loop
   vertex 136 103 130.5
   vertex 137 102 130.5
   vertex 136 102 130.5
  endloop
 endfacet
 facet normal -0.57735026918962584 -0.57735026918962584 0.57735026918962584
  outer loop
   vertex 138 102.5 130
   vertex 138 103 130.5
   vertex 137.5 103 130
  endloop
 endfacet
 facet normal 0.57735026918962584 0.57735026918962584 -0.57735026918962584
  outer loop
   vertex 137 102 130.5
   vertex 137 102.5 131
   vertex 137.5 102 131
  endloop
 endfacet
 facet normal 0.57735026918962584 -0.57735026918962584 0.57735026918962584
  outer loop
   vertex 138 102.5 130
   vertex 138.5 103 130
   vertex 138 103 130.5
  endloop
 endfacet
 facet normal -0.57735026918962584 0.57735026918962584 0.57735026918962584
  outer loop
   vertex 139.5 102 130
   vertex 140 102 130.5
   vertex 140 102.5 130
  endloop
 endfacet
 facet normal -0 0.70710678118654746 0.70710678118654746
  outer loop
   vertex 141 102.5 130
   vertex 140 102.5 130
   vertex 140 102 130.5
  endloop
 endfacet
 facet normal 0 0.70710678118654746 0.70710678118654746
  outer loop
   vertex 141 102 130.5
   vertex 141 102.5 130
   vertex 140 102 130.5
  endloop
 endfacet
 facet normal -0 0.70710678118654746 0.70710678118654746
  outer loop
   vertex 142 102.5 130
   vertex 141 102.5 130
   vertex 141 102 130.5
  endloop
 endfacet
 facet normal 0 0.70710678118654746 0.70710678118654746
  outer loop
   vertex 142 102 130.5
   vertex 142 102.5 130
   vertex 141 102 130.5
  endloop
 endfacet
 facet normal -0 0.70710678118654746 0.70710678118654746
  outer loop
   vertex 143 102.5 130
   vertex 142 102.5 130
   vertex 142 102 130.5
  endloop
 endfacet
 facet normal 0 0.70710678118654746 0.70710678118654746
  outer loop
   vertex 143 102 130.5
   vertex 143 102.5 130
   vertex 142 102 130.5
  endloop
 endfacet
 facet normal -0 0.70710678118654746 0.70710678118654746
  outer loop
   vertex 144 102.5 130
   vertex 143 102.5 130
   vertex 143 102 130.5
  endloop
 endfacet
 facet normal 0 0.70710678118654746 0.70710678118654746
  outer loop
   vertex 144 102 130.5
   vertex 144 102.5 130
   vertex 143 102 130.5
  endloop
 endfacet
 facet normal -0 0.70710678118654746 0.70710678118654746
  outer loop
   vertex 145 102.5 130
   vertex 144 102.5 130
   vertex 144 102 130.5
  endloop
 endfacet
 facet normal 0 0.70710678118654746 0.70710678118654746
  outer loop
   vertex 145 102 130.5
   vertex 145 102.5 130
   vertex 144 102 130.5
  endloop
 endfacet
 facet normal 0.57735026918962584 0.57735026918962584 0.57735026918962584
  outer loop
   vertex 145.5 102 130
   vertex 145 102.5 130
   vertex 145 102 130.5
  endloop
 endfacet
 facet normal -0.57735026918962584 0.57735026918962584 0.57735026918962584
  outer loop
   vertex 150.5 102 130
   vertex 151 102 130.5
   vertex 151 102.5 130
  endloop
 endfacet
 facet normal 0.57735026918962584 0.57735026918962584 0.57735026918962584
  outer loop
   vertex 151.5 102 130
   vertex 151 102.5 130
   vertex 151 102 130.5
  endloop
 endfacet
 facet normal -0.57735026918962584 0.57735026918962584 0.57735026918962584
  outer loop
   vertex 152.5 102 130
   vertex 153 102 130.5
   vertex 153 102.5 130
  endloop
 endfacet
 facet normal 0.57735026918962584 0.57735026918962584 0.57735026918962584
  outer loop
   vertex 153.5 102 130
   vertex 153 102.5 130
   vertex 153 102 130.5
  endloop
 endfacet
 facet normal -0.57735026918962584 -0.57735026918962584 0.57735026918962584
  outer loop
   vertex 154 102.5 130
   vertex 154 103 130.5
   vertex 153.5 103 130
  endloop
 endfacet
 facet normal 0.57735026918962584 -0.57735026918962584 0.57735026918962584
  outer loop
   vertex 154 102.5 130
   vertex 154.5 103 130
   vertex 154 103 130.5
  endloop
 endfacet
 facet normal -0.70710678118654746 0 -0.70710678118654746
  outer loop
   vertex 136 104 130.5
   vertex 136 103 130.5
   vertex 135.5 103 131
  endloop
 endfacet
 facet normal -0.70710678118654746 0 -0.70710678118654746
  outer loop
   vertex 135.5 104 131
   vertex 136 104 130.5
   vertex 135.5 103 131
  endloop
 endfacet
 facet normal 0.70710678118654746 0 -0.70710678118654746
  outer loop
   vertex 136.5 104 131
   vertex 136.5 103 131
   vertex 136 103 130.5
  endloop
 endfacet
 facet normal 0.70710678118654746 0 -0.70710678118654746
  outer loop
   vertex 136.5 104 131
   vertex 136 103 130.5
   vertex 136 104 130.5
  endloop
 endfacet
 facet normal -0.57735026918962584 -0.57735026918962584 0.57735026918962584
  outer loop
   vertex 136.5 104 130
   vertex 137 103.5 130
   vertex 137 104 130.5
  endloop
 endfacet
 facet normal -0.57735026918962584 0.57735026918962584 0.57735026918962584
  outer loop
   vertex 138 103.5 130
   vertex 137.5 103 130
   vertex 138 103 130.5
  endloop
 endfacet
 facet normal 0.57735026918962584 -0.57735026918962584 0.57735026918962584
  outer loop
   vertex 137.5 104 130
   vertex 137 104 130.5
   vertex 137 103.5 130
  endloop
 endfacet
 facet normal 0.57735026918962584 0.57735026918962584 0.57735026918962584
  outer loop
   vertex 138.5 103 130
   vertex 138 103.5 130
   vertex 138 103 130.5
  endloop
 endfacet
 facet normal -0.57735026918962584 -0.57735026918962584 0.57735026918962584
  outer loop
   vertex 152 103.5 130
   vertex 152 104 130.5
   vertex 151.5 104 130
  endloop
 endfacet
 facet normal 0 -0.70710678118654746 0.70710678118654746
  outer loop
   vertex 152 103.5 130
   vertex 153 103.5 130
   vertex 153 104 130.5
  endloop
 endfacet
 facet normal 0 -0.70710678118654746 0.70710678118654746
  outer loop
   vertex 152 104 130.5
   vertex 152 103.5 130
   vertex 153 104 130.5
  endloop
 endfacet
 facet normal -0.57735026918962584 0.57735026918962584 0.57735026918962584
  outer loop
   vertex 154 103.5 130
   vertex 153.5 103 130
   vertex 154 103 130.5
  endloop
 endfacet
 facet normal 0.57735026918962584 -0.57735026918962584 0.57735026918962584
  outer loop
   vertex 153.5 104 130
   vertex 153 104 130.5
   vertex 153 103.5 130
  endloop
 endfacet
 facet normal 0.57735026918962584 0.57735026918962584 0.57735026918962584
  outer loop
   vertex 154.5 103 130
   vertex 154 103.5 130
   vertex 154 103 130.5
  endloop
 endfacet
 facet normal -0.70710678118654746 0 -0.70710678118654746
  outer loop
   vertex 136 105 130.5
   vertex 136 104 130.5
   vertex 135.5 104 131
  endloop
 endfacet
 facet normal -0.70710678118654746 0 -0.70710678118654746
  outer loop
   vertex 135.5 105 131
   vertex 136 105 130.5
   vertex 135.5 104 131
  endloop
 endfacet
 facet normal 0.70710678118654746 0 -0.70710678118654746
  outer loop
   vertex 136.5 104 131
   vertex 136 104 130.5
   vertex 136 105 130.5
  endloop
 endfacet
 facet normal 0.70710678118654746 0 -0.70710678118654746
  outer loop
   vertex 136.5 104 131
   vertex 136 105 130.5
   vertex 136.5 105 131
  endloop
 endfacet
 facet normal -0.70710678118654746 0 0.70710678118654746
  outer loop
   vertex 136.5 104 130
   vertex 137 104 130.5
   vertex 136.5 105 130
  endloop
 endfacet
 facet normal -0.70710678118654746 0 0.70710678118654746
  outer loop
   vertex 136.5 105 130
   vertex 137 104 130.5
   vertex 137 105 130.5
  endloop
 endfacet
 facet normal 0.70710678118654746 0 0.70710678118654746
  outer loop
   vertex 137.5 104 130
   vertex 137.5 105 130
   vertex 137 105 130.5
  endloop
 endfacet
 facet normal 0.70710678118654746 0 0.70710678118654746
  outer loop
   vertex 137 104 130.5
   vertex 137.5 104 130
   vertex 137 105 130.5
  endloop
 endfacet
 facet normal -0.57735026918962584 0.57735026918962584 0.57735026918962584
  outer loop
   vertex 151.5 104 130
   vertex 152 104 130.5
   vertex 152 104.5 130
  endloop
 endfacet
 facet normal -0 0.70710678118654746 0.70710678118654746
  outer loop
   vertex 153 104.5 130
   vertex 152 104.5 130
   vertex 152 104 130.5
  endloop
 endfacet
 facet normal 0 0.70710678118654746 0.70710678118654746
  outer loop
   vertex 153 104 130.5
   vertex 153 104.5 130
   vertex 152 104 130.5
  endloop
 endfacet
 facet normal 0.57735026918962584 0.57735026918962584 0.57735026918962584
  outer loop
   vertex 153.5 104 130
   vertex 153 104.5 130
   vertex 153 104 130.5
  endloop
 endfacet
 facet normal -0.57735026918962584 0.57735026918962584 -0.57735026918962584
  outer loop
   vertex 136 105 130.5
   vertex 135.5 105 131
   vertex 136 105.5 131
  endloop
 endfacet
 facet normal 0.57735026918962584 0.57735026918962584 -0.57735026918962584
  outer loop
   vertex 136 105 130.5
   vertex 136 105.5 131
   vertex 136.5 105 131
  endloop
 endfacet
 facet normal -0.57735026918962584 -0.57735026918962584 0.57735026918962584
  outer loop
   vertex 137 105 130.5
   vertex 137 105.5 131
   vertex 136.5 105 130
  endloop
 endfacet
 facet normal -0.57735026918962584 -0.57735026918962584 0.57735026918962584
  outer loop
   vertex 136.5 105 130
   vertex 137 105.5 131
   vertex 136.5 106 131
  endloop
 endfacet
 facet normal -1 0 -0
  outer loop
   vertex 136.5 105 130
   vertex 136.5 106 131
   vertex 136.5 106 130
  endloop
 endfacet
 facet normal 0.57735026918962584 -0.57735026918962584 0.57735026918962584
  outer loop
   vertex 137 105.5 131
   vertex 137 105 130.5
   vertex 137.5 105 130
  endloop
 endfacet
 facet normal 0.57735026918962584 -0.57735026918962584 0.57735026918962584
  outer loop
   vertex 137 105.5 131
   vertex 137.5 105 130
   vertex 137.5 106 131
  endloop
 endfacet
 facet normal 1 0 0
  outer loop
   vertex 137.5 106 131
   vertex 137.5 105 130
   vertex 137.5 106 130
  endloop
 endfacet
 facet normal -0.70710678118654746 0.70710678118654746 0
  outer loop
   vertex 136.5 106 130
   vertex 136.5 106 131
   vertex 137 106.5 131
  endloop
 endfacet
 facet normal -0.70710678118654746 0.70710678118654746 0
  outer loop
   vertex 137 106.5 130
   vertex 136.5 106 130
   vertex 137 106.5 131
  endloop
 endfacet
 facet normal -0.70710678118654746 -0.70710678118654746 -0
  outer loop
   vertex 138 106.5 130
   vertex 138 106.5 131
   vertex 137.5 107 130
  endloop
 endfacet
 facet normal -0.70710678118654746 -0.70710678118654746 -0
  outer loop
   vertex 138 106.5 131
   vertex 137.5 107 131
   vertex 137.5 107 130
  endloop
 endfacet
 facet normal 0.70710678118654746 0.70710678118654746 0
  outer loop
   vertex 137 106.5 130
   vertex 137.5 106 131
   vertex 137.5 106 130
  endloop
 endfacet
 facet normal 0.70710678118654746 0.70710678118654746 0
  outer loop
   vertex 137 106.5 130
   vertex 137 106.5 131
   vertex 137.5 106 131
  endloop
 endfacet
 facet normal 0.70710678118654746 -0.70710678118654746 0
  outer loop
   vertex 138 106.5 131
   vertex 138 106.5 130
   vertex 138.5 107 130
  endloop
 endfacet
 facet normal 0.70710678118654746 -0.70710678118654746 0
  outer loop
   vertex 138.5 107 131
   vertex 138 106.5 131
   vertex 138.5 107 130
  endloop
 endfacet
 facet normal -0.70710678118654746 0.70710678118654746 0
  outer loop
   vertex 137.5 107 130
   vertex 137.5 107 131
   vertex 138 107.5 131
  endloop
 endfacet
 facet normal -0.70710678118654746 0.70710678118654746 0
  outer loop
   vertex 138 107.5 130
   vertex 137.5 107 130
   vertex 138 107.5 131
  endloop
 endfacet
 facet normal 0.70710678118654746 0.70710678118654746 -0
  outer loop
   vertex 138.5 107 131
   vertex 138.5 107 130
   vertex 138 107.5 130
  endloop
 endfacet
 facet normal 0.70710678118654746 0.70710678118654746 0
  outer loop
   vertex 138 107.5 131
   vertex 138.5 107 131
   vertex 138 107.5 130
  endloop
 endfacet
 facet normal -0.57735026918962584 -0.57735026918962584 0.57735026918962584
  outer loop
   vertex 140 107.5 130
   vertex 140 108 130.5
   vertex 139.5 108 130
  endloop
 endfacet
 facet normal 0.57735026918962584 -0.57735026918962584 0.57735026918962584
  outer loop
   vertex 140 107.5 130
   vertex 140.5 108 130
   vertex 140 108 130.5
  endloop
 endfacet
 facet normal -0.57735026918962584 0.57735026918962584 0.57735026918962584
  outer loop
   vertex 139.5 108 130
   vertex 140 108 130.5
   vertex 140 108.5 130
  endloop
 endfacet
 facet normal 0.57735026918962584 0.57735026918962584 0.57735026918962584
  outer loop
   vertex 140.5 108 130
   vertex 140 108.5 130
   vertex 140 108 130.5
  endloop
 endfacet
 facet normal -0.57735026918962584 -0.57735026918962584 0.57735026918962584
  outer loop
   vertex 141 108.5 130
   vertex 141 109 130.5
   vertex 140.5 109 130
  endloop
 endfacet
 facet normal 0.57735026918962584 -0.57735026918962584 0.57735026918962584
  outer loop
   vertex 141 108.5 130
   vertex 141.5 109 130
   vertex 141 109 130.5
  endloop
 endfacet
 facet normal -0.57735026918962584 0.57735026918962584 0.57735026918962584
  outer loop
   vertex 140.5 109 130
   vertex 141 109 130.5
   vertex 141 109.5 130
  endloop
 endfacet
 facet normal 0.57735026918962584 0.57735026918962584 0.57735026918962584
  outer loop
   vertex 141.5 109 130
   vertex 141 109.5 130
   vertex 141 109 130.5
  endloop
 endfacet
 facet normal -0.57735026918962584 -0.57735026918962584 -0.57735026918962584
  outer loop
   vertex 148 114 130.5
   vertex 148 113.5 131
   vertex 147.5 114 131
  endloop
 endfacet
 facet normal -0.57735026918962584 -0.57735026918962584 0.57735026918962584
  outer loop
   vertex 149 114 130.5
   vertex 148.5 114 130
   vertex 149 113.5 130
  endloop
 endfacet
 facet normal 0.57735026918962584 -0.57735026918962584 -0.57735026918962584
  outer loop
   vertex 148.5 114 131
   vertex 148 113.5 131
   vertex 148 114 130.5
  endloop
 endfacet
 facet normal 0.57735026918962584 -0.57735026918962584 0.57735026918962584
  outer loop
   vertex 149 113.5 130
   vertex 149.5 114 130
   vertex 149 114 130.5
  endloop
 endfacet
 facet normal -0.57735026918962584 0.57735026918962584 -0.57735026918962584
  outer loop
   vertex 148 114 130.5
   vertex 147.5 114 131
   vertex 148 114.5 131
  endloop
 endfacet
 facet normal -0.57735026918962584 0.57735026918962584 0.57735026918962584
  outer loop
   vertex 149 114.5 130
   vertex 148.5 114 130
   vertex 149 114 130.5
  endloop
 endfacet
 facet normal -0.57735026918962584 -0.57735026918962584 -0.57735026918962584
  outer loop
   vertex 149 114.5 131
   vertex 148.5 115 131
   vertex 149 115 130.5
  endloop
 endfacet
 facet normal 0.57735026918962584 0.57735026918962584 -0.57735026918962584
  outer loop
   vertex 148 114 130.5
   vertex 148 114.5 131
   vertex 148.5 114 131
  endloop
 endfacet
 facet normal 0.57735026918962584 0.57735026918962584 0.57735026918962584
  outer loop
   vertex 149 114.5 130
   vertex 149 114 130.5
   vertex 149.5 114 130
  endloop
 endfacet
 facet normal 0.57735026918962584 -0.57735026918962584 -0.57735026918962584
  outer loop
   vertex 149 115 130.5
   vertex 149.5 115 131
   vertex 149 114.5 131
  endloop
 endfacet
 facet normal -0.57735026918962584 -0.57735026918962584 -0.57735026918962584
  outer loop
   vertex 156 115 130.5
   vertex 156 114.5 131
   vertex 155.5 115 131
  endloop
 endfacet
 facet normal 0.57735026918962584 -0.57735026918962584 -0.57735026918962584
  outer loop
   vertex 156 114.5 131
   vertex 156 115 130.5
   vertex 156.5 115 131
  endloop
 endfacet
 facet normal -0.57735026918962584 0.57735026918962584 -0.57735026918962584
  outer loop
   vertex 149 115 130.5
   vertex 148.5 115 131
   vertex 149 115.5 131
  endloop
 endfacet
 facet normal 0.57735026918962584 0.57735026918962584 -0.57735026918962584
  outer loop
   vertex 149.5 115 131
   vertex 149 115 130.5
   vertex 149 115.5 131
  endloop
 endfacet
 facet normal -0.57735026918962584 -0.57735026918962584 -0.57735026918962584
  outer loop
   vertex 151 116 130.5
   vertex 151 115.5 131
   vertex 150.5 116 131
  endloop
 endfacet
 facet normal -0 -0.70710678118654746 -0.70710678118654746
  outer loop
   vertex 151 116 130.5
   vertex 152 116 130.5
   vertex 152 115.5 131
  endloop
 endfacet
 facet normal 0 -0.70710678118654746 -0.70710678118654746
  outer loop
   vertex 151 115.5 131
   vertex 151 116 130.5
   vertex 152 115.5 131
  endloop
 endfacet
 facet normal -0 -0.70710678118654746 -0.70710678118654746
  outer loop
   vertex 152 116 130.5
   vertex 153 116 130.5
   vertex 153 115.5 131
  endloop
 endfacet
 facet normal 0 -0.70710678118654746 -0.70710678118654746
  outer loop
   vertex 152 115.5 131
   vertex 152 116 130.5
   vertex 153 115.5 131
  endloop
 endfacet
 facet normal -0 -0.70710678118654746 -0.70710678118654746
  outer loop
   vertex 153 116 130.5
   vertex 154 116 130.5
   vertex 154 115.5 131
  endloop
 endfacet
 facet normal 0 -0.70710678118654746 -0.70710678118654746
  outer loop
   vertex 153 115.5 131
   vertex 153 116 130.5
   vertex 154 115.5 131
  endloop
 endfacet
 facet normal -0 -0.70710678118654746 -0.70710678118654746
  outer loop
   vertex 154 116 130.5
   vertex 155 116 130.5
   vertex 155 115.5 131
  endloop
 endfacet
 facet normal 0 -0.70710678118654746 -0.70710678118654746
  outer loop
   vertex 154 115.5 131
   vertex 154 116 130.5
   vertex 155 115.5 131
  endloop
 endfacet
 facet normal -0.57735026918962584 0.57735026918962584 -0.57735026918962584
  outer loop
   vertex 155.5 115 131
   vertex 156 115.5 131
   vertex 156 115 130.5
  endloop
 endfacet
 facet normal 0.57735026918962584 -0.57735026918962584 -0.57735026918962584
  outer loop
   vertex 155 115.5 131
   vertex 155 116 130.5
   vertex 155.5 116 131
  endloop
 endfacet
 facet normal 0.57735026918962584 0.57735026918962584 -0.57735026918962584
  outer loop
   vertex 156.5 115 131
   vertex 156 115 130.5
   vertex 156 115.5 131
  endloop
 endfacet
 facet normal -0.57735026918962584 0.57735026918962584 -0.57735026918962584
  outer loop
   vertex 151 116 130.5
   vertex 150.5 116 131
   vertex 151 116.5 131
  endloop
 endfacet
 facet normal 0 0.70710678118654746 -0.70710678118654746
  outer loop
   vertex 152 116 130.5
   vertex 151 116 130.5
   vertex 151 116.5 131
  endloop
 endfacet
 facet normal 0 0.70710678118654746 -0.70710678118654746
  outer loop
   vertex 152 116.5 131
   vertex 152 116 130.5
   vertex 151 116.5 131
  endloop
 endfacet
 facet normal 0 0.70710678118654746 -0.70710678118654746
  outer loop
   vertex 153 116 130.5
   vertex 152 116 130.5
   vertex 152 116.5 131
  endloop
 endfacet
 facet normal 0 0.70710678118654746 -0.70710678118654746
  outer loop
   vertex 153 116.5 131
   vertex 153 116 130.5
   vertex 152 116.5 131
  endloop
 endfacet
 facet normal 0 0.70710678118654746 -0.70710678118654746
  outer loop
   vertex 154 116 130.5
   vertex 153 116 130.5
   vertex 153 116.5 131
  endloop
 endfacet
 facet normal 0 0.70710678118654746 -0.70710678118654746
  outer loop
   vertex 154 116.5 131
   vertex 154 116 130.5
   vertex 153 116.5 131
  endloop
 endfacet
 facet normal 0 0.70710678118654746 -0.70710678118654746
  outer loop
   vertex 155 116 130.5
   vertex 154 116 130.5
   vertex 154 116.5 131
  endloop
 endfacet
 facet normal 0 0.70710678118654746 -0.70710678118654746
  outer loop
   vertex 155 116.5 131
   vertex 155 116 130.5
   vertex 154 116.5 131
  endloop
 endfacet
 facet normal 0.57735026918962584 0.57735026918962584 -0.57735026918962584
  outer loop
   vertex 155.5 116 131
   vertex 155 116 130.5
   vertex 155 116.5 131
  endloop
 endfacet
 facet normal -0.57735026918962584 -0.57735026918962584 0.57735026918962584
  outer loop
   vertex 146 86.5 131
   vertex 146 87 131.5
   vertex 145.5 87 131
  endloop
 endfacet
 facet normal -0.57735026918962584 -0.57735026918962584 0.57735026918962584
  outer loop
   vertex 146.5 87 132
   vertex 146 87 131.5
   vertex 146 86.5 131
  endloop
 endfacet
 facet normal -0.57735026918962584 -0.57735026918962584 0.57735026918962584
  outer loop
   vertex 146.5 87 132
   vertex 146 86.5 131
   vertex 147 86.5 132
  endloop
 endfacet
 facet normal 0 -1 0
  outer loop
   vertex 147 86.5 132
   vertex 146 86.5 131
   vertex 147 86.5 131
  endloop
 endfacet
 facet normal 0 -1 -0
  outer loop
   vertex 148 86.5 131
   vertex 148 86.5 132
   vertex 147 86.5 131
  endloop
 endfacet
 facet normal -0 -1 0
  outer loop
   vertex 147 86.5 131
   vertex 148 86.5 132
   vertex 147 86.5 132
  endloop
 endfacet
 facet normal 0.70710678118654746 -0.70710678118654746 0
  outer loop
   vertex 148 86.5 132
   vertex 148 86.5 131
   vertex 148.5 87 131
  endloop
 endfacet
 facet normal 0.70710678118654746 -0.70710678118654746 0
  outer loop
   vertex 148.5 87 132
   vertex 148 86.5 132
   vertex 148.5 87 131
  endloop
 endfacet
 facet normal -0.57735026918962584 0.57735026918962584 0.57735026918962584
  outer loop
   vertex 145.5 87 131
   vertex 146 87 131.5
   vertex 146 87.5 131
  endloop
 endfacet
 facet normal -0.57735026918962584 0.57735026918962584 0.57735026918962584
  outer loop
   vertex 146.5 88 131
   vertex 147 87.5 132
   vertex 147 88 131.5
  endloop
 endfacet
 facet normal -0.57735026918962584 0.57735026918962584 0.57735026918962584
  outer loop
   vertex 146 87.5 131
   vertex 147 87.5 132
   vertex 146.5 88 131
  endloop
 endfacet
 facet normal -0.57735026918962584 0.57735026918962584 0.57735026918962584
  outer loop
   vertex 146 87.5 131
   vertex 146.5 87 132
   vertex 147 87.5 132
  endloop
 endfacet
 facet normal -0.57735026918962584 0.57735026918962584 0.57735026918962584
  outer loop
   vertex 146 87.5 131
   vertex 146 87 131.5
   vertex 146.5 87 132
  endloop
 endfacet
 facet normal -0.57735026918962584 0.57735026918962584 0.57735026918962584
  outer loop
   vertex 147 87.5 132
   vertex 147.5 88 132
   vertex 147 88 131.5
  endloop
 endfacet
 facet normal 0.70710678118654746 -0.70710678118654746 0
  outer loop
   vertex 148.5 87 131
   vertex 149 87.5 132
   vertex 148.5 87 132
  endloop
 endfacet
 facet normal 0.70710678118654746 -0.70710678118654746 0
  outer loop
   vertex 149 87.5 131
   vertex 149 87.5 132
   vertex 148.5 87 131
  endloop
 endfacet
 facet normal 0.57735026918962584 -0.57735026918962584 -0.57735026918962584
  outer loop
   vertex 149.5 88 131
   vertex 150 88 131.5
   vertex 150 87.5 132
  endloop
 endfacet
 facet normal 0.57735026918962584 -0.57735026918962584 -0.57735026918962584
  outer loop
   vertex 149.5 88 131
   vertex 150 87.5 132
   vertex 149 87.5 131
  endloop
 endfacet
 facet normal -0 -1 0
  outer loop
   vertex 149 87.5 131
   vertex 150 87.5 132
   vertex 149 87.5 132
  endloop
 endfacet
 facet normal -0 -0.70710678118654746 -0.70710678118654746
  outer loop
   vertex 150 88 131.5
   vertex 151 88 131.5
   vertex 151 87.5 132
  endloop
 endfacet
 facet normal 0 -0.70710678118654746 -0.70710678118654746
  outer loop
   vertex 150 87.5 132
   vertex 150 88 131.5
   vertex 151 87.5 132
  endloop
 endfacet
 facet normal 0.57735026918962584 -0.57735026918962584 -0.57735026918962584
  outer loop
   vertex 151 87.5 132
   vertex 151 88 131.5
   vertex 151.5 88 132
  endloop
 endfacet
 facet normal -0.57735026918962584 0.57735026918962584 0.57735026918962584
  outer loop
   vertex 146.5 88 131
   vertex 147 88 131.5
   vertex 147 88.5 131
  endloop
 endfacet
 facet normal -0.57735026918962584 0.57735026918962584 0.57735026918962584
  outer loop
   vertex 147.5 89 131
   vertex 148 88.5 132
   vertex 148 89 131.5
  endloop
 endfacet
 facet normal -0.57735026918962584 0.57735026918962584 0.57735026918962584
  outer loop
   vertex 147 88.5 131
   vertex 148 88.5 132
   vertex 147.5 89 131
  endloop
 endfacet
 facet normal -0.57735026918962584 0.57735026918962584 0.57735026918962584
  outer loop
   vertex 147 88.5 131
   vertex 147.5 88 132
   vertex 148 88.5 132
  endloop
 endfacet
 facet normal -0.57735026918962584 0.57735026918962584 0.57735026918962584
  outer loop
   vertex 147 88.5 131
   vertex 147 88 131.5
   vertex 147.5 88 132
  endloop
 endfacet
 facet normal -0.57735026918962584 0.57735026918962584 0.57735026918962584
  outer loop
   vertex 148 88.5 132
   vertex 148.5 89 132
   vertex 148 89 131.5
  endloop
 endfacet
 facet normal 0.57735026918962584 -0.57735026918962584 -0.57735026918962584
  outer loop
   vertex 149.5 88 131
   vertex 150 88.5 131
   vertex 150 88 131.5
  endloop
 endfacet
 facet normal 0 -0.70710678118654746 -0.70710678118654746
  outer loop
   vertex 151 88.5 131
   vertex 150 88 131.5
   vertex 150 88.5 131
  endloop
 endfacet
 facet normal 0 -0.70710678118654746 -0.70710678118654746
  outer loop
   vertex 151 88 131.5
   vertex 150 88 131.5
   vertex 151 88.5 131
  endloop
 endfacet
 facet normal 0.57735026918962584 -0.57735026918962584 -0.57735026918962584
  outer loop
   vertex 151.5 89 131
   vertex 152 89 131.5
   vertex 152 88.5 132
  endloop
 endfacet
 facet normal 0.57735026918962584 -0.57735026918962584 -0.57735026918962584
  outer loop
   vertex 151 88.5 131
   vertex 151.5 89 131
   vertex 152 88.5 132
  endloop
 endfacet
 facet normal 0.57735026918962584 -0.57735026918962584 -0.57735026918962584
  outer loop
   vertex 151 88.5 131
   vertex 152 88.5 132
   vertex 151.5 88 132
  endloop
 endfacet
 facet normal 0.57735026918962584 -0.57735026918962584 -0.57735026918962584
  outer loop
   vertex 151 88.5 131
   vertex 151.5 88 132
   vertex 151 88 131.5
  endloop
 endfacet
 facet normal 0.57735026918962584 -0.57735026918962584 -0.57735026918962584
  outer loop
   vertex 152 88.5 132
   vertex 152 89 131.5
   vertex 152.5 89 132
  endloop
 endfacet
 facet normal -0.57735026918962584 0.57735026918962584 0.57735026918962584
  outer loop
   vertex 147.5 89 131
   vertex 148 89 131.5
   vertex 148 89.5 131
  endloop
 endfacet
 facet normal -0.57735026918962584 0.57735026918962584 0.57735026918962584
  outer loop
   vertex 148 89 131.5
   vertex 148.5 90 131
   vertex 148 89.5 131
  endloop
 endfacet
 facet normal -0.57735026918962584 0.57735026918962584 0.57735026918962584
  outer loop
   vertex 148 89 131.5
   vertex 148.5 89 132
   vertex 148.5 90 131
  endloop
 endfacet
 facet normal -1 -0 -0
  outer loop
   vertex 148.5 89 132
   vertex 148.5 90 132
   vertex 148.5 90 131
  endloop
 endfacet
 facet normal 0.70710678118654746 0 -0.70710678118654746
  outer loop
   vertex 152 89 131.5
   vertex 151.5 90 131
   vertex 152 90 131.5
  endloop
 endfacet
 facet normal 0.70710678118654746 0 -0.70710678118654746
  outer loop
   vertex 151.5 89 131
   vertex 151.5 90 131
   vertex 152 89 131.5
  endloop
 endfacet
 facet normal 0.70710678118654746 0 -0.70710678118654746
  outer loop
   vertex 152.5 90 132
   vertex 152.5 89 132
   vertex 152 89 131.5
  endloop
 endfacet
 facet normal 0.70710678118654746 0 -0.70710678118654746
  outer loop
   vertex 152 90 131.5
   vertex 152.5 90 132
   vertex 152 89 131.5
  endloop
 endfacet
 facet normal -0.57735026918962584 0.57735026918962584 -0.57735026918962584
  outer loop
   vertex 149 91 131.5
   vertex 149 90.5 131
   vertex 148.5 90 131
  endloop
 endfacet
 facet normal -0.57735026918962584 0.57735026918962584 -0.57735026918962584
  outer loop
   vertex 149 91 131.5
   vertex 148.5 90 131
   vertex 148.5 91 132
  endloop
 endfacet
 facet normal -1 0 0
  outer loop
   vertex 148.5 91 132
   vertex 148.5 90 131
   vertex 148.5 90 132
  endloop
 endfacet
 facet normal -0.57735026918962584 0.57735026918962584 -0.57735026918962584
  outer loop
   vertex 149 90.5 131
   vertex 149 91 131.5
   vertex 149.5 91 131
  endloop
 endfacet
 facet normal 0.57735026918962584 -0.57735026918962584 -0.57735026918962584
  outer loop
   vertex 151.5 90 131
   vertex 152 90.5 131
   vertex 152 90 131.5
  endloop
 endfacet
 facet normal 0.57735026918962584 -0.57735026918962584 -0.57735026918962584
  outer loop
   vertex 152.5 91 131
   vertex 153 91 131.5
   vertex 153 90.5 132
  endloop
 endfacet
 facet normal 0.57735026918962584 -0.57735026918962584 -0.57735026918962584
  outer loop
   vertex 152 90.5 131
   vertex 152.5 91 131
   vertex 153 90.5 132
  endloop
 endfacet
 facet normal 0.57735026918962584 -0.57735026918962584 -0.57735026918962584
  outer loop
   vertex 152 90.5 131
   vertex 153 90.5 132
   vertex 152.5 90 132
  endloop
 endfacet
 facet normal 0.57735026918962584 -0.57735026918962584 -0.57735026918962584
  outer loop
   vertex 152 90.5 131
   vertex 152.5 90 132
   vertex 152 90 131.5
  endloop
 endfacet
 facet normal 0.57735026918962584 -0.57735026918962584 -0.57735026918962584
  outer loop
   vertex 153 90.5 132
   vertex 153 91 131.5
   vertex 153.5 91 132
  endloop
 endfacet
 facet normal -0.57735026918962584 -0.57735026918962584 -0.57735026918962584
  outer loop
   vertex 149 91.5 131
   vertex 149 91 131.5
   vertex 148.5 91 132
  endloop
 endfacet
 facet normal -0.57735026918962584 -0.57735026918962584 -0.57735026918962584
  outer loop
   vertex 149 91.5 131
   vertex 148.5 91 132
   vertex 148.5 92 131
  endloop
 endfacet
 facet normal -1 0 0
  outer loop
   vertex 148.5 92 131
   vertex 148.5 91 132
   vertex 148.5 92 132
  endloop
 endfacet
 facet normal -0.57735026918962584 -0.57735026918962584 -0.57735026918962584
  outer loop
   vertex 149.5 91 131
   vertex 149 91 131.5
   vertex 149 91.5 131
  endloop
 endfacet
 facet normal 0.70710678118654746 0 -0.70710678118654746
  outer loop
   vertex 153 91 131.5
   vertex 152.5 92 131
   vertex 153 92 131.5
  endloop
 endfacet
 facet normal 0.70710678118654746 0 -0.70710678118654746
  outer loop
   vertex 152.5 91 131
   vertex 152.5 92 131
   vertex 153 91 131.5
  endloop
 endfacet
 facet normal 0.70710678118654746 0 -0.70710678118654746
  outer loop
   vertex 153.5 92 132
   vertex 153.5 91 132
   vertex 153 91 131.5
  endloop
 endfacet
 facet normal 0.70710678118654746 0 -0.70710678118654746
  outer loop
   vertex 153 92 131.5
   vertex 153.5 92 132
   vertex 153 91 131.5
  endloop
 endfacet
 facet normal -1 0 0
  outer loop
   vertex 148.5 92 131
   vertex 148.5 92 132
   vertex 148.5 93 131
  endloop
 endfacet
 facet normal -1 -0 -0
  outer loop
   vertex 148.5 92 132
   vertex 148.5 93 132
   vertex 148.5 93 131
  endloop
 endfacet
 facet normal 0.70710678118654746 0 -0.70710678118654746
  outer loop
   vertex 153 92 131.5
   vertex 152.5 93 131
   vertex 153 93 131.5
  endloop
 endfacet
 facet normal 0.70710678118654746 0 -0.70710678118654746
  outer loop
   vertex 152.5 92 131
   vertex 152.5 93 131
   vertex 153 92 131.5
  endloop
 endfacet
 facet normal 0.57735026918962584 -0.57735026918962584 -0.57735026918962584
  outer loop
   vertex 154 92.5 132
   vertex 153.5 92 132
   vertex 153 92 131.5
  endloop
 endfacet
 facet normal 0.57735026918962584 -0.57735026918962584 -0.57735026918962584
  outer loop
   vertex 154 92.5 132
   vertex 153 92 131.5
   vertex 154 93 131.5
  endloop
 endfacet
 facet normal 0 0 -1
  outer loop
   vertex 154 93 131.5
   vertex 153 92 131.5
   vertex 153 93 131.5
  endloop
 endfacet
 facet normal 0.57735026918962584 -0.57735026918962584 -0.57735026918962584
  outer loop
   vertex 154 92.5 132
   vertex 154 93 131.5
   vertex 154.5 93 132
  endloop
 endfacet
 facet normal -1 0 0
  outer loop
   vertex 148.5 93 131
   vertex 148.5 93 132
   vertex 148.5 94 131
  endloop
 endfacet
 facet normal -1 -0 -0
  outer loop
   vertex 148.5 93 132
   vertex 148.5 94 132
   vertex 148.5 94 131
  endloop
 endfacet
 facet normal 0.70710678118654746 0 -0.70710678118654746
  outer loop
   vertex 153 93 131.5
   vertex 152.5 94 131
   vertex 153 94 131.5
  endloop
 endfacet
 facet normal 0.70710678118654746 0 -0.70710678118654746
  outer loop
   vertex 152.5 93 131
   vertex 152.5 94 131
   vertex 153 93 131.5
  endloop
 endfacet
 facet normal 0.57735026918962584 0.57735026918962584 -0.57735026918962584
  outer loop
   vertex 153.5 94 132
   vertex 154 93.5 132
   vertex 154 93 131.5
  endloop
 endfacet
 facet normal 0.57735026918962584 0.57735026918962584 -0.57735026918962584
  outer loop
   vertex 153.5 94 132
   vertex 154 93 131.5
   vertex 153 94 131.5
  endloop
 endfacet
 facet normal 0 0 -1
  outer loop
   vertex 153 94 131.5
   vertex 154 93 131.5
   vertex 153 93 131.5
  endloop
 endfacet
 facet normal 0.57735026918962584 0.57735026918962584 -0.57735026918962584
  outer loop
   vertex 154.5 93 132
   vertex 154 93 131.5
   vertex 154 93.5 132
  endloop
 endfacet
 facet normal -0.70710678118654746 -0.70710678118654746 -0
  outer loop
   vertex 147 94.5 131
   vertex 147 94.5 132
   vertex 146.5 95 132
  endloop
 endfacet
 facet normal -0.70710678118654746 -0.70710678118654746 0
  outer loop
   vertex 146.5 95 131
   vertex 147 94.5 131
   vertex 146.5 95 132
  endloop
 endfacet
 facet normal 0 -1 -0
  outer loop
   vertex 148 94.5 131
   vertex 148 94.5 132
   vertex 147 94.5 131
  endloop
 endfacet
 facet normal -0 -1 0
  outer loop
   vertex 147 94.5 131
   vertex 148 94.5 132
   vertex 147 94.5 132
  endloop
 endfacet
 facet normal -0.70710678118654746 -0.70710678118654746 0
  outer loop
   vertex 148.5 94 132
   vertex 148 94.5 131
   vertex 148.5 94 131
  endloop
 endfacet
 facet normal -0.70710678118654746 -0.70710678118654746 0
  outer loop
   vertex 148 94.5 132
   vertex 148 94.5 131
   vertex 148.5 94 132
  endloop
 endfacet
 facet normal 0.70710678118654746 0 -0.70710678118654746
  outer loop
   vertex 153 94 131.5
   vertex 152.5 95 131
   vertex 153 95 131.5
  endloop
 endfacet
 facet normal 0.70710678118654746 0 -0.70710678118654746
  outer loop
   vertex 152.5 94 131
   vertex 152.5 95 131
   vertex 153 94 131.5
  endloop
 endfacet
 facet normal 0.70710678118654746 0 -0.70710678118654746
  outer loop
   vertex 153.5 95 132
   vertex 153.5 94 132
   vertex 153 94 131.5
  endloop
 endfacet
 facet normal 0.70710678118654746 0 -0.70710678118654746
  outer loop
   vertex 153 95 131.5
   vertex 153.5 95 132
   vertex 153 94 131.5
  endloop
 endfacet
 facet normal -0.70710678118654746 -0.70710678118654746 -0
  outer loop
   vertex 146 95.5 131
   vertex 146 95.5 132
   vertex 145.5 96 132
  endloop
 endfacet
 facet normal -0.70710678118654746 -0.70710678118654746 0
  outer loop
   vertex 145.5 96 131
   vertex 146 95.5 131
   vertex 145.5 96 132
  endloop
 endfacet
 facet normal -0.70710678118654746 -0.70710678118654746 0
  outer loop
   vertex 146.5 95 132
   vertex 146 95.5 131
   vertex 146.5 95 131
  endloop
 endfacet
 facet normal -0.70710678118654746 -0.70710678118654746 0
  outer loop
   vertex 146 95.5 132
   vertex 146 95.5 131
   vertex 146.5 95 132
  endloop
 endfacet
 facet normal 0.57735026918962584 0.57735026918962584 -0.57735026918962584
  outer loop
   vertex 153 95 131.5
   vertex 152.5 96 132
   vertex 153 95.5 132
  endloop
 endfacet
 facet normal 0.57735026918962584 0.57735026918962584 -0.57735026918962584
  outer loop
   vertex 153 95 131.5
   vertex 152.5 95 131
   vertex 152.5 96 132
  endloop
 endfacet
 facet normal 1 0 -0
  outer loop
   vertex 152.5 95 131
   vertex 152.5 96 131
   vertex 152.5 96 132
  endloop
 endfacet
 facet normal 0.57735026918962584 0.57735026918962584 -0.57735026918962584
  outer loop
   vertex 153.5 95 132
   vertex 153 95 131.5
   vertex 153 95.5 132
  endloop
 endfacet
 facet normal -0.70710678118654746 -0.70710678118654746 -0
  outer loop
   vertex 145 96.5 131
   vertex 145 96.5 132
   vertex 144.5 97 132
  endloop
 endfacet
 facet normal -0.70710678118654746 -0.70710678118654746 0
  outer loop
   vertex 144.5 97 131
   vertex 145 96.5 131
   vertex 144.5 97 132
  endloop
 endfacet
 facet normal -0.70710678118654746 -0.70710678118654746 0
  outer loop
   vertex 145.5 96 132
   vertex 145 96.5 131
   vertex 145.5 96 131
  endloop
 endfacet
 facet normal -0.70710678118654746 -0.70710678118654746 0
  outer loop
   vertex 145 96.5 132
   vertex 145 96.5 131
   vertex 145.5 96 132
  endloop
 endfacet
 facet normal 0.57735026918962584 0.57735026918962584 0.57735026918962584
  outer loop
   vertex 152 97 131.5
   vertex 151.5 97 132
   vertex 152 96.5 132
  endloop
 endfacet
 facet normal 0.57735026918962584 0.57735026918962584 0.57735026918962584
  outer loop
   vertex 152 97 131.5
   vertex 152 96.5 132
   vertex 152.5 96 132
  endloop
 endfacet
 facet normal 0.57735026918962584 0.57735026918962584 0.57735026918962584
  outer loop
   vertex 152 97 131.5
   vertex 152.5 96 132
   vertex 152.5 97 131
  endloop
 endfacet
 facet normal 1 0 0
  outer loop
   vertex 152.5 97 131
   vertex 152.5 96 132
   vertex 152.5 96 131
  endloop
 endfacet
 facet normal -0.57735026918962584 0.57735026918962584 0.57735026918962584
  outer loop
   vertex 145 97.5 132
   vertex 145 98 131.5
   vertex 144.5 98 131
  endloop
 endfacet
 facet normal -0.57735026918962584 0.57735026918962584 0.57735026918962584
  outer loop
   vertex 145 97.5 132
   vertex 144.5 98 131
   vertex 144.5 97 132
  endloop
 endfacet
 facet normal -1 0 0
  outer loop
   vertex 144.5 97 132
   vertex 144.5 98 131
   vertex 144.5 97 131
  endloop
 endfacet
 facet normal -0.57735026918962584 0.57735026918962584 0.57735026918962584
  outer loop
   vertex 145 97.5 132
   vertex 145.5 98 132
   vertex 145 98 131.5
  endloop
 endfacet
 facet normal 0.57735026918962584 0.57735026918962584 0.57735026918962584
  outer loop
   vertex 151 98 131.5
   vertex 150.5 98 132
   vertex 151 97.5 132
  endloop
 endfacet
 facet normal 0.57735026918962584 0.57735026918962584 0.57735026918962584
  outer loop
   vertex 151.5 97 132
   vertex 151 98 131.5
   vertex 151 97.5 132
  endloop
 endfacet
 facet normal 0.57735026918962584 0.57735026918962584 0.57735026918962584
  outer loop
   vertex 151.5 97 132
   vertex 152 97 131.5
   vertex 151 98 131.5
  endloop
 endfacet
 facet normal 0 0 1
  outer loop
   vertex 152 97 131.5
   vertex 152 98 131.5
   vertex 151 98 131.5
  endloop
 endfacet
 facet normal 0.70710678118654746 0 0.70710678118654746
  outer loop
   vertex 152.5 97 131
   vertex 152.5 98 131
   vertex 152 98 131.5
  endloop
 endfacet
 facet normal 0.70710678118654746 0 0.70710678118654746
  outer loop
   vertex 152 97 131.5
   vertex 152.5 97 131
   vertex 152 98 131.5
  endloop
 endfacet
 facet normal -0.57735026918962584 -0.57735026918962584 -0.57735026918962584
  outer loop
   vertex 141 99 131.5
   vertex 141 98.5 132
   vertex 140.5 99 132
  endloop
 endfacet
 facet normal -0 -0.70710678118654746 -0.70710678118654746
  outer loop
   vertex 141 99 131.5
   vertex 142 99 131.5
   vertex 142 98.5 132
  endloop
 endfacet
 facet normal 0 -0.70710678118654746 -0.70710678118654746
  outer loop
   vertex 141 98.5 132
   vertex 141 99 131.5
   vertex 142 98.5 132
  endloop
 endfacet
 facet normal -0.57735026918962584 -0.57735026918962584 -0.57735026918962584
  outer loop
   vertex 142 99 131.5
   vertex 142.5 99 131
   vertex 143 98.5 131
  endloop
 endfacet
 facet normal -0.57735026918962584 -0.57735026918962584 -0.57735026918962584
  outer loop
   vertex 142 99 131.5
   vertex 143 98.5 131
   vertex 142 98.5 132
  endloop
 endfacet
 facet normal 0 -1 0
  outer loop
   vertex 142 98.5 132
   vertex 143 98.5 131
   vertex 143 98.5 132
  endloop
 endfacet
 facet normal 0 -1 -0
  outer loop
   vertex 144 98.5 131
   vertex 144 98.5 132
   vertex 143 98.5 131
  endloop
 endfacet
 facet normal -0 -1 0
  outer loop
   vertex 143 98.5 131
   vertex 144 98.5 132
   vertex 143 98.5 132
  endloop
 endfacet
 facet normal -0.57735026918962584 -0.57735026918962584 0.57735026918962584
  outer loop
   vertex 145 98 131.5
   vertex 144 98.5 131
   vertex 144.5 98 131
  endloop
 endfacet
 facet normal -0.57735026918962584 -0.57735026918962584 0.57735026918962584
  outer loop
   vertex 145 98 131.5
   vertex 145 98.5 132
   vertex 144 98.5 131
  endloop
 endfacet
 facet normal 0 -1 0
  outer loop
   vertex 145 98.5 132
   vertex 144 98.5 132
   vertex 144 98.5 131
  endloop
 endfacet
 facet normal -0.57735026918962584 -0.57735026918962584 0.57735026918962584
  outer loop
   vertex 145.5 98 132
   vertex 145 98.5 132
   vertex 145 98 131.5
  endloop
 endfacet
 facet normal 0.57735026918962584 0.57735026918962584 0.57735026918962584
  outer loop
   vertex 150 99 131.5
   vertex 149.5 99 132
   vertex 150 98.5 132
  endloop
 endfacet
 facet normal 0.57735026918962584 0.57735026918962584 0.57735026918962584
  outer loop
   vertex 150.5 98 132
   vertex 150 99 131.5
   vertex 150 98.5 132
  endloop
 endfacet
 facet normal 0.57735026918962584 0.57735026918962584 0.57735026918962584
  outer loop
   vertex 150.5 98 132
   vertex 151 98 131.5
   vertex 150 99 131.5
  endloop
 endfacet
 facet normal 0 0 1
  outer loop
   vertex 151 98 131.5
   vertex 151 99 131.5
   vertex 150 99 131.5
  endloop
 endfacet
 facet normal 0 0 1
  outer loop
   vertex 152 98 131.5
   vertex 152 99 131.5
   vertex 151 98 131.5
  endloop
 endfacet
 facet normal -0 0 1
  outer loop
   vertex 152 99 131.5
   vertex 151 99 131.5
   vertex 151 98 131.5
  endloop
 endfacet
 facet normal 0.70710678118654746 0 0.70710678118654746
  outer loop
   vertex 152.5 98 131
   vertex 152.5 99 131
   vertex 152 99 131.5
  endloop
 endfacet
 facet normal 0.70710678118654746 0 0.70710678118654746
  outer loop
   vertex 152 98 131.5
   vertex 152.5 98 131
   vertex 152 99 131.5
  endloop
 endfacet
 facet normal -0.57735026918962584 -0.57735026918962584 0.57735026918962584
  outer loop
   vertex 155 98.5 131
   vertex 155 99 131.5
   vertex 154.5 99 131
  endloop
 endfacet
 facet normal 0 -0.70710678118654746 0.70710678118654746
  outer loop
   vertex 155 98.5 131
   vertex 156 98.5 131
   vertex 156 99 131.5
  endloop
 endfacet
 facet normal 0 -0.70710678118654746 0.70710678118654746
  outer loop
   vertex 155 99 131.5
   vertex 155 98.5 131
   vertex 156 99 131.5
  endloop
 endfacet
 facet normal 0.57735026918962584 -0.57735026918962584 0.57735026918962584
  outer loop
   vertex 156 98.5 131
   vertex 156.5 99 131
   vertex 156 99 131.5
  endloop
 endfacet
 facet normal -0.57735026918962584 -0.57735026918962584 -0.57735026918962584
  outer loop
   vertex 140 100 131.5
   vertex 140 99.5 132
   vertex 139.5 100 132
  endloop
 endfacet
 facet normal -0.57735026918962584 -0.57735026918962584 -0.57735026918962584
  outer loop
   vertex 140.5 99 132
   vertex 140 99.5 132
   vertex 140 100 131.5
  endloop
 endfacet
 facet normal -0.57735026918962584 -0.57735026918962584 -0.57735026918962584
  outer loop
   vertex 140.5 99 132
   vertex 140 100 131.5
   vertex 141 99 131.5
  endloop
 endfacet
 facet normal 0 0 -1
  outer loop
   vertex 141 99 131.5
   vertex 140 100 131.5
   vertex 141 100 131.5
  endloop
 endfacet
 facet normal -0.57735026918962584 -0.57735026918962584 -0.57735026918962584
  outer loop
   vertex 142 99.5 131
   vertex 141 100 131.5
   vertex 141.5 100 131
  endloop
 endfacet
 facet normal -0.57735026918962584 -0.57735026918962584 -0.57735026918962584
  outer loop
   vertex 142 99.5 131
   vertex 142 99 131.5
   vertex 141 100 131.5
  endloop
 endfacet
 facet normal 0 0 -1
  outer loop
   vertex 142 99 131.5
   vertex 141 99 131.5
   vertex 141 100 131.5
  endloop
 endfacet
 facet normal -0.57735026918962584 -0.57735026918962584 -0.57735026918962584
  outer loop
   vertex 142.5 99 131
   vertex 142 99 131.5
   vertex 142 99.5 131
  endloop
 endfacet
 facet normal 0.70710678118654746 0 0.70710678118654746
  outer loop
   vertex 150 100 131.5
   vertex 149.5 99 132
   vertex 150 99 131.5
  endloop
 endfacet
 facet normal 0.70710678118654746 -0 0.70710678118654746
  outer loop
   vertex 149.5 100 132
   vertex 149.5 99 132
   vertex 150 100 131.5
  endloop
 endfacet
 facet normal 0.57735026918962584 0.57735026918962584 0.57735026918962584
  outer loop
   vertex 151 99.5 131
   vertex 150.5 100 131
   vertex 150 100 131.5
  endloop
 endfacet
 facet normal 0.57735026918962584 0.57735026918962584 0.57735026918962584
  outer loop
   vertex 151 99.5 131
   vertex 150 100 131.5
   vertex 151 99 131.5
  endloop
 endfacet
 facet normal 0 0 1
  outer loop
   vertex 151 99 131.5
   vertex 150 100 131.5
   vertex 150 99 131.5
  endloop
 endfacet
 facet normal -0 0.70710678118654746 0.70710678118654746
  outer loop
   vertex 152 99.5 131
   vertex 151 99.5 131
   vertex 151 99 131.5
  endloop
 endfacet
 facet normal 0 0.70710678118654746 0.70710678118654746
  outer loop
   vertex 152 99 131.5
   vertex 152 99.5 131
   vertex 151 99 131.5
  endloop
 endfacet
 facet normal 0.57735026918962584 0.57735026918962584 0.57735026918962584
  outer loop
   vertex 152.5 99 131
   vertex 152 99.5 131
   vertex 152 99 131.5
  endloop
 endfacet
 facet normal -0.57735026918962584 -0.57735026918962584 0.57735026918962584
  outer loop
   vertex 153 99.5 131
   vertex 153 100 131.5
   vertex 152.5 100 131
  endloop
 endfacet
 facet normal 0 -0.70710678118654746 0.70710678118654746
  outer loop
   vertex 153 99.5 131
   vertex 154 99.5 131
   vertex 154 100 131.5
  endloop
 endfacet
 facet normal 0 -0.70710678118654746 0.70710678118654746
  outer loop
   vertex 153 100 131.5
   vertex 153 99.5 131
   vertex 154 100 131.5
  endloop
 endfacet
 facet normal -0.57735026918962584 0.57735026918962584 0.57735026918962584
  outer loop
   vertex 155 99.5 131
   vertex 154.5 99 131
   vertex 155 99 131.5
  endloop
 endfacet
 facet normal 0.57735026918962584 -0.57735026918962584 0.57735026918962584
  outer loop
   vertex 154.5 100 131
   vertex 154 100 131.5
   vertex 154 99.5 131
  endloop
 endfacet
 facet normal -0 0.70710678118654746 0.70710678118654746
  outer loop
   vertex 156 99.5 131
   vertex 155 99.5 131
   vertex 155 99 131.5
  endloop
 endfacet
 facet normal 0 0.70710678118654746 0.70710678118654746
  outer loop
   vertex 156 99 131.5
   vertex 156 99.5 131
   vertex 155 99 131.5
  endloop
 endfacet
 facet normal 0.57735026918962584 0.57735026918962584 0.57735026918962584
  outer loop
   vertex 156.5 99 131
   vertex 156 99.5 131
   vertex 156 99 131.5
  endloop
 endfacet
 facet normal -0.57735026918962584 -0.57735026918962584 -0.57735026918962584
  outer loop
   vertex 136 101 131.5
   vertex 136 100.5 132
   vertex 135.5 101 132
  endloop
 endfacet
 facet normal 0.57735026918962584 -0.57735026918962584 -0.57735026918962584
  outer loop
   vertex 136 100.5 132
   vertex 136 101 131.5
   vertex 136.5 101 132
  endloop
 endfacet
 facet normal -0.57735026918962584 -0.57735026918962584 0.57735026918962584
  outer loop
   vertex 140 100.5 131
   vertex 140 101 131.5
   vertex 139.5 101 131
  endloop
 endfacet
 facet normal -0.57735026918962584 0.57735026918962584 -0.57735026918962584
  outer loop
   vertex 140 100 131.5
   vertex 139.5 100 132
   vertex 140 100.5 132
  endloop
 endfacet
 facet normal 0 0.44721359549995793 -0.89442719099991586
  outer loop
   vertex 140 100 131.5
   vertex 140.5 101 132
   vertex 141 100 131.5
  endloop
 endfacet
 facet normal -0.57735026918962584 0.57735026918962584 -0.57735026918962584
  outer loop
   vertex 140 100 131.5
   vertex 140 100.5 132
   vertex 140.5 101 132
  endloop
 endfacet
 facet normal -0.90453403373329089 -0.30151134457776363 -0.30151134457776363
  outer loop
   vertex 141 100 131.5
   vertex 140.5 101 132
   vertex 141 100.5 131
  endloop
 endfacet
 facet normal -0.57735026918962584 -0.57735026918962584 0.57735026918962584
  outer loop
   vertex 140 101 131.5
   vertex 140 100.5 131
   vertex 140.5 101 132
  endloop
 endfacet
 facet normal 0 -0.89442719099991586 0.44721359549995793
  outer loop
   vertex 141 100.5 131
   vertex 140.5 101 132
   vertex 140 100.5 131
  endloop
 endfacet
 facet normal -0.57735026918962584 -0.57735026918962584 -0.57735026918962584
  outer loop
   vertex 141.5 100 131
   vertex 141 100 131.5
   vertex 141 100.5 131
  endloop
 endfacet
 facet normal 0.57735026918962584 0.57735026918962584 0.57735026918962584
  outer loop
   vertex 146 101 131.5
   vertex 145.5 101 132
   vertex 146 100.5 132
  endloop
 endfacet
 facet normal 0 0.70710678118654746 0.70710678118654746
  outer loop
   vertex 146 101 131.5
   vertex 147 100.5 132
   vertex 147 101 131.5
  endloop
 endfacet
 facet normal 0 0.70710678118654746 0.70710678118654746
  outer loop
   vertex 146 100.5 132
   vertex 147 100.5 132
   vertex 146 101 131.5
  endloop
 endfacet
 facet normal 0 0.70710678118654746 0.70710678118654746
  outer loop
   vertex 147 101 131.5
   vertex 148 100.5 132
   vertex 148 101 131.5
  endloop
 endfacet
 facet normal 0 0.70710678118654746 0.70710678118654746
  outer loop
   vertex 147 100.5 132
   vertex 148 100.5 132
   vertex 147 101 131.5
  endloop
 endfacet
 facet normal 0 0.70710678118654746 0.70710678118654746
  outer loop
   vertex 148 101 131.5
   vertex 149 100.5 132
   vertex 149 101 131.5
  endloop
 endfacet
 facet normal 0 0.70710678118654746 0.70710678118654746
  outer loop
   vertex 148 100.5 132
   vertex 149 100.5 132
   vertex 148 101 131.5
  endloop
 endfacet
 facet normal 0.57735026918962584 0.57735026918962584 0.57735026918962584
  outer loop
   vertex 149.5 100 132
   vertex 149 101 131.5
   vertex 149 100.5 132
  endloop
 endfacet
 facet normal 0.57735026918962584 0.57735026918962584 0.57735026918962584
  outer loop
   vertex 150 100 131.5
   vertex 149 101 131.5
   vertex 149.5 100 132
  endloop
 endfacet
 facet normal 0.57735026918962584 0.57735026918962584 0.57735026918962584
  outer loop
   vertex 150 100 131.5
   vertex 149.5 101 131
   vertex 149 101 131.5
  endloop
 endfacet
 facet normal 0.57735026918962584 0.57735026918962584 0.57735026918962584
  outer loop
   vertex 150 100 131.5
   vertex 150 100.5 131
   vertex 149.5 101 131
  endloop
 endfacet
 facet normal 0.57735026918962584 0.57735026918962584 0.57735026918962584
  outer loop
   vertex 150.5 100 131
   vertex 150 100.5 131
   vertex 150 100 131.5
  endloop
 endfacet
 facet normal -0.57735026918962584 0.57735026918962584 0.57735026918962584
  outer loop
   vertex 152.5 100 131
   vertex 153 100 131.5
   vertex 153 100.5 131
  endloop
 endfacet
 facet normal -0 0.70710678118654746 0.70710678118654746
  outer loop
   vertex 154 100.5 131
   vertex 153 100.5 131
   vertex 153 100 131.5
  endloop
 endfacet
 facet normal 0 0.70710678118654746 0.70710678118654746
  outer loop
   vertex 154 100 131.5
   vertex 154 100.5 131
   vertex 153 100 131.5
  endloop
 endfacet
 facet normal 0.57735026918962584 0.57735026918962584 0.57735026918962584
  outer loop
   vertex 154.5 100 131
   vertex 154 100.5 131
   vertex 154 100 131.5
  endloop
 endfacet
 facet normal -0.57735026918962584 -0.57735026918962584 -0.57735026918962584
  outer loop
   vertex 135 102 131.5
   vertex 135 101.5 132
   vertex 134.5 102 132
  endloop
 endfacet
 facet normal -0.57735026918962584 0.57735026918962584 -0.57735026918962584
  outer loop
   vertex 136 101 131.5
   vertex 135.5 101 132
   vertex 136 101.5 132
  endloop
 endfacet
 facet normal -0.57735026918962584 -0.57735026918962584 0.57735026918962584
  outer loop
   vertex 136 102 131.5
   vertex 135.5 102 131
   vertex 136 101.5 131
  endloop
 endfacet
 facet normal 0.57735026918962584 -0.57735026918962584 -0.57735026918962584
  outer loop
   vertex 135 101.5 132
   vertex 135 102 131.5
   vertex 135.5 102 132
  endloop
 endfacet
 facet normal 0 -0.70710678118654746 0.70710678118654746
  outer loop
   vertex 136 101.5 131
   vertex 137 101.5 131
   vertex 137 102 131.5
  endloop
 endfacet
 facet normal 0 -0.70710678118654746 0.70710678118654746
  outer loop
   vertex 136 101.5 131
   vertex 137 102 131.5
   vertex 136 102 131.5
  endloop
 endfacet
 facet normal 0.57735026918962584 0.57735026918962584 -0.57735026918962584
  outer loop
   vertex 136 101.5 132
   vertex 136.5 101 132
   vertex 136 101 131.5
  endloop
 endfacet
 facet normal 0.57735026918962584 -0.57735026918962584 0.57735026918962584
  outer loop
   vertex 137 101.5 131
   vertex 137.5 102 131
   vertex 137 102 131.5
  endloop
 endfacet
 facet normal -0.57735026918962584 0.57735026918962584 0.57735026918962584
  outer loop
   vertex 139.5 101 131
   vertex 140 101 131.5
   vertex 140 101.5 131
  endloop
 endfacet
 facet normal -0.57735026918962584 0.57735026918962584 0.57735026918962584
  outer loop
   vertex 140 101 131.5
   vertex 140.5 101 132
   vertex 141 101.5 132
  endloop
 endfacet
 facet normal -0.57735026918962584 0.57735026918962584 0.57735026918962584
  outer loop
   vertex 140 101 131.5
   vertex 141 101.5 132
   vertex 140 101.5 131
  endloop
 endfacet
 facet normal 0 1 0
  outer loop
   vertex 140 101.5 131
   vertex 141 101.5 132
   vertex 141 101.5 131
  endloop
 endfacet
 facet normal 0 1 0
  outer loop
   vertex 142 101.5 131
   vertex 141 101.5 131
   vertex 142 101.5 132
  endloop
 endfacet
 facet normal -0 1 0
  outer loop
   vertex 141 101.5 131
   vertex 141 101.5 132
   vertex 142 101.5 132
  endloop
 endfacet
 facet normal 0 1 0
  outer loop
   vertex 143 101.5 131
   vertex 142 101.5 131
   vertex 143 101.5 132
  endloop
 endfacet
 facet normal -0 1 0
  outer loop
   vertex 142 101.5 131
   vertex 142 101.5 132
   vertex 143 101.5 132
  endloop
 endfacet
 facet normal 0 1 0
  outer loop
   vertex 144 101.5 131
   vertex 143 101.5 131
   vertex 144 101.5 132
  endloop
 endfacet
 facet normal -0 1 0
  outer loop
   vertex 143 101.5 131
   vertex 143 101.5 132
   vertex 144 101.5 132
  endloop
 endfacet
 facet normal 0 1 0
  outer loop
   vertex 145 101.5 131
   vertex 144 101.5 131
   vertex 145 101.5 132
  endloop
 endfacet
 facet normal -0 1 0
  outer loop
   vertex 144 101.5 131
   vertex 144 101.5 132
   vertex 145 101.5 132
  endloop
 endfacet
 facet normal 0.57735026918962584 0.57735026918962584 0.57735026918962584
  outer loop
   vertex 145.5 101 132
   vertex 146 101 131.5
   vertex 146 101.5 131
  endloop
 endfacet
 facet normal 0.57735026918962584 0.57735026918962584 0.57735026918962584
  outer loop
   vertex 145.5 101 132
   vertex 146 101.5 131
   vertex 145 101.5 132
  endloop
 endfacet
 facet normal 0 1 0
  outer loop
   vertex 145 101.5 132
   vertex 146 101.5 131
   vertex 145 101.5 131
  endloop
 endfacet
 facet normal -0 0.70710678118654746 0.70710678118654746
  outer loop
   vertex 147 101.5 131
   vertex 146 101.5 131
   vertex 146 101 131.5
  endloop
 endfacet
 facet normal 0 0.70710678118654746 0.70710678118654746
  outer loop
   vertex 147 101 131.5
   vertex 147 101.5 131
   vertex 146 101 131.5
  endloop
 endfacet
 facet normal -0 0.70710678118654746 0.70710678118654746
  outer loop
   vertex 148 101.5 131
   vertex 147 101.5 131
   vertex 147 101 131.5
  endloop
 endfacet
 facet normal 0 0.70710678118654746 0.70710678118654746
  outer loop
   vertex 148 101 131.5
   vertex 148 101.5 131
   vertex 147 101 131.5
  endloop
 endfacet
 facet normal -0 0.70710678118654746 0.70710678118654746
  outer loop
   vertex 149 101.5 131
   vertex 148 101.5 131
   vertex 148 101 131.5
  endloop
 endfacet
 facet normal 0 0.70710678118654746 0.70710678118654746
  outer loop
   vertex 149 101 131.5
   vertex 149 101.5 131
   vertex 148 101 131.5
  endloop
 endfacet
 facet normal 0.57735026918962584 0.57735026918962584 0.57735026918962584
  outer loop
   vertex 149.5 101 131
   vertex 149 101.5 131
   vertex 149 101 131.5
  endloop
 endfacet
 facet normal -0.70710678118654746 0 -0.70710678118654746
  outer loop
   vertex 135 103 131.5
   vertex 135 102 131.5
   vertex 134.5 102 132
  endloop
 endfacet
 facet normal -0.70710678118654746 0 -0.70710678118654746
  outer loop
   vertex 134.5 103 132
   vertex 135 103 131.5
   vertex 134.5 102 132
  endloop
 endfacet
 facet normal 0.70710678118654746 0 -0.70710678118654746
  outer loop
   vertex 135.5 102 132
   vertex 135 102 131.5
   vertex 135 103 131.5
  endloop
 endfacet
 facet normal 0.70710678118654746 0 -0.70710678118654746
  outer loop
   vertex 135.5 102 132
   vertex 135 103 131.5
   vertex 135.5 103 132
  endloop
 endfacet
 facet normal -0.70710678118654746 0 0.70710678118654746
  outer loop
   vertex 135.5 102 131
   vertex 136 102 131.5
   vertex 135.5 103 131
  endloop
 endfacet
 facet normal -0.70710678118654746 0 0.70710678118654746
  outer loop
   vertex 135.5 103 131
   vertex 136 102 131.5
   vertex 136 103 131.5
  endloop
 endfacet
 facet normal 0.57735026918962584 0.57735026918962584 0.57735026918962584
  outer loop
   vertex 137 102.5 131
   vertex 136.5 103 131
   vertex 136 103 131.5
  endloop
 endfacet
 facet normal 0.57735026918962584 0.57735026918962584 0.57735026918962584
  outer loop
   vertex 137 102.5 131
   vertex 136 103 131.5
   vertex 137 102 131.5
  endloop
 endfacet
 facet normal 0 0 1
  outer loop
   vertex 137 102 131.5
   vertex 136 103 131.5
   vertex 136 102 131.5
  endloop
 endfacet
 facet normal 0.57735026918962584 0.57735026918962584 0.57735026918962584
  outer loop
   vertex 137.5 102 131
   vertex 137 102.5 131
   vertex 137 102 131.5
  endloop
 endfacet
 facet normal -0.70710678118654746 0 -0.70710678118654746
  outer loop
   vertex 135 104 131.5
   vertex 135 103 131.5
   vertex 134.5 103 132
  endloop
 endfacet
 facet normal -0.70710678118654746 0 -0.70710678118654746
  outer loop
   vertex 134.5 104 132
   vertex 135 104 131.5
   vertex 134.5 103 132
  endloop
 endfacet
 facet normal 0.70710678118654746 0 -0.70710678118654746
  outer loop
   vertex 135.5 103 132
   vertex 135 103 131.5
   vertex 135 104 131.5
  endloop
 endfacet
 facet normal 0.70710678118654746 0 -0.70710678118654746
  outer loop
   vertex 135.5 103 132
   vertex 135 104 131.5
   vertex 135.5 104 132
  endloop
 endfacet
 facet normal -0.70710678118654746 0 0.70710678118654746
  outer loop
   vertex 135.5 103 131
   vertex 136 103 131.5
   vertex 135.5 104 131
  endloop
 endfacet
 facet normal -0.70710678118654746 0 0.70710678118654746
  outer loop
   vertex 135.5 104 131
   vertex 136 103 131.5
   vertex 136 104 131.5
  endloop
 endfacet
 facet normal 0.70710678118654746 0 0.70710678118654746
  outer loop
   vertex 136.5 103 131
   vertex 136.5 104 131
   vertex 136 104 131.5
  endloop
 endfacet
 facet normal 0.70710678118654746 0 0.70710678118654746
  outer loop
   vertex 136 103 131.5
   vertex 136.5 103 131
   vertex 136 104 131.5
  endloop
 endfacet
 facet normal -0.57735026918962584 0.57735026918962584 -0.57735026918962584
  outer loop
   vertex 135 104 131.5
   vertex 134.5 104 132
   vertex 135 104.5 132
  endloop
 endfacet
 facet normal 0.57735026918962584 0.57735026918962584 -0.57735026918962584
  outer loop
   vertex 135 104 131.5
   vertex 135 104.5 132
   vertex 135.5 104 132
  endloop
 endfacet
 facet normal -0.57735026918962584 -0.57735026918962584 0.57735026918962584
  outer loop
   vertex 136 104 131.5
   vertex 136 104.5 132
   vertex 135.5 104 131
  endloop
 endfacet
 facet normal -0.57735026918962584 -0.57735026918962584 0.57735026918962584
  outer loop
   vertex 135.5 104 131
   vertex 136 104.5 132
   vertex 135.5 105 132
  endloop
 endfacet
 facet normal -1 0 -0
  outer loop
   vertex 135.5 104 131
   vertex 135.5 105 132
   vertex 135.5 105 131
  endloop
 endfacet
 facet normal 0.57735026918962584 -0.57735026918962584 0.57735026918962584
  outer loop
   vertex 136 104.5 132
   vertex 136 104 131.5
   vertex 136.5 104 131
  endloop
 endfacet
 facet normal 0.57735026918962584 -0.57735026918962584 0.57735026918962584
  outer loop
   vertex 136 104.5 132
   vertex 136.5 104 131
   vertex 136.5 105 132
  endloop
 endfacet
 facet normal 1 0 0
  outer loop
   vertex 136.5 105 132
   vertex 136.5 104 131
   vertex 136.5 105 131
  endloop
 endfacet
 facet normal -0.70710678118654746 0.70710678118654746 0
  outer loop
   vertex 135.5 105 131
   vertex 135.5 105 132
   vertex 136 105.5 132
  endloop
 endfacet
 facet normal -0.70710678118654746 0.70710678118654746 0
  outer loop
   vertex 136 105.5 131
   vertex 135.5 105 131
   vertex 136 105.5 132
  endloop
 endfacet
 facet normal 0.70710678118654746 0.70710678118654746 0
  outer loop
   vertex 136 105.5 131
   vertex 136 105.5 132
   vertex 136.5 105 132
  endloop
 endfacet
 facet normal 0.70710678118654746 0.70710678118654746 0
  outer loop
   vertex 136 105.5 131
   vertex 136.5 105 132
   vertex 136.5 105 131
  endloop
 endfacet
 facet normal -0.57735026918962584 -0.57735026918962584 0.57735026918962584
  outer loop
   vertex 137 105.5 131
   vertex 137 106 131.5
   vertex 136.5 106 131
  endloop
 endfacet
 facet normal 0.57735026918962584 -0.57735026918962584 0.57735026918962584
  outer loop
   vertex 137 105.5 131
   vertex 137.5 106 131
   vertex 137 106 131.5
  endloop
 endfacet
 facet normal -0.57735026918962584 0.57735026918962584 0.57735026918962584
  outer loop
   vertex 136.5 106 131
   vertex 137 106 131.5
   vertex 137 106.5 131
  endloop
 endfacet
 facet normal -0.70710678118654746 -0.70710678118654746 -0
  outer loop
   vertex 138 106.5 131
   vertex 138 106.5 132
   vertex 137.5 107 132
  endloop
 endfacet
 facet normal -0.70710678118654746 -0.70710678118654746 -0
  outer loop
   vertex 138 106.5 131
   vertex 137.5 107 132
   vertex 137.5 107 131
  endloop
 endfacet
 facet normal 0.57735026918962584 0.57735026918962584 0.57735026918962584
  outer loop
   vertex 137 106.5 131
   vertex 137 106 131.5
   vertex 137.5 106 131
  endloop
 endfacet
 facet normal 0.70710678118654746 -0.70710678118654746 0
  outer loop
   vertex 138 106.5 132
   vertex 138 106.5 131
   vertex 138.5 107 131
  endloop
 endfacet
 facet normal 0.70710678118654746 -0.70710678118654746 0
  outer loop
   vertex 138.5 107 132
   vertex 138 106.5 132
   vertex 138.5 107 131
  endloop
 endfacet
 facet normal -0.70710678118654746 0.70710678118654746 0
  outer loop
   vertex 137.5 107 131
   vertex 137.5 107 132
   vertex 138 107.5 132
  endloop
 endfacet
 facet normal -0.70710678118654746 0.70710678118654746 0
  outer loop
   vertex 138 107.5 131
   vertex 137.5 107 131
   vertex 138 107.5 132
  endloop
 endfacet
 facet normal 0.70710678118654746 0.70710678118654746 -0
  outer loop
   vertex 138.5 107 132
   vertex 138.5 107 131
   vertex 138 107.5 131
  endloop
 endfacet
 facet normal 0.70710678118654746 0.70710678118654746 0
  outer loop
   vertex 138 107.5 132
   vertex 138.5 107 132
   vertex 138 107.5 131
  endloop
 endfacet
 facet normal -0.57735026918962584 -0.57735026918962584 0.57735026918962584
  outer loop
   vertex 148 113.5 131
   vertex 148 114 131.5
   vertex 147.5 114 131
  endloop
 endfacet
 facet normal 0.57735026918962584 -0.57735026918962584 0.57735026918962584
  outer loop
   vertex 148 113.5 131
   vertex 148.5 114 131
   vertex 148 114 131.5
  endloop
 endfacet
 facet normal -0.57735026918962584 0.57735026918962584 0.57735026918962584
  outer loop
   vertex 147.5 114 131
   vertex 148 114 131.5
   vertex 148 114.5 131
  endloop
 endfacet
 facet normal 0.57735026918962584 0.57735026918962584 0.57735026918962584
  outer loop
   vertex 148.5 114 131
   vertex 148 114.5 131
   vertex 148 114 131.5
  endloop
 endfacet
 facet normal -0.57735026918962584 -0.57735026918962584 0.57735026918962584
  outer loop
   vertex 149 114.5 131
   vertex 149 115 131.5
   vertex 148.5 115 131
  endloop
 endfacet
 facet normal 0.57735026918962584 -0.57735026918962584 0.57735026918962584
  outer loop
   vertex 149 114.5 131
   vertex 149.5 115 131
   vertex 149 115 131.5
  endloop
 endfacet
 facet normal -0.70710678118654746 -0.70710678118654746 -0
  outer loop
   vertex 156 114.5 131
   vertex 156 114.5 132
   vertex 155.5 115 132
  endloop
 endfacet
 facet normal -0.70710678118654746 -0.70710678118654746 0
  outer loop
   vertex 155.5 115 131
   vertex 156 114.5 131
   vertex 155.5 115 132
  endloop
 endfacet
 facet normal 0.70710678118654746 -0.70710678118654746 0
  outer loop
   vertex 156 114.5 132
   vertex 156 114.5 131
   vertex 156.5 115 131
  endloop
 endfacet
 facet normal 0.70710678118654746 -0.70710678118654746 0
  outer loop
   vertex 156.5 115 132
   vertex 156 114.5 132
   vertex 156.5 115 131
  endloop
 endfacet
 facet normal -0.57735026918962584 0.57735026918962584 0.57735026918962584
  outer loop
   vertex 148.5 115 131
   vertex 149 115 131.5
   vertex 149 115.5 131
  endloop
 endfacet
 facet normal 0.57735026918962584 0.57735026918962584 0.57735026918962584
  outer loop
   vertex 149.5 115 131
   vertex 149 115.5 131
   vertex 149 115 131.5
  endloop
 endfacet
 facet normal -0.70710678118654746 -0.70710678118654746 -0
  outer loop
   vertex 151 115.5 131
   vertex 151 115.5 132
   vertex 150.5 116 132
  endloop
 endfacet
 facet normal -0.70710678118654746 -0.70710678118654746 0
  outer loop
   vertex 150.5 116 131
   vertex 151 115.5 131
   vertex 150.5 116 132
  endloop
 endfacet
 facet normal 0.57735026918962584 -0.57735026918962584 0.57735026918962584
  outer loop
   vertex 152 116 131.5
   vertex 151.5 116 132
   vertex 151 115.5 132
  endloop
 endfacet
 facet normal 0.57735026918962584 -0.57735026918962584 0.57735026918962584
  outer loop
   vertex 152 116 131.5
   vertex 151 115.5 132
   vertex 152 115.5 131
  endloop
 endfacet
 facet normal 0 -1 0
  outer loop
   vertex 152 115.5 131
   vertex 151 115.5 132
   vertex 151 115.5 131
  endloop
 endfacet
 facet normal 0 -0.70710678118654746 0.70710678118654746
  outer loop
   vertex 152 115.5 131
   vertex 153 115.5 131
   vertex 153 116 131.5
  endloop
 endfacet
 facet normal 0 -0.70710678118654746 0.70710678118654746
  outer loop
   vertex 152 116 131.5
   vertex 152 115.5 131
   vertex 153 116 131.5
  endloop
 endfacet
 facet normal 0 -0.70710678118654746 0.70710678118654746
  outer loop
   vertex 153 115.5 131
   vertex 154 115.5 131
   vertex 154 116 131.5
  endloop
 endfacet
 facet normal 0 -0.70710678118654746 0.70710678118654746
  outer loop
   vertex 153 116 131.5
   vertex 153 115.5 131
   vertex 154 116 131.5
  endloop
 endfacet
 facet normal -0.57735026918962584 -0.57735026918962584 0.57735026918962584
  outer loop
   vertex 154.5 116 132
   vertex 154 116 131.5
   vertex 154 115.5 131
  endloop
 endfacet
 facet normal -0.57735026918962584 -0.57735026918962584 0.57735026918962584
  outer loop
   vertex 154.5 116 132
   vertex 154 115.5 131
   vertex 155 115.5 132
  endloop
 endfacet
 facet normal 0 -1 0
  outer loop
   vertex 155 115.5 132
   vertex 154 115.5 131
   vertex 155 115.5 131
  endloop
 endfacet
 facet normal 0.70710678118654746 -0.70710678118654746 0
  outer loop
   vertex 155 115.5 131
   vertex 155.5 116 131
   vertex 155.5 116 132
  endloop
 endfacet
 facet normal 0.70710678118654746 -0.70710678118654746 0
  outer loop
   vertex 155 115.5 131
   vertex 155.5 116 132
   vertex 155 115.5 132
  endloop
 endfacet
 facet normal -0.70710678118654746 0.70710678118654746 0
  outer loop
   vertex 156 115.5 131
   vertex 155.5 115 131
   vertex 156 115.5 132
  endloop
 endfacet
 facet normal -0.70710678118654746 0.70710678118654746 0
  outer loop
   vertex 156 115.5 132
   vertex 155.5 115 131
   vertex 155.5 115 132
  endloop
 endfacet
 facet normal 0.70710678118654746 0.70710678118654746 -0
  outer loop
   vertex 156.5 115 132
   vertex 156.5 115 131
   vertex 156 115.5 131
  endloop
 endfacet
 facet normal 0.70710678118654746 0.70710678118654746 0
  outer loop
   vertex 156 115.5 132
   vertex 156.5 115 132
   vertex 156 115.5 131
  endloop
 endfacet
 facet normal -0.70710678118654746 0.70710678118654746 0
  outer loop
   vertex 150.5 116 131
   vertex 150.5 116 132
   vertex 151 116.5 132
  endloop
 endfacet
 facet normal -0.70710678118654746 0.70710678118654746 0
  outer loop
   vertex 151 116.5 131
   vertex 150.5 116 131
   vertex 151 116.5 132
  endloop
 endfacet
 facet normal 0.57735026918962584 0.57735026918962584 0.57735026918962584
  outer loop
   vertex 151.5 116 132
   vertex 152 116 131.5
   vertex 152 116.5 131
  endloop
 endfacet
 facet normal 0.57735026918962584 0.57735026918962584 0.57735026918962584
  outer loop
   vertex 151.5 116 132
   vertex 152 116.5 131
   vertex 151 116.5 132
  endloop
 endfacet
 facet normal 0 1 0
  outer loop
   vertex 151 116.5 132
   vertex 152 116.5 131
   vertex 151 116.5 131
  endloop
 endfacet
 facet normal -0 0.70710678118654746 0.70710678118654746
  outer loop
   vertex 153 116.5 131
   vertex 152 116.5 131
   vertex 152 116 131.5
  endloop
 endfacet
 facet normal 0 0.70710678118654746 0.70710678118654746
  outer loop
   vertex 153 116 131.5
   vertex 153 116.5 131
   vertex 152 116 131.5
  endloop
 endfacet
 facet normal -0 0.70710678118654746 0.70710678118654746
  outer loop
   vertex 154 116.5 131
   vertex 153 116.5 131
   vertex 153 116 131.5
  endloop
 endfacet
 facet normal 0 0.70710678118654746 0.70710678118654746
  outer loop
   vertex 154 116 131.5
   vertex 154 116.5 131
   vertex 153 116 131.5
  endloop
 endfacet
 facet normal -0.57735026918962584 0.57735026918962584 0.57735026918962584
  outer loop
   vertex 154 116 131.5
   vertex 154.5 116 132
   vertex 155 116.5 132
  endloop
 endfacet
 facet normal -0.57735026918962584 0.57735026918962584 0.57735026918962584
  outer loop
   vertex 154 116 131.5
   vertex 155 116.5 132
   vertex 154 116.5 131
  endloop
 endfacet
 facet normal 0 1 0
  outer loop
   vertex 154 116.5 131
   vertex 155 116.5 132
   vertex 155 116.5 131
  endloop
 endfacet
 facet normal 0.70710678118654746 0.70710678118654746 -0
  outer loop
   vertex 155.5 116 132
   vertex 155.5 116 131
   vertex 155 116.5 131
  endloop
 endfacet
 facet normal 0.70710678118654746 0.70710678118654746 0
  outer loop
   vertex 155 116.5 132
   vertex 155.5 116 132
   vertex 155 116.5 131
  endloop
 endfacet
 facet normal -0.57735026918962584 -0.57735026918962584 0.57735026918962584
  outer loop
   vertex 147 86.5 132
   vertex 147 87 132.5
   vertex 146.5 87 132
  endloop
 endfacet
 facet normal 0 -0.70710678118654746 0.70710678118654746
  outer loop
   vertex 147 86.5 132
   vertex 148 86.5 132
   vertex 148 87 132.5
  endloop
 endfacet
 facet normal 0 -0.70710678118654746 0.70710678118654746
  outer loop
   vertex 147 87 132.5
   vertex 147 86.5 132
   vertex 148 87 132.5
  endloop
 endfacet
 facet normal 0.57735026918962584 -0.57735026918962584 0.57735026918962584
  outer loop
   vertex 148 86.5 132
   vertex 148.5 87 132
   vertex 148 87 132.5
  endloop
 endfacet
 facet normal -0.57735026918962584 -0.57735026918962584 -0.57735026918962584
  outer loop
   vertex 151 87 132.5
   vertex 151 86.5 133
   vertex 150.5 87 133
  endloop
 endfacet
 facet normal 0.57735026918962584 -0.57735026918962584 -0.57735026918962584
  outer loop
   vertex 151 86.5 133
   vertex 151 87 132.5
   vertex 151.5 87 133
  endloop
 endfacet
 facet normal -0.57735026918962584 0.57735026918962584 0.57735026918962584
  outer loop
   vertex 146.5 87 132
   vertex 147 87 132.5
   vertex 147 87.5 132
  endloop
 endfacet
 facet normal -0.57735026918962584 0.57735026918962584 0.57735026918962584
  outer loop
   vertex 147.5 88 132
   vertex 147 87.5 132
   vertex 147 87 132.5
  endloop
 endfacet
 facet normal -0.57735026918962584 0.57735026918962584 0.57735026918962584
  outer loop
   vertex 147.5 88 132
   vertex 147 87 132.5
   vertex 148 88 132.5
  endloop
 endfacet
 facet normal 0 0 1
  outer loop
   vertex 148 88 132.5
   vertex 147 87 132.5
   vertex 148 87 132.5
  endloop
 endfacet
 facet normal 0.57735026918962584 -0.57735026918962584 0.57735026918962584
  outer loop
   vertex 148.5 87 132
   vertex 149 87.5 132
   vertex 149 88 132.5
  endloop
 endfacet
 facet normal 0.57735026918962584 -0.57735026918962584 0.57735026918962584
  outer loop
   vertex 148.5 87 132
   vertex 149 88 132.5
   vertex 148 87 132.5
  endloop
 endfacet
 facet normal 0 0 1
  outer loop
   vertex 148 87 132.5
   vertex 149 88 132.5
   vertex 148 88 132.5
  endloop
 endfacet
 facet normal -0.57735026918962584 -0.57735026918962584 0.57735026918962584
  outer loop
   vertex 149.5 88 133
   vertex 149 88 132.5
   vertex 149 87.5 132
  endloop
 endfacet
 facet normal -0.57735026918962584 -0.57735026918962584 0.57735026918962584
  outer loop
   vertex 149.5 88 133
   vertex 149 87.5 132
   vertex 150 87.5 133
  endloop
 endfacet
 facet normal 0 -1 0
  outer loop
   vertex 150 87.5 133
   vertex 149 87.5 132
   vertex 150 87.5 132
  endloop
 endfacet
 facet normal -0.57735026918962584 -0.57735026918962584 -0.57735026918962584
  outer loop
   vertex 150.5 87 133
   vertex 151 87.5 132
   vertex 151 87 132.5
  endloop
 endfacet
 facet normal -0.57735026918962584 -0.57735026918962584 -0.57735026918962584
  outer loop
   vertex 150.5 87 133
   vertex 150 87.5 133
   vertex 151 87.5 132
  endloop
 endfacet
 facet normal 0 -1 0
  outer loop
   vertex 150 87.5 133
   vertex 150 87.5 132
   vertex 151 87.5 132
  endloop
 endfacet
 facet normal 0.57735026918962584 -0.57735026918962584 -0.57735026918962584
  outer loop
   vertex 151 87 132.5
   vertex 151 87.5 132
   vertex 151.5 88 132
  endloop
 endfacet
 facet normal 0.57735026918962584 -0.57735026918962584 -0.57735026918962584
  outer loop
   vertex 151 87 132.5
   vertex 151.5 88 132
   vertex 151.5 87 133
  endloop
 endfacet
 facet normal 1 0 -0
  outer loop
   vertex 151.5 87 133
   vertex 151.5 88 132
   vertex 151.5 88 133
  endloop
 endfacet
 facet normal -0.57735026918962584 0.57735026918962584 0.57735026918962584
  outer loop
   vertex 147.5 88 132
   vertex 148 88 132.5
   vertex 148 88.5 132
  endloop
 endfacet
 facet normal 0 -0.70710678118654746 0.70710678118654746
  outer loop
   vertex 149 88.5 133
   vertex 148 88 132.5
   vertex 149 88 132.5
  endloop
 endfacet
 facet normal -0.57735026918962573 0.57735026918962573 0.57735026918962573
  outer loop
   vertex 149 88.5 133
   vertex 148.5 89 132
   vertex 148 88 132.5
  endloop
 endfacet
 facet normal -0.70710678118654746 -0.70710678118654746 -0
  outer loop
   vertex 149 88.5 133
   vertex 148.5 89 133
   vertex 148.5 89 132
  endloop
 endfacet
 facet normal -0.57735026918962584 0.57735026918962584 0.57735026918962584
  outer loop
   vertex 148 88.5 132
   vertex 148 88 132.5
   vertex 148.5 89 132
  endloop
 endfacet
 facet normal -0.57735026918962584 -0.57735026918962584 0.57735026918962584
  outer loop
   vertex 149.5 88 133
   vertex 149 88.5 133
   vertex 149 88 132.5
  endloop
 endfacet
 facet normal 0.57735026918962584 -0.57735026918962584 0.57735026918962584
  outer loop
   vertex 152 89 132.5
   vertex 151.5 88 132
   vertex 152 88.5 132
  endloop
 endfacet
 facet normal 0.57735026918962584 -0.57735026918962584 0.57735026918962584
  outer loop
   vertex 152 89 132.5
   vertex 151.5 89 133
   vertex 151.5 88 132
  endloop
 endfacet
 facet normal 1 -0 0
  outer loop
   vertex 151.5 89 133
   vertex 151.5 88 133
   vertex 151.5 88 132
  endloop
 endfacet
 facet normal 0.57735026918962584 -0.57735026918962584 0.57735026918962584
  outer loop
   vertex 152 88.5 132
   vertex 152.5 89 132
   vertex 152 89 132.5
  endloop
 endfacet
 facet normal -1 0 0
  outer loop
   vertex 148.5 89 132
   vertex 148.5 89 133
   vertex 148.5 90 132
  endloop
 endfacet
 facet normal -1 -0 -0
  outer loop
   vertex 148.5 89 133
   vertex 148.5 90 133
   vertex 148.5 90 132
  endloop
 endfacet
 facet normal 0.57735026918962584 -0.57735026918962584 0.57735026918962584
  outer loop
   vertex 152 89 132.5
   vertex 152 89.5 133
   vertex 151.5 89 133
  endloop
 endfacet
 facet normal 0.57735026918962584 -0.57735026918962584 0.57735026918962584
  outer loop
   vertex 152 89.5 133
   vertex 152 89 132.5
   vertex 152.5 89 132
  endloop
 endfacet
 facet normal 0.57735026918962584 -0.57735026918962584 0.57735026918962584
  outer loop
   vertex 152 89.5 133
   vertex 152.5 89 132
   vertex 152.5 90 133
  endloop
 endfacet
 facet normal 1 0 0
  outer loop
   vertex 152.5 90 133
   vertex 152.5 89 132
   vertex 152.5 90 132
  endloop
 endfacet
 facet normal -1 0 0
  outer loop
   vertex 148.5 90 132
   vertex 148.5 90 133
   vertex 148.5 91 132
  endloop
 endfacet
 facet normal -1 -0 -0
  outer loop
   vertex 148.5 90 133
   vertex 148.5 91 133
   vertex 148.5 91 132
  endloop
 endfacet
 facet normal 0.57735026918962584 -0.57735026918962584 0.57735026918962584
  outer loop
   vertex 153 91 132.5
   vertex 152.5 90 132
   vertex 153 90.5 132
  endloop
 endfacet
 facet normal 0.57735026918962584 -0.57735026918962584 0.57735026918962584
  outer loop
   vertex 153 91 132.5
   vertex 152.5 91 133
   vertex 152.5 90 132
  endloop
 endfacet
 facet normal 1 -0 0
  outer loop
   vertex 152.5 91 133
   vertex 152.5 90 133
   vertex 152.5 90 132
  endloop
 endfacet
 facet normal 0.57735026918962584 -0.57735026918962584 0.57735026918962584
  outer loop
   vertex 153 90.5 132
   vertex 153.5 91 132
   vertex 153 91 132.5
  endloop
 endfacet
 facet normal -1 0 0
  outer loop
   vertex 148.5 91 132
   vertex 148.5 91 133
   vertex 148.5 92 132
  endloop
 endfacet
 facet normal -1 -0 -0
  outer loop
   vertex 148.5 91 133
   vertex 148.5 92 133
   vertex 148.5 92 132
  endloop
 endfacet
 facet normal 0.70710678118654746 0 0.70710678118654746
  outer loop
   vertex 153 92 132.5
   vertex 152.5 91 133
   vertex 153 91 132.5
  endloop
 endfacet
 facet normal 0.70710678118654746 -0 0.70710678118654746
  outer loop
   vertex 152.5 92 133
   vertex 152.5 91 133
   vertex 153 92 132.5
  endloop
 endfacet
 facet normal 0.70710678118654746 0 0.70710678118654746
  outer loop
   vertex 153.5 91 132
   vertex 153.5 92 132
   vertex 153 92 132.5
  endloop
 endfacet
 facet normal 0.70710678118654746 0 0.70710678118654746
  outer loop
   vertex 153 91 132.5
   vertex 153.5 91 132
   vertex 153 92 132.5
  endloop
 endfacet
 facet normal -0.57735026918962584 -0.57735026918962584 -0.57735026918962584
  outer loop
   vertex 162 92 132.5
   vertex 162 91.5 133
   vertex 161.5 92 133
  endloop
 endfacet
 facet normal 0.57735026918962584 -0.57735026918962584 -0.57735026918962584
  outer loop
   vertex 162 91.5 133
   vertex 162 92 132.5
   vertex 162.5 92 133
  endloop
 endfacet
 facet normal -0.57735026918962584 -0.57735026918962584 -0.57735026918962584
  outer loop
   vertex 148 93 132.5
   vertex 148 92.5 133
   vertex 147.5 93 133
  endloop
 endfacet
 facet normal -0.57735026918962584 -0.57735026918962584 -0.57735026918962584
  outer loop
   vertex 148 93 132.5
   vertex 148.5 92 133
   vertex 148 92.5 133
  endloop
 endfacet
 facet normal -0.57735026918962584 -0.57735026918962584 -0.57735026918962584
  outer loop
   vertex 148 93 132.5
   vertex 148.5 93 132
   vertex 148.5 92 133
  endloop
 endfacet
 facet normal -1 0 0
  outer loop
   vertex 148.5 93 132
   vertex 148.5 92 132
   vertex 148.5 92 133
  endloop
 endfacet
 facet normal 0.70710678118654746 0 0.70710678118654746
  outer loop
   vertex 153 93 132.5
   vertex 152.5 92 133
   vertex 153 92 132.5
  endloop
 endfacet
 facet normal 0.70710678118654746 -0 0.70710678118654746
  outer loop
   vertex 152.5 93 133
   vertex 152.5 92 133
   vertex 153 93 132.5
  endloop
 endfacet
 facet normal 0.57735026918962584 -0.57735026918962584 0.57735026918962584
  outer loop
   vertex 153.5 92 132
   vertex 154 92.5 132
   vertex 154 93 132.5
  endloop
 endfacet
 facet normal 0.57735026918962584 -0.57735026918962584 0.57735026918962584
  outer loop
   vertex 153.5 92 132
   vertex 154 93 132.5
   vertex 153 92 132.5
  endloop
 endfacet
 facet normal 0 0 1
  outer loop
   vertex 153 92 132.5
   vertex 154 93 132.5
   vertex 153 93 132.5
  endloop
 endfacet
 facet normal 0.57735026918962584 -0.57735026918962584 0.57735026918962584
  outer loop
   vertex 154 92.5 132
   vertex 154.5 93 132
   vertex 154 93 132.5
  endloop
 endfacet
 facet normal -0.57735026918962584 -0.57735026918962584 -0.57735026918962584
  outer loop
   vertex 157 93 132.5
   vertex 157 92.5 133
   vertex 156.5 93 133
  endloop
 endfacet
 facet normal -0 -0.70710678118654746 -0.70710678118654746
  outer loop
   vertex 157 93 132.5
   vertex 158 93 132.5
   vertex 158 92.5 133
  endloop
 endfacet
 facet normal 0 -0.70710678118654746 -0.70710678118654746
  outer loop
   vertex 157 92.5 133
   vertex 157 93 132.5
   vertex 158 92.5 133
  endloop
 endfacet
 facet normal 0.57735026918962584 -0.57735026918962584 -0.57735026918962584
  outer loop
   vertex 158 92.5 133
   vertex 158 93 132.5
   vertex 158.5 93 133
  endloop
 endfacet
 facet normal -0.57735026918962584 0.57735026918962584 -0.57735026918962584
  outer loop
   vertex 162 92 132.5
   vertex 161.5 92 133
   vertex 162 92.5 133
  endloop
 endfacet
 facet normal 0.57735026918962584 0.57735026918962584 -0.57735026918962584
  outer loop
   vertex 162.5 92 133
   vertex 162 92 132.5
   vertex 162 92.5 133
  endloop
 endfacet
 facet normal -0.70710678118654746 0 -0.70710678118654746
  outer loop
   vertex 148 94 132.5
   vertex 148 93 132.5
   vertex 147.5 93 133
  endloop
 endfacet
 facet normal -0.70710678118654746 0 -0.70710678118654746
  outer loop
   vertex 147.5 94 133
   vertex 148 94 132.5
   vertex 147.5 93 133
  endloop
 endfacet
 facet normal -0.70710678118654746 0 -0.70710678118654746
  outer loop
   vertex 148.5 93 132
   vertex 148 94 132.5
   vertex 148.5 94 132
  endloop
 endfacet
 facet normal -0.70710678118654746 -0 -0.70710678118654746
  outer loop
   vertex 148 93 132.5
   vertex 148 94 132.5
   vertex 148.5 93 132
  endloop
 endfacet
 facet normal 0.57735026918962584 0.57735026918962584 0.57735026918962584
  outer loop
   vertex 152 94 132.5
   vertex 151.5 94 133
   vertex 152 93.5 133
  endloop
 endfacet
 facet normal 0.57735026918962584 0.57735026918962584 0.57735026918962584
  outer loop
   vertex 152.5 93 133
   vertex 152 94 132.5
   vertex 152 93.5 133
  endloop
 endfacet
 facet normal 0.57735026918962584 0.57735026918962584 0.57735026918962584
  outer loop
   vertex 152.5 93 133
   vertex 153 93 132.5
   vertex 152 94 132.5
  endloop
 endfacet
 facet normal 0 0 1
  outer loop
   vertex 153 93 132.5
   vertex 153 94 132.5
   vertex 152 94 132.5
  endloop
 endfacet
 facet normal 0.57735026918962584 0.57735026918962584 0.57735026918962584
  outer loop
   vertex 154 93.5 132
   vertex 153.5 94 132
   vertex 153 94 132.5
  endloop
 endfacet
 facet normal 0.57735026918962584 0.57735026918962584 0.57735026918962584
  outer loop
   vertex 154 93.5 132
   vertex 153 94 132.5
   vertex 154 93 132.5
  endloop
 endfacet
 facet normal 0 0 1
  outer loop
   vertex 154 93 132.5
   vertex 153 94 132.5
   vertex 153 93 132.5
  endloop
 endfacet
 facet normal 0.57735026918962584 0.57735026918962584 0.57735026918962584
  outer loop
   vertex 154.5 93 132
   vertex 154 93.5 132
   vertex 154 93 132.5
  endloop
 endfacet
 facet normal -0.57735026918962584 0.57735026918962584 -0.57735026918962584
  outer loop
   vertex 157 93 132.5
   vertex 156.5 93 133
   vertex 157 93.5 133
  endloop
 endfacet
 facet normal 0 0.70710678118654746 -0.70710678118654746
  outer loop
   vertex 158 93 132.5
   vertex 157 93 132.5
   vertex 157 93.5 133
  endloop
 endfacet
 facet normal 0 0.70710678118654746 -0.70710678118654746
  outer loop
   vertex 158 93.5 133
   vertex 158 93 132.5
   vertex 157 93.5 133
  endloop
 endfacet
 facet normal 0.57735026918962584 0.57735026918962584 -0.57735026918962584
  outer loop
   vertex 158.5 93 133
   vertex 158 93 132.5
   vertex 158 93.5 133
  endloop
 endfacet
 facet normal -0.57735026918962584 -0.57735026918962584 -0.57735026918962584
  outer loop
   vertex 146 95 132.5
   vertex 146 94.5 133
   vertex 145.5 95 133
  endloop
 endfacet
 facet normal -0.57735026918962584 -0.57735026918962584 -0.57735026918962584
  outer loop
   vertex 146 95 132.5
   vertex 146.5 95 132
   vertex 147 94.5 132
  endloop
 endfacet
 facet normal -0.57735026918962584 -0.57735026918962584 -0.57735026918962584
  outer loop
   vertex 146 95 132.5
   vertex 147 94.5 132
   vertex 146 94.5 133
  endloop
 endfacet
 facet normal 0 -1 0
  outer loop
   vertex 146 94.5 133
   vertex 147 94.5 132
   vertex 147 94.5 133
  endloop
 endfacet
 facet normal -0.57735026918962584 -0.57735026918962584 -0.57735026918962584
  outer loop
   vertex 147.5 94 133
   vertex 148 94.5 132
   vertex 148 94 132.5
  endloop
 endfacet
 facet normal -0.57735026918962584 -0.57735026918962584 -0.57735026918962584
  outer loop
   vertex 147.5 94 133
   vertex 147 94.5 133
   vertex 148 94.5 132
  endloop
 endfacet
 facet normal 0 -1 0
  outer loop
   vertex 147 94.5 133
   vertex 147 94.5 132
   vertex 148 94.5 132
  endloop
 endfacet
 facet normal -0.57735026918962584 -0.57735026918962584 -0.57735026918962584
  outer loop
   vertex 148.5 94 132
   vertex 148 94 132.5
   vertex 148 94.5 132
  endloop
 endfacet
 facet normal 0.70710678118654746 0 0.70710678118654746
  outer loop
   vertex 152 95 132.5
   vertex 151.5 94 133
   vertex 152 94 132.5
  endloop
 endfacet
 facet normal 0.70710678118654746 -0 0.70710678118654746
  outer loop
   vertex 151.5 95 133
   vertex 151.5 94 133
   vertex 152 95 132.5
  endloop
 endfacet
 facet normal 0 0 1
  outer loop
   vertex 153 94 132.5
   vertex 153 95 132.5
   vertex 152 94 132.5
  endloop
 endfacet
 facet normal -0 0 1
  outer loop
   vertex 153 95 132.5
   vertex 152 95 132.5
   vertex 152 94 132.5
  endloop
 endfacet
 facet normal 0.70710678118654746 0 0.70710678118654746
  outer loop
   vertex 153.5 94 132
   vertex 153.5 95 132
   vertex 153 95 132.5
  endloop
 endfacet
 facet normal 0.70710678118654746 0 0.70710678118654746
  outer loop
   vertex 153 94 132.5
   vertex 153.5 94 132
   vertex 153 95 132.5
  endloop
 endfacet
 facet normal -0.57735026918962584 -0.57735026918962584 -0.57735026918962584
  outer loop
   vertex 146 95.5 132
   vertex 146 95 132.5
   vertex 145.5 95 133
  endloop
 endfacet
 facet normal -0.57735026918962584 -0.57735026918962584 -0.57735026918962584
  outer loop
   vertex 146 95.5 132
   vertex 145.5 95 133
   vertex 145.5 96 132
  endloop
 endfacet
 facet normal -1 0 0
  outer loop
   vertex 145.5 96 132
   vertex 145.5 95 133
   vertex 145.5 96 133
  endloop
 endfacet
 facet normal -0.57735026918962584 -0.57735026918962584 -0.57735026918962584
  outer loop
   vertex 146.5 95 132
   vertex 146 95 132.5
   vertex 146 95.5 132
  endloop
 endfacet
 facet normal 0.57735026918962584 0.57735026918962584 0.57735026918962584
  outer loop
   vertex 151 96 132.5
   vertex 150.5 96 133
   vertex 151 95.5 133
  endloop
 endfacet
 facet normal 0.57735026918962584 0.57735026918962584 0.57735026918962584
  outer loop
   vertex 151.5 95 133
   vertex 151 96 132.5
   vertex 151 95.5 133
  endloop
 endfacet
 facet normal 0.57735026918962584 0.57735026918962584 0.57735026918962584
  outer loop
   vertex 151.5 95 133
   vertex 152 95 132.5
   vertex 151 96 132.5
  endloop
 endfacet
 facet normal 0 0 1
  outer loop
   vertex 152 95 132.5
   vertex 152 96 132.5
   vertex 151 96 132.5
  endloop
 endfacet
 facet normal 0.57735026918962584 0.57735026918962584 0.57735026918962584
  outer loop
   vertex 153 95.5 132
   vertex 152.5 96 132
   vertex 152 96 132.5
  endloop
 endfacet
 facet normal 0.57735026918962584 0.57735026918962584 0.57735026918962584
  outer loop
   vertex 153 95.5 132
   vertex 152 96 132.5
   vertex 153 95 132.5
  endloop
 endfacet
 facet normal 0 0 1
  outer loop
   vertex 153 95 132.5
   vertex 152 96 132.5
   vertex 152 95 132.5
  endloop
 endfacet
 facet normal 0.57735026918962584 0.57735026918962584 0.57735026918962584
  outer loop
   vertex 153.5 95 132
   vertex 153 95.5 132
   vertex 153 95 132.5
  endloop
 endfacet
 facet normal -0.57735026918962584 -0.57735026918962584 -0.57735026918962584
  outer loop
   vertex 143 97 132.5
   vertex 143 96.5 133
   vertex 142.5 97 133
  endloop
 endfacet
 facet normal -0 -0.70710678118654746 -0.70710678118654746
  outer loop
   vertex 143 97 132.5
   vertex 144 97 132.5
   vertex 144 96.5 133
  endloop
 endfacet
 facet normal 0 -0.70710678118654746 -0.70710678118654746
  outer loop
   vertex 143 96.5 133
   vertex 143 97 132.5
   vertex 144 96.5 133
  endloop
 endfacet
 facet normal -0.57735026918962584 -0.57735026918962584 -0.57735026918962584
  outer loop
   vertex 144 97 132.5
   vertex 144.5 97 132
   vertex 145 96.5 132
  endloop
 endfacet
 facet normal -0.57735026918962584 -0.57735026918962584 -0.57735026918962584
  outer loop
   vertex 144 97 132.5
   vertex 145 96.5 132
   vertex 144 96.5 133
  endloop
 endfacet
 facet normal 0 -1 0
  outer loop
   vertex 144 96.5 133
   vertex 145 96.5 132
   vertex 145 96.5 133
  endloop
 endfacet
 facet normal -0.70710678118654746 -0.70710678118654746 0
  outer loop
   vertex 145.5 96 133
   vertex 145 96.5 132
   vertex 145.5 96 132
  endloop
 endfacet
 facet normal -0.70710678118654746 -0.70710678118654746 0
  outer loop
   vertex 145 96.5 133
   vertex 145 96.5 132
   vertex 145.5 96 133
  endloop
 endfacet
 facet normal 0.57735026918962584 0.57735026918962584 0.57735026918962584
  outer loop
   vertex 150 97 132.5
   vertex 149.5 97 133
   vertex 150 96.5 133
  endloop
 endfacet
 facet normal 0.57735026918962584 0.57735026918962584 0.57735026918962584
  outer loop
   vertex 150.5 96 133
   vertex 150 97 132.5
   vertex 150 96.5 133
  endloop
 endfacet
 facet normal 0.57735026918962584 0.57735026918962584 0.57735026918962584
  outer loop
   vertex 150.5 96 133
   vertex 151 96 132.5
   vertex 150 97 132.5
  endloop
 endfacet
 facet normal 0 0 1
  outer loop
   vertex 151 96 132.5
   vertex 151 97 132.5
   vertex 150 97 132.5
  endloop
 endfacet
 facet normal 0.57735026918962584 0.57735026918962584 0.57735026918962584
  outer loop
   vertex 152 96.5 132
   vertex 151.5 97 132
   vertex 151 97 132.5
  endloop
 endfacet
 facet normal 0.57735026918962584 0.57735026918962584 0.57735026918962584
  outer loop
   vertex 152 96.5 132
   vertex 151 97 132.5
   vertex 152 96 132.5
  endloop
 endfacet
 facet normal 0 0 1
  outer loop
   vertex 152 96 132.5
   vertex 151 97 132.5
   vertex 151 96 132.5
  endloop
 endfacet
 facet normal 0.57735026918962584 0.57735026918962584 0.57735026918962584
  outer loop
   vertex 152.5 96 132
   vertex 152 96.5 132
   vertex 152 96 132.5
  endloop
 endfacet
 facet normal -0.57735026918962584 -0.57735026918962584 -0.57735026918962584
  outer loop
   vertex 141 98 132.5
   vertex 141 97.5 133
   vertex 140.5 98 133
  endloop
 endfacet
 facet normal -0 -0.70710678118654746 -0.70710678118654746
  outer loop
   vertex 141 98 132.5
   vertex 142 98 132.5
   vertex 142 97.5 133
  endloop
 endfacet
 facet normal 0 -0.70710678118654746 -0.70710678118654746
  outer loop
   vertex 141 97.5 133
   vertex 141 98 132.5
   vertex 142 97.5 133
  endloop
 endfacet
 facet normal -0.57735026918962584 -0.57735026918962584 -0.57735026918962584
  outer loop
   vertex 142.5 97 133
   vertex 142 97.5 133
   vertex 142 98 132.5
  endloop
 endfacet
 facet normal -0.57735026918962584 -0.57735026918962584 -0.57735026918962584
  outer loop
   vertex 142.5 97 133
   vertex 142 98 132.5
   vertex 143 97 132.5
  endloop
 endfacet
 facet normal 0 0 -1
  outer loop
   vertex 143 97 132.5
   vertex 142 98 132.5
   vertex 143 98 132.5
  endloop
 endfacet
 facet normal 0 0 -1
  outer loop
   vertex 144 97 132.5
   vertex 143 97 132.5
   vertex 144 98 132.5
  endloop
 endfacet
 facet normal 0 0 -1
  outer loop
   vertex 144 98 132.5
   vertex 143 97 132.5
   vertex 143 98 132.5
  endloop
 endfacet
 facet normal -0.57735026918962584 0.57735026918962584 -0.57735026918962584
  outer loop
   vertex 144.5 97 132
   vertex 145 98 132.5
   vertex 145 97.5 132
  endloop
 endfacet
 facet normal -0.57735026918962584 0.57735026918962584 -0.57735026918962584
  outer loop
   vertex 144.5 97 132
   vertex 144 97 132.5
   vertex 145 98 132.5
  endloop
 endfacet
 facet normal 0 0 -1
  outer loop
   vertex 144 97 132.5
   vertex 144 98 132.5
   vertex 145 98 132.5
  endloop
 endfacet
 facet normal -0.57735026918962584 0.57735026918962584 -0.57735026918962584
  outer loop
   vertex 145 97.5 132
   vertex 145 98 132.5
   vertex 145.5 98 132
  endloop
 endfacet
 facet normal 0.70710678118654746 0 0.70710678118654746
  outer loop
   vertex 150 98 132.5
   vertex 149.5 97 133
   vertex 150 97 132.5
  endloop
 endfacet
 facet normal 0.70710678118654746 -0 0.70710678118654746
  outer loop
   vertex 149.5 98 133
   vertex 149.5 97 133
   vertex 150 98 132.5
  endloop
 endfacet
 facet normal 0.57735026918962584 0.57735026918962584 0.57735026918962584
  outer loop
   vertex 151 97.5 132
   vertex 150.5 98 132
   vertex 150 98 132.5
  endloop
 endfacet
 facet normal 0.57735026918962584 0.57735026918962584 0.57735026918962584
  outer loop
   vertex 151 97.5 132
   vertex 150 98 132.5
   vertex 151 97 132.5
  endloop
 endfacet
 facet normal 0 0 1
  outer loop
   vertex 151 97 132.5
   vertex 150 98 132.5
   vertex 150 97 132.5
  endloop
 endfacet
 facet normal 0.57735026918962584 0.57735026918962584 0.57735026918962584
  outer loop
   vertex 151.5 97 132
   vertex 151 97.5 132
   vertex 151 97 132.5
  endloop
 endfacet
 facet normal -0.57735026918962584 -0.57735026918962584 -0.57735026918962584
  outer loop
   vertex 140 99 132.5
   vertex 140 98.5 133
   vertex 139.5 99 133
  endloop
 endfacet
 facet normal -0.57735026918962584 -0.57735026918962584 -0.57735026918962584
  outer loop
   vertex 140.5 98 133
   vertex 140 98.5 133
   vertex 140 99 132.5
  endloop
 endfacet
 facet normal -0.57735026918962584 -0.57735026918962584 -0.57735026918962584
  outer loop
   vertex 141 98 132.5
   vertex 140.5 98 133
   vertex 140 99 132.5
  endloop
 endfacet
 facet normal -0.57735026918962584 -0.57735026918962584 -0.57735026918962584
  outer loop
   vertex 141 98 132.5
   vertex 140 99 132.5
   vertex 140.5 99 132
  endloop
 endfacet
 facet normal -0.57735026918962584 -0.57735026918962584 -0.57735026918962584
  outer loop
   vertex 141 98 132.5
   vertex 140.5 99 132
   vertex 141 98.5 132
  endloop
 endfacet
 facet normal 0 -0.70710678118654746 -0.70710678118654746
  outer loop
   vertex 142 98.5 132
   vertex 141 98 132.5
   vertex 141 98.5 132
  endloop
 endfacet
 facet normal 0 -0.70710678118654746 -0.70710678118654746
  outer loop
   vertex 142 98 132.5
   vertex 141 98 132.5
   vertex 142 98.5 132
  endloop
 endfacet
 facet normal 0 -0.70710678118654746 -0.70710678118654746
  outer loop
   vertex 143 98.5 132
   vertex 142 98 132.5
   vertex 142 98.5 132
  endloop
 endfacet
 facet normal 0 -0.70710678118654746 -0.70710678118654746
  outer loop
   vertex 143 98 132.5
   vertex 142 98 132.5
   vertex 143 98.5 132
  endloop
 endfacet
 facet normal 0 -0.70710678118654746 -0.70710678118654746
  outer loop
   vertex 144 98.5 132
   vertex 143 98 132.5
   vertex 143 98.5 132
  endloop
 endfacet
 facet normal 0 -0.70710678118654746 -0.70710678118654746
  outer loop
   vertex 144 98 132.5
   vertex 143 98 132.5
   vertex 144 98.5 132
  endloop
 endfacet
 facet normal 0 -0.70710678118654746 -0.70710678118654746
  outer loop
   vertex 145 98.5 132
   vertex 144 98 132.5
   vertex 144 98.5 132
  endloop
 endfacet
 facet normal 0 -0.70710678118654746 -0.70710678118654746
  outer loop
   vertex 145 98 132.5
   vertex 144 98 132.5
   vertex 145 98.5 132
  endloop
 endfacet
 facet normal -0.57735026918962584 -0.57735026918962584 -0.57735026918962584
  outer loop
   vertex 145.5 98 132
   vertex 145 98 132.5
   vertex 145 98.5 132
  endloop
 endfacet
 facet normal 0.57735026918962584 0.57735026918962584 0.57735026918962584
  outer loop
   vertex 149 99 132.5
   vertex 148.5 99 133
   vertex 149 98.5 133
  endloop
 endfacet
 facet normal 0.57735026918962584 0.57735026918962584 0.57735026918962584
  outer loop
   vertex 149.5 98 133
   vertex 149 99 132.5
   vertex 149 98.5 133
  endloop
 endfacet
 facet normal 0.57735026918962584 0.57735026918962584 0.57735026918962584
  outer loop
   vertex 150 98 132.5
   vertex 149 99 132.5
   vertex 149.5 98 133
  endloop
 endfacet
 facet normal 0.57735026918962584 0.57735026918962584 0.57735026918962584
  outer loop
   vertex 150 98 132.5
   vertex 149.5 99 132
   vertex 149 99 132.5
  endloop
 endfacet
 facet normal 0.57735026918962584 0.57735026918962584 0.57735026918962584
  outer loop
   vertex 150 98 132.5
   vertex 150 98.5 132
   vertex 149.5 99 132
  endloop
 endfacet
 facet normal 0.57735026918962584 0.57735026918962584 0.57735026918962584
  outer loop
   vertex 150.5 98 132
   vertex 150 98.5 132
   vertex 150 98 132.5
  endloop
 endfacet
 facet normal -0.57735026918962584 -0.57735026918962584 -0.57735026918962584
  outer loop
   vertex 136 100 132.5
   vertex 136 99.5 133
   vertex 135.5 100 133
  endloop
 endfacet
 facet normal 0.57735026918962584 -0.57735026918962584 -0.57735026918962584
  outer loop
   vertex 136 99.5 133
   vertex 136 100 132.5
   vertex 136.5 100 133
  endloop
 endfacet
 facet normal -0.57735026918962584 -0.57735026918962584 0.57735026918962584
  outer loop
   vertex 140 99.5 132
   vertex 140 100 132.5
   vertex 139.5 100 132
  endloop
 endfacet
 facet normal -0.57735026918962584 0.57735026918962584 -0.57735026918962584
  outer loop
   vertex 140 99 132.5
   vertex 139.5 99 133
   vertex 140 99.5 133
  endloop
 endfacet
 facet normal 0 -0.44721359549995793 0.89442719099991586
  outer loop
   vertex 140 100 132.5
   vertex 140.5 99 132
   vertex 141 100 132.5
  endloop
 endfacet
 facet normal -0.57735026918962584 -0.57735026918962584 0.57735026918962584
  outer loop
   vertex 140 100 132.5
   vertex 140 99.5 132
   vertex 140.5 99 132
  endloop
 endfacet
 facet normal -0.90453403373329089 0.30151134457776363 0.30151134457776363
  outer loop
   vertex 141 100 132.5
   vertex 140.5 99 132
   vertex 141 99.5 133
  endloop
 endfacet
 facet normal -0.57735026918962584 0.57735026918962584 -0.57735026918962584
  outer loop
   vertex 140 99 132.5
   vertex 140 99.5 133
   vertex 140.5 99 132
  endloop
 endfacet
 facet normal 0 0.89442719099991586 -0.44721359549995793
  outer loop
   vertex 141 99.5 133
   vertex 140.5 99 132
   vertex 140 99.5 133
  endloop
 endfacet
 facet normal 0 0.70710678118654746 0.70710678118654746
  outer loop
   vertex 141 100 132.5
   vertex 142 99.5 133
   vertex 142 100 132.5
  endloop
 endfacet
 facet normal 0 0.70710678118654746 0.70710678118654746
  outer loop
   vertex 141 99.5 133
   vertex 142 99.5 133
   vertex 141 100 132.5
  endloop
 endfacet
 facet normal 0 0.70710678118654746 0.70710678118654746
  outer loop
   vertex 142 100 132.5
   vertex 143 99.5 133
   vertex 143 100 132.5
  endloop
 endfacet
 facet normal 0 0.70710678118654746 0.70710678118654746
  outer loop
   vertex 142 99.5 133
   vertex 143 99.5 133
   vertex 142 100 132.5
  endloop
 endfacet
 facet normal 0 0.70710678118654746 0.70710678118654746
  outer loop
   vertex 143 100 132.5
   vertex 144 99.5 133
   vertex 144 100 132.5
  endloop
 endfacet
 facet normal 0 0.70710678118654746 0.70710678118654746
  outer loop
   vertex 143 99.5 133
   vertex 144 99.5 133
   vertex 143 100 132.5
  endloop
 endfacet
 facet normal 0 0.70710678118654746 0.70710678118654746
  outer loop
   vertex 144 100 132.5
   vertex 145 99.5 133
   vertex 145 100 132.5
  endloop
 endfacet
 facet normal 0 0.70710678118654746 0.70710678118654746
  outer loop
   vertex 144 99.5 133
   vertex 145 99.5 133
   vertex 144 100 132.5
  endloop
 endfacet
 facet normal 0 0.70710678118654746 0.70710678118654746
  outer loop
   vertex 145 100 132.5
   vertex 146 99.5 133
   vertex 146 100 132.5
  endloop
 endfacet
 facet normal 0 0.70710678118654746 0.70710678118654746
  outer loop
   vertex 145 99.5 133
   vertex 146 99.5 133
   vertex 145 100 132.5
  endloop
 endfacet
 facet normal 0 0.70710678118654746 0.70710678118654746
  outer loop
   vertex 146 100 132.5
   vertex 147 99.5 133
   vertex 147 100 132.5
  endloop
 endfacet
 facet normal 0 0.70710678118654746 0.70710678118654746
  outer loop
   vertex 146 99.5 133
   vertex 147 99.5 133
   vertex 146 100 132.5
  endloop
 endfacet
 facet normal 0 0.70710678118654746 0.70710678118654746
  outer loop
   vertex 147 100 132.5
   vertex 148 99.5 133
   vertex 148 100 132.5
  endloop
 endfacet
 facet normal 0 0.70710678118654746 0.70710678118654746
  outer loop
   vertex 147 99.5 133
   vertex 148 99.5 133
   vertex 147 100 132.5
  endloop
 endfacet
 facet normal 0.57735026918962584 0.57735026918962584 0.57735026918962584
  outer loop
   vertex 148.5 99 133
   vertex 148 100 132.5
   vertex 148 99.5 133
  endloop
 endfacet
 facet normal 0.57735026918962584 0.57735026918962584 0.57735026918962584
  outer loop
   vertex 148.5 99 133
   vertex 149 99 132.5
   vertex 148 100 132.5
  endloop
 endfacet
 facet normal 0 0 1
  outer loop
   vertex 149 99 132.5
   vertex 149 100 132.5
   vertex 148 100 132.5
  endloop
 endfacet
 facet normal 0.70710678118654746 0 0.70710678118654746
  outer loop
   vertex 149.5 99 132
   vertex 149.5 100 132
   vertex 149 100 132.5
  endloop
 endfacet
 facet normal 0.70710678118654746 0 0.70710678118654746
  outer loop
   vertex 149 99 132.5
   vertex 149.5 99 132
   vertex 149 100 132.5
  endloop
 endfacet
 facet normal -0.57735026918962584 -0.57735026918962584 -0.57735026918962584
  outer loop
   vertex 135 101 132.5
   vertex 135 100.5 133
   vertex 134.5 101 133
  endloop
 endfacet
 facet normal -0.57735026918962584 0.57735026918962584 -0.57735026918962584
  outer loop
   vertex 136 100 132.5
   vertex 135.5 100 133
   vertex 136 100.5 133
  endloop
 endfacet
 facet normal -0.57735026918962584 -0.57735026918962584 0.57735026918962584
  outer loop
   vertex 136 101 132.5
   vertex 135.5 101 132
   vertex 136 100.5 132
  endloop
 endfacet
 facet normal 0.57735026918962584 -0.57735026918962584 -0.57735026918962584
  outer loop
   vertex 135 100.5 133
   vertex 135 101 132.5
   vertex 135.5 101 133
  endloop
 endfacet
 facet normal 0.57735026918962584 0.57735026918962584 -0.57735026918962584
  outer loop
   vertex 136 100 132.5
   vertex 136 100.5 133
   vertex 136.5 100 133
  endloop
 endfacet
 facet normal 0.57735026918962584 -0.57735026918962584 0.57735026918962584
  outer loop
   vertex 136 100.5 132
   vertex 136.5 101 132
   vertex 136 101 132.5
  endloop
 endfacet
 facet normal -0.57735026918962584 0.57735026918962584 0.57735026918962584
  outer loop
   vertex 139.5 100 132
   vertex 140 100 132.5
   vertex 140 100.5 132
  endloop
 endfacet
 facet normal -0.57735026918962584 0.57735026918962584 0.57735026918962584
  outer loop
   vertex 140.5 101 132
   vertex 140 100.5 132
   vertex 140 100 132.5
  endloop
 endfacet
 facet normal -0.57735026918962584 0.57735026918962584 0.57735026918962584
  outer loop
   vertex 140.5 101 132
   vertex 140 100 132.5
   vertex 141 101 132.5
  endloop
 endfacet
 facet normal 0 0 1
  outer loop
   vertex 141 101 132.5
   vertex 140 100 132.5
   vertex 141 100 132.5
  endloop
 endfacet
 facet normal 0 0 1
  outer loop
   vertex 142 100 132.5
   vertex 142 101 132.5
   vertex 141 100 132.5
  endloop
 endfacet
 facet normal -0 0 1
  outer loop
   vertex 142 101 132.5
   vertex 141 101 132.5
   vertex 141 100 132.5
  endloop
 endfacet
 facet normal 0 0 1
  outer loop
   vertex 143 100 132.5
   vertex 143 101 132.5
   vertex 142 100 132.5
  endloop
 endfacet
 facet normal -0 0 1
  outer loop
   vertex 143 101 132.5
   vertex 142 101 132.5
   vertex 142 100 132.5
  endloop
 endfacet
 facet normal 0 0 1
  outer loop
   vertex 144 100 132.5
   vertex 144 101 132.5
   vertex 143 100 132.5
  endloop
 endfacet
 facet normal -0 0 1
  outer loop
   vertex 144 101 132.5
   vertex 143 101 132.5
   vertex 143 100 132.5
  endloop
 endfacet
 facet normal 0 0 1
  outer loop
   vertex 145 100 132.5
   vertex 145 101 132.5
   vertex 144 100 132.5
  endloop
 endfacet
 facet normal -0 0 1
  outer loop
   vertex 145 101 132.5
   vertex 144 101 132.5
   vertex 144 100 132.5
  endloop
 endfacet
 facet normal 0.57735026918962584 0.57735026918962584 0.57735026918962584
  outer loop
   vertex 146 100.5 132
   vertex 145.5 101 132
   vertex 145 101 132.5
  endloop
 endfacet
 facet normal 0.57735026918962584 0.57735026918962584 0.57735026918962584
  outer loop
   vertex 146 100.5 132
   vertex 145 101 132.5
   vertex 146 100 132.5
  endloop
 endfacet
 facet normal 0 0 1
  outer loop
   vertex 146 100 132.5
   vertex 145 101 132.5
   vertex 145 100 132.5
  endloop
 endfacet
 facet normal -0 0.70710678118654746 0.70710678118654746
  outer loop
   vertex 147 100.5 132
   vertex 146 100.5 132
   vertex 146 100 132.5
  endloop
 endfacet
 facet normal 0 0.70710678118654746 0.70710678118654746
  outer loop
   vertex 147 100 132.5
   vertex 147 100.5 132
   vertex 146 100 132.5
  endloop
 endfacet
 facet normal -0 0.70710678118654746 0.70710678118654746
  outer loop
   vertex 148 100.5 132
   vertex 147 100.5 132
   vertex 147 100 132.5
  endloop
 endfacet
 facet normal 0 0.70710678118654746 0.70710678118654746
  outer loop
   vertex 148 100 132.5
   vertex 148 100.5 132
   vertex 147 100 132.5
  endloop
 endfacet
 facet normal -0 0.70710678118654746 0.70710678118654746
  outer loop
   vertex 149 100.5 132
   vertex 148 100.5 132
   vertex 148 100 132.5
  endloop
 endfacet
 facet normal 0 0.70710678118654746 0.70710678118654746
  outer loop
   vertex 149 100 132.5
   vertex 149 100.5 132
   vertex 148 100 132.5
  endloop
 endfacet
 facet normal 0.57735026918962584 0.57735026918962584 0.57735026918962584
  outer loop
   vertex 149.5 100 132
   vertex 149 100.5 132
   vertex 149 100 132.5
  endloop
 endfacet
 facet normal -0.57735026918962584 -0.57735026918962584 -0.57735026918962584
  outer loop
   vertex 134 102 132.5
   vertex 134 101.5 133
   vertex 133.5 102 133
  endloop
 endfacet
 facet normal -0.57735026918962584 0.57735026918962584 -0.57735026918962584
  outer loop
   vertex 135 101 132.5
   vertex 134.5 101 133
   vertex 135 101.5 133
  endloop
 endfacet
 facet normal -0.57735026918962584 -0.57735026918962584 0.57735026918962584
  outer loop
   vertex 135 102 132.5
   vertex 134.5 102 132
   vertex 135 101.5 132
  endloop
 endfacet
 facet normal 0.57735026918962584 -0.57735026918962584 -0.57735026918962584
  outer loop
   vertex 134 101.5 133
   vertex 134 102 132.5
   vertex 134.5 102 133
  endloop
 endfacet
 facet normal -0.57735026918962584 0.57735026918962584 0.57735026918962584
  outer loop
   vertex 136 101 132.5
   vertex 136 101.5 132
   vertex 135.5 101 132
  endloop
 endfacet
 facet normal 0.57735026918962584 0.57735026918962584 -0.57735026918962584
  outer loop
   vertex 135 101 132.5
   vertex 135 101.5 133
   vertex 135.5 101 133
  endloop
 endfacet
 facet normal 0.57735026918962584 -0.57735026918962584 0.57735026918962584
  outer loop
   vertex 135.5 102 132
   vertex 135 102 132.5
   vertex 135 101.5 132
  endloop
 endfacet
 facet normal 0.57735026918962584 0.57735026918962584 0.57735026918962584
  outer loop
   vertex 136.5 101 132
   vertex 136 101.5 132
   vertex 136 101 132.5
  endloop
 endfacet
 facet normal -0.57735026918962584 0.57735026918962584 0.57735026918962584
  outer loop
   vertex 140.5 101 132
   vertex 141 101 132.5
   vertex 141 101.5 132
  endloop
 endfacet
 facet normal -0 0.70710678118654746 0.70710678118654746
  outer loop
   vertex 142 101.5 132
   vertex 141 101.5 132
   vertex 141 101 132.5
  endloop
 endfacet
 facet normal 0 0.70710678118654746 0.70710678118654746
  outer loop
   vertex 142 101 132.5
   vertex 142 101.5 132
   vertex 141 101 132.5
  endloop
 endfacet
 facet normal -0 0.70710678118654746 0.70710678118654746
  outer loop
   vertex 143 101.5 132
   vertex 142 101.5 132
   vertex 142 101 132.5
  endloop
 endfacet
 facet normal 0 0.70710678118654746 0.70710678118654746
  outer loop
   vertex 143 101 132.5
   vertex 143 101.5 132
   vertex 142 101 132.5
  endloop
 endfacet
 facet normal -0 0.70710678118654746 0.70710678118654746
  outer loop
   vertex 144 101.5 132
   vertex 143 101.5 132
   vertex 143 101 132.5
  endloop
 endfacet
 facet normal 0 0.70710678118654746 0.70710678118654746
  outer loop
   vertex 144 101 132.5
   vertex 144 101.5 132
   vertex 143 101 132.5
  endloop
 endfacet
 facet normal -0 0.70710678118654746 0.70710678118654746
  outer loop
   vertex 145 101.5 132
   vertex 144 101.5 132
   vertex 144 101 132.5
  endloop
 endfacet
 facet normal 0 0.70710678118654746 0.70710678118654746
  outer loop
   vertex 145 101 132.5
   vertex 145 101.5 132
   vertex 144 101 132.5
  endloop
 endfacet
 facet normal 0.57735026918962584 0.57735026918962584 0.57735026918962584
  outer loop
   vertex 145.5 101 132
   vertex 145 101.5 132
   vertex 145 101 132.5
  endloop
 endfacet
 facet normal -0.57735026918962584 0.57735026918962584 -0.57735026918962584
  outer loop
   vertex 134 102 132.5
   vertex 133.5 102 133
   vertex 134 102.5 133
  endloop
 endfacet
 facet normal -0.70710678118654746 0 0.70710678118654746
  outer loop
   vertex 135 102 132.5
   vertex 135 103 132.5
   vertex 134.5 103 132
  endloop
 endfacet
 facet normal -0.70710678118654746 0 0.70710678118654746
  outer loop
   vertex 135 102 132.5
   vertex 134.5 103 132
   vertex 134.5 102 132
  endloop
 endfacet
 facet normal 0.57735026918962584 0.57735026918962584 -0.57735026918962584
  outer loop
   vertex 134 102 132.5
   vertex 134 102.5 133
   vertex 134.5 102 133
  endloop
 endfacet
 facet normal 0.70710678118654746 0 0.70710678118654746
  outer loop
   vertex 135.5 102 132
   vertex 135.5 103 132
   vertex 135 103 132.5
  endloop
 endfacet
 facet normal 0.70710678118654746 0 0.70710678118654746
  outer loop
   vertex 135 102 132.5
   vertex 135.5 102 132
   vertex 135 103 132.5
  endloop
 endfacet
 facet normal -0.57735026918962584 -0.57735026918962584 0.57735026918962584
  outer loop
   vertex 135 103 132.5
   vertex 135 103.5 133
   vertex 134.5 104 133
  endloop
 endfacet
 facet normal -0.57735026918962584 -0.57735026918962584 0.57735026918962584
  outer loop
   vertex 135 103 132.5
   vertex 134.5 104 133
   vertex 134.5 103 132
  endloop
 endfacet
 facet normal -1 0 -0
  outer loop
   vertex 134.5 103 132
   vertex 134.5 104 133
   vertex 134.5 104 132
  endloop
 endfacet
 facet normal 0.57735026918962584 -0.57735026918962584 0.57735026918962584
  outer loop
   vertex 135 103.5 133
   vertex 135 103 132.5
   vertex 135.5 103 132
  endloop
 endfacet
 facet normal 0.57735026918962584 -0.57735026918962584 0.57735026918962584
  outer loop
   vertex 135 103.5 133
   vertex 135.5 103 132
   vertex 135.5 104 133
  endloop
 endfacet
 facet normal 1 0 0
  outer loop
   vertex 135.5 104 133
   vertex 135.5 103 132
   vertex 135.5 104 132
  endloop
 endfacet
 facet normal -0.70710678118654746 0.70710678118654746 0
  outer loop
   vertex 134.5 104 132
   vertex 134.5 104 133
   vertex 135 104.5 133
  endloop
 endfacet
 facet normal -0.70710678118654746 0.70710678118654746 0
  outer loop
   vertex 135 104.5 132
   vertex 134.5 104 132
   vertex 135 104.5 133
  endloop
 endfacet
 facet normal 0.70710678118654746 0.70710678118654746 0
  outer loop
   vertex 135 104.5 132
   vertex 135 104.5 133
   vertex 135.5 104 133
  endloop
 endfacet
 facet normal 0.70710678118654746 0.70710678118654746 0
  outer loop
   vertex 135 104.5 132
   vertex 135.5 104 133
   vertex 135.5 104 132
  endloop
 endfacet
 facet normal -0.57735026918962584 -0.57735026918962584 0.57735026918962584
  outer loop
   vertex 136 104.5 132
   vertex 136 105 132.5
   vertex 135.5 105 132
  endloop
 endfacet
 facet normal 0.57735026918962584 -0.57735026918962584 0.57735026918962584
  outer loop
   vertex 136 104.5 132
   vertex 136.5 105 132
   vertex 136 105 132.5
  endloop
 endfacet
 facet normal -0.57735026918962584 0.57735026918962584 0.57735026918962584
  outer loop
   vertex 135.5 105 132
   vertex 136 105 132.5
   vertex 136 105.5 132
  endloop
 endfacet
 facet normal 0.57735026918962584 0.57735026918962584 0.57735026918962584
  outer loop
   vertex 136.5 105 132
   vertex 136 105.5 132
   vertex 136 105 132.5
  endloop
 endfacet
 facet normal -0.57735026918962584 -0.57735026918962584 0.57735026918962584
  outer loop
   vertex 138 106.5 132
   vertex 138 107 132.5
   vertex 137.5 107 132
  endloop
 endfacet
 facet normal 0.57735026918962584 -0.57735026918962584 0.57735026918962584
  outer loop
   vertex 138 106.5 132
   vertex 138.5 107 132
   vertex 138 107 132.5
  endloop
 endfacet
 facet normal -0.57735026918962584 0.57735026918962584 0.57735026918962584
  outer loop
   vertex 137.5 107 132
   vertex 138 107 132.5
   vertex 138 107.5 132
  endloop
 endfacet
 facet normal 0.57735026918962584 0.57735026918962584 0.57735026918962584
  outer loop
   vertex 138.5 107 132
   vertex 138 107.5 132
   vertex 138 107 132.5
  endloop
 endfacet
 facet normal -0.57735026918962584 -0.57735026918962584 0.57735026918962584
  outer loop
   vertex 156 114.5 132
   vertex 156 115 132.5
   vertex 155.5 115 132
  endloop
 endfacet
 facet normal 0.57735026918962584 -0.57735026918962584 0.57735026918962584
  outer loop
   vertex 156 114.5 132
   vertex 156.5 115 132
   vertex 156 115 132.5
  endloop
 endfacet
 facet normal -0.57735026918962584 -0.57735026918962584 0.57735026918962584
  outer loop
   vertex 151 115.5 132
   vertex 151 116 132.5
   vertex 150.5 116 132
  endloop
 endfacet
 facet normal 0.57735026918962584 -0.57735026918962584 0.57735026918962584
  outer loop
   vertex 151 115.5 132
   vertex 151.5 116 132
   vertex 151 116 132.5
  endloop
 endfacet
 facet normal -0.57735026918962584 -0.57735026918962584 0.57735026918962584
  outer loop
   vertex 155 115.5 132
   vertex 155 116 132.5
   vertex 154.5 116 132
  endloop
 endfacet
 facet normal -0.57735026918962584 0.57735026918962584 0.57735026918962584
  outer loop
   vertex 156 115.5 132
   vertex 155.5 115 132
   vertex 156 115 132.5
  endloop
 endfacet
 facet normal 0.57735026918962584 -0.57735026918962584 0.57735026918962584
  outer loop
   vertex 155.5 116 132
   vertex 155 116 132.5
   vertex 155 115.5 132
  endloop
 endfacet
 facet normal 0.57735026918962584 0.57735026918962584 0.57735026918962584
  outer loop
   vertex 156.5 115 132
   vertex 156 115.5 132
   vertex 156 115 132.5
  endloop
 endfacet
 facet normal -0.57735026918962584 0.57735026918962584 0.57735026918962584
  outer loop
   vertex 150.5 116 132
   vertex 151 116 132.5
   vertex 151 116.5 132
  endloop
 endfacet
 facet normal 0.57735026918962584 0.57735026918962584 0.57735026918962584
  outer loop
   vertex 151.5 116 132
   vertex 151 116.5 132
   vertex 151 116 132.5
  endloop
 endfacet
 facet normal -0.57735026918962584 0.57735026918962584 0.57735026918962584
  outer loop
   vertex 154.5 116 132
   vertex 155 116 132.5
   vertex 155 116.5 132
  endloop
 endfacet
 facet normal 0.57735026918962584 0.57735026918962584 0.57735026918962584
  outer loop
   vertex 155.5 116 132
   vertex 155 116.5 132
   vertex 155 116 132.5
  endloop
 endfacet
 facet normal -0.57735026918962584 -0.57735026918962584 -0.57735026918962584
  outer loop
   vertex 160 119 132.5
   vertex 160 118.5 133
   vertex 159.5 119 133
  endloop
 endfacet
 facet normal 0.57735026918962584 -0.57735026918962584 -0.57735026918962584
  outer loop
   vertex 160 118.5 133
   vertex 160 119 132.5
   vertex 160.5 119 133
  endloop
 endfacet
 facet normal -0.57735026918962584 0.57735026918962584 -0.57735026918962584
  outer loop
   vertex 160 119 132.5
   vertex 159.5 119 133
   vertex 160 119.5 133
  endloop
 endfacet
 facet normal 0.57735026918962584 0.57735026918962584 -0.57735026918962584
  outer loop
   vertex 160.5 119 133
   vertex 160 119 132.5
   vertex 160 119.5 133
  endloop
 endfacet
 facet normal -0.57735026918962584 -0.57735026918962584 -0.57735026918962584
  outer loop
   vertex 154 84 133.5
   vertex 154 83.5 134
   vertex 153.5 84 134
  endloop
 endfacet
 facet normal 0.57735026918962584 -0.57735026918962584 -0.57735026918962584
  outer loop
   vertex 154 83.5 134
   vertex 154 84 133.5
   vertex 154.5 84 134
  endloop
 endfacet
 facet normal -0.57735026918962584 0.57735026918962584 -0.57735026918962584
  outer loop
   vertex 154 84 133.5
   vertex 153.5 84 134
   vertex 154 84.5 134
  endloop
 endfacet
 facet normal -0.57735026918962584 -0.57735026918962584 -0.57735026918962584
  outer loop
   vertex 155 84.5 134
   vertex 154.5 85 134
   vertex 155 85 133.5
  endloop
 endfacet
 facet normal 0.57735026918962584 0.57735026918962584 -0.57735026918962584
  outer loop
   vertex 154.5 84 134
   vertex 154 84 133.5
   vertex 154 84.5 134
  endloop
 endfacet
 facet normal 0.57735026918962584 -0.57735026918962584 -0.57735026918962584
  outer loop
   vertex 155 84.5 134
   vertex 155 85 133.5
   vertex 155.5 85 134
  endloop
 endfacet
 facet normal -0.57735026918962584 -0.57735026918962584 -0.57735026918962584
  outer loop
   vertex 146 86 133.5
   vertex 146 85.5 134
   vertex 145.5 86 134
  endloop
 endfacet
 facet normal -0 -0.70710678118654746 -0.70710678118654746
  outer loop
   vertex 146 86 133.5
   vertex 147 86 133.5
   vertex 147 85.5 134
  endloop
 endfacet
 facet normal 0 -0.70710678118654746 -0.70710678118654746
  outer loop
   vertex 146 85.5 134
   vertex 146 86 133.5
   vertex 147 85.5 134
  endloop
 endfacet
 facet normal 0.57735026918962584 -0.57735026918962584 -0.57735026918962584
  outer loop
   vertex 147 85.5 134
   vertex 147 86 133.5
   vertex 147.5 86 134
  endloop
 endfacet
 facet normal -0.57735026918962584 0.57735026918962584 -0.57735026918962584
  outer loop
   vertex 155 85 133.5
   vertex 154.5 85 134
   vertex 155 85.5 134
  endloop
 endfacet
 facet normal 0.57735026918962584 0.57735026918962584 -0.57735026918962584
  outer loop
   vertex 155.5 85 134
   vertex 155 85 133.5
   vertex 155 85.5 134
  endloop
 endfacet
 facet normal -0.70710678118654746 0 -0.70710678118654746
  outer loop
   vertex 146 87 133.5
   vertex 146 86 133.5
   vertex 145.5 86 134
  endloop
 endfacet
 facet normal -0.70710678118654746 0 -0.70710678118654746
  outer loop
   vertex 145.5 87 134
   vertex 146 87 133.5
   vertex 145.5 86 134
  endloop
 endfacet
 facet normal 0 0 -1
  outer loop
   vertex 147 86 133.5
   vertex 146 86 133.5
   vertex 147 87 133.5
  endloop
 endfacet
 facet normal 0 0 -1
  outer loop
   vertex 147 87 133.5
   vertex 146 86 133.5
   vertex 146 87 133.5
  endloop
 endfacet
 facet normal 0.70710678118654746 0 -0.70710678118654746
  outer loop
   vertex 147.5 87 134
   vertex 147.5 86 134
   vertex 147 86 133.5
  endloop
 endfacet
 facet normal 0.70710678118654746 0 -0.70710678118654746
  outer loop
   vertex 147 87 133.5
   vertex 147.5 87 134
   vertex 147 86 133.5
  endloop
 endfacet
 facet normal -0.57735026918962584 -0.57735026918962584 -0.57735026918962584
  outer loop
   vertex 150 87 133.5
   vertex 150 86.5 134
   vertex 149.5 87 134
  endloop
 endfacet
 facet normal -0.57735026918962584 -0.57735026918962584 0.57735026918962584
  outer loop
   vertex 151 87 133.5
   vertex 150.5 87 133
   vertex 151 86.5 133
  endloop
 endfacet
 facet normal 0.57735026918962584 -0.57735026918962584 -0.57735026918962584
  outer loop
   vertex 150.5 87 134
   vertex 150 86.5 134
   vertex 150 87 133.5
  endloop
 endfacet
 facet normal 0.57735026918962584 -0.57735026918962584 0.57735026918962584
  outer loop
   vertex 151 86.5 133
   vertex 151.5 87 133
   vertex 151 87 133.5
  endloop
 endfacet
 facet normal -0.57735026918962584 0.57735026918962584 -0.57735026918962584
  outer loop
   vertex 146 87 133.5
   vertex 145.5 87 134
   vertex 146 87.5 134
  endloop
 endfacet
 facet normal -0.57735026918962584 0.57735026918962584 -0.57735026918962584
  outer loop
   vertex 146 87.5 134
   vertex 146.5 88 134
   vertex 147 88 133.5
  endloop
 endfacet
 facet normal -0.57735026918962584 0.57735026918962584 -0.57735026918962584
  outer loop
   vertex 146 87.5 134
   vertex 147 88 133.5
   vertex 146 87 133.5
  endloop
 endfacet
 facet normal 0 -0 -1
  outer loop
   vertex 146 87 133.5
   vertex 147 88 133.5
   vertex 147 87 133.5
  endloop
 endfacet
 facet normal 0.70710678118654746 0 -0.70710678118654746
  outer loop
   vertex 147.5 88 134
   vertex 147.5 87 134
   vertex 147 87 133.5
  endloop
 endfacet
 facet normal 0.70710678118654746 0 -0.70710678118654746
  outer loop
   vertex 147 88 133.5
   vertex 147.5 88 134
   vertex 147 87 133.5
  endloop
 endfacet
 facet normal -0.57735026918962584 -0.57735026918962584 -0.57735026918962584
  outer loop
   vertex 150 87.5 133
   vertex 150 87 133.5
   vertex 149.5 87 134
  endloop
 endfacet
 facet normal -0.57735026918962584 -0.57735026918962584 -0.57735026918962584
  outer loop
   vertex 150 87.5 133
   vertex 149.5 87 134
   vertex 149.5 88 133
  endloop
 endfacet
 facet normal -1 0 0
  outer loop
   vertex 149.5 88 133
   vertex 149.5 87 134
   vertex 149.5 88 134
  endloop
 endfacet
 facet normal 0.57735026918962584 -0.57735026918962584 -0.57735026918962584
  outer loop
   vertex 150 87 133.5
   vertex 151 87.5 134
   vertex 150.5 87 134
  endloop
 endfacet
 facet normal 0.57735026918962584 -0.57735026918962584 -0.57735026918962584
  outer loop
   vertex 150 87 133.5
   vertex 150 87.5 133
   vertex 151 87.5 134
  endloop
 endfacet
 facet normal -0.57735026918962584 -0.57735026918962584 0.57735026918962584
  outer loop
   vertex 151 87 133.5
   vertex 151 87.5 134
   vertex 150.5 87 133
  endloop
 endfacet
 facet normal -0.57735026918962584 -0.57735026918962584 0.57735026918962584
  outer loop
   vertex 150.5 87 133
   vertex 151 87.5 134
   vertex 150 87.5 133
  endloop
 endfacet
 facet normal 0.57735026918962584 -0.57735026918962584 0.57735026918962584
  outer loop
   vertex 151 87.5 134
   vertex 151 87 133.5
   vertex 151.5 87 133
  endloop
 endfacet
 facet normal 0.57735026918962584 -0.57735026918962584 0.57735026918962584
  outer loop
   vertex 151 87.5 134
   vertex 151.5 87 133
   vertex 151.5 88 134
  endloop
 endfacet
 facet normal 1 0 0
  outer loop
   vertex 151.5 88 134
   vertex 151.5 87 133
   vertex 151.5 88 133
  endloop
 endfacet
 facet normal -0.57735026918962584 0.57735026918962584 -0.57735026918962584
  outer loop
   vertex 147 88 133.5
   vertex 146.5 88 134
   vertex 147 88.5 134
  endloop
 endfacet
 facet normal 0.57735026918962584 0.57735026918962584 -0.57735026918962584
  outer loop
   vertex 147.5 88 134
   vertex 147 88 133.5
   vertex 147 88.5 134
  endloop
 endfacet
 facet normal -0.57735026918962584 -0.57735026918962584 0.57735026918962584
  outer loop
   vertex 149 88.5 133
   vertex 149 89 133.5
   vertex 148.5 89 133
  endloop
 endfacet
 facet normal -0.57735026918962584 -0.57735026918962584 0.57735026918962584
  outer loop
   vertex 149 88.5 133
   vertex 149.5 89 134
   vertex 149 89 133.5
  endloop
 endfacet
 facet normal -0.57735026918962584 -0.57735026918962584 0.57735026918962584
  outer loop
   vertex 149 88.5 133
   vertex 149.5 88 133
   vertex 149.5 89 134
  endloop
 endfacet
 facet normal -1 0 0
  outer loop
   vertex 149.5 88 133
   vertex 149.5 88 134
   vertex 149.5 89 134
  endloop
 endfacet
 facet normal 1 0 0
  outer loop
   vertex 151.5 88 133
   vertex 151.5 89 133
   vertex 151.5 88 134
  endloop
 endfacet
 facet normal 1 0 -0
  outer loop
   vertex 151.5 88 134
   vertex 151.5 89 133
   vertex 151.5 89 134
  endloop
 endfacet
 facet normal -0.70710678118654746 0 0.70710678118654746
  outer loop
   vertex 149 89 133.5
   vertex 149 90 133.5
   vertex 148.5 90 133
  endloop
 endfacet
 facet normal -0.70710678118654746 0 0.70710678118654746
  outer loop
   vertex 148.5 89 133
   vertex 149 89 133.5
   vertex 148.5 90 133
  endloop
 endfacet
 facet normal -0.70710678118654746 0 0.70710678118654746
  outer loop
   vertex 149.5 90 134
   vertex 149 89 133.5
   vertex 149.5 89 134
  endloop
 endfacet
 facet normal -0.70710678118654746 0 0.70710678118654746
  outer loop
   vertex 149 90 133.5
   vertex 149 89 133.5
   vertex 149.5 90 134
  endloop
 endfacet
 facet normal 0.57735026918962584 -0.57735026918962584 0.57735026918962584
  outer loop
   vertex 152 90 133.5
   vertex 151.5 89 133
   vertex 152 89.5 133
  endloop
 endfacet
 facet normal 0.57735026918962584 -0.57735026918962584 0.57735026918962584
  outer loop
   vertex 152 90 133.5
   vertex 151.5 90 134
   vertex 151.5 89 133
  endloop
 endfacet
 facet normal 1 -0 0
  outer loop
   vertex 151.5 90 134
   vertex 151.5 89 134
   vertex 151.5 89 133
  endloop
 endfacet
 facet normal 0.57735026918962584 -0.57735026918962584 0.57735026918962584
  outer loop
   vertex 152 89.5 133
   vertex 152.5 90 133
   vertex 152 90 133.5
  endloop
 endfacet
 facet normal -0.57735026918962584 -0.57735026918962584 0.57735026918962584
  outer loop
   vertex 149 90 133.5
   vertex 149 90.5 134
   vertex 148.5 91 134
  endloop
 endfacet
 facet normal -0.57735026918962584 -0.57735026918962584 0.57735026918962584
  outer loop
   vertex 149 90 133.5
   vertex 148.5 91 134
   vertex 148.5 90 133
  endloop
 endfacet
 facet normal -1 0 -0
  outer loop
   vertex 148.5 90 133
   vertex 148.5 91 134
   vertex 148.5 91 133
  endloop
 endfacet
 facet normal -0.57735026918962584 -0.57735026918962584 0.57735026918962584
  outer loop
   vertex 149.5 90 134
   vertex 149 90.5 134
   vertex 149 90 133.5
  endloop
 endfacet
 facet normal 0.70710678118654746 0 0.70710678118654746
  outer loop
   vertex 152 91 133.5
   vertex 151.5 90 134
   vertex 152 90 133.5
  endloop
 endfacet
 facet normal 0.70710678118654746 -0 0.70710678118654746
  outer loop
   vertex 151.5 91 134
   vertex 151.5 90 134
   vertex 152 91 133.5
  endloop
 endfacet
 facet normal 0.70710678118654746 0 0.70710678118654746
  outer loop
   vertex 152.5 90 133
   vertex 152.5 91 133
   vertex 152 91 133.5
  endloop
 endfacet
 facet normal 0.70710678118654746 0 0.70710678118654746
  outer loop
   vertex 152 90 133.5
   vertex 152.5 90 133
   vertex 152 91 133.5
  endloop
 endfacet
 facet normal -0.57735026918962584 -0.57735026918962584 -0.57735026918962584
  outer loop
   vertex 158 91 133.5
   vertex 158 90.5 134
   vertex 157.5 91 134
  endloop
 endfacet
 facet normal 0.57735026918962584 -0.57735026918962584 -0.57735026918962584
  outer loop
   vertex 158 90.5 134
   vertex 158 91 133.5
   vertex 158.5 91 134
  endloop
 endfacet
 facet normal -0.57735026918962584 -0.57735026918962584 -0.57735026918962584
  outer loop
   vertex 148 92 133.5
   vertex 148 91.5 134
   vertex 147.5 92 134
  endloop
 endfacet
 facet normal -0.57735026918962584 -0.57735026918962584 -0.57735026918962584
  outer loop
   vertex 148 92 133.5
   vertex 148.5 91 134
   vertex 148 91.5 134
  endloop
 endfacet
 facet normal -0.57735026918962584 -0.57735026918962584 -0.57735026918962584
  outer loop
   vertex 148 92 133.5
   vertex 148.5 92 133
   vertex 148.5 91 134
  endloop
 endfacet
 facet normal -1 0 0
  outer loop
   vertex 148.5 92 133
   vertex 148.5 91 133
   vertex 148.5 91 134
  endloop
 endfacet
 facet normal 0.70710678118654746 0 0.70710678118654746
  outer loop
   vertex 152 92 133.5
   vertex 151.5 91 134
   vertex 152 91 133.5
  endloop
 endfacet
 facet normal 0.70710678118654746 -0 0.70710678118654746
  outer loop
   vertex 151.5 92 134
   vertex 151.5 91 134
   vertex 152 92 133.5
  endloop
 endfacet
 facet normal 0.70710678118654746 0 0.70710678118654746
  outer loop
   vertex 152.5 91 133
   vertex 152.5 92 133
   vertex 152 92 133.5
  endloop
 endfacet
 facet normal 0.70710678118654746 0 0.70710678118654746
  outer loop
   vertex 152 91 133.5
   vertex 152.5 91 133
   vertex 152 92 133.5
  endloop
 endfacet
 facet normal -0.57735026918962584 0.57735026918962584 -0.57735026918962584
  outer loop
   vertex 158 91 133.5
   vertex 157.5 91 134
   vertex 158 91.5 134
  endloop
 endfacet
 facet normal 0.57735026918962584 0.57735026918962584 -0.57735026918962584
  outer loop
   vertex 158.5 91 134
   vertex 158 91 133.5
   vertex 158 91.5 134
  endloop
 endfacet
 facet normal -0.57735026918962584 -0.57735026918962584 0.57735026918962584
  outer loop
   vertex 162 91.5 133
   vertex 162 92 133.5
   vertex 161.5 92 133
  endloop
 endfacet
 facet normal 0.57735026918962584 -0.57735026918962584 0.57735026918962584
  outer loop
   vertex 162 91.5 133
   vertex 162.5 92 133
   vertex 162 92 133.5
  endloop
 endfacet
 facet normal -0.57735026918962584 -0.57735026918962584 -0.57735026918962584
  outer loop
   vertex 147 93 133.5
   vertex 147 92.5 134
   vertex 146.5 93 134
  endloop
 endfacet
 facet normal -0.57735026918962584 -0.57735026918962584 -0.57735026918962584
  outer loop
   vertex 147.5 92 134
   vertex 147 92.5 134
   vertex 147 93 133.5
  endloop
 endfacet
 facet normal -0.57735026918962584 -0.57735026918962584 -0.57735026918962584
  outer loop
   vertex 148 92 133.5
   vertex 147.5 92 134
   vertex 147 93 133.5
  endloop
 endfacet
 facet normal -0.57735026918962584 -0.57735026918962584 -0.57735026918962584
  outer loop
   vertex 148 92 133.5
   vertex 147 93 133.5
   vertex 147.5 93 133
  endloop
 endfacet
 facet normal -0.57735026918962584 -0.57735026918962584 -0.57735026918962584
  outer loop
   vertex 148 92 133.5
   vertex 147.5 93 133
   vertex 148 92.5 133
  endloop
 endfacet
 facet normal -0.57735026918962584 -0.57735026918962584 -0.57735026918962584
  outer loop
   vertex 148.5 92 133
   vertex 148 92 133.5
   vertex 148 92.5 133
  endloop
 endfacet
 facet normal 0.57735026918962584 0.57735026918962584 0.57735026918962584
  outer loop
   vertex 151 93 133.5
   vertex 150.5 93 134
   vertex 151 92.5 134
  endloop
 endfacet
 facet normal 0.57735026918962584 0.57735026918962584 0.57735026918962584
  outer loop
   vertex 151.5 92 134
   vertex 151 93 133.5
   vertex 151 92.5 134
  endloop
 endfacet
 facet normal 0.57735026918962584 0.57735026918962584 0.57735026918962584
  outer loop
   vertex 151.5 92 134
   vertex 152 92 133.5
   vertex 151 93 133.5
  endloop
 endfacet
 facet normal 0 0 1
  outer loop
   vertex 152 92 133.5
   vertex 152 93 133.5
   vertex 151 93 133.5
  endloop
 endfacet
 facet normal 0.70710678118654746 0 0.70710678118654746
  outer loop
   vertex 152.5 92 133
   vertex 152.5 93 133
   vertex 152 93 133.5
  endloop
 endfacet
 facet normal 0.70710678118654746 0 0.70710678118654746
  outer loop
   vertex 152 92 133.5
   vertex 152.5 92 133
   vertex 152 93 133.5
  endloop
 endfacet
 facet normal -0.57735026918962584 -0.57735026918962584 0.57735026918962584
  outer loop
   vertex 157 92.5 133
   vertex 157 93 133.5
   vertex 156.5 93 133
  endloop
 endfacet
 facet normal 0 -0.70710678118654746 0.70710678118654746
  outer loop
   vertex 157 92.5 133
   vertex 158 92.5 133
   vertex 158 93 133.5
  endloop
 endfacet
 facet normal 0 -0.70710678118654746 0.70710678118654746
  outer loop
   vertex 157 93 133.5
   vertex 157 92.5 133
   vertex 158 93 133.5
  endloop
 endfacet
 facet normal 0.57735026918962584 -0.57735026918962584 0.57735026918962584
  outer loop
   vertex 158 92.5 133
   vertex 158.5 93 133
   vertex 158 93 133.5
  endloop
 endfacet
 facet normal -0.57735026918962584 0.57735026918962584 0.57735026918962584
  outer loop
   vertex 161.5 92 133
   vertex 162 92 133.5
   vertex 162 92.5 133
  endloop
 endfacet
 facet normal 0.57735026918962584 0.57735026918962584 0.57735026918962584
  outer loop
   vertex 162.5 92 133
   vertex 162 92.5 133
   vertex 162 92 133.5
  endloop
 endfacet
 facet normal -0.70710678118654746 0 -0.70710678118654746
  outer loop
   vertex 147 94 133.5
   vertex 147 93 133.5
   vertex 146.5 93 134
  endloop
 endfacet
 facet normal -0.70710678118654746 0 -0.70710678118654746
  outer loop
   vertex 146.5 94 134
   vertex 147 94 133.5
   vertex 146.5 93 134
  endloop
 endfacet
 facet normal -0.70710678118654746 0 -0.70710678118654746
  outer loop
   vertex 147.5 93 133
   vertex 147 94 133.5
   vertex 147.5 94 133
  endloop
 endfacet
 facet normal -0.70710678118654746 -0 -0.70710678118654746
  outer loop
   vertex 147 93 133.5
   vertex 147 94 133.5
   vertex 147.5 93 133
  endloop
 endfacet
 facet normal 0.57735026918962584 0.57735026918962584 0.57735026918962584
  outer loop
   vertex 150 94 133.5
   vertex 149.5 94 134
   vertex 150 93.5 134
  endloop
 endfacet
 facet normal 0.57735026918962584 0.57735026918962584 0.57735026918962584
  outer loop
   vertex 150.5 93 134
   vertex 150 94 133.5
   vertex 150 93.5 134
  endloop
 endfacet
 facet normal 0.57735026918962584 0.57735026918962584 0.57735026918962584
  outer loop
   vertex 150.5 93 134
   vertex 151 93 133.5
   vertex 150 94 133.5
  endloop
 endfacet
 facet normal 0 0 1
  outer loop
   vertex 151 93 133.5
   vertex 151 94 133.5
   vertex 150 94 133.5
  endloop
 endfacet
 facet normal 0.57735026918962584 0.57735026918962584 0.57735026918962584
  outer loop
   vertex 152 93.5 133
   vertex 151.5 94 133
   vertex 151 94 133.5
  endloop
 endfacet
 facet normal 0.57735026918962584 0.57735026918962584 0.57735026918962584
  outer loop
   vertex 152 93.5 133
   vertex 151 94 133.5
   vertex 152 93 133.5
  endloop
 endfacet
 facet normal 0 0 1
  outer loop
   vertex 152 93 133.5
   vertex 151 94 133.5
   vertex 151 93 133.5
  endloop
 endfacet
 facet normal 0.57735026918962584 0.57735026918962584 0.57735026918962584
  outer loop
   vertex 152.5 93 133
   vertex 152 93.5 133
   vertex 152 93 133.5
  endloop
 endfacet
 facet normal -0.57735026918962584 0.57735026918962584 0.57735026918962584
  outer loop
   vertex 156.5 93 133
   vertex 157 93 133.5
   vertex 157 93.5 133
  endloop
 endfacet
 facet normal -0 0.70710678118654746 0.70710678118654746
  outer loop
   vertex 158 93.5 133
   vertex 157 93.5 133
   vertex 157 93 133.5
  endloop
 endfacet
 facet normal 0 0.70710678118654746 0.70710678118654746
  outer loop
   vertex 158 93 133.5
   vertex 158 93.5 133
   vertex 157 93 133.5
  endloop
 endfacet
 facet normal 0.57735026918962584 0.57735026918962584 0.57735026918962584
  outer loop
   vertex 158.5 93 133
   vertex 158 93.5 133
   vertex 158 93 133.5
  endloop
 endfacet
 facet normal -0.70710678118654746 -0.70710678118654746 -0
  outer loop
   vertex 146 94.5 133
   vertex 146 94.5 134
   vertex 145.5 95 134
  endloop
 endfacet
 facet normal -0.70710678118654746 -0.70710678118654746 0
  outer loop
   vertex 145.5 95 133
   vertex 146 94.5 133
   vertex 145.5 95 134
  endloop
 endfacet
 facet normal -0.57735026918962584 -0.57735026918962584 -0.57735026918962584
  outer loop
   vertex 146.5 94 134
   vertex 147 94.5 133
   vertex 147 94 133.5
  endloop
 endfacet
 facet normal -0.57735026918962584 -0.57735026918962584 -0.57735026918962584
  outer loop
   vertex 146.5 94 134
   vertex 146 94.5 134
   vertex 147 94.5 133
  endloop
 endfacet
 facet normal 0 -1 0
  outer loop
   vertex 146 94.5 134
   vertex 146 94.5 133
   vertex 147 94.5 133
  endloop
 endfacet
 facet normal -0.57735026918962584 -0.57735026918962584 -0.57735026918962584
  outer loop
   vertex 147.5 94 133
   vertex 147 94 133.5
   vertex 147 94.5 133
  endloop
 endfacet
 facet normal 0.70710678118654746 0 0.70710678118654746
  outer loop
   vertex 150 95 133.5
   vertex 149.5 94 134
   vertex 150 94 133.5
  endloop
 endfacet
 facet normal 0.70710678118654746 -0 0.70710678118654746
  outer loop
   vertex 149.5 95 134
   vertex 149.5 94 134
   vertex 150 95 133.5
  endloop
 endfacet
 facet normal 0 0 1
  outer loop
   vertex 151 94 133.5
   vertex 151 95 133.5
   vertex 150 94 133.5
  endloop
 endfacet
 facet normal -0 0 1
  outer loop
   vertex 151 95 133.5
   vertex 150 95 133.5
   vertex 150 94 133.5
  endloop
 endfacet
 facet normal 0.70710678118654746 0 0.70710678118654746
  outer loop
   vertex 151.5 94 133
   vertex 151.5 95 133
   vertex 151 95 133.5
  endloop
 endfacet
 facet normal 0.70710678118654746 0 0.70710678118654746
  outer loop
   vertex 151 94 133.5
   vertex 151.5 94 133
   vertex 151 95 133.5
  endloop
 endfacet
 facet normal -0.57735026918962584 -0.57735026918962584 -0.57735026918962584
  outer loop
   vertex 145 96 133.5
   vertex 145 95.5 134
   vertex 144.5 96 134
  endloop
 endfacet
 facet normal -0.57735026918962584 -0.57735026918962584 -0.57735026918962584
  outer loop
   vertex 145 96 133.5
   vertex 145.5 95 134
   vertex 145 95.5 134
  endloop
 endfacet
 facet normal -0.57735026918962584 -0.57735026918962584 -0.57735026918962584
  outer loop
   vertex 145 96 133.5
   vertex 145.5 96 133
   vertex 145.5 95 134
  endloop
 endfacet
 facet normal -1 0 0
  outer loop
   vertex 145.5 96 133
   vertex 145.5 95 133
   vertex 145.5 95 134
  endloop
 endfacet
 facet normal 0.70710678118654746 0 0.70710678118654746
  outer loop
   vertex 150 96 133.5
   vertex 149.5 95 134
   vertex 150 95 133.5
  endloop
 endfacet
 facet normal 0.70710678118654746 -0 0.70710678118654746
  outer loop
   vertex 149.5 96 134
   vertex 149.5 95 134
   vertex 150 96 133.5
  endloop
 endfacet
 facet normal 0.57735026918962584 0.57735026918962584 0.57735026918962584
  outer loop
   vertex 151 95.5 133
   vertex 150.5 96 133
   vertex 150 96 133.5
  endloop
 endfacet
 facet normal 0.57735026918962584 0.57735026918962584 0.57735026918962584
  outer loop
   vertex 151 95.5 133
   vertex 150 96 133.5
   vertex 151 95 133.5
  endloop
 endfacet
 facet normal 0 0 1
  outer loop
   vertex 151 95 133.5
   vertex 150 96 133.5
   vertex 150 95 133.5
  endloop
 endfacet
 facet normal 0.57735026918962584 0.57735026918962584 0.57735026918962584
  outer loop
   vertex 151.5 95 133
   vertex 151 95.5 133
   vertex 151 95 133.5
  endloop
 endfacet
 facet normal -0.57735026918962584 -0.57735026918962584 -0.57735026918962584
  outer loop
   vertex 141 97 133.5
   vertex 141 96.5 134
   vertex 140.5 97 134
  endloop
 endfacet
 facet normal -0 -0.70710678118654746 -0.70710678118654746
  outer loop
   vertex 141 97 133.5
   vertex 142 97 133.5
   vertex 142 96.5 134
  endloop
 endfacet
 facet normal 0 -0.70710678118654746 -0.70710678118654746
  outer loop
   vertex 141 96.5 134
   vertex 141 97 133.5
   vertex 142 96.5 134
  endloop
 endfacet
 facet normal -0.57735026918962584 -0.57735026918962584 -0.57735026918962584
  outer loop
   vertex 142 97 133.5
   vertex 142.5 97 133
   vertex 143 96.5 133
  endloop
 endfacet
 facet normal -0.57735026918962584 -0.57735026918962584 -0.57735026918962584
  outer loop
   vertex 142 97 133.5
   vertex 143 96.5 133
   vertex 142 96.5 134
  endloop
 endfacet
 facet normal 0 -1 0
  outer loop
   vertex 142 96.5 134
   vertex 143 96.5 133
   vertex 143 96.5 134
  endloop
 endfacet
 facet normal 0 -1 -0
  outer loop
   vertex 144 96.5 133
   vertex 144 96.5 134
   vertex 143 96.5 133
  endloop
 endfacet
 facet normal -0 -1 0
  outer loop
   vertex 143 96.5 133
   vertex 144 96.5 134
   vertex 143 96.5 134
  endloop
 endfacet
 facet normal -0.57735026918962584 -0.57735026918962584 -0.57735026918962584
  outer loop
   vertex 144.5 96 134
   vertex 145 96.5 133
   vertex 145 96 133.5
  endloop
 endfacet
 facet normal -0.57735026918962584 -0.57735026918962584 -0.57735026918962584
  outer loop
   vertex 144.5 96 134
   vertex 144 96.5 134
   vertex 145 96.5 133
  endloop
 endfacet
 facet normal 0 -1 0
  outer loop
   vertex 144 96.5 134
   vertex 144 96.5 133
   vertex 145 96.5 133
  endloop
 endfacet
 facet normal -0.57735026918962584 -0.57735026918962584 -0.57735026918962584
  outer loop
   vertex 145.5 96 133
   vertex 145 96 133.5
   vertex 145 96.5 133
  endloop
 endfacet
 facet normal 0.57735026918962584 0.57735026918962584 0.57735026918962584
  outer loop
   vertex 149 97 133.5
   vertex 148.5 97 134
   vertex 149 96.5 134
  endloop
 endfacet
 facet normal 0.57735026918962584 0.57735026918962584 0.57735026918962584
  outer loop
   vertex 149.5 96 134
   vertex 149 97 133.5
   vertex 149 96.5 134
  endloop
 endfacet
 facet normal 0.57735026918962584 0.57735026918962584 0.57735026918962584
  outer loop
   vertex 150 96 133.5
   vertex 149 97 133.5
   vertex 149.5 96 134
  endloop
 endfacet
 facet normal 0.57735026918962584 0.57735026918962584 0.57735026918962584
  outer loop
   vertex 150 96 133.5
   vertex 149.5 97 133
   vertex 149 97 133.5
  endloop
 endfacet
 facet normal 0.57735026918962584 0.57735026918962584 0.57735026918962584
  outer loop
   vertex 150 96 133.5
   vertex 150 96.5 133
   vertex 149.5 97 133
  endloop
 endfacet
 facet normal 0.57735026918962584 0.57735026918962584 0.57735026918962584
  outer loop
   vertex 150.5 96 133
   vertex 150 96.5 133
   vertex 150 96 133.5
  endloop
 endfacet
 facet normal -0.57735026918962584 -0.57735026918962584 -0.57735026918962584
  outer loop
   vertex 140 98 133.5
   vertex 140 97.5 134
   vertex 139.5 98 134
  endloop
 endfacet
 facet normal -0.57735026918962584 -0.57735026918962584 -0.57735026918962584
  outer loop
   vertex 140.5 97 134
   vertex 140 97.5 134
   vertex 140 98 133.5
  endloop
 endfacet
 facet normal -0.57735026918962584 -0.57735026918962584 -0.57735026918962584
  outer loop
   vertex 141 97 133.5
   vertex 140.5 97 134
   vertex 140 98 133.5
  endloop
 endfacet
 facet normal -0.57735026918962584 -0.57735026918962584 -0.57735026918962584
  outer loop
   vertex 141 97 133.5
   vertex 140 98 133.5
   vertex 140.5 98 133
  endloop
 endfacet
 facet normal -0.57735026918962584 -0.57735026918962584 -0.57735026918962584
  outer loop
   vertex 141 97 133.5
   vertex 140.5 98 133
   vertex 141 97.5 133
  endloop
 endfacet
 facet normal 0 -0.70710678118654746 -0.70710678118654746
  outer loop
   vertex 142 97.5 133
   vertex 141 97 133.5
   vertex 141 97.5 133
  endloop
 endfacet
 facet normal 0 -0.70710678118654746 -0.70710678118654746
  outer loop
   vertex 142 97 133.5
   vertex 141 97 133.5
   vertex 142 97.5 133
  endloop
 endfacet
 facet normal -0.57735026918962584 -0.57735026918962584 -0.57735026918962584
  outer loop
   vertex 142.5 97 133
   vertex 142 97 133.5
   vertex 142 97.5 133
  endloop
 endfacet
 facet normal 0.57735026918962584 0.57735026918962584 0.57735026918962584
  outer loop
   vertex 148 98 133.5
   vertex 147.5 98 134
   vertex 148 97.5 134
  endloop
 endfacet
 facet normal 0.57735026918962584 0.57735026918962584 0.57735026918962584
  outer loop
   vertex 148.5 97 134
   vertex 148 98 133.5
   vertex 148 97.5 134
  endloop
 endfacet
 facet normal 0.57735026918962584 0.57735026918962584 0.57735026918962584
  outer loop
   vertex 148.5 97 134
   vertex 149 97 133.5
   vertex 148 98 133.5
  endloop
 endfacet
 facet normal 0 0 1
  outer loop
   vertex 149 97 133.5
   vertex 149 98 133.5
   vertex 148 98 133.5
  endloop
 endfacet
 facet normal 0.70710678118654746 0 0.70710678118654746
  outer loop
   vertex 149.5 97 133
   vertex 149.5 98 133
   vertex 149 98 133.5
  endloop
 endfacet
 facet normal 0.70710678118654746 0 0.70710678118654746
  outer loop
   vertex 149 97 133.5
   vertex 149.5 97 133
   vertex 149 98 133.5
  endloop
 endfacet
 facet normal -0.57735026918962584 -0.57735026918962584 -0.57735026918962584
  outer loop
   vertex 136 99 133.5
   vertex 136 98.5 134
   vertex 135.5 99 134
  endloop
 endfacet
 facet normal -0 -0.70710678118654746 -0.70710678118654746
  outer loop
   vertex 136 99 133.5
   vertex 137 99 133.5
   vertex 137 98.5 134
  endloop
 endfacet
 facet normal 0 -0.70710678118654746 -0.70710678118654746
  outer loop
   vertex 136 98.5 134
   vertex 136 99 133.5
   vertex 137 98.5 134
  endloop
 endfacet
 facet normal 0.57735026918962584 -0.57735026918962584 -0.57735026918962584
  outer loop
   vertex 137 98.5 134
   vertex 137 99 133.5
   vertex 137.5 99 134
  endloop
 endfacet
 facet normal -0.57735026918962584 -0.57735026918962584 0.57735026918962584
  outer loop
   vertex 140 98.5 133
   vertex 140 99 133.5
   vertex 139.5 99 133
  endloop
 endfacet
 facet normal -0.57735026918962584 0.57735026918962584 -0.57735026918962584
  outer loop
   vertex 140 98 133.5
   vertex 139.5 98 134
   vertex 140 98.5 134
  endloop
 endfacet
 facet normal 0 -0.44721359549995793 0.89442719099991586
  outer loop
   vertex 140 99 133.5
   vertex 140.5 98 133
   vertex 141 99 133.5
  endloop
 endfacet
 facet normal -0.57735026918962584 -0.57735026918962584 0.57735026918962584
  outer loop
   vertex 140 99 133.5
   vertex 140 98.5 133
   vertex 140.5 98 133
  endloop
 endfacet
 facet normal -0.90453403373329089 0.30151134457776363 0.30151134457776363
  outer loop
   vertex 141 99 133.5
   vertex 140.5 98 133
   vertex 141 98.5 134
  endloop
 endfacet
 facet normal -0.57735026918962584 0.57735026918962584 -0.57735026918962584
  outer loop
   vertex 140 98 133.5
   vertex 140 98.5 134
   vertex 140.5 98 133
  endloop
 endfacet
 facet normal 0 0.89442719099991586 -0.44721359549995793
  outer loop
   vertex 141 98.5 134
   vertex 140.5 98 133
   vertex 140 98.5 134
  endloop
 endfacet
 facet normal 0 0.70710678118654746 0.70710678118654746
  outer loop
   vertex 141 99 133.5
   vertex 142 98.5 134
   vertex 142 99 133.5
  endloop
 endfacet
 facet normal 0 0.70710678118654746 0.70710678118654746
  outer loop
   vertex 141 98.5 134
   vertex 142 98.5 134
   vertex 141 99 133.5
  endloop
 endfacet
 facet normal 0 0.70710678118654746 0.70710678118654746
  outer loop
   vertex 142 99 133.5
   vertex 143 98.5 134
   vertex 143 99 133.5
  endloop
 endfacet
 facet normal 0 0.70710678118654746 0.70710678118654746
  outer loop
   vertex 142 98.5 134
   vertex 143 98.5 134
   vertex 142 99 133.5
  endloop
 endfacet
 facet normal 0 0.70710678118654746 0.70710678118654746
  outer loop
   vertex 143 99 133.5
   vertex 144 98.5 134
   vertex 144 99 133.5
  endloop
 endfacet
 facet normal 0 0.70710678118654746 0.70710678118654746
  outer loop
   vertex 143 98.5 134
   vertex 144 98.5 134
   vertex 143 99 133.5
  endloop
 endfacet
 facet normal 0 0.70710678118654746 0.70710678118654746
  outer loop
   vertex 144 99 133.5
   vertex 145 98.5 134
   vertex 145 99 133.5
  endloop
 endfacet
 facet normal 0 0.70710678118654746 0.70710678118654746
  outer loop
   vertex 144 98.5 134
   vertex 145 98.5 134
   vertex 144 99 133.5
  endloop
 endfacet
 facet normal 0 0.70710678118654746 0.70710678118654746
  outer loop
   vertex 145 99 133.5
   vertex 146 98.5 134
   vertex 146 99 133.5
  endloop
 endfacet
 facet normal 0 0.70710678118654746 0.70710678118654746
  outer loop
   vertex 145 98.5 134
   vertex 146 98.5 134
   vertex 145 99 133.5
  endloop
 endfacet
 facet normal 0 0.70710678118654746 0.70710678118654746
  outer loop
   vertex 146 99 133.5
   vertex 147 98.5 134
   vertex 147 99 133.5
  endloop
 endfacet
 facet normal 0 0.70710678118654746 0.70710678118654746
  outer loop
   vertex 146 98.5 134
   vertex 147 98.5 134
   vertex 146 99 133.5
  endloop
 endfacet
 facet normal 0.57735026918962584 0.57735026918962584 0.57735026918962584
  outer loop
   vertex 147.5 98 134
   vertex 147 99 133.5
   vertex 147 98.5 134
  endloop
 endfacet
 facet normal 0.57735026918962584 0.57735026918962584 0.57735026918962584
  outer loop
   vertex 147.5 98 134
   vertex 148 98 133.5
   vertex 147 99 133.5
  endloop
 endfacet
 facet normal 0 0 1
  outer loop
   vertex 148 98 133.5
   vertex 148 99 133.5
   vertex 147 99 133.5
  endloop
 endfacet
 facet normal 0.57735026918962584 0.57735026918962584 0.57735026918962584
  outer loop
   vertex 149 98.5 133
   vertex 148.5 99 133
   vertex 148 99 133.5
  endloop
 endfacet
 facet normal 0.57735026918962584 0.57735026918962584 0.57735026918962584
  outer loop
   vertex 149 98.5 133
   vertex 148 99 133.5
   vertex 149 98 133.5
  endloop
 endfacet
 facet normal 0 0 1
  outer loop
   vertex 149 98 133.5
   vertex 148 99 133.5
   vertex 148 98 133.5
  endloop
 endfacet
 facet normal 0.57735026918962584 0.57735026918962584 0.57735026918962584
  outer loop
   vertex 149.5 98 133
   vertex 149 98.5 133
   vertex 149 98 133.5
  endloop
 endfacet
 facet normal -0.57735026918962584 -0.57735026918962584 -0.57735026918962584
  outer loop
   vertex 166 99 133.5
   vertex 166 98.5 134
   vertex 165.5 99 134
  endloop
 endfacet
 facet normal 0.57735026918962584 -0.57735026918962584 -0.57735026918962584
  outer loop
   vertex 166 98.5 134
   vertex 166 99 133.5
   vertex 166.5 99 134
  endloop
 endfacet
 facet normal -0.57735026918962584 -0.57735026918962584 0.57735026918962584
  outer loop
   vertex 136 99.5 133
   vertex 136 100 133.5
   vertex 135.5 100 133
  endloop
 endfacet
 facet normal -0.57735026918962584 0.57735026918962584 -0.57735026918962584
  outer loop
   vertex 136 99 133.5
   vertex 135.5 99 134
   vertex 136 99.5 134
  endloop
 endfacet
 facet normal 0 0.70710678118654746 -0.70710678118654746
  outer loop
   vertex 136 99.5 134
   vertex 137 99.5 134
   vertex 137 99 133.5
  endloop
 endfacet
 facet normal 0 0.70710678118654746 -0.70710678118654746
  outer loop
   vertex 136 99.5 134
   vertex 137 99 133.5
   vertex 136 99 133.5
  endloop
 endfacet
 facet normal 0.57735026918962584 -0.57735026918962584 0.57735026918962584
  outer loop
   vertex 136 99.5 133
   vertex 136.5 100 133
   vertex 136 100 133.5
  endloop
 endfacet
 facet normal 0.57735026918962584 0.57735026918962584 -0.57735026918962584
  outer loop
   vertex 137.5 99 134
   vertex 137 99 133.5
   vertex 137 99.5 134
  endloop
 endfacet
 facet normal -0.57735026918962584 0.57735026918962584 0.57735026918962584
  outer loop
   vertex 139.5 99 133
   vertex 140 99 133.5
   vertex 140 99.5 133
  endloop
 endfacet
 facet normal -0 0.70710678118654746 0.70710678118654746
  outer loop
   vertex 141 99.5 133
   vertex 140 99.5 133
   vertex 140 99 133.5
  endloop
 endfacet
 facet normal 0 0.70710678118654746 0.70710678118654746
  outer loop
   vertex 141 99 133.5
   vertex 141 99.5 133
   vertex 140 99 133.5
  endloop
 endfacet
 facet normal -0 0.70710678118654746 0.70710678118654746
  outer loop
   vertex 142 99.5 133
   vertex 141 99.5 133
   vertex 141 99 133.5
  endloop
 endfacet
 facet normal 0 0.70710678118654746 0.70710678118654746
  outer loop
   vertex 142 99 133.5
   vertex 142 99.5 133
   vertex 141 99 133.5
  endloop
 endfacet
 facet normal -0 0.70710678118654746 0.70710678118654746
  outer loop
   vertex 143 99.5 133
   vertex 142 99.5 133
   vertex 142 99 133.5
  endloop
 endfacet
 facet normal 0 0.70710678118654746 0.70710678118654746
  outer loop
   vertex 143 99 133.5
   vertex 143 99.5 133
   vertex 142 99 133.5
  endloop
 endfacet
 facet normal -0 0.70710678118654746 0.70710678118654746
  outer loop
   vertex 144 99.5 133
   vertex 143 99.5 133
   vertex 143 99 133.5
  endloop
 endfacet
 facet normal 0 0.70710678118654746 0.70710678118654746
  outer loop
   vertex 144 99 133.5
   vertex 144 99.5 133
   vertex 143 99 133.5
  endloop
 endfacet
 facet normal -0 0.70710678118654746 0.70710678118654746
  outer loop
   vertex 145 99.5 133
   vertex 144 99.5 133
   vertex 144 99 133.5
  endloop
 endfacet
 facet normal 0 0.70710678118654746 0.70710678118654746
  outer loop
   vertex 145 99 133.5
   vertex 145 99.5 133
   vertex 144 99 133.5
  endloop
 endfacet
 facet normal -0 0.70710678118654746 0.70710678118654746
  outer loop
   vertex 146 99.5 133
   vertex 145 99.5 133
   vertex 145 99 133.5
  endloop
 endfacet
 facet normal 0 0.70710678118654746 0.70710678118654746
  outer loop
   vertex 146 99 133.5
   vertex 146 99.5 133
   vertex 145 99 133.5
  endloop
 endfacet
 facet normal -0 0.70710678118654746 0.70710678118654746
  outer loop
   vertex 147 99.5 133
   vertex 146 99.5 133
   vertex 146 99 133.5
  endloop
 endfacet
 facet normal 0 0.70710678118654746 0.70710678118654746
  outer loop
   vertex 147 99 133.5
   vertex 147 99.5 133
   vertex 146 99 133.5
  endloop
 endfacet
 facet normal -0 0.70710678118654746 0.70710678118654746
  outer loop
   vertex 148 99.5 133
   vertex 147 99.5 133
   vertex 147 99 133.5
  endloop
 endfacet
 facet normal 0 0.70710678118654746 0.70710678118654746
  outer loop
   vertex 148 99 133.5
   vertex 148 99.5 133
   vertex 147 99 133.5
  endloop
 endfacet
 facet normal 0.57735026918962584 0.57735026918962584 0.57735026918962584
  outer loop
   vertex 148.5 99 133
   vertex 148 99.5 133
   vertex 148 99 133.5
  endloop
 endfacet
 facet normal -0.57735026918962584 0.57735026918962584 -0.57735026918962584
  outer loop
   vertex 166 99 133.5
   vertex 165.5 99 134
   vertex 166 99.5 134
  endloop
 endfacet
 facet normal 0.57735026918962584 0.57735026918962584 -0.57735026918962584
  outer loop
   vertex 166.5 99 134
   vertex 166 99 133.5
   vertex 166 99.5 134
  endloop
 endfacet
 facet normal -0.57735026918962584 -0.57735026918962584 -0.57735026918962584
  outer loop
   vertex 134 101 133.5
   vertex 134 100.5 134
   vertex 133.5 101 134
  endloop
 endfacet
 facet normal -0.57735026918962584 -0.57735026918962584 0.57735026918962584
  outer loop
   vertex 135 101 133.5
   vertex 134.5 101 133
   vertex 135 100.5 133
  endloop
 endfacet
 facet normal 0.57735026918962584 -0.57735026918962584 -0.57735026918962584
  outer loop
   vertex 134.5 101 134
   vertex 134 100.5 134
   vertex 134 101 133.5
  endloop
 endfacet
 facet normal -0.57735026918962584 0.57735026918962584 0.57735026918962584
  outer loop
   vertex 136 100.5 133
   vertex 135.5 100 133
   vertex 136 100 133.5
  endloop
 endfacet
 facet normal 0.57735026918962584 -0.57735026918962584 0.57735026918962584
  outer loop
   vertex 135.5 101 133
   vertex 135 101 133.5
   vertex 135 100.5 133
  endloop
 endfacet
 facet normal 0.57735026918962584 0.57735026918962584 0.57735026918962584
  outer loop
   vertex 136.5 100 133
   vertex 136 100.5 133
   vertex 136 100 133.5
  endloop
 endfacet
 facet normal -0.57735026918962584 -0.57735026918962584 -0.57735026918962584
  outer loop
   vertex 166 101 133.5
   vertex 166 100.5 134
   vertex 165.5 101 134
  endloop
 endfacet
 facet normal 0.57735026918962584 -0.57735026918962584 -0.57735026918962584
  outer loop
   vertex 166 100.5 134
   vertex 166 101 133.5
   vertex 166.5 101 134
  endloop
 endfacet
 facet normal -0.57735026918962584 -0.57735026918962584 -0.57735026918962584
  outer loop
   vertex 134 101.5 133
   vertex 134 101 133.5
   vertex 133.5 101 134
  endloop
 endfacet
 facet normal -0.57735026918962584 -0.57735026918962584 -0.57735026918962584
  outer loop
   vertex 134 101.5 133
   vertex 133.5 101 134
   vertex 133.5 102 133
  endloop
 endfacet
 facet normal -1 0 0
  outer loop
   vertex 133.5 102 133
   vertex 133.5 101 134
   vertex 133.5 102 134
  endloop
 endfacet
 facet normal -0.57735026918962584 0.57735026918962584 0.57735026918962584
  outer loop
   vertex 135 101.5 133
   vertex 134.5 101 133
   vertex 135 101 133.5
  endloop
 endfacet
 facet normal 0.57735026918962584 -0.57735026918962584 -0.57735026918962584
  outer loop
   vertex 134.5 102 133
   vertex 134.5 101 134
   vertex 134 101.5 133
  endloop
 endfacet
 facet normal 1 0 0
  outer loop
   vertex 134.5 102 133
   vertex 134.5 102 134
   vertex 134.5 101 134
  endloop
 endfacet
 facet normal 0.57735026918962584 -0.57735026918962584 -0.57735026918962584
  outer loop
   vertex 134.5 101 134
   vertex 134 101 133.5
   vertex 134 101.5 133
  endloop
 endfacet
 facet normal 0.57735026918962584 0.57735026918962584 0.57735026918962584
  outer loop
   vertex 135.5 101 133
   vertex 135 101.5 133
   vertex 135 101 133.5
  endloop
 endfacet
 facet normal -0.57735026918962584 0.57735026918962584 -0.57735026918962584
  outer loop
   vertex 166 101 133.5
   vertex 165.5 101 134
   vertex 166 101.5 134
  endloop
 endfacet
 facet normal 0.57735026918962584 0.57735026918962584 -0.57735026918962584
  outer loop
   vertex 166.5 101 134
   vertex 166 101 133.5
   vertex 166 101.5 134
  endloop
 endfacet
 facet normal -0.70710678118654746 0.70710678118654746 0
  outer loop
   vertex 133.5 102 133
   vertex 133.5 102 134
   vertex 134 102.5 134
  endloop
 endfacet
 facet normal -0.70710678118654746 0.70710678118654746 0
  outer loop
   vertex 134 102.5 133
   vertex 133.5 102 133
   vertex 134 102.5 134
  endloop
 endfacet
 facet normal 0.70710678118654746 0.70710678118654746 -0
  outer loop
   vertex 134.5 102 134
   vertex 134.5 102 133
   vertex 134 102.5 133
  endloop
 endfacet
 facet normal 0.70710678118654746 0.70710678118654746 0
  outer loop
   vertex 134 102.5 134
   vertex 134.5 102 134
   vertex 134 102.5 133
  endloop
 endfacet
 facet normal -0.57735026918962584 -0.57735026918962584 0.57735026918962584
  outer loop
   vertex 135 103.5 133
   vertex 135 104 133.5
   vertex 134.5 104 133
  endloop
 endfacet
 facet normal 0.57735026918962584 -0.57735026918962584 0.57735026918962584
  outer loop
   vertex 135 103.5 133
   vertex 135.5 104 133
   vertex 135 104 133.5
  endloop
 endfacet
 facet normal -0.57735026918962584 0.57735026918962584 0.57735026918962584
  outer loop
   vertex 134.5 104 133
   vertex 135 104 133.5
   vertex 135 104.5 133
  endloop
 endfacet
 facet normal 0.57735026918962584 0.57735026918962584 0.57735026918962584
  outer loop
   vertex 135.5 104 133
   vertex 135 104.5 133
   vertex 135 104 133.5
  endloop
 endfacet
 facet normal -0.57735026918962584 -0.57735026918962584 0.57735026918962584
  outer loop
   vertex 160 118.5 133
   vertex 160 119 133.5
   vertex 159.5 119 133
  endloop
 endfacet
 facet normal 0.57735026918962584 -0.57735026918962584 0.57735026918962584
  outer loop
   vertex 160 118.5 133
   vertex 160.5 119 133
   vertex 160 119 133.5
  endloop
 endfacet
 facet normal -0.57735026918962584 0.57735026918962584 0.57735026918962584
  outer loop
   vertex 159.5 119 133
   vertex 160 119 133.5
   vertex 160 119.5 133
  endloop
 endfacet
 facet normal 0.57735026918962584 0.57735026918962584 0.57735026918962584
  outer loop
   vertex 160.5 119 133
   vertex 160 119.5 133
   vertex 160 119 133.5
  endloop
 endfacet
 facet normal -0.57735026918962584 -0.57735026918962584 -0.57735026918962584
  outer loop
   vertex 152 125 133.5
   vertex 152 124.5 134
   vertex 151.5 125 134
  endloop
 endfacet
 facet normal 0.57735026918962584 -0.57735026918962584 -0.57735026918962584
  outer loop
   vertex 152 124.5 134
   vertex 152 125 133.5
   vertex 152.5 125 134
  endloop
 endfacet
 facet normal -0.57735026918962584 0.57735026918962584 -0.57735026918962584
  outer loop
   vertex 152 125 133.5
   vertex 151.5 125 134
   vertex 152 125.5 134
  endloop
 endfacet
 facet normal 0.57735026918962584 0.57735026918962584 -0.57735026918962584
  outer loop
   vertex 152.5 125 134
   vertex 152 125 133.5
   vertex 152 125.5 134
  endloop
 endfacet
 facet normal -0.57735026918962584 -0.57735026918962584 -0.57735026918962584
  outer loop
   vertex 151 83 134.5
   vertex 151 82.5 135
   vertex 150.5 83 135
  endloop
 endfacet
 facet normal -0 -0.70710678118654746 -0.70710678118654746
  outer loop
   vertex 151 83 134.5
   vertex 152 83 134.5
   vertex 152 82.5 135
  endloop
 endfacet
 facet normal 0 -0.70710678118654746 -0.70710678118654746
  outer loop
   vertex 151 82.5 135
   vertex 151 83 134.5
   vertex 152 82.5 135
  endloop
 endfacet
 facet normal -0 -0.70710678118654746 -0.70710678118654746
  outer loop
   vertex 152 83 134.5
   vertex 153 83 134.5
   vertex 153 82.5 135
  endloop
 endfacet
 facet normal 0 -0.70710678118654746 -0.70710678118654746
  outer loop
   vertex 152 82.5 135
   vertex 152 83 134.5
   vertex 153 82.5 135
  endloop
 endfacet
 facet normal -0 -0.70710678118654746 -0.70710678118654746
  outer loop
   vertex 153 83 134.5
   vertex 154 83 134.5
   vertex 154 82.5 135
  endloop
 endfacet
 facet normal 0 -0.70710678118654746 -0.70710678118654746
  outer loop
   vertex 153 82.5 135
   vertex 153 83 134.5
   vertex 154 82.5 135
  endloop
 endfacet
 facet normal 0.57735026918962584 -0.57735026918962584 -0.57735026918962584
  outer loop
   vertex 154 82.5 135
   vertex 154 83 134.5
   vertex 154.5 83 135
  endloop
 endfacet
 facet normal -0.57735026918962584 -0.57735026918962584 -0.57735026918962584
  outer loop
   vertex 150 84 134.5
   vertex 150 83.5 135
   vertex 149.5 84 135
  endloop
 endfacet
 facet normal -0.57735026918962584 0.57735026918962584 -0.57735026918962584
  outer loop
   vertex 150.5 83 135
   vertex 151 83.5 135
   vertex 151 83 134.5
  endloop
 endfacet
 facet normal 0.57735026918962584 -0.57735026918962584 -0.57735026918962584
  outer loop
   vertex 150 83.5 135
   vertex 150 84 134.5
   vertex 150.5 84 135
  endloop
 endfacet
 facet normal 0 0.70710678118654746 -0.70710678118654746
  outer loop
   vertex 152 83 134.5
   vertex 151 83 134.5
   vertex 151 83.5 135
  endloop
 endfacet
 facet normal 0 0.70710678118654746 -0.70710678118654746
  outer loop
   vertex 152 83.5 135
   vertex 152 83 134.5
   vertex 151 83.5 135
  endloop
 endfacet
 facet normal 0 0.70710678118654746 -0.70710678118654746
  outer loop
   vertex 153 83 134.5
   vertex 152 83 134.5
   vertex 152 83.5 135
  endloop
 endfacet
 facet normal 0 0.70710678118654746 -0.70710678118654746
  outer loop
   vertex 153 83.5 135
   vertex 153 83 134.5
   vertex 152 83.5 135
  endloop
 endfacet
 facet normal 0 0.70710678118654746 -0.70710678118654746
  outer loop
   vertex 154 83 134.5
   vertex 153 83 134.5
   vertex 153 83.5 135
  endloop
 endfacet
 facet normal 0 0.70710678118654746 -0.70710678118654746
  outer loop
   vertex 154 83 134.5
   vertex 153 83.5 135
   vertex 154 83.5 135
  endloop
 endfacet
 facet normal -0.57735026918962584 -0.57735026918962584 0.57735026918962584
  outer loop
   vertex 154 84 134.5
   vertex 153.5 84 134
   vertex 154 83.5 134
  endloop
 endfacet
 facet normal 0.57735026918962584 0.57735026918962584 -0.57735026918962584
  outer loop
   vertex 154 83 134.5
   vertex 154 83.5 135
   vertex 154.5 83 135
  endloop
 endfacet
 facet normal 0.57735026918962584 -0.57735026918962584 0.57735026918962584
  outer loop
   vertex 154 83.5 134
   vertex 154.5 84 134
   vertex 154 84 134.5
  endloop
 endfacet
 facet normal -0.57735026918962584 0.57735026918962584 -0.57735026918962584
  outer loop
   vertex 150 84 134.5
   vertex 149.5 84 135
   vertex 150 84.5 135
  endloop
 endfacet
 facet normal 0.57735026918962584 0.57735026918962584 -0.57735026918962584
  outer loop
   vertex 150.5 84 135
   vertex 150 84 134.5
   vertex 150 84.5 135
  endloop
 endfacet
 facet normal -0.57735026918962584 0.57735026918962584 0.57735026918962584
  outer loop
   vertex 153.5 84 134
   vertex 154 84 134.5
   vertex 154 84.5 134
  endloop
 endfacet
 facet normal -0.70710678118654746 -0.70710678118654746 -0
  outer loop
   vertex 155 84.5 134
   vertex 155 84.5 135
   vertex 154.5 85 135
  endloop
 endfacet
 facet normal -0.70710678118654746 -0.70710678118654746 -0
  outer loop
   vertex 155 84.5 134
   vertex 154.5 85 135
   vertex 154.5 85 134
  endloop
 endfacet
 facet normal 0.57735026918962584 0.57735026918962584 0.57735026918962584
  outer loop
   vertex 154 84.5 134
   vertex 154 84 134.5
   vertex 154.5 84 134
  endloop
 endfacet
 facet normal 0.70710678118654746 -0.70710678118654746 0
  outer loop
   vertex 155 84.5 135
   vertex 155 84.5 134
   vertex 155.5 85 134
  endloop
 endfacet
 facet normal 0.70710678118654746 -0.70710678118654746 0
  outer loop
   vertex 155.5 85 135
   vertex 155 84.5 135
   vertex 155.5 85 134
  endloop
 endfacet
 facet normal -0.57735026918962584 -0.57735026918962584 0.57735026918962584
  outer loop
   vertex 146 85.5 134
   vertex 146 86 134.5
   vertex 145.5 86 134
  endloop
 endfacet
 facet normal 0 -0.70710678118654746 0.70710678118654746
  outer loop
   vertex 146 85.5 134
   vertex 147 85.5 134
   vertex 147 86 134.5
  endloop
 endfacet
 facet normal 0 -0.70710678118654746 0.70710678118654746
  outer loop
   vertex 146 86 134.5
   vertex 146 85.5 134
   vertex 147 86 134.5
  endloop
 endfacet
 facet normal 0.57735026918962584 -0.57735026918962584 0.57735026918962584
  outer loop
   vertex 147 85.5 134
   vertex 147.5 86 134
   vertex 147 86 134.5
  endloop
 endfacet
 facet normal -0.57735026918962584 -0.57735026918962584 -0.57735026918962584
  outer loop
   vertex 149 86 134.5
   vertex 149 85.5 135
   vertex 148.5 86 135
  endloop
 endfacet
 facet normal 0.57735026918962584 -0.57735026918962584 -0.57735026918962584
  outer loop
   vertex 149 85.5 135
   vertex 149 86 134.5
   vertex 149.5 86 135
  endloop
 endfacet
 facet normal -0.70710678118654746 0.70710678118654746 0
  outer loop
   vertex 154.5 85 134
   vertex 154.5 85 135
   vertex 155 85.5 135
  endloop
 endfacet
 facet normal -0.70710678118654746 0.70710678118654746 0
  outer loop
   vertex 155 85.5 134
   vertex 154.5 85 134
   vertex 155 85.5 135
  endloop
 endfacet
 facet normal 0.70710678118654746 0.70710678118654746 -0
  outer loop
   vertex 155.5 85 135
   vertex 155.5 85 134
   vertex 155 85.5 134
  endloop
 endfacet
 facet normal 0.70710678118654746 0.70710678118654746 0
  outer loop
   vertex 155 85.5 135
   vertex 155.5 85 135
   vertex 155 85.5 134
  endloop
 endfacet
 facet normal -0.57735026918962584 -0.57735026918962584 0.57735026918962584
  outer loop
   vertex 146 86 134.5
   vertex 146 86.5 135
   vertex 145.5 87 135
  endloop
 endfacet
 facet normal -0.57735026918962584 -0.57735026918962584 0.57735026918962584
  outer loop
   vertex 146 86 134.5
   vertex 145.5 87 135
   vertex 145.5 86 134
  endloop
 endfacet
 facet normal -1 0 -0
  outer loop
   vertex 145.5 86 134
   vertex 145.5 87 135
   vertex 145.5 87 134
  endloop
 endfacet
 facet normal 0 -0.70710678118654746 0.70710678118654746
  outer loop
   vertex 147 86 134.5
   vertex 146 86.5 135
   vertex 146 86 134.5
  endloop
 endfacet
 facet normal 0 -0.70710678118654746 0.70710678118654746
  outer loop
   vertex 147 86.5 135
   vertex 146 86.5 135
   vertex 147 86 134.5
  endloop
 endfacet
 facet normal 0.57735026918962584 -0.57735026918962584 0.57735026918962584
  outer loop
   vertex 147 86.5 135
   vertex 147 86 134.5
   vertex 147.5 86 134
  endloop
 endfacet
 facet normal 0.57735026918962584 -0.57735026918962584 0.57735026918962584
  outer loop
   vertex 147 86.5 135
   vertex 147.5 86 134
   vertex 147.5 87 135
  endloop
 endfacet
 facet normal 1 0 0
  outer loop
   vertex 147.5 87 135
   vertex 147.5 86 134
   vertex 147.5 87 134
  endloop
 endfacet
 facet normal -0.57735026918962584 0.57735026918962584 -0.57735026918962584
  outer loop
   vertex 149 86 134.5
   vertex 148.5 86 135
   vertex 149 86.5 135
  endloop
 endfacet
 facet normal -0.70710678118654746 -0.70710678118654746 0
  outer loop
   vertex 149.5 87 135
   vertex 149.5 87 134
   vertex 150 86.5 134
  endloop
 endfacet
 facet normal -0.70710678118654746 -0.70710678118654746 0
  outer loop
   vertex 149.5 87 135
   vertex 150 86.5 134
   vertex 150 86.5 135
  endloop
 endfacet
 facet normal 0.57735026918962584 0.57735026918962584 -0.57735026918962584
  outer loop
   vertex 149.5 86 135
   vertex 149 86 134.5
   vertex 149 86.5 135
  endloop
 endfacet
 facet normal 0.70710678118654746 -0.70710678118654746 0
  outer loop
   vertex 150 86.5 135
   vertex 150 86.5 134
   vertex 150.5 87 134
  endloop
 endfacet
 facet normal 0.70710678118654746 -0.70710678118654746 0
  outer loop
   vertex 150.5 87 135
   vertex 150 86.5 135
   vertex 150.5 87 134
  endloop
 endfacet
 facet normal -0.70710678118654746 0.70710678118654746 0
  outer loop
   vertex 145.5 87 134
   vertex 145.5 87 135
   vertex 146 87.5 135
  endloop
 endfacet
 facet normal -0.70710678118654746 0.70710678118654746 0
  outer loop
   vertex 146 87.5 134
   vertex 145.5 87 134
   vertex 146 87.5 135
  endloop
 endfacet
 facet normal -0.70710678118654746 0.70710678118654746 0
  outer loop
   vertex 146 87.5 135
   vertex 146.5 88 134
   vertex 146 87.5 134
  endloop
 endfacet
 facet normal -0.70710678118654746 0.70710678118654746 0
  outer loop
   vertex 146.5 88 135
   vertex 146.5 88 134
   vertex 146 87.5 135
  endloop
 endfacet
 facet normal 1 0 0
  outer loop
   vertex 147.5 87 134
   vertex 147.5 88 134
   vertex 147.5 87 135
  endloop
 endfacet
 facet normal 1 0 -0
  outer loop
   vertex 147.5 87 135
   vertex 147.5 88 134
   vertex 147.5 88 135
  endloop
 endfacet
 facet normal -1 0 0
  outer loop
   vertex 149.5 87 134
   vertex 149.5 87 135
   vertex 149.5 88 134
  endloop
 endfacet
 facet normal -1 -0 -0
  outer loop
   vertex 149.5 87 135
   vertex 149.5 88 135
   vertex 149.5 88 134
  endloop
 endfacet
 facet normal 0.57735026918962584 -0.57735026918962584 0.57735026918962584
  outer loop
   vertex 151 88 134.5
   vertex 150.5 87 134
   vertex 151 87.5 134
  endloop
 endfacet
 facet normal 0.57735026918962584 -0.57735026918962584 0.57735026918962584
  outer loop
   vertex 151 88 134.5
   vertex 150.5 88 135
   vertex 150.5 87 134
  endloop
 endfacet
 facet normal 1 -0 0
  outer loop
   vertex 150.5 88 135
   vertex 150.5 87 135
   vertex 150.5 87 134
  endloop
 endfacet
 facet normal 0.57735026918962584 -0.57735026918962584 0.57735026918962584
  outer loop
   vertex 151 87.5 134
   vertex 151.5 88 134
   vertex 151 88 134.5
  endloop
 endfacet
 facet normal -0.70710678118654746 0.70710678118654746 0
  outer loop
   vertex 146.5 88 134
   vertex 146.5 88 135
   vertex 147 88.5 135
  endloop
 endfacet
 facet normal -0.70710678118654746 0.70710678118654746 0
  outer loop
   vertex 147 88.5 134
   vertex 146.5 88 134
   vertex 147 88.5 135
  endloop
 endfacet
 facet normal 0.70710678118654746 0.70710678118654746 -0
  outer loop
   vertex 147.5 88 135
   vertex 147.5 88 134
   vertex 147 88.5 134
  endloop
 endfacet
 facet normal 0.70710678118654746 0.70710678118654746 0
  outer loop
   vertex 147 88.5 135
   vertex 147.5 88 135
   vertex 147 88.5 134
  endloop
 endfacet
 facet normal -1 0 0
  outer loop
   vertex 149.5 88 134
   vertex 149.5 88 135
   vertex 149.5 89 134
  endloop
 endfacet
 facet normal -1 -0 -0
  outer loop
   vertex 149.5 88 135
   vertex 149.5 89 135
   vertex 149.5 89 134
  endloop
 endfacet
 facet normal 0.70710678118654746 0 0.70710678118654746
  outer loop
   vertex 151 89 134.5
   vertex 150.5 88 135
   vertex 151 88 134.5
  endloop
 endfacet
 facet normal 0.70710678118654746 -0 0.70710678118654746
  outer loop
   vertex 150.5 89 135
   vertex 150.5 88 135
   vertex 151 89 134.5
  endloop
 endfacet
 facet normal 0.70710678118654746 0 0.70710678118654746
  outer loop
   vertex 151.5 88 134
   vertex 151.5 89 134
   vertex 151 89 134.5
  endloop
 endfacet
 facet normal 0.70710678118654746 0 0.70710678118654746
  outer loop
   vertex 151 88 134.5
   vertex 151.5 88 134
   vertex 151 89 134.5
  endloop
 endfacet
 facet normal -0.57735026918962584 -0.57735026918962584 -0.57735026918962584
  outer loop
   vertex 147 90 134.5
   vertex 147 89.5 135
   vertex 146.5 90 135
  endloop
 endfacet
 facet normal 0.57735026918962584 -0.57735026918962584 -0.57735026918962584
  outer loop
   vertex 147 89.5 135
   vertex 147 90 134.5
   vertex 147.5 90 135
  endloop
 endfacet
 facet normal -1 0 0
  outer loop
   vertex 149.5 89 134
   vertex 149.5 89 135
   vertex 149.5 90 134
  endloop
 endfacet
 facet normal -1 -0 -0
  outer loop
   vertex 149.5 89 135
   vertex 149.5 90 135
   vertex 149.5 90 134
  endloop
 endfacet
 facet normal 0.70710678118654746 0 0.70710678118654746
  outer loop
   vertex 151 90 134.5
   vertex 150.5 89 135
   vertex 151 89 134.5
  endloop
 endfacet
 facet normal 0.70710678118654746 -0 0.70710678118654746
  outer loop
   vertex 150.5 90 135
   vertex 150.5 89 135
   vertex 151 90 134.5
  endloop
 endfacet
 facet normal 0.70710678118654746 0 0.70710678118654746
  outer loop
   vertex 151.5 89 134
   vertex 151.5 90 134
   vertex 151 90 134.5
  endloop
 endfacet
 facet normal 0.70710678118654746 0 0.70710678118654746
  outer loop
   vertex 151 89 134.5
   vertex 151.5 89 134
   vertex 151 90 134.5
  endloop
 endfacet
 facet normal -0.57735026918962584 0.57735026918962584 -0.57735026918962584
  outer loop
   vertex 147 90 134.5
   vertex 146.5 90 135
   vertex 147 90.5 135
  endloop
 endfacet
 facet normal 0.57735026918962584 0.57735026918962584 -0.57735026918962584
  outer loop
   vertex 147.5 90 135
   vertex 147 90 134.5
   vertex 147 90.5 135
  endloop
 endfacet
 facet normal -0.70710678118654746 -0.70710678118654746 -0
  outer loop
   vertex 149 90.5 134
   vertex 149 90.5 135
   vertex 148.5 91 135
  endloop
 endfacet
 facet normal -0.70710678118654746 -0.70710678118654746 0
  outer loop
   vertex 148.5 91 134
   vertex 149 90.5 134
   vertex 148.5 91 135
  endloop
 endfacet
 facet normal -0.70710678118654746 -0.70710678118654746 0
  outer loop
   vertex 149.5 90 135
   vertex 149 90.5 134
   vertex 149.5 90 134
  endloop
 endfacet
 facet normal -0.70710678118654746 -0.70710678118654746 0
  outer loop
   vertex 149 90.5 135
   vertex 149 90.5 134
   vertex 149.5 90 135
  endloop
 endfacet
 facet normal 0.70710678118654746 0 0.70710678118654746
  outer loop
   vertex 151 91 134.5
   vertex 150.5 90 135
   vertex 151 90 134.5
  endloop
 endfacet
 facet normal 0.70710678118654746 -0 0.70710678118654746
  outer loop
   vertex 150.5 91 135
   vertex 150.5 90 135
   vertex 151 91 134.5
  endloop
 endfacet
 facet normal 0.70710678118654746 0 0.70710678118654746
  outer loop
   vertex 151.5 90 134
   vertex 151.5 91 134
   vertex 151 91 134.5
  endloop
 endfacet
 facet normal 0.70710678118654746 0 0.70710678118654746
  outer loop
   vertex 151 90 134.5
   vertex 151.5 90 134
   vertex 151 91 134.5
  endloop
 endfacet
 facet normal -0.57735026918962584 -0.57735026918962584 0.57735026918962584
  outer loop
   vertex 158 90.5 134
   vertex 158 91 134.5
   vertex 157.5 91 134
  endloop
 endfacet
 facet normal 0.57735026918962584 -0.57735026918962584 0.57735026918962584
  outer loop
   vertex 158 90.5 134
   vertex 158.5 91 134
   vertex 158 91 134.5
  endloop
 endfacet
 facet normal -0.57735026918962584 -0.57735026918962584 -0.57735026918962584
  outer loop
   vertex 147 92 134.5
   vertex 147 91.5 135
   vertex 146.5 92 135
  endloop
 endfacet
 facet normal -0.57735026918962584 -0.57735026918962584 -0.57735026918962584
  outer loop
   vertex 147 92 134.5
   vertex 147.5 92 134
   vertex 148 91.5 134
  endloop
 endfacet
 facet normal -0.57735026918962584 -0.57735026918962584 -0.57735026918962584
  outer loop
   vertex 147 92 134.5
   vertex 148 91.5 134
   vertex 147 91.5 135
  endloop
 endfacet
 facet normal 0 -1 0
  outer loop
   vertex 147 91.5 135
   vertex 148 91.5 134
   vertex 148 91.5 135
  endloop
 endfacet
 facet normal -0.70710678118654746 -0.70710678118654746 0
  outer loop
   vertex 148.5 91 135
   vertex 148 91.5 134
   vertex 148.5 91 134
  endloop
 endfacet
 facet normal -0.70710678118654746 -0.70710678118654746 0
  outer loop
   vertex 148 91.5 135
   vertex 148 91.5 134
   vertex 148.5 91 135
  endloop
 endfacet
 facet normal 0.70710678118654746 0 0.70710678118654746
  outer loop
   vertex 151 92 134.5
   vertex 150.5 91 135
   vertex 151 91 134.5
  endloop
 endfacet
 facet normal 0.70710678118654746 -0 0.70710678118654746
  outer loop
   vertex 150.5 92 135
   vertex 150.5 91 135
   vertex 151 92 134.5
  endloop
 endfacet
 facet normal 0.70710678118654746 0 0.70710678118654746
  outer loop
   vertex 151.5 91 134
   vertex 151.5 92 134
   vertex 151 92 134.5
  endloop
 endfacet
 facet normal 0.70710678118654746 0 0.70710678118654746
  outer loop
   vertex 151 91 134.5
   vertex 151.5 91 134
   vertex 151 92 134.5
  endloop
 endfacet
 facet normal -0.57735026918962584 0.57735026918962584 0.57735026918962584
  outer loop
   vertex 157.5 91 134
   vertex 158 91 134.5
   vertex 158 91.5 134
  endloop
 endfacet
 facet normal 0.57735026918962584 0.57735026918962584 0.57735026918962584
  outer loop
   vertex 158.5 91 134
   vertex 158 91.5 134
   vertex 158 91 134.5
  endloop
 endfacet
 facet normal -0.57735026918962584 -0.57735026918962584 -0.57735026918962584
  outer loop
   vertex 147 92.5 134
   vertex 147 92 134.5
   vertex 146.5 92 135
  endloop
 endfacet
 facet normal -0.57735026918962584 -0.57735026918962584 -0.57735026918962584
  outer loop
   vertex 147 92.5 134
   vertex 146.5 92 135
   vertex 146.5 93 134
  endloop
 endfacet
 facet normal -1 0 0
  outer loop
   vertex 146.5 93 134
   vertex 146.5 92 135
   vertex 146.5 93 135
  endloop
 endfacet
 facet normal -0.57735026918962584 -0.57735026918962584 -0.57735026918962584
  outer loop
   vertex 147.5 92 134
   vertex 147 92 134.5
   vertex 147 92.5 134
  endloop
 endfacet
 facet normal 0.57735026918962584 0.57735026918962584 0.57735026918962584
  outer loop
   vertex 150 93 134.5
   vertex 149.5 93 135
   vertex 150 92.5 135
  endloop
 endfacet
 facet normal 0.57735026918962584 0.57735026918962584 0.57735026918962584
  outer loop
   vertex 150.5 92 135
   vertex 150 93 134.5
   vertex 150 92.5 135
  endloop
 endfacet
 facet normal 0.57735026918962584 0.57735026918962584 0.57735026918962584
  outer loop
   vertex 151 92 134.5
   vertex 150 93 134.5
   vertex 150.5 92 135
  endloop
 endfacet
 facet normal 0.57735026918962584 0.57735026918962584 0.57735026918962584
  outer loop
   vertex 151 92 134.5
   vertex 150.5 93 134
   vertex 150 93 134.5
  endloop
 endfacet
 facet normal 0.57735026918962584 0.57735026918962584 0.57735026918962584
  outer loop
   vertex 151 92 134.5
   vertex 151 92.5 134
   vertex 150.5 93 134
  endloop
 endfacet
 facet normal 0.57735026918962584 0.57735026918962584 0.57735026918962584
  outer loop
   vertex 151.5 92 134
   vertex 151 92.5 134
   vertex 151 92 134.5
  endloop
 endfacet
 facet normal -0.57735026918962584 -0.57735026918962584 -0.57735026918962584
  outer loop
   vertex 146 94 134.5
   vertex 146 93.5 135
   vertex 145.5 94 135
  endloop
 endfacet
 facet normal -0.57735026918962584 -0.57735026918962584 -0.57735026918962584
  outer loop
   vertex 146 94 134.5
   vertex 146.5 93 135
   vertex 146 93.5 135
  endloop
 endfacet
 facet normal -0.57735026918962584 -0.57735026918962584 -0.57735026918962584
  outer loop
   vertex 146 94 134.5
   vertex 146.5 94 134
   vertex 146.5 93 135
  endloop
 endfacet
 facet normal -1 0 0
  outer loop
   vertex 146.5 94 134
   vertex 146.5 93 134
   vertex 146.5 93 135
  endloop
 endfacet
 facet normal 0.57735026918962584 0.57735026918962584 0.57735026918962584
  outer loop
   vertex 150 93.5 134
   vertex 149.5 93 135
   vertex 150 93 134.5
  endloop
 endfacet
 facet normal 0.57735026918962584 0.57735026918962584 0.57735026918962584
  outer loop
   vertex 150 93.5 134
   vertex 149.5 94 134
   vertex 149.5 93 135
  endloop
 endfacet
 facet normal 1 0 0
  outer loop
   vertex 149.5 94 134
   vertex 149.5 94 135
   vertex 149.5 93 135
  endloop
 endfacet
 facet normal 0.57735026918962584 0.57735026918962584 0.57735026918962584
  outer loop
   vertex 150.5 93 134
   vertex 150 93.5 134
   vertex 150 93 134.5
  endloop
 endfacet
 facet normal -0.57735026918962584 -0.57735026918962584 -0.57735026918962584
  outer loop
   vertex 142 95 134.5
   vertex 142 94.5 135
   vertex 141.5 95 135
  endloop
 endfacet
 facet normal -0 -0.70710678118654746 -0.70710678118654746
  outer loop
   vertex 142 95 134.5
   vertex 143 95 134.5
   vertex 143 94.5 135
  endloop
 endfacet
 facet normal 0 -0.70710678118654746 -0.70710678118654746
  outer loop
   vertex 142 94.5 135
   vertex 142 95 134.5
   vertex 143 94.5 135
  endloop
 endfacet
 facet normal -0 -0.70710678118654746 -0.70710678118654746
  outer loop
   vertex 143 95 134.5
   vertex 144 95 134.5
   vertex 144 94.5 135
  endloop
 endfacet
 facet normal 0 -0.70710678118654746 -0.70710678118654746
  outer loop
   vertex 143 94.5 135
   vertex 143 95 134.5
   vertex 144 94.5 135
  endloop
 endfacet
 facet normal -0 -0.70710678118654746 -0.70710678118654746
  outer loop
   vertex 144 95 134.5
   vertex 145 95 134.5
   vertex 145 94.5 135
  endloop
 endfacet
 facet normal 0 -0.70710678118654746 -0.70710678118654746
  outer loop
   vertex 144 94.5 135
   vertex 144 95 134.5
   vertex 145 94.5 135
  endloop
 endfacet
 facet normal -0.57735026918962584 -0.57735026918962584 -0.57735026918962584
  outer loop
   vertex 145.5 94 135
   vertex 145 94.5 135
   vertex 145 95 134.5
  endloop
 endfacet
 facet normal -0.57735026918962584 -0.57735026918962584 -0.57735026918962584
  outer loop
   vertex 146 94 134.5
   vertex 145.5 94 135
   vertex 145 95 134.5
  endloop
 endfacet
 facet normal -0.57735026918962584 -0.57735026918962584 -0.57735026918962584
  outer loop
   vertex 146 94 134.5
   vertex 145 95 134.5
   vertex 145.5 95 134
  endloop
 endfacet
 facet normal -0.57735026918962584 -0.57735026918962584 -0.57735026918962584
  outer loop
   vertex 146 94 134.5
   vertex 145.5 95 134
   vertex 146 94.5 134
  endloop
 endfacet
 facet normal -0.57735026918962584 -0.57735026918962584 -0.57735026918962584
  outer loop
   vertex 146.5 94 134
   vertex 146 94 134.5
   vertex 146 94.5 134
  endloop
 endfacet
 facet normal 0.57735026918962584 0.57735026918962584 0.57735026918962584
  outer loop
   vertex 149 95 134.5
   vertex 148.5 95 135
   vertex 149 94.5 135
  endloop
 endfacet
 facet normal 0.57735026918962584 0.57735026918962584 0.57735026918962584
  outer loop
   vertex 149 95 134.5
   vertex 149 94.5 135
   vertex 149.5 94 135
  endloop
 endfacet
 facet normal 0.57735026918962584 0.57735026918962584 0.57735026918962584
  outer loop
   vertex 149 95 134.5
   vertex 149.5 94 135
   vertex 149.5 95 134
  endloop
 endfacet
 facet normal 1 0 0
  outer loop
   vertex 149.5 95 134
   vertex 149.5 94 135
   vertex 149.5 94 134
  endloop
 endfacet
 facet normal -0.57735026918962584 -0.57735026918962584 -0.57735026918962584
  outer loop
   vertex 141 96 134.5
   vertex 141 95.5 135
   vertex 140.5 96 135
  endloop
 endfacet
 facet normal -0.57735026918962584 -0.57735026918962584 -0.57735026918962584
  outer loop
   vertex 141.5 95 135
   vertex 141 95.5 135
   vertex 141 96 134.5
  endloop
 endfacet
 facet normal -0.57735026918962584 -0.57735026918962584 -0.57735026918962584
  outer loop
   vertex 141.5 95 135
   vertex 141 96 134.5
   vertex 142 95 134.5
  endloop
 endfacet
 facet normal 0 0 -1
  outer loop
   vertex 142 95 134.5
   vertex 141 96 134.5
   vertex 142 96 134.5
  endloop
 endfacet
 facet normal 0 0 -1
  outer loop
   vertex 143 95 134.5
   vertex 142 95 134.5
   vertex 143 96 134.5
  endloop
 endfacet
 facet normal 0 0 -1
  outer loop
   vertex 143 96 134.5
   vertex 142 95 134.5
   vertex 142 96 134.5
  endloop
 endfacet
 facet normal 0 0 -1
  outer loop
   vertex 144 95 134.5
   vertex 143 95 134.5
   vertex 144 96 134.5
  endloop
 endfacet
 facet normal 0 0 -1
  outer loop
   vertex 144 96 134.5
   vertex 143 95 134.5
   vertex 143 96 134.5
  endloop
 endfacet
 facet normal -0.57735026918962584 -0.57735026918962584 -0.57735026918962584
  outer loop
   vertex 145 95.5 134
   vertex 144 96 134.5
   vertex 144.5 96 134
  endloop
 endfacet
 facet normal -0.57735026918962584 -0.57735026918962584 -0.57735026918962584
  outer loop
   vertex 145 95.5 134
   vertex 145 95 134.5
   vertex 144 96 134.5
  endloop
 endfacet
 facet normal 0 0 -1
  outer loop
   vertex 145 95 134.5
   vertex 144 95 134.5
   vertex 144 96 134.5
  endloop
 endfacet
 facet normal -0.57735026918962584 -0.57735026918962584 -0.57735026918962584
  outer loop
   vertex 145.5 95 134
   vertex 145 95 134.5
   vertex 145 95.5 134
  endloop
 endfacet
 facet normal 0.70710678118654746 0 0.70710678118654746
  outer loop
   vertex 149 96 134.5
   vertex 148.5 95 135
   vertex 149 95 134.5
  endloop
 endfacet
 facet normal 0.70710678118654746 -0 0.70710678118654746
  outer loop
   vertex 148.5 96 135
   vertex 148.5 95 135
   vertex 149 96 134.5
  endloop
 endfacet
 facet normal 0.70710678118654746 0 0.70710678118654746
  outer loop
   vertex 149.5 95 134
   vertex 149.5 96 134
   vertex 149 96 134.5
  endloop
 endfacet
 facet normal 0.70710678118654746 0 0.70710678118654746
  outer loop
   vertex 149 95 134.5
   vertex 149.5 95 134
   vertex 149 96 134.5
  endloop
 endfacet
 facet normal -0.57735026918962584 -0.57735026918962584 -0.57735026918962584
  outer loop
   vertex 140 97 134.5
   vertex 140 96.5 135
   vertex 139.5 97 135
  endloop
 endfacet
 facet normal -0.57735026918962584 -0.57735026918962584 -0.57735026918962584
  outer loop
   vertex 140.5 96 135
   vertex 140 96.5 135
   vertex 140 97 134.5
  endloop
 endfacet
 facet normal -0.57735026918962584 -0.57735026918962584 -0.57735026918962584
  outer loop
   vertex 141 96 134.5
   vertex 140.5 96 135
   vertex 140 97 134.5
  endloop
 endfacet
 facet normal -0.57735026918962584 -0.57735026918962584 -0.57735026918962584
  outer loop
   vertex 141 96 134.5
   vertex 140 97 134.5
   vertex 140.5 97 134
  endloop
 endfacet
 facet normal -0.57735026918962584 -0.57735026918962584 -0.57735026918962584
  outer loop
   vertex 141 96 134.5
   vertex 140.5 97 134
   vertex 141 96.5 134
  endloop
 endfacet
 facet normal 0 -0.70710678118654746 -0.70710678118654746
  outer loop
   vertex 142 96.5 134
   vertex 141 96 134.5
   vertex 141 96.5 134
  endloop
 endfacet
 facet normal 0 -0.70710678118654746 -0.70710678118654746
  outer loop
   vertex 142 96 134.5
   vertex 141 96 134.5
   vertex 142 96.5 134
  endloop
 endfacet
 facet normal 0 -0.70710678118654746 -0.70710678118654746
  outer loop
   vertex 143 96.5 134
   vertex 142 96 134.5
   vertex 142 96.5 134
  endloop
 endfacet
 facet normal 0 -0.70710678118654746 -0.70710678118654746
  outer loop
   vertex 143 96 134.5
   vertex 142 96 134.5
   vertex 143 96.5 134
  endloop
 endfacet
 facet normal 0 -0.70710678118654746 -0.70710678118654746
  outer loop
   vertex 144 96.5 134
   vertex 143 96 134.5
   vertex 143 96.5 134
  endloop
 endfacet
 facet normal 0 -0.70710678118654746 -0.70710678118654746
  outer loop
   vertex 144 96 134.5
   vertex 143 96 134.5
   vertex 144 96.5 134
  endloop
 endfacet
 facet normal -0.57735026918962584 -0.57735026918962584 -0.57735026918962584
  outer loop
   vertex 144.5 96 134
   vertex 144 96 134.5
   vertex 144 96.5 134
  endloop
 endfacet
 facet normal 0.57735026918962584 0.57735026918962584 0.57735026918962584
  outer loop
   vertex 148 97 134.5
   vertex 147.5 97 135
   vertex 148 96.5 135
  endloop
 endfacet
 facet normal 0.57735026918962584 0.57735026918962584 0.57735026918962584
  outer loop
   vertex 148.5 96 135
   vertex 148 97 134.5
   vertex 148 96.5 135
  endloop
 endfacet
 facet normal 0.57735026918962584 0.57735026918962584 0.57735026918962584
  outer loop
   vertex 149 96 134.5
   vertex 148 97 134.5
   vertex 148.5 96 135
  endloop
 endfacet
 facet normal 0.57735026918962584 0.57735026918962584 0.57735026918962584
  outer loop
   vertex 149 96 134.5
   vertex 148.5 97 134
   vertex 148 97 134.5
  endloop
 endfacet
 facet normal 0.57735026918962584 0.57735026918962584 0.57735026918962584
  outer loop
   vertex 149 96 134.5
   vertex 149 96.5 134
   vertex 148.5 97 134
  endloop
 endfacet
 facet normal 0.57735026918962584 0.57735026918962584 0.57735026918962584
  outer loop
   vertex 149.5 96 134
   vertex 149 96.5 134
   vertex 149 96 134.5
  endloop
 endfacet
 facet normal -0.57735026918962584 -0.57735026918962584 0.57735026918962584
  outer loop
   vertex 140 97.5 134
   vertex 140 98 134.5
   vertex 139.5 98 134
  endloop
 endfacet
 facet normal -0.57735026918962584 0.57735026918962584 -0.57735026918962584
  outer loop
   vertex 140 97 134.5
   vertex 139.5 97 135
   vertex 140 97.5 135
  endloop
 endfacet
 facet normal 0 -0.44721359549995793 0.89442719099991586
  outer loop
   vertex 140 98 134.5
   vertex 140.5 97 134
   vertex 141 98 134.5
  endloop
 endfacet
 facet normal -0.57735026918962584 -0.57735026918962584 0.57735026918962584
  outer loop
   vertex 140 98 134.5
   vertex 140 97.5 134
   vertex 140.5 97 134
  endloop
 endfacet
 facet normal -0.90453403373329089 0.30151134457776363 0.30151134457776363
  outer loop
   vertex 141 98 134.5
   vertex 140.5 97 134
   vertex 141 97.5 135
  endloop
 endfacet
 facet normal -0.57735026918962584 0.57735026918962584 -0.57735026918962584
  outer loop
   vertex 140 97 134.5
   vertex 140 97.5 135
   vertex 140.5 97 134
  endloop
 endfacet
 facet normal 0 0.89442719099991586 -0.44721359549995793
  outer loop
   vertex 141 97.5 135
   vertex 140.5 97 134
   vertex 140 97.5 135
  endloop
 endfacet
 facet normal 0 0.70710678118654746 0.70710678118654746
  outer loop
   vertex 141 98 134.5
   vertex 142 97.5 135
   vertex 142 98 134.5
  endloop
 endfacet
 facet normal 0 0.70710678118654746 0.70710678118654746
  outer loop
   vertex 141 97.5 135
   vertex 142 97.5 135
   vertex 141 98 134.5
  endloop
 endfacet
 facet normal 0 0.70710678118654746 0.70710678118654746
  outer loop
   vertex 142 98 134.5
   vertex 143 97.5 135
   vertex 143 98 134.5
  endloop
 endfacet
 facet normal 0 0.70710678118654746 0.70710678118654746
  outer loop
   vertex 142 97.5 135
   vertex 143 97.5 135
   vertex 142 98 134.5
  endloop
 endfacet
 facet normal 0 0.70710678118654746 0.70710678118654746
  outer loop
   vertex 143 98 134.5
   vertex 144 97.5 135
   vertex 144 98 134.5
  endloop
 endfacet
 facet normal 0 0.70710678118654746 0.70710678118654746
  outer loop
   vertex 143 97.5 135
   vertex 144 97.5 135
   vertex 143 98 134.5
  endloop
 endfacet
 facet normal 0 0.70710678118654746 0.70710678118654746
  outer loop
   vertex 144 98 134.5
   vertex 145 97.5 135
   vertex 145 98 134.5
  endloop
 endfacet
 facet normal 0 0.70710678118654746 0.70710678118654746
  outer loop
   vertex 144 97.5 135
   vertex 145 97.5 135
   vertex 144 98 134.5
  endloop
 endfacet
 facet normal 0 0.70710678118654746 0.70710678118654746
  outer loop
   vertex 145 98 134.5
   vertex 146 97.5 135
   vertex 146 98 134.5
  endloop
 endfacet
 facet normal 0 0.70710678118654746 0.70710678118654746
  outer loop
   vertex 145 97.5 135
   vertex 146 97.5 135
   vertex 145 98 134.5
  endloop
 endfacet
 facet normal 0 0.70710678118654746 0.70710678118654746
  outer loop
   vertex 146 98 134.5
   vertex 147 97.5 135
   vertex 147 98 134.5
  endloop
 endfacet
 facet normal 0 0.70710678118654746 0.70710678118654746
  outer loop
   vertex 146 97.5 135
   vertex 147 97.5 135
   vertex 146 98 134.5
  endloop
 endfacet
 facet normal 0.57735026918962584 0.57735026918962584 0.57735026918962584
  outer loop
   vertex 147.5 97 135
   vertex 147 98 134.5
   vertex 147 97.5 135
  endloop
 endfacet
 facet normal 0.57735026918962584 0.57735026918962584 0.57735026918962584
  outer loop
   vertex 148 97 134.5
   vertex 147 98 134.5
   vertex 147.5 97 135
  endloop
 endfacet
 facet normal 0.57735026918962584 0.57735026918962584 0.57735026918962584
  outer loop
   vertex 148 97 134.5
   vertex 147.5 98 134
   vertex 147 98 134.5
  endloop
 endfacet
 facet normal 0.57735026918962584 0.57735026918962584 0.57735026918962584
  outer loop
   vertex 148 97 134.5
   vertex 148 97.5 134
   vertex 147.5 98 134
  endloop
 endfacet
 facet normal 0.57735026918962584 0.57735026918962584 0.57735026918962584
  outer loop
   vertex 148.5 97 134
   vertex 148 97.5 134
   vertex 148 97 134.5
  endloop
 endfacet
 facet normal -0.57735026918962584 -0.57735026918962584 -0.57735026918962584
  outer loop
   vertex 135 99 134.5
   vertex 135 98.5 135
   vertex 134.5 99 135
  endloop
 endfacet
 facet normal -0.57735026918962584 -0.57735026918962584 0.57735026918962584
  outer loop
   vertex 136 99 134.5
   vertex 135.5 99 134
   vertex 136 98.5 134
  endloop
 endfacet
 facet normal 0.57735026918962584 -0.57735026918962584 -0.57735026918962584
  outer loop
   vertex 135.5 99 135
   vertex 135 98.5 135
   vertex 135 99 134.5
  endloop
 endfacet
 facet normal 0 -0.70710678118654746 0.70710678118654746
  outer loop
   vertex 136 98.5 134
   vertex 137 98.5 134
   vertex 137 99 134.5
  endloop
 endfacet
 facet normal 0 -0.70710678118654746 0.70710678118654746
  outer loop
   vertex 136 99 134.5
   vertex 136 98.5 134
   vertex 137 99 134.5
  endloop
 endfacet
 facet normal 0.57735026918962584 -0.57735026918962584 0.57735026918962584
  outer loop
   vertex 137 98.5 134
   vertex 137.5 99 134
   vertex 137 99 134.5
  endloop
 endfacet
 facet normal -0.57735026918962584 0.57735026918962584 0.57735026918962584
  outer loop
   vertex 139.5 98 134
   vertex 140 98 134.5
   vertex 140 98.5 134
  endloop
 endfacet
 facet normal -0 0.70710678118654746 0.70710678118654746
  outer loop
   vertex 141 98.5 134
   vertex 140 98.5 134
   vertex 140 98 134.5
  endloop
 endfacet
 facet normal 0 0.70710678118654746 0.70710678118654746
  outer loop
   vertex 141 98 134.5
   vertex 141 98.5 134
   vertex 140 98 134.5
  endloop
 endfacet
 facet normal -0 0.70710678118654746 0.70710678118654746
  outer loop
   vertex 142 98.5 134
   vertex 141 98.5 134
   vertex 141 98 134.5
  endloop
 endfacet
 facet normal 0 0.70710678118654746 0.70710678118654746
  outer loop
   vertex 142 98 134.5
   vertex 142 98.5 134
   vertex 141 98 134.5
  endloop
 endfacet
 facet normal -0 0.70710678118654746 0.70710678118654746
  outer loop
   vertex 143 98.5 134
   vertex 142 98.5 134
   vertex 142 98 134.5
  endloop
 endfacet
 facet normal 0 0.70710678118654746 0.70710678118654746
  outer loop
   vertex 143 98 134.5
   vertex 143 98.5 134
   vertex 142 98 134.5
  endloop
 endfacet
 facet normal -0 0.70710678118654746 0.70710678118654746
  outer loop
   vertex 144 98.5 134
   vertex 143 98.5 134
   vertex 143 98 134.5
  endloop
 endfacet
 facet normal 0 0.70710678118654746 0.70710678118654746
  outer loop
   vertex 144 98 134.5
   vertex 144 98.5 134
   vertex 143 98 134.5
  endloop
 endfacet
 facet normal -0 0.70710678118654746 0.70710678118654746
  outer loop
   vertex 145 98.5 134
   vertex 144 98.5 134
   vertex 144 98 134.5
  endloop
 endfacet
 facet normal 0 0.70710678118654746 0.70710678118654746
  outer loop
   vertex 145 98 134.5
   vertex 145 98.5 134
   vertex 144 98 134.5
  endloop
 endfacet
 facet normal -0 0.70710678118654746 0.70710678118654746
  outer loop
   vertex 146 98.5 134
   vertex 145 98.5 134
   vertex 145 98 134.5
  endloop
 endfacet
 facet normal 0 0.70710678118654746 0.70710678118654746
  outer loop
   vertex 146 98 134.5
   vertex 146 98.5 134
   vertex 145 98 134.5
  endloop
 endfacet
 facet normal -0 0.70710678118654746 0.70710678118654746
  outer loop
   vertex 147 98.5 134
   vertex 146 98.5 134
   vertex 146 98 134.5
  endloop
 endfacet
 facet normal 0 0.70710678118654746 0.70710678118654746
  outer loop
   vertex 147 98 134.5
   vertex 147 98.5 134
   vertex 146 98 134.5
  endloop
 endfacet
 facet normal 0.57735026918962584 0.57735026918962584 0.57735026918962584
  outer loop
   vertex 147.5 98 134
   vertex 147 98.5 134
   vertex 147 98 134.5
  endloop
 endfacet
 facet normal -0.57735026918962584 -0.57735026918962584 0.57735026918962584
  outer loop
   vertex 166 98.5 134
   vertex 166 99 134.5
   vertex 165.5 99 134
  endloop
 endfacet
 facet normal 0.57735026918962584 -0.57735026918962584 0.57735026918962584
  outer loop
   vertex 166 98.5 134
   vertex 166.5 99 134
   vertex 166 99 134.5
  endloop
 endfacet
 facet normal -0.57735026918962584 -0.57735026918962584 -0.57735026918962584
  outer loop
   vertex 134 100 134.5
   vertex 134 99.5 135
   vertex 133.5 100 135
  endloop
 endfacet
 facet normal -0.57735026918962584 0.57735026918962584 -0.57735026918962584
  outer loop
   vertex 134.5 99 135
   vertex 135 99.5 135
   vertex 135 99 134.5
  endloop
 endfacet
 facet normal 0.57735026918962584 -0.57735026918962584 -0.57735026918962584
  outer loop
   vertex 134 99.5 135
   vertex 134 100 134.5
   vertex 134.5 100 135
  endloop
 endfacet
 facet normal -0.57735026918962584 0.57735026918962584 0.57735026918962584
  outer loop
   vertex 135.5 99 134
   vertex 136 99 134.5
   vertex 136 99.5 134
  endloop
 endfacet
 facet normal 0.57735026918962584 0.57735026918962584 -0.57735026918962584
  outer loop
   vertex 135 99 134.5
   vertex 135 99.5 135
   vertex 135.5 99 135
  endloop
 endfacet
 facet normal -0 0.70710678118654746 0.70710678118654746
  outer loop
   vertex 137 99.5 134
   vertex 136 99.5 134
   vertex 136 99 134.5
  endloop
 endfacet
 facet normal 0 0.70710678118654746 0.70710678118654746
  outer loop
   vertex 137 99 134.5
   vertex 137 99.5 134
   vertex 136 99 134.5
  endloop
 endfacet
 facet normal 0.57735026918962584 0.57735026918962584 0.57735026918962584
  outer loop
   vertex 137.5 99 134
   vertex 137 99.5 134
   vertex 137 99 134.5
  endloop
 endfacet
 facet normal -0.57735026918962584 0.57735026918962584 0.57735026918962584
  outer loop
   vertex 165.5 99 134
   vertex 166 99 134.5
   vertex 166 99.5 134
  endloop
 endfacet
 facet normal 0.57735026918962584 0.57735026918962584 0.57735026918962584
  outer loop
   vertex 166.5 99 134
   vertex 166 99.5 134
   vertex 166 99 134.5
  endloop
 endfacet
 facet normal -0.57735026918962584 -0.57735026918962584 0.57735026918962584
  outer loop
   vertex 134 100.5 134
   vertex 134 101 134.5
   vertex 133.5 101 134
  endloop
 endfacet
 facet normal -0.57735026918962584 0.57735026918962584 -0.57735026918962584
  outer loop
   vertex 134 100 134.5
   vertex 133.5 100 135
   vertex 134 100.5 135
  endloop
 endfacet
 facet normal 0.57735026918962584 0.57735026918962584 -0.57735026918962584
  outer loop
   vertex 134 100 134.5
   vertex 134 100.5 135
   vertex 134.5 100 135
  endloop
 endfacet
 facet normal 0.57735026918962584 -0.57735026918962584 0.57735026918962584
  outer loop
   vertex 134 100.5 134
   vertex 134.5 101 134
   vertex 134 101 134.5
  endloop
 endfacet
 facet normal -0.57735026918962584 -0.57735026918962584 0.57735026918962584
  outer loop
   vertex 166 100.5 134
   vertex 166 101 134.5
   vertex 165.5 101 134
  endloop
 endfacet
 facet normal 0.57735026918962584 -0.57735026918962584 0.57735026918962584
  outer loop
   vertex 166 100.5 134
   vertex 166.5 101 134
   vertex 166 101 134.5
  endloop
 endfacet
 facet normal -0.57735026918962584 -0.57735026918962584 0.57735026918962584
  outer loop
   vertex 134 101 134.5
   vertex 134 101.5 135
   vertex 133.5 102 135
  endloop
 endfacet
 facet normal -0.57735026918962584 -0.57735026918962584 0.57735026918962584
  outer loop
   vertex 134 101 134.5
   vertex 133.5 102 135
   vertex 133.5 101 134
  endloop
 endfacet
 facet normal -1 0 -0
  outer loop
   vertex 133.5 101 134
   vertex 133.5 102 135
   vertex 133.5 102 134
  endloop
 endfacet
 facet normal 0.57735026918962584 -0.57735026918962584 0.57735026918962584
  outer loop
   vertex 134 101.5 135
   vertex 134 101 134.5
   vertex 134.5 101 134
  endloop
 endfacet
 facet normal 0.57735026918962584 -0.57735026918962584 0.57735026918962584
  outer loop
   vertex 134 101.5 135
   vertex 134.5 101 134
   vertex 134.5 102 135
  endloop
 endfacet
 facet normal 1 0 0
  outer loop
   vertex 134.5 102 135
   vertex 134.5 101 134
   vertex 134.5 102 134
  endloop
 endfacet
 facet normal -0.57735026918962584 0.57735026918962584 0.57735026918962584
  outer loop
   vertex 165.5 101 134
   vertex 166 101 134.5
   vertex 166 101.5 134
  endloop
 endfacet
 facet normal 0.57735026918962584 0.57735026918962584 0.57735026918962584
  outer loop
   vertex 166.5 101 134
   vertex 166 101.5 134
   vertex 166 101 134.5
  endloop
 endfacet
 facet normal -0.70710678118654746 0.70710678118654746 0
  outer loop
   vertex 133.5 102 134
   vertex 133.5 102 135
   vertex 134 102.5 135
  endloop
 endfacet
 facet normal -0.70710678118654746 0.70710678118654746 0
  outer loop
   vertex 134 102.5 134
   vertex 133.5 102 134
   vertex 134 102.5 135
  endloop
 endfacet
 facet normal 0.70710678118654746 0.70710678118654746 -0
  outer loop
   vertex 134.5 102 135
   vertex 134.5 102 134
   vertex 134 102.5 134
  endloop
 endfacet
 facet normal 0.70710678118654746 0.70710678118654746 0
  outer loop
   vertex 134 102.5 135
   vertex 134.5 102 135
   vertex 134 102.5 134
  endloop
 endfacet
 facet normal -0.57735026918962584 -0.57735026918962584 0.57735026918962584
  outer loop
   vertex 152 124.5 134
   vertex 152 125 134.5
   vertex 151.5 125 134
  endloop
 endfacet
 facet normal 0.57735026918962584 -0.57735026918962584 0.57735026918962584
  outer loop
   vertex 152 124.5 134
   vertex 152.5 125 134
   vertex 152 125 134.5
  endloop
 endfacet
 facet normal -0.57735026918962584 0.57735026918962584 0.57735026918962584
  outer loop
   vertex 151.5 125 134
   vertex 152 125 134.5
   vertex 152 125.5 134
  endloop
 endfacet
 facet normal 0.57735026918962584 0.57735026918962584 0.57735026918962584
  outer loop
   vertex 152.5 125 134
   vertex 152 125.5 134
   vertex 152 125 134.5
  endloop
 endfacet
 facet normal -0.57735026918962584 -0.57735026918962584 -0.57735026918962584
  outer loop
   vertex 150 83 135.5
   vertex 150 82.5 136
   vertex 149.5 83 136
  endloop
 endfacet
 facet normal -0.57735026918962584 -0.57735026918962584 0.57735026918962584
  outer loop
   vertex 151 83 135.5
   vertex 150.5 83 135
   vertex 151 82.5 135
  endloop
 endfacet
 facet normal 0.57735026918962584 -0.57735026918962584 -0.57735026918962584
  outer loop
   vertex 150.5 83 136
   vertex 150 82.5 136
   vertex 150 83 135.5
  endloop
 endfacet
 facet normal 0 -0.70710678118654746 0.70710678118654746
  outer loop
   vertex 151 82.5 135
   vertex 152 82.5 135
   vertex 152 83 135.5
  endloop
 endfacet
 facet normal 0 -0.70710678118654746 0.70710678118654746
  outer loop
   vertex 151 83 135.5
   vertex 151 82.5 135
   vertex 152 83 135.5
  endloop
 endfacet
 facet normal 0 -0.70710678118654746 0.70710678118654746
  outer loop
   vertex 152 82.5 135
   vertex 153 82.5 135
   vertex 153 83 135.5
  endloop
 endfacet
 facet normal 0 -0.70710678118654746 0.70710678118654746
  outer loop
   vertex 152 83 135.5
   vertex 152 82.5 135
   vertex 153 83 135.5
  endloop
 endfacet
 facet normal 0 -0.70710678118654746 0.70710678118654746
  outer loop
   vertex 153 82.5 135
   vertex 154 82.5 135
   vertex 154 83 135.5
  endloop
 endfacet
 facet normal 0 -0.70710678118654746 0.70710678118654746
  outer loop
   vertex 153 83 135.5
   vertex 153 82.5 135
   vertex 154 83 135.5
  endloop
 endfacet
 facet normal 0.57735026918962584 -0.57735026918962584 0.57735026918962584
  outer loop
   vertex 154 82.5 135
   vertex 154.5 83 135
   vertex 154 83 135.5
  endloop
 endfacet
 facet normal -0.57735026918962584 -0.57735026918962584 0.57735026918962584
  outer loop
   vertex 150 83.5 135
   vertex 150 84 135.5
   vertex 149.5 84 135
  endloop
 endfacet
 facet normal -0.57735026918962584 0.57735026918962584 -0.57735026918962584
  outer loop
   vertex 150 83 135.5
   vertex 149.5 83 136
   vertex 150 83.5 136
  endloop
 endfacet
 facet normal -0.57735026918962584 0.57735026918962584 0.57735026918962584
  outer loop
   vertex 151 83 135.5
   vertex 151 83.5 135
   vertex 150.5 83 135
  endloop
 endfacet
 facet normal 0.57735026918962584 0.57735026918962584 -0.57735026918962584
  outer loop
   vertex 150 83 135.5
   vertex 150 83.5 136
   vertex 150.5 83 136
  endloop
 endfacet
 facet normal 0.57735026918962584 -0.57735026918962584 0.57735026918962584
  outer loop
   vertex 150.5 84 135
   vertex 150 84 135.5
   vertex 150 83.5 135
  endloop
 endfacet
 facet normal -0 0.70710678118654746 0.70710678118654746
  outer loop
   vertex 152 83.5 135
   vertex 151 83.5 135
   vertex 151 83 135.5
  endloop
 endfacet
 facet normal 0 0.70710678118654746 0.70710678118654746
  outer loop
   vertex 152 83 135.5
   vertex 152 83.5 135
   vertex 151 83 135.5
  endloop
 endfacet
 facet normal -0 0.70710678118654746 0.70710678118654746
  outer loop
   vertex 153 83.5 135
   vertex 152 83.5 135
   vertex 152 83 135.5
  endloop
 endfacet
 facet normal 0 0.70710678118654746 0.70710678118654746
  outer loop
   vertex 153 83 135.5
   vertex 153 83.5 135
   vertex 152 83 135.5
  endloop
 endfacet
 facet normal -0 0.70710678118654746 0.70710678118654746
  outer loop
   vertex 154 83.5 135
   vertex 153 83.5 135
   vertex 153 83 135.5
  endloop
 endfacet
 facet normal 0 0.70710678118654746 0.70710678118654746
  outer loop
   vertex 154 83 135.5
   vertex 154 83.5 135
   vertex 153 83 135.5
  endloop
 endfacet
 facet normal 0.57735026918962584 0.57735026918962584 0.57735026918962584
  outer loop
   vertex 154.5 83 135
   vertex 154 83.5 135
   vertex 154 83 135.5
  endloop
 endfacet
 facet normal -0.57735026918962584 -0.57735026918962584 -0.57735026918962584
  outer loop
   vertex 155 83.5 136
   vertex 154.5 84 136
   vertex 155 84 135.5
  endloop
 endfacet
 facet normal 0.57735026918962584 -0.57735026918962584 -0.57735026918962584
  outer loop
   vertex 155 83.5 136
   vertex 155 84 135.5
   vertex 155.5 84 136
  endloop
 endfacet
 facet normal -0.57735026918962584 0.57735026918962584 0.57735026918962584
  outer loop
   vertex 149.5 84 135
   vertex 150 84 135.5
   vertex 150 84.5 135
  endloop
 endfacet
 facet normal 0.57735026918962584 0.57735026918962584 0.57735026918962584
  outer loop
   vertex 150.5 84 135
   vertex 150 84.5 135
   vertex 150 84 135.5
  endloop
 endfacet
 facet normal -0.57735026918962584 -0.57735026918962584 0.57735026918962584
  outer loop
   vertex 155 84.5 135
   vertex 155 85 135.5
   vertex 154.5 85 135
  endloop
 endfacet
 facet normal -0.57735026918962584 0.57735026918962584 -0.57735026918962584
  outer loop
   vertex 155 84 135.5
   vertex 154.5 84 136
   vertex 155 84.5 136
  endloop
 endfacet
 facet normal 0.57735026918962584 -0.57735026918962584 0.57735026918962584
  outer loop
   vertex 155 84.5 135
   vertex 155.5 85 135
   vertex 155 85 135.5
  endloop
 endfacet
 facet normal 0.57735026918962584 0.57735026918962584 -0.57735026918962584
  outer loop
   vertex 155 84.5 136
   vertex 155.5 84 136
   vertex 155 84 135.5
  endloop
 endfacet
 facet normal -0.57735026918962584 -0.57735026918962584 -0.57735026918962584
  outer loop
   vertex 156 85 135.5
   vertex 156 84.5 136
   vertex 155.5 85 136
  endloop
 endfacet
 facet normal 0.57735026918962584 -0.57735026918962584 -0.57735026918962584
  outer loop
   vertex 156 84.5 136
   vertex 156 85 135.5
   vertex 156.5 85 136
  endloop
 endfacet
 facet normal -0.57735026918962584 -0.57735026918962584 0.57735026918962584
  outer loop
   vertex 149 85.5 135
   vertex 149 86 135.5
   vertex 148.5 86 135
  endloop
 endfacet
 facet normal 0.57735026918962584 -0.57735026918962584 0.57735026918962584
  outer loop
   vertex 149 85.5 135
   vertex 149.5 86 135
   vertex 149 86 135.5
  endloop
 endfacet
 facet normal -0.57735026918962584 0.57735026918962584 0.57735026918962584
  outer loop
   vertex 154.5 85 135
   vertex 155 85 135.5
   vertex 155 85.5 135
  endloop
 endfacet
 facet normal -0.70710678118654746 -0 -0.70710678118654746
  outer loop
   vertex 155.5 85 136
   vertex 155.5 86 136
   vertex 156 86 135.5
  endloop
 endfacet
 facet normal -0.70710678118654746 -0 -0.70710678118654746
  outer loop
   vertex 155.5 85 136
   vertex 156 86 135.5
   vertex 156 85 135.5
  endloop
 endfacet
 facet normal 0.57735026918962584 0.57735026918962584 0.57735026918962584
  outer loop
   vertex 155.5 85 135
   vertex 155 85.5 135
   vertex 155 85 135.5
  endloop
 endfacet
 facet normal 0.70710678118654746 0 -0.70710678118654746
  outer loop
   vertex 156.5 86 136
   vertex 156.5 85 136
   vertex 156 85 135.5
  endloop
 endfacet
 facet normal 0.70710678118654746 0 -0.70710678118654746
  outer loop
   vertex 156 86 135.5
   vertex 156.5 86 136
   vertex 156 85 135.5
  endloop
 endfacet
 facet normal -0.57735026918962584 -0.57735026918962584 0.57735026918962584
  outer loop
   vertex 146 86.5 135
   vertex 146 87 135.5
   vertex 145.5 87 135
  endloop
 endfacet
 facet normal 0 -0.70710678118654746 0.70710678118654746
  outer loop
   vertex 146 86.5 135
   vertex 147 86.5 135
   vertex 147 87 135.5
  endloop
 endfacet
 facet normal 0 -0.70710678118654746 0.70710678118654746
  outer loop
   vertex 146 87 135.5
   vertex 146 86.5 135
   vertex 147 87 135.5
  endloop
 endfacet
 facet normal 0.57735026918962584 -0.57735026918962584 0.57735026918962584
  outer loop
   vertex 147 86.5 135
   vertex 147.5 87 135
   vertex 147 87 135.5
  endloop
 endfacet
 facet normal -0.57735026918962584 0.57735026918962584 0.57735026918962584
  outer loop
   vertex 148.5 86 135
   vertex 149 86 135.5
   vertex 149 86.5 135
  endloop
 endfacet
 facet normal 0.57735026918962584 0.57735026918962584 0.57735026918962584
  outer loop
   vertex 149.5 86 135
   vertex 149 86.5 135
   vertex 149 86 135.5
  endloop
 endfacet
 facet normal -0.57735026918962584 -0.57735026918962584 0.57735026918962584
  outer loop
   vertex 150 86.5 135
   vertex 150 87 135.5
   vertex 149.5 87 135
  endloop
 endfacet
 facet normal 0.57735026918962584 -0.57735026918962584 0.57735026918962584
  outer loop
   vertex 150 86.5 135
   vertex 150.5 87 135
   vertex 150 87 135.5
  endloop
 endfacet
 facet normal -0.57735026918962584 0.57735026918962584 -0.57735026918962584
  outer loop
   vertex 156 86 135.5
   vertex 155.5 86 136
   vertex 156 86.5 136
  endloop
 endfacet
 facet normal 0.57735026918962584 0.57735026918962584 -0.57735026918962584
  outer loop
   vertex 156.5 86 136
   vertex 156 86 135.5
   vertex 156 86.5 136
  endloop
 endfacet
 facet normal -0.57735026918962584 -0.57735026918962584 -0.57735026918962584
  outer loop
   vertex 145 88 135.5
   vertex 145 87.5 136
   vertex 144.5 88 136
  endloop
 endfacet
 facet normal 0 -0.70710678118654746 -0.70710678118654746
  outer loop
   vertex 146 87.5 136
   vertex 145 87.5 136
   vertex 145 88 135.5
  endloop
 endfacet
 facet normal 0 -0.70710678118654746 -0.70710678118654746
  outer loop
   vertex 146 87.5 136
   vertex 145 88 135.5
   vertex 146 88 135.5
  endloop
 endfacet
 facet normal -0.57735026918962584 0.57735026918962584 0.57735026918962584
  outer loop
   vertex 146 87.5 135
   vertex 145.5 87 135
   vertex 146 87 135.5
  endloop
 endfacet
 facet normal 0 -0.89442719099991586 -0.44721359549995793
  outer loop
   vertex 146 87.5 136
   vertex 146.5 88 135
   vertex 147 87.5 136
  endloop
 endfacet
 facet normal -0.57735026918962584 -0.57735026918962584 -0.57735026918962584
  outer loop
   vertex 146 87.5 136
   vertex 146 88 135.5
   vertex 146.5 88 135
  endloop
 endfacet
 facet normal -0.90453403373329089 -0.30151134457776363 0.30151134457776363
  outer loop
   vertex 147 87.5 136
   vertex 146.5 88 135
   vertex 147 87 135.5
  endloop
 endfacet
 facet normal -0.57735026918962584 0.57735026918962584 0.57735026918962584
  outer loop
   vertex 146 87.5 135
   vertex 146 87 135.5
   vertex 146.5 88 135
  endloop
 endfacet
 facet normal 0 0.44721359549995793 0.89442719099991586
  outer loop
   vertex 147 87 135.5
   vertex 146.5 88 135
   vertex 146 87 135.5
  endloop
 endfacet
 facet normal 0.57735026918962584 -0.57735026918962584 0.57735026918962584
  outer loop
   vertex 147 87.5 136
   vertex 147 87 135.5
   vertex 147.5 87 135
  endloop
 endfacet
 facet normal 0.57735026918962584 -0.57735026918962584 0.57735026918962584
  outer loop
   vertex 147 87.5 136
   vertex 147.5 87 135
   vertex 147.5 88 136
  endloop
 endfacet
 facet normal 1 0 0
  outer loop
   vertex 147.5 88 136
   vertex 147.5 87 135
   vertex 147.5 88 135
  endloop
 endfacet
 facet normal -0.70710678118654746 0 0.70710678118654746
  outer loop
   vertex 150 87 135.5
   vertex 150 88 135.5
   vertex 149.5 88 135
  endloop
 endfacet
 facet normal -0.70710678118654746 0 0.70710678118654746
  outer loop
   vertex 149.5 87 135
   vertex 150 87 135.5
   vertex 149.5 88 135
  endloop
 endfacet
 facet normal 0.70710678118654746 0 0.70710678118654746
  outer loop
   vertex 150.5 87 135
   vertex 150.5 88 135
   vertex 150 88 135.5
  endloop
 endfacet
 facet normal 0.70710678118654746 0 0.70710678118654746
  outer loop
   vertex 150 87 135.5
   vertex 150.5 87 135
   vertex 150 88 135.5
  endloop
 endfacet
 facet normal -0.57735026918962584 0.57735026918962584 -0.57735026918962584
  outer loop
   vertex 145 88 135.5
   vertex 144.5 88 136
   vertex 145 88.5 136
  endloop
 endfacet
 facet normal 0 0.70710678118654746 -0.70710678118654746
  outer loop
   vertex 146 88 135.5
   vertex 145 88 135.5
   vertex 145 88.5 136
  endloop
 endfacet
 facet normal 0 0.70710678118654746 -0.70710678118654746
  outer loop
   vertex 146 88.5 136
   vertex 146 88 135.5
   vertex 145 88.5 136
  endloop
 endfacet
 facet normal -0.57735026918962584 0.57735026918962584 -0.57735026918962584
  outer loop
   vertex 146.5 88 135
   vertex 146 88 135.5
   vertex 146 88.5 136
  endloop
 endfacet
 facet normal -0.57735026918962584 0.57735026918962584 -0.57735026918962584
  outer loop
   vertex 146.5 88 135
   vertex 146 88.5 136
   vertex 147 88.5 135
  endloop
 endfacet
 facet normal -0 1 0
  outer loop
   vertex 147 88.5 135
   vertex 146 88.5 136
   vertex 147 88.5 136
  endloop
 endfacet
 facet normal 0.70710678118654746 0.70710678118654746 -0
  outer loop
   vertex 147.5 88 136
   vertex 147.5 88 135
   vertex 147 88.5 135
  endloop
 endfacet
 facet normal 0.70710678118654746 0.70710678118654746 0
  outer loop
   vertex 147 88.5 136
   vertex 147.5 88 136
   vertex 147 88.5 135
  endloop
 endfacet
 facet normal -0.70710678118654746 0 0.70710678118654746
  outer loop
   vertex 150 88 135.5
   vertex 150 89 135.5
   vertex 149.5 89 135
  endloop
 endfacet
 facet normal -0.70710678118654746 0 0.70710678118654746
  outer loop
   vertex 149.5 88 135
   vertex 150 88 135.5
   vertex 149.5 89 135
  endloop
 endfacet
 facet normal 0.70710678118654746 0 0.70710678118654746
  outer loop
   vertex 150.5 88 135
   vertex 150.5 89 135
   vertex 150 89 135.5
  endloop
 endfacet
 facet normal 0.70710678118654746 0 0.70710678118654746
  outer loop
   vertex 150 88 135.5
   vertex 150.5 88 135
   vertex 150 89 135.5
  endloop
 endfacet
 facet normal -0.57735026918962584 -0.57735026918962584 0.57735026918962584
  outer loop
   vertex 147 89.5 135
   vertex 147 90 135.5
   vertex 146.5 90 135
  endloop
 endfacet
 facet normal 0.57735026918962584 -0.57735026918962584 0.57735026918962584
  outer loop
   vertex 147 89.5 135
   vertex 147.5 90 135
   vertex 147 90 135.5
  endloop
 endfacet
 facet normal -0.70710678118654746 0 0.70710678118654746
  outer loop
   vertex 150 89 135.5
   vertex 150 90 135.5
   vertex 149.5 90 135
  endloop
 endfacet
 facet normal -0.70710678118654746 0 0.70710678118654746
  outer loop
   vertex 149.5 89 135
   vertex 150 89 135.5
   vertex 149.5 90 135
  endloop
 endfacet
 facet normal 0.70710678118654746 0 0.70710678118654746
  outer loop
   vertex 150.5 89 135
   vertex 150.5 90 135
   vertex 150 90 135.5
  endloop
 endfacet
 facet normal 0.70710678118654746 0 0.70710678118654746
  outer loop
   vertex 150 89 135.5
   vertex 150.5 89 135
   vertex 150 90 135.5
  endloop
 endfacet
 facet normal -0.57735026918962584 0.57735026918962584 0.57735026918962584
  outer loop
   vertex 147 90 135.5
   vertex 147 90.5 135
   vertex 146.5 90 135
  endloop
 endfacet
 facet normal -0.57735026918962584 -0.57735026918962584 -0.57735026918962584
  outer loop
   vertex 147 90.5 136
   vertex 146.5 91 136
   vertex 147 91 135.5
  endloop
 endfacet
 facet normal 0.57735026918962584 0.57735026918962584 0.57735026918962584
  outer loop
   vertex 147 90.5 135
   vertex 147 90 135.5
   vertex 147.5 90 135
  endloop
 endfacet
 facet normal 0.57735026918962584 -0.57735026918962584 -0.57735026918962584
  outer loop
   vertex 147 91 135.5
   vertex 147.5 91 136
   vertex 147 90.5 136
  endloop
 endfacet
 facet normal -0.70710678118654746 -0.70710678118654746 -0
  outer loop
   vertex 149 90.5 135
   vertex 149 90.5 136
   vertex 148.5 91 136
  endloop
 endfacet
 facet normal -0.70710678118654746 -0.70710678118654746 0
  outer loop
   vertex 148.5 91 135
   vertex 149 90.5 135
   vertex 148.5 91 136
  endloop
 endfacet
 facet normal -0.70710678118654746 -0.70710678118654746 -0
  outer loop
   vertex 149.5 90 135
   vertex 149 90.5 136
   vertex 149 90.5 135
  endloop
 endfacet
 facet normal 0.57735026918962573 -0.57735026918962573 0.57735026918962573
  outer loop
   vertex 149.5 90 135
   vertex 150 91 135.5
   vertex 149 90.5 136
  endloop
 endfacet
 facet normal -0.70710678118654746 0 0.70710678118654746
  outer loop
   vertex 149.5 90 135
   vertex 150 90 135.5
   vertex 150 91 135.5
  endloop
 endfacet
 facet normal 0.57735026918962584 -0.57735026918962584 0.57735026918962584
  outer loop
   vertex 149.5 91 136
   vertex 149 90.5 136
   vertex 150 91 135.5
  endloop
 endfacet
 facet normal 0.70710678118654746 0 0.70710678118654746
  outer loop
   vertex 150.5 90 135
   vertex 150.5 91 135
   vertex 150 91 135.5
  endloop
 endfacet
 facet normal 0.70710678118654746 0 0.70710678118654746
  outer loop
   vertex 150 90 135.5
   vertex 150.5 90 135
   vertex 150 91 135.5
  endloop
 endfacet
 facet normal -0.57735026918962584 -0.57735026918962584 -0.57735026918962584
  outer loop
   vertex 147 91.5 135
   vertex 147 91 135.5
   vertex 146.5 91 136
  endloop
 endfacet
 facet normal -0.57735026918962584 -0.57735026918962584 -0.57735026918962584
  outer loop
   vertex 147 91.5 135
   vertex 146.5 91 136
   vertex 146.5 92 135
  endloop
 endfacet
 facet normal -1 0 0
  outer loop
   vertex 146.5 92 135
   vertex 146.5 91 136
   vertex 146.5 92 136
  endloop
 endfacet
 facet normal 0.57735026918962584 -0.57735026918962584 -0.57735026918962584
  outer loop
   vertex 147 91 135.5
   vertex 148 91.5 136
   vertex 147.5 91 136
  endloop
 endfacet
 facet normal 0.57735026918962584 -0.57735026918962584 -0.57735026918962584
  outer loop
   vertex 147 91 135.5
   vertex 147 91.5 135
   vertex 148 91.5 136
  endloop
 endfacet
 facet normal 0 -1 0
  outer loop
   vertex 147 91.5 135
   vertex 148 91.5 135
   vertex 148 91.5 136
  endloop
 endfacet
 facet normal -0.70710678118654746 -0.70710678118654746 0
  outer loop
   vertex 148.5 91 136
   vertex 148 91.5 135
   vertex 148.5 91 135
  endloop
 endfacet
 facet normal -0.70710678118654746 -0.70710678118654746 0
  outer loop
   vertex 148 91.5 136
   vertex 148 91.5 135
   vertex 148.5 91 136
  endloop
 endfacet
 facet normal 0.70710678118654746 0 0.70710678118654746
  outer loop
   vertex 150 92 135.5
   vertex 149.5 91 136
   vertex 150 91 135.5
  endloop
 endfacet
 facet normal 0.70710678118654746 -0 0.70710678118654746
  outer loop
   vertex 149.5 92 136
   vertex 149.5 91 136
   vertex 150 92 135.5
  endloop
 endfacet
 facet normal 0.70710678118654746 0 0.70710678118654746
  outer loop
   vertex 150.5 91 135
   vertex 150.5 92 135
   vertex 150 92 135.5
  endloop
 endfacet
 facet normal 0.70710678118654746 0 0.70710678118654746
  outer loop
   vertex 150 91 135.5
   vertex 150.5 91 135
   vertex 150 92 135.5
  endloop
 endfacet
 facet normal -0.57735026918962584 -0.57735026918962584 -0.57735026918962584
  outer loop
   vertex 146 93 135.5
   vertex 146 92.5 136
   vertex 145.5 93 136
  endloop
 endfacet
 facet normal -0.57735026918962584 -0.57735026918962584 -0.57735026918962584
  outer loop
   vertex 146 93 135.5
   vertex 146.5 92 136
   vertex 146 92.5 136
  endloop
 endfacet
 facet normal -0.57735026918962584 -0.57735026918962584 -0.57735026918962584
  outer loop
   vertex 146 93 135.5
   vertex 146.5 93 135
   vertex 146.5 92 136
  endloop
 endfacet
 facet normal -1 0 0
  outer loop
   vertex 146.5 93 135
   vertex 146.5 92 135
   vertex 146.5 92 136
  endloop
 endfacet
 facet normal 0.57735026918962584 0.57735026918962584 0.57735026918962584
  outer loop
   vertex 149 93 135.5
   vertex 148.5 93 136
   vertex 149 92.5 136
  endloop
 endfacet
 facet normal 0.57735026918962584 0.57735026918962584 0.57735026918962584
  outer loop
   vertex 149.5 92 136
   vertex 149 93 135.5
   vertex 149 92.5 136
  endloop
 endfacet
 facet normal 0.57735026918962584 0.57735026918962584 0.57735026918962584
  outer loop
   vertex 150 92 135.5
   vertex 149 93 135.5
   vertex 149.5 92 136
  endloop
 endfacet
 facet normal 0.57735026918962584 0.57735026918962584 0.57735026918962584
  outer loop
   vertex 150 92 135.5
   vertex 149.5 93 135
   vertex 149 93 135.5
  endloop
 endfacet
 facet normal 0.57735026918962584 0.57735026918962584 0.57735026918962584
  outer loop
   vertex 150 92 135.5
   vertex 150 92.5 135
   vertex 149.5 93 135
  endloop
 endfacet
 facet normal 0.57735026918962584 0.57735026918962584 0.57735026918962584
  outer loop
   vertex 150.5 92 135
   vertex 150 92.5 135
   vertex 150 92 135.5
  endloop
 endfacet
 facet normal -0.57735026918962584 -0.57735026918962584 -0.57735026918962584
  outer loop
   vertex 143 94 135.5
   vertex 143 93.5 136
   vertex 142.5 94 136
  endloop
 endfacet
 facet normal -0 -0.70710678118654746 -0.70710678118654746
  outer loop
   vertex 143 94 135.5
   vertex 144 94 135.5
   vertex 144 93.5 136
  endloop
 endfacet
 facet normal 0 -0.70710678118654746 -0.70710678118654746
  outer loop
   vertex 143 93.5 136
   vertex 143 94 135.5
   vertex 144 93.5 136
  endloop
 endfacet
 facet normal -0 -0.70710678118654746 -0.70710678118654746
  outer loop
   vertex 144 94 135.5
   vertex 145 94 135.5
   vertex 145 93.5 136
  endloop
 endfacet
 facet normal 0 -0.70710678118654746 -0.70710678118654746
  outer loop
   vertex 144 93.5 136
   vertex 144 94 135.5
   vertex 145 93.5 136
  endloop
 endfacet
 facet normal -0.57735026918962584 -0.57735026918962584 -0.57735026918962584
  outer loop
   vertex 145.5 93 136
   vertex 145 93.5 136
   vertex 145 94 135.5
  endloop
 endfacet
 facet normal -0.57735026918962584 -0.57735026918962584 -0.57735026918962584
  outer loop
   vertex 146 93 135.5
   vertex 145.5 93 136
   vertex 145 94 135.5
  endloop
 endfacet
 facet normal -0.57735026918962584 -0.57735026918962584 -0.57735026918962584
  outer loop
   vertex 146 93 135.5
   vertex 145 94 135.5
   vertex 145.5 94 135
  endloop
 endfacet
 facet normal -0.57735026918962584 -0.57735026918962584 -0.57735026918962584
  outer loop
   vertex 146 93 135.5
   vertex 145.5 94 135
   vertex 146 93.5 135
  endloop
 endfacet
 facet normal -0.57735026918962584 -0.57735026918962584 -0.57735026918962584
  outer loop
   vertex 146.5 93 135
   vertex 146 93 135.5
   vertex 146 93.5 135
  endloop
 endfacet
 facet normal 0.70710678118654746 0 0.70710678118654746
  outer loop
   vertex 149 94 135.5
   vertex 148.5 93 136
   vertex 149 93 135.5
  endloop
 endfacet
 facet normal 0.70710678118654746 -0 0.70710678118654746
  outer loop
   vertex 148.5 94 136
   vertex 148.5 93 136
   vertex 149 94 135.5
  endloop
 endfacet
 facet normal 0.70710678118654746 0 0.70710678118654746
  outer loop
   vertex 149.5 93 135
   vertex 149.5 94 135
   vertex 149 94 135.5
  endloop
 endfacet
 facet normal 0.70710678118654746 0 0.70710678118654746
  outer loop
   vertex 149 93 135.5
   vertex 149.5 93 135
   vertex 149 94 135.5
  endloop
 endfacet
 facet normal -0.57735026918962584 -0.57735026918962584 -0.57735026918962584
  outer loop
   vertex 141 95 135.5
   vertex 141 94.5 136
   vertex 140.5 95 136
  endloop
 endfacet
 facet normal -0.57735026918962584 -0.57735026918962584 -0.57735026918962584
  outer loop
   vertex 141 95 135.5
   vertex 141.5 95 135
   vertex 142 94.5 135
  endloop
 endfacet
 facet normal -0.57735026918962584 -0.57735026918962584 -0.57735026918962584
  outer loop
   vertex 141 95 135.5
   vertex 142 94.5 135
   vertex 141 94.5 136
  endloop
 endfacet
 facet normal 0 -1 0
  outer loop
   vertex 141 94.5 136
   vertex 142 94.5 135
   vertex 142 94.5 136
  endloop
 endfacet
 facet normal -0.57735026918962584 -0.57735026918962584 -0.57735026918962584
  outer loop
   vertex 142.5 94 136
   vertex 143 94.5 135
   vertex 143 94 135.5
  endloop
 endfacet
 facet normal -0.57735026918962584 -0.57735026918962584 -0.57735026918962584
  outer loop
   vertex 142.5 94 136
   vertex 142 94.5 136
   vertex 143 94.5 135
  endloop
 endfacet
 facet normal 0 -1 0
  outer loop
   vertex 142 94.5 136
   vertex 142 94.5 135
   vertex 143 94.5 135
  endloop
 endfacet
 facet normal 0 -0.70710678118654746 -0.70710678118654746
  outer loop
   vertex 144 94.5 135
   vertex 143 94 135.5
   vertex 143 94.5 135
  endloop
 endfacet
 facet normal 0 -0.70710678118654746 -0.70710678118654746
  outer loop
   vertex 144 94 135.5
   vertex 143 94 135.5
   vertex 144 94.5 135
  endloop
 endfacet
 facet normal 0 -0.70710678118654746 -0.70710678118654746
  outer loop
   vertex 145 94.5 135
   vertex 144 94 135.5
   vertex 144 94.5 135
  endloop
 endfacet
 facet normal 0 -0.70710678118654746 -0.70710678118654746
  outer loop
   vertex 145 94 135.5
   vertex 144 94 135.5
   vertex 145 94.5 135
  endloop
 endfacet
 facet normal -0.57735026918962584 -0.57735026918962584 -0.57735026918962584
  outer loop
   vertex 145.5 94 135
   vertex 145 94 135.5
   vertex 145 94.5 135
  endloop
 endfacet
 facet normal 0.57735026918962584 0.57735026918962584 0.57735026918962584
  outer loop
   vertex 148 95 135.5
   vertex 147.5 95 136
   vertex 148 94.5 136
  endloop
 endfacet
 facet normal 0.57735026918962584 0.57735026918962584 0.57735026918962584
  outer loop
   vertex 148.5 94 136
   vertex 148 95 135.5
   vertex 148 94.5 136
  endloop
 endfacet
 facet normal 0.57735026918962584 0.57735026918962584 0.57735026918962584
  outer loop
   vertex 149 94 135.5
   vertex 148 95 135.5
   vertex 148.5 94 136
  endloop
 endfacet
 facet normal 0.57735026918962584 0.57735026918962584 0.57735026918962584
  outer loop
   vertex 149 94 135.5
   vertex 148.5 95 135
   vertex 148 95 135.5
  endloop
 endfacet
 facet normal 0.57735026918962584 0.57735026918962584 0.57735026918962584
  outer loop
   vertex 149 94 135.5
   vertex 149 94.5 135
   vertex 148.5 95 135
  endloop
 endfacet
 facet normal 0.57735026918962584 0.57735026918962584 0.57735026918962584
  outer loop
   vertex 149.5 94 135
   vertex 149 94.5 135
   vertex 149 94 135.5
  endloop
 endfacet
 facet normal -0.57735026918962584 -0.57735026918962584 0.57735026918962584
  outer loop
   vertex 141 95.5 135
   vertex 141 96 135.5
   vertex 140.5 96 135
  endloop
 endfacet
 facet normal -0.57735026918962584 0.57735026918962584 -0.57735026918962584
  outer loop
   vertex 141 95 135.5
   vertex 140.5 95 136
   vertex 141 95.5 136
  endloop
 endfacet
 facet normal 0 -0.44721359549995793 0.89442719099991586
  outer loop
   vertex 141 96 135.5
   vertex 141.5 95 135
   vertex 142 96 135.5
  endloop
 endfacet
 facet normal -0.57735026918962584 -0.57735026918962584 0.57735026918962584
  outer loop
   vertex 141 96 135.5
   vertex 141 95.5 135
   vertex 141.5 95 135
  endloop
 endfacet
 facet normal -0.90453403373329089 0.30151134457776363 0.30151134457776363
  outer loop
   vertex 142 96 135.5
   vertex 141.5 95 135
   vertex 142 95.5 136
  endloop
 endfacet
 facet normal -0.57735026918962584 0.57735026918962584 -0.57735026918962584
  outer loop
   vertex 141 95 135.5
   vertex 141 95.5 136
   vertex 141.5 95 135
  endloop
 endfacet
 facet normal 0 0.89442719099991586 -0.44721359549995793
  outer loop
   vertex 142 95.5 136
   vertex 141.5 95 135
   vertex 141 95.5 136
  endloop
 endfacet
 facet normal 0 0.70710678118654746 0.70710678118654746
  outer loop
   vertex 142 96 135.5
   vertex 143 95.5 136
   vertex 143 96 135.5
  endloop
 endfacet
 facet normal 0 0.70710678118654746 0.70710678118654746
  outer loop
   vertex 142 95.5 136
   vertex 143 95.5 136
   vertex 142 96 135.5
  endloop
 endfacet
 facet normal -0.57735026918962584 0.57735026918962584 0.57735026918962584
  outer loop
   vertex 143 95.5 136
   vertex 143.5 96 136
   vertex 143 96 135.5
  endloop
 endfacet
 facet normal 0.57735026918962584 0.57735026918962584 0.57735026918962584
  outer loop
   vertex 145 96 135.5
   vertex 144.5 96 136
   vertex 145 95.5 136
  endloop
 endfacet
 facet normal 0 0.70710678118654746 0.70710678118654746
  outer loop
   vertex 145 96 135.5
   vertex 146 95.5 136
   vertex 146 96 135.5
  endloop
 endfacet
 facet normal 0 0.70710678118654746 0.70710678118654746
  outer loop
   vertex 145 95.5 136
   vertex 146 95.5 136
   vertex 145 96 135.5
  endloop
 endfacet
 facet normal 0 0.70710678118654746 0.70710678118654746
  outer loop
   vertex 146 96 135.5
   vertex 147 95.5 136
   vertex 147 96 135.5
  endloop
 endfacet
 facet normal 0 0.70710678118654746 0.70710678118654746
  outer loop
   vertex 146 95.5 136
   vertex 147 95.5 136
   vertex 146 96 135.5
  endloop
 endfacet
 facet normal 0.57735026918962584 0.57735026918962584 0.57735026918962584
  outer loop
   vertex 147.5 95 136
   vertex 147 96 135.5
   vertex 147 95.5 136
  endloop
 endfacet
 facet normal 0.57735026918962584 0.57735026918962584 0.57735026918962584
  outer loop
   vertex 147.5 95 136
   vertex 148 95 135.5
   vertex 147 96 135.5
  endloop
 endfacet
 facet normal 0 0 1
  outer loop
   vertex 148 95 135.5
   vertex 148 96 135.5
   vertex 147 96 135.5
  endloop
 endfacet
 facet normal 0.70710678118654746 0 0.70710678118654746
  outer loop
   vertex 148.5 95 135
   vertex 148.5 96 135
   vertex 148 96 135.5
  endloop
 endfacet
 facet normal 0.70710678118654746 0 0.70710678118654746
  outer loop
   vertex 148 95 135.5
   vertex 148.5 95 135
   vertex 148 96 135.5
  endloop
 endfacet
 facet normal -0.57735026918962584 -0.57735026918962584 0.57735026918962584
  outer loop
   vertex 140 96.5 135
   vertex 140 97 135.5
   vertex 139.5 97 135
  endloop
 endfacet
 facet normal -0.57735026918962584 -0.57735026918962584 0.57735026918962584
  outer loop
   vertex 140 96.5 135
   vertex 140.5 96 135
   vertex 141 96 135.5
  endloop
 endfacet
 facet normal -0.57735026918962584 -0.57735026918962584 0.57735026918962584
  outer loop
   vertex 140 96.5 135
   vertex 141 96 135.5
   vertex 140 97 135.5
  endloop
 endfacet
 facet normal 0 -0 1
  outer loop
   vertex 140 97 135.5
   vertex 141 96 135.5
   vertex 141 97 135.5
  endloop
 endfacet
 facet normal 0 0 1
  outer loop
   vertex 142 96 135.5
   vertex 142 97 135.5
   vertex 141 96 135.5
  endloop
 endfacet
 facet normal -0 0 1
  outer loop
   vertex 142 97 135.5
   vertex 141 97 135.5
   vertex 141 96 135.5
  endloop
 endfacet
 facet normal 0 0 1
  outer loop
   vertex 143 96 135.5
   vertex 143 97 135.5
   vertex 142 96 135.5
  endloop
 endfacet
 facet normal -0 0 1
  outer loop
   vertex 143 97 135.5
   vertex 142 97 135.5
   vertex 142 96 135.5
  endloop
 endfacet
 facet normal -0.57735026918962584 0.57735026918962584 0.57735026918962584
  outer loop
   vertex 144 96.5 136
   vertex 143 96 135.5
   vertex 143.5 96 136
  endloop
 endfacet
 facet normal -0.57735026918962584 0.57735026918962584 0.57735026918962584
  outer loop
   vertex 144 96.5 136
   vertex 144 97 135.5
   vertex 143 96 135.5
  endloop
 endfacet
 facet normal -0 0 1
  outer loop
   vertex 144 97 135.5
   vertex 143 97 135.5
   vertex 143 96 135.5
  endloop
 endfacet
 facet normal 0.57735026918962584 0.57735026918962584 0.57735026918962584
  outer loop
   vertex 144.5 96 136
   vertex 144 97 135.5
   vertex 144 96.5 136
  endloop
 endfacet
 facet normal 0.57735026918962584 0.57735026918962584 0.57735026918962584
  outer loop
   vertex 144.5 96 136
   vertex 145 96 135.5
   vertex 144 97 135.5
  endloop
 endfacet
 facet normal 0 0 1
  outer loop
   vertex 145 96 135.5
   vertex 145 97 135.5
   vertex 144 97 135.5
  endloop
 endfacet
 facet normal 0 0 1
  outer loop
   vertex 146 96 135.5
   vertex 146 97 135.5
   vertex 145 96 135.5
  endloop
 endfacet
 facet normal -0 0 1
  outer loop
   vertex 146 97 135.5
   vertex 145 97 135.5
   vertex 145 96 135.5
  endloop
 endfacet
 facet normal 0 0 1
  outer loop
   vertex 147 96 135.5
   vertex 147 97 135.5
   vertex 146 96 135.5
  endloop
 endfacet
 facet normal -0 0 1
  outer loop
   vertex 147 97 135.5
   vertex 146 97 135.5
   vertex 146 96 135.5
  endloop
 endfacet
 facet normal 0.57735026918962584 0.57735026918962584 0.57735026918962584
  outer loop
   vertex 148 96.5 135
   vertex 147.5 97 135
   vertex 147 97 135.5
  endloop
 endfacet
 facet normal 0.57735026918962584 0.57735026918962584 0.57735026918962584
  outer loop
   vertex 148 96.5 135
   vertex 147 97 135.5
   vertex 148 96 135.5
  endloop
 endfacet
 facet normal 0 0 1
  outer loop
   vertex 148 96 135.5
   vertex 147 97 135.5
   vertex 147 96 135.5
  endloop
 endfacet
 facet normal 0.57735026918962584 0.57735026918962584 0.57735026918962584
  outer loop
   vertex 148.5 96 135
   vertex 148 96.5 135
   vertex 148 96 135.5
  endloop
 endfacet
 facet normal -0.57735026918962584 0.57735026918962584 0.57735026918962584
  outer loop
   vertex 139.5 97 135
   vertex 140 97 135.5
   vertex 140 97.5 135
  endloop
 endfacet
 facet normal -0 0.70710678118654746 0.70710678118654746
  outer loop
   vertex 141 97.5 135
   vertex 140 97.5 135
   vertex 140 97 135.5
  endloop
 endfacet
 facet normal 0 0.70710678118654746 0.70710678118654746
  outer loop
   vertex 141 97 135.5
   vertex 141 97.5 135
   vertex 140 97 135.5
  endloop
 endfacet
 facet normal -0 0.70710678118654746 0.70710678118654746
  outer loop
   vertex 142 97.5 135
   vertex 141 97.5 135
   vertex 141 97 135.5
  endloop
 endfacet
 facet normal 0 0.70710678118654746 0.70710678118654746
  outer loop
   vertex 142 97 135.5
   vertex 142 97.5 135
   vertex 141 97 135.5
  endloop
 endfacet
 facet normal -0 0.70710678118654746 0.70710678118654746
  outer loop
   vertex 143 97.5 135
   vertex 142 97.5 135
   vertex 142 97 135.5
  endloop
 endfacet
 facet normal 0 0.70710678118654746 0.70710678118654746
  outer loop
   vertex 143 97 135.5
   vertex 143 97.5 135
   vertex 142 97 135.5
  endloop
 endfacet
 facet normal -0 0.70710678118654746 0.70710678118654746
  outer loop
   vertex 144 97.5 135
   vertex 143 97.5 135
   vertex 143 97 135.5
  endloop
 endfacet
 facet normal 0 0.70710678118654746 0.70710678118654746
  outer loop
   vertex 144 97 135.5
   vertex 144 97.5 135
   vertex 143 97 135.5
  endloop
 endfacet
 facet normal -0 0.70710678118654746 0.70710678118654746
  outer loop
   vertex 145 97.5 135
   vertex 144 97.5 135
   vertex 144 97 135.5
  endloop
 endfacet
 facet normal 0 0.70710678118654746 0.70710678118654746
  outer loop
   vertex 145 97 135.5
   vertex 145 97.5 135
   vertex 144 97 135.5
  endloop
 endfacet
 facet normal -0 0.70710678118654746 0.70710678118654746
  outer loop
   vertex 146 97.5 135
   vertex 145 97.5 135
   vertex 145 97 135.5
  endloop
 endfacet
 facet normal 0 0.70710678118654746 0.70710678118654746
  outer loop
   vertex 146 97 135.5
   vertex 146 97.5 135
   vertex 145 97 135.5
  endloop
 endfacet
 facet normal -0 0.70710678118654746 0.70710678118654746
  outer loop
   vertex 147 97.5 135
   vertex 146 97.5 135
   vertex 146 97 135.5
  endloop
 endfacet
 facet normal 0 0.70710678118654746 0.70710678118654746
  outer loop
   vertex 147 97 135.5
   vertex 147 97.5 135
   vertex 146 97 135.5
  endloop
 endfacet
 facet normal 0.57735026918962584 0.57735026918962584 0.57735026918962584
  outer loop
   vertex 147.5 97 135
   vertex 147 97.5 135
   vertex 147 97 135.5
  endloop
 endfacet
 facet normal -0.57735026918962584 -0.57735026918962584 0.57735026918962584
  outer loop
   vertex 135 98.5 135
   vertex 135 99 135.5
   vertex 134.5 99 135
  endloop
 endfacet
 facet normal 0.57735026918962584 -0.57735026918962584 0.57735026918962584
  outer loop
   vertex 135 98.5 135
   vertex 135.5 99 135
   vertex 135 99 135.5
  endloop
 endfacet
 facet normal -0.70710678118654746 -0.70710678118654746 -0
  outer loop
   vertex 134 99.5 135
   vertex 134 99.5 136
   vertex 133.5 100 136
  endloop
 endfacet
 facet normal -0.70710678118654746 -0.70710678118654746 0
  outer loop
   vertex 133.5 100 135
   vertex 134 99.5 135
   vertex 133.5 100 136
  endloop
 endfacet
 facet normal 0.70710678118654746 -0.70710678118654746 0
  outer loop
   vertex 134.5 100 135
   vertex 134.5 100 136
   vertex 134 99.5 136
  endloop
 endfacet
 facet normal 0.70710678118654746 -0.70710678118654746 0
  outer loop
   vertex 134.5 100 135
   vertex 134 99.5 136
   vertex 134 99.5 135
  endloop
 endfacet
 facet normal -0.57735026918962584 0.57735026918962584 0.57735026918962584
  outer loop
   vertex 134.5 99 135
   vertex 135 99 135.5
   vertex 135 99.5 135
  endloop
 endfacet
 facet normal 0.57735026918962584 0.57735026918962584 0.57735026918962584
  outer loop
   vertex 135.5 99 135
   vertex 135 99.5 135
   vertex 135 99 135.5
  endloop
 endfacet
 facet normal -0.70710678118654746 0.70710678118654746 0
  outer loop
   vertex 133.5 100 135
   vertex 133.5 100 136
   vertex 134 100.5 136
  endloop
 endfacet
 facet normal -0.70710678118654746 0.70710678118654746 0
  outer loop
   vertex 134 100.5 135
   vertex 133.5 100 135
   vertex 134 100.5 136
  endloop
 endfacet
 facet normal 0.70710678118654746 0.70710678118654746 -0
  outer loop
   vertex 134.5 100 136
   vertex 134.5 100 135
   vertex 134 100.5 135
  endloop
 endfacet
 facet normal 0.70710678118654746 0.70710678118654746 0
  outer loop
   vertex 134 100.5 136
   vertex 134.5 100 136
   vertex 134 100.5 135
  endloop
 endfacet
 facet normal -0.57735026918962584 -0.57735026918962584 0.57735026918962584
  outer loop
   vertex 134 101.5 135
   vertex 134 102 135.5
   vertex 133.5 102 135
  endloop
 endfacet
 facet normal 0.57735026918962584 -0.57735026918962584 0.57735026918962584
  outer loop
   vertex 134 101.5 135
   vertex 134.5 102 135
   vertex 134 102 135.5
  endloop
 endfacet
 facet normal -0.57735026918962584 0.57735026918962584 0.57735026918962584
  outer loop
   vertex 133.5 102 135
   vertex 134 102 135.5
   vertex 134 102.5 135
  endloop
 endfacet
 facet normal 0.57735026918962584 0.57735026918962584 0.57735026918962584
  outer loop
   vertex 134.5 102 135
   vertex 134 102.5 135
   vertex 134 102 135.5
  endloop
 endfacet
 facet normal -0.57735026918962584 -0.57735026918962584 0.57735026918962584
  outer loop
   vertex 150 82.5 136
   vertex 150 83 136.5
   vertex 149.5 83 136
  endloop
 endfacet
 facet normal 0.57735026918962584 -0.57735026918962584 0.57735026918962584
  outer loop
   vertex 150 82.5 136
   vertex 150.5 83 136
   vertex 150 83 136.5
  endloop
 endfacet
 facet normal -0.57735026918962584 0.57735026918962584 0.57735026918962584
  outer loop
   vertex 149.5 83 136
   vertex 150 83 136.5
   vertex 150 83.5 136
  endloop
 endfacet
 facet normal 0.57735026918962584 0.57735026918962584 0.57735026918962584
  outer loop
   vertex 150.5 83 136
   vertex 150 83.5 136
   vertex 150 83 136.5
  endloop
 endfacet
 facet normal -0.57735026918962584 -0.57735026918962584 0.57735026918962584
  outer loop
   vertex 155 83.5 136
   vertex 155 84 136.5
   vertex 154.5 84 136
  endloop
 endfacet
 facet normal 0.57735026918962584 -0.57735026918962584 0.57735026918962584
  outer loop
   vertex 155.5 84 136
   vertex 155 84 136.5
   vertex 155 83.5 136
  endloop
 endfacet
 facet normal -0.57735026918962584 -0.57735026918962584 -0.57735026918962584
  outer loop
   vertex 156 84 136.5
   vertex 156 83.5 137
   vertex 155.5 84 137
  endloop
 endfacet
 facet normal 0.57735026918962584 -0.57735026918962584 -0.57735026918962584
  outer loop
   vertex 156 83.5 137
   vertex 156 84 136.5
   vertex 156.5 84 137
  endloop
 endfacet
 facet normal -0.57735026918962584 0.57735026918962584 0.57735026918962584
  outer loop
   vertex 154.5 84 136
   vertex 155 84 136.5
   vertex 155 84.5 136
  endloop
 endfacet
 facet normal 0.57735026918962584 0.57735026918962584 0.57735026918962584
  outer loop
   vertex 155 84.5 136
   vertex 155 84 136.5
   vertex 155.5 84 136
  endloop
 endfacet
 facet normal -0.57735026918962584 -0.57735026918962584 0.57735026918962584
  outer loop
   vertex 156 84.5 136
   vertex 156 85 136.5
   vertex 155.5 85 136
  endloop
 endfacet
 facet normal -0.57735026918962584 0.57735026918962584 -0.57735026918962584
  outer loop
   vertex 155.5 84 137
   vertex 156 84.5 137
   vertex 156 84 136.5
  endloop
 endfacet
 facet normal 0.57735026918962584 0.57735026918962584 -0.57735026918962584
  outer loop
   vertex 156 84 136.5
   vertex 156 84.5 137
   vertex 156.5 84 137
  endloop
 endfacet
 facet normal 0.57735026918962584 -0.57735026918962584 0.57735026918962584
  outer loop
   vertex 156 84.5 136
   vertex 156.5 85 136
   vertex 156 85 136.5
  endloop
 endfacet
 facet normal -0.70710678118654746 0 0.70710678118654746
  outer loop
   vertex 156 85 136.5
   vertex 156 86 136.5
   vertex 155.5 86 136
  endloop
 endfacet
 facet normal -0.70710678118654746 0 0.70710678118654746
  outer loop
   vertex 155.5 85 136
   vertex 156 85 136.5
   vertex 155.5 86 136
  endloop
 endfacet
 facet normal 0.70710678118654746 0 0.70710678118654746
  outer loop
   vertex 156.5 85 136
   vertex 156.5 86 136
   vertex 156 86 136.5
  endloop
 endfacet
 facet normal 0.70710678118654746 0 0.70710678118654746
  outer loop
   vertex 156 85 136.5
   vertex 156.5 85 136
   vertex 156 86 136.5
  endloop
 endfacet
 facet normal -0.57735026918962584 0.57735026918962584 0.57735026918962584
  outer loop
   vertex 155.5 86 136
   vertex 156 86 136.5
   vertex 156 86.5 136
  endloop
 endfacet
 facet normal 0.57735026918962584 0.57735026918962584 0.57735026918962584
  outer loop
   vertex 156.5 86 136
   vertex 156 86.5 136
   vertex 156 86 136.5
  endloop
 endfacet
 facet normal -0.57735026918962584 -0.57735026918962584 0.57735026918962584
  outer loop
   vertex 145 87.5 136
   vertex 145 88 136.5
   vertex 144.5 88 136
  endloop
 endfacet
 facet normal 0 -0.70710678118654746 0.70710678118654746
  outer loop
   vertex 145 87.5 136
   vertex 146 87.5 136
   vertex 146 88 136.5
  endloop
 endfacet
 facet normal 0 -0.70710678118654746 0.70710678118654746
  outer loop
   vertex 145 88 136.5
   vertex 145 87.5 136
   vertex 146 88 136.5
  endloop
 endfacet
 facet normal -0.57735026918962584 -0.57735026918962584 0.57735026918962584
  outer loop
   vertex 146.5 88 137
   vertex 146 88 136.5
   vertex 146 87.5 136
  endloop
 endfacet
 facet normal -0.57735026918962584 -0.57735026918962584 0.57735026918962584
  outer loop
   vertex 146.5 88 137
   vertex 146 87.5 136
   vertex 147 87.5 137
  endloop
 endfacet
 facet normal 0 -1 0
  outer loop
   vertex 147 87.5 137
   vertex 146 87.5 136
   vertex 147 87.5 136
  endloop
 endfacet
 facet normal 0.70710678118654746 -0.70710678118654746 0
  outer loop
   vertex 147 87.5 137
   vertex 147 87.5 136
   vertex 147.5 88 136
  endloop
 endfacet
 facet normal 0.70710678118654746 -0.70710678118654746 0
  outer loop
   vertex 147.5 88 137
   vertex 147 87.5 137
   vertex 147.5 88 136
  endloop
 endfacet
 facet normal -0.57735026918962584 0.57735026918962584 0.57735026918962584
  outer loop
   vertex 145 88 136.5
   vertex 145 88.5 136
   vertex 144.5 88 136
  endloop
 endfacet
 facet normal -0.57735026918962584 -0.57735026918962584 -0.57735026918962584
  outer loop
   vertex 145 88.5 137
   vertex 144.5 89 137
   vertex 145 89 136.5
  endloop
 endfacet
 facet normal -0 -0.70710678118654746 -0.70710678118654746
  outer loop
   vertex 146 89 136.5
   vertex 146 88.5 137
   vertex 145 88.5 137
  endloop
 endfacet
 facet normal 0 -0.70710678118654746 -0.70710678118654746
  outer loop
   vertex 146 89 136.5
   vertex 145 88.5 137
   vertex 145 89 136.5
  endloop
 endfacet
 facet normal 0 0.70710678118654746 0.70710678118654746
  outer loop
   vertex 146 88 136.5
   vertex 146 88.5 136
   vertex 145 88 136.5
  endloop
 endfacet
 facet normal 0 0.70710678118654746 0.70710678118654746
  outer loop
   vertex 145 88 136.5
   vertex 146 88.5 136
   vertex 145 88.5 136
  endloop
 endfacet
 facet normal 0 0.89442719099991586 0.44721359549995793
  outer loop
   vertex 146 88.5 136
   vertex 146.5 88 137
   vertex 147 88.5 136
  endloop
 endfacet
 facet normal -0.57735026918962584 0.57735026918962584 0.57735026918962584
  outer loop
   vertex 146 88.5 136
   vertex 146 88 136.5
   vertex 146.5 88 137
  endloop
 endfacet
 facet normal -0.90453403373329089 0.30151134457776363 -0.30151134457776363
  outer loop
   vertex 147 88.5 136
   vertex 146.5 88 137
   vertex 147 89 136.5
  endloop
 endfacet
 facet normal -0.57735026918962584 -0.57735026918962584 -0.57735026918962584
  outer loop
   vertex 146 88.5 137
   vertex 146 89 136.5
   vertex 146.5 88 137
  endloop
 endfacet
 facet normal 0 -0.44721359549995793 -0.89442719099991586
  outer loop
   vertex 147 89 136.5
   vertex 146.5 88 137
   vertex 146 89 136.5
  endloop
 endfacet
 facet normal 0.57735026918962584 0.57735026918962584 -0.57735026918962584
  outer loop
   vertex 147 88.5 136
   vertex 147 89 136.5
   vertex 147.5 89 137
  endloop
 endfacet
 facet normal 0.57735026918962584 0.57735026918962584 -0.57735026918962584
  outer loop
   vertex 147 88.5 136
   vertex 147.5 89 137
   vertex 147.5 88 136
  endloop
 endfacet
 facet normal 1 0 0
  outer loop
   vertex 147.5 88 136
   vertex 147.5 89 137
   vertex 147.5 88 137
  endloop
 endfacet
 facet normal -0.70710678118654746 0 -0.70710678118654746
  outer loop
   vertex 145 90 136.5
   vertex 145 89 136.5
   vertex 144.5 89 137
  endloop
 endfacet
 facet normal -0.70710678118654746 0 -0.70710678118654746
  outer loop
   vertex 144.5 90 137
   vertex 145 90 136.5
   vertex 144.5 89 137
  endloop
 endfacet
 facet normal 0 0 -1
  outer loop
   vertex 146 89 136.5
   vertex 145 89 136.5
   vertex 146 90 136.5
  endloop
 endfacet
 facet normal 0 0 -1
  outer loop
   vertex 146 90 136.5
   vertex 145 89 136.5
   vertex 145 90 136.5
  endloop
 endfacet
 facet normal 0 0 -1
  outer loop
   vertex 147 89 136.5
   vertex 146 89 136.5
   vertex 147 90 136.5
  endloop
 endfacet
 facet normal 0 0 -1
  outer loop
   vertex 147 90 136.5
   vertex 146 89 136.5
   vertex 146 90 136.5
  endloop
 endfacet
 facet normal 0.70710678118654746 0 -0.70710678118654746
  outer loop
   vertex 147.5 90 137
   vertex 147.5 89 137
   vertex 147 89 136.5
  endloop
 endfacet
 facet normal 0.70710678118654746 0 -0.70710678118654746
  outer loop
   vertex 147 90 136.5
   vertex 147.5 90 137
   vertex 147 89 136.5
  endloop
 endfacet
 facet normal -0.57735026918962584 0.57735026918962584 -0.57735026918962584
  outer loop
   vertex 145 90 136.5
   vertex 144.5 90 137
   vertex 145 90.5 137
  endloop
 endfacet
 facet normal -0.57735026918962584 0.57735026918962584 -0.57735026918962584
  outer loop
   vertex 145 90.5 137
   vertex 145.5 91 137
   vertex 146 91 136.5
  endloop
 endfacet
 facet normal -0.57735026918962584 0.57735026918962584 -0.57735026918962584
  outer loop
   vertex 145 90.5 137
   vertex 146 91 136.5
   vertex 145 90 136.5
  endloop
 endfacet
 facet normal 0 -0 -1
  outer loop
   vertex 145 90 136.5
   vertex 146 91 136.5
   vertex 146 90 136.5
  endloop
 endfacet
 facet normal -0.57735026918962584 -0.57735026918962584 -0.57735026918962584
  outer loop
   vertex 147 90.5 136
   vertex 146 91 136.5
   vertex 146.5 91 136
  endloop
 endfacet
 facet normal -0.57735026918962584 -0.57735026918962584 -0.57735026918962584
  outer loop
   vertex 147 90.5 136
   vertex 147 90 136.5
   vertex 146 91 136.5
  endloop
 endfacet
 facet normal 0 0 -1
  outer loop
   vertex 147 90 136.5
   vertex 146 90 136.5
   vertex 146 91 136.5
  endloop
 endfacet
 facet normal 0.57735026918962584 -0.57735026918962584 -0.57735026918962584
  outer loop
   vertex 147 90 136.5
   vertex 147 90.5 136
   vertex 147.5 91 136
  endloop
 endfacet
 facet normal 0.57735026918962584 -0.57735026918962584 -0.57735026918962584
  outer loop
   vertex 147 90 136.5
   vertex 147.5 91 136
   vertex 147.5 90 137
  endloop
 endfacet
 facet normal 1 0 -0
  outer loop
   vertex 147.5 90 137
   vertex 147.5 91 136
   vertex 147.5 91 137
  endloop
 endfacet
 facet normal -0.57735026918962584 -0.57735026918962584 0.57735026918962584
  outer loop
   vertex 149 90.5 136
   vertex 149 91 136.5
   vertex 148.5 91 136
  endloop
 endfacet
 facet normal 0.57735026918962584 -0.57735026918962584 0.57735026918962584
  outer loop
   vertex 149 90.5 136
   vertex 149.5 91 136
   vertex 149 91 136.5
  endloop
 endfacet
 facet normal -0.70710678118654746 0 -0.70710678118654746
  outer loop
   vertex 146 92 136.5
   vertex 146 91 136.5
   vertex 145.5 91 137
  endloop
 endfacet
 facet normal -0.70710678118654746 0 -0.70710678118654746
  outer loop
   vertex 145.5 92 137
   vertex 146 92 136.5
   vertex 145.5 91 137
  endloop
 endfacet
 facet normal -0.70710678118654746 0 -0.70710678118654746
  outer loop
   vertex 146.5 91 136
   vertex 146 92 136.5
   vertex 146.5 92 136
  endloop
 endfacet
 facet normal -0.70710678118654746 -0 -0.70710678118654746
  outer loop
   vertex 146 91 136.5
   vertex 146 92 136.5
   vertex 146.5 91 136
  endloop
 endfacet
 facet normal 0.57735026918962584 -0.57735026918962584 0.57735026918962584
  outer loop
   vertex 148 92 136.5
   vertex 147.5 91 136
   vertex 148 91.5 136
  endloop
 endfacet
 facet normal 0.57735026918962584 -0.57735026918962584 0.57735026918962584
  outer loop
   vertex 148 92 136.5
   vertex 147.5 92 137
   vertex 147.5 91 136
  endloop
 endfacet
 facet normal 1 -0 0
  outer loop
   vertex 147.5 92 137
   vertex 147.5 91 137
   vertex 147.5 91 136
  endloop
 endfacet
 facet normal -0.57735026918962584 -0.57735026918962584 0.57735026918962584
  outer loop
   vertex 148 91.5 136
   vertex 148.5 91 136
   vertex 149 91 136.5
  endloop
 endfacet
 facet normal -0.57735026918962584 -0.57735026918962584 0.57735026918962584
  outer loop
   vertex 148 91.5 136
   vertex 149 91 136.5
   vertex 148 92 136.5
  endloop
 endfacet
 facet normal 0 -0 1
  outer loop
   vertex 148 92 136.5
   vertex 149 91 136.5
   vertex 149 92 136.5
  endloop
 endfacet
 facet normal 0.70710678118654746 0 0.70710678118654746
  outer loop
   vertex 149.5 91 136
   vertex 149.5 92 136
   vertex 149 92 136.5
  endloop
 endfacet
 facet normal 0.70710678118654746 0 0.70710678118654746
  outer loop
   vertex 149 91 136.5
   vertex 149.5 91 136
   vertex 149 92 136.5
  endloop
 endfacet
 facet normal -0.57735026918962584 -0.57735026918962584 -0.57735026918962584
  outer loop
   vertex 145 93 136.5
   vertex 145 92.5 137
   vertex 144.5 93 137
  endloop
 endfacet
 facet normal -0.57735026918962584 -0.57735026918962584 -0.57735026918962584
  outer loop
   vertex 145.5 92 137
   vertex 145 92.5 137
   vertex 145 93 136.5
  endloop
 endfacet
 facet normal -0.57735026918962584 -0.57735026918962584 -0.57735026918962584
  outer loop
   vertex 146 92 136.5
   vertex 145.5 92 137
   vertex 145 93 136.5
  endloop
 endfacet
 facet normal -0.57735026918962584 -0.57735026918962584 -0.57735026918962584
  outer loop
   vertex 146 92 136.5
   vertex 145 93 136.5
   vertex 145.5 93 136
  endloop
 endfacet
 facet normal -0.57735026918962584 -0.57735026918962584 -0.57735026918962584
  outer loop
   vertex 146 92 136.5
   vertex 145.5 93 136
   vertex 146 92.5 136
  endloop
 endfacet
 facet normal -0.57735026918962584 -0.57735026918962584 -0.57735026918962584
  outer loop
   vertex 146.5 92 136
   vertex 146 92 136.5
   vertex 146 92.5 136
  endloop
 endfacet
 facet normal 0.70710678118654746 0 0.70710678118654746
  outer loop
   vertex 148 93 136.5
   vertex 147.5 92 137
   vertex 148 92 136.5
  endloop
 endfacet
 facet normal 0.70710678118654746 -0 0.70710678118654746
  outer loop
   vertex 147.5 93 137
   vertex 147.5 92 137
   vertex 148 93 136.5
  endloop
 endfacet
 facet normal 0.57735026918962584 0.57735026918962584 0.57735026918962584
  outer loop
   vertex 149 92.5 136
   vertex 148.5 93 136
   vertex 148 93 136.5
  endloop
 endfacet
 facet normal 0.57735026918962584 0.57735026918962584 0.57735026918962584
  outer loop
   vertex 149 92.5 136
   vertex 148 93 136.5
   vertex 149 92 136.5
  endloop
 endfacet
 facet normal 0 0 1
  outer loop
   vertex 149 92 136.5
   vertex 148 93 136.5
   vertex 148 92 136.5
  endloop
 endfacet
 facet normal 0.57735026918962584 0.57735026918962584 0.57735026918962584
  outer loop
   vertex 149.5 92 136
   vertex 149 92.5 136
   vertex 149 92 136.5
  endloop
 endfacet
 facet normal -0.70710678118654746 -0.70710678118654746 -0
  outer loop
   vertex 143 93.5 136
   vertex 143 93.5 137
   vertex 142.5 94 137
  endloop
 endfacet
 facet normal -0.70710678118654746 -0.70710678118654746 0
  outer loop
   vertex 142.5 94 136
   vertex 143 93.5 136
   vertex 142.5 94 137
  endloop
 endfacet
 facet normal 0 -1 -0
  outer loop
   vertex 144 93.5 136
   vertex 144 93.5 137
   vertex 143 93.5 136
  endloop
 endfacet
 facet normal -0 -1 0
  outer loop
   vertex 143 93.5 136
   vertex 144 93.5 137
   vertex 143 93.5 137
  endloop
 endfacet
 facet normal -0.57735026918962584 -0.57735026918962584 -0.57735026918962584
  outer loop
   vertex 144.5 93 137
   vertex 145 93.5 136
   vertex 145 93 136.5
  endloop
 endfacet
 facet normal -0.57735026918962584 -0.57735026918962584 -0.57735026918962584
  outer loop
   vertex 144.5 93 137
   vertex 144 93.5 137
   vertex 145 93.5 136
  endloop
 endfacet
 facet normal 0 -1 0
  outer loop
   vertex 144 93.5 137
   vertex 144 93.5 136
   vertex 145 93.5 136
  endloop
 endfacet
 facet normal -0.57735026918962584 -0.57735026918962584 -0.57735026918962584
  outer loop
   vertex 145.5 93 136
   vertex 145 93 136.5
   vertex 145 93.5 136
  endloop
 endfacet
 facet normal 0.57735026918962584 0.57735026918962584 0.57735026918962584
  outer loop
   vertex 147 94 136.5
   vertex 146.5 94 137
   vertex 147 93.5 137
  endloop
 endfacet
 facet normal 0.57735026918962584 0.57735026918962584 0.57735026918962584
  outer loop
   vertex 147.5 93 137
   vertex 147 94 136.5
   vertex 147 93.5 137
  endloop
 endfacet
 facet normal 0.57735026918962584 0.57735026918962584 0.57735026918962584
  outer loop
   vertex 147.5 93 137
   vertex 148 93 136.5
   vertex 147 94 136.5
  endloop
 endfacet
 facet normal 0 0 1
  outer loop
   vertex 148 93 136.5
   vertex 148 94 136.5
   vertex 147 94 136.5
  endloop
 endfacet
 facet normal 0.70710678118654746 0 0.70710678118654746
  outer loop
   vertex 148.5 93 136
   vertex 148.5 94 136
   vertex 148 94 136.5
  endloop
 endfacet
 facet normal 0.70710678118654746 0 0.70710678118654746
  outer loop
   vertex 148 93 136.5
   vertex 148.5 93 136
   vertex 148 94 136.5
  endloop
 endfacet
 facet normal -0.70710678118654746 -0.70710678118654746 -0
  outer loop
   vertex 141 94.5 136
   vertex 141 94.5 137
   vertex 140.5 95 137
  endloop
 endfacet
 facet normal -0.70710678118654746 -0.70710678118654746 0
  outer loop
   vertex 140.5 95 136
   vertex 141 94.5 136
   vertex 140.5 95 137
  endloop
 endfacet
 facet normal 0.57735026918962584 -0.57735026918962584 0.57735026918962584
  outer loop
   vertex 142 95 136.5
   vertex 141.5 95 137
   vertex 141 94.5 137
  endloop
 endfacet
 facet normal 0.57735026918962584 -0.57735026918962584 0.57735026918962584
  outer loop
   vertex 142 95 136.5
   vertex 141 94.5 137
   vertex 142 94.5 136
  endloop
 endfacet
 facet normal 0 -1 0
  outer loop
   vertex 142 94.5 136
   vertex 141 94.5 137
   vertex 141 94.5 136
  endloop
 endfacet
 facet normal -0.70710678118654746 0.70710678118654746 0
  outer loop
   vertex 143 94.5 137
   vertex 142.5 94 136
   vertex 142.5 94 137
  endloop
 endfacet
 facet normal -0.57735026918962573 -0.57735026918962573 0.57735026918962573
  outer loop
   vertex 143 94.5 137
   vertex 142 95 136.5
   vertex 142.5 94 136
  endloop
 endfacet
 facet normal 0 0.70710678118654746 0.70710678118654746
  outer loop
   vertex 143 94.5 137
   vertex 143 95 136.5
   vertex 142 95 136.5
  endloop
 endfacet
 facet normal -0.57735026918962584 -0.57735026918962584 0.57735026918962584
  outer loop
   vertex 142 95 136.5
   vertex 142 94.5 136
   vertex 142.5 94 136
  endloop
 endfacet
 facet normal 0 0.70710678118654746 0.70710678118654746
  outer loop
   vertex 143 95 136.5
   vertex 144 94.5 137
   vertex 144 95 136.5
  endloop
 endfacet
 facet normal 0 0.70710678118654746 0.70710678118654746
  outer loop
   vertex 143 94.5 137
   vertex 144 94.5 137
   vertex 143 95 136.5
  endloop
 endfacet
 facet normal 0 0.70710678118654746 0.70710678118654746
  outer loop
   vertex 144 95 136.5
   vertex 145 94.5 137
   vertex 145 95 136.5
  endloop
 endfacet
 facet normal 0 0.70710678118654746 0.70710678118654746
  outer loop
   vertex 144 94.5 137
   vertex 145 94.5 137
   vertex 144 95 136.5
  endloop
 endfacet
 facet normal 0 0.70710678118654746 0.70710678118654746
  outer loop
   vertex 145 95 136.5
   vertex 146 94.5 137
   vertex 146 95 136.5
  endloop
 endfacet
 facet normal 0 0.70710678118654746 0.70710678118654746
  outer loop
   vertex 145 94.5 137
   vertex 146 94.5 137
   vertex 145 95 136.5
  endloop
 endfacet
 facet normal 0.57735026918962584 0.57735026918962584 0.57735026918962584
  outer loop
   vertex 146.5 94 137
   vertex 146 95 136.5
   vertex 146 94.5 137
  endloop
 endfacet
 facet normal 0.57735026918962584 0.57735026918962584 0.57735026918962584
  outer loop
   vertex 146.5 94 137
   vertex 147 94 136.5
   vertex 146 95 136.5
  endloop
 endfacet
 facet normal 0 0 1
  outer loop
   vertex 147 94 136.5
   vertex 147 95 136.5
   vertex 146 95 136.5
  endloop
 endfacet
 facet normal 0.57735026918962584 0.57735026918962584 0.57735026918962584
  outer loop
   vertex 148 94.5 136
   vertex 147.5 95 136
   vertex 147 95 136.5
  endloop
 endfacet
 facet normal 0.57735026918962584 0.57735026918962584 0.57735026918962584
  outer loop
   vertex 148 94.5 136
   vertex 147 95 136.5
   vertex 148 94 136.5
  endloop
 endfacet
 facet normal 0 0 1
  outer loop
   vertex 148 94 136.5
   vertex 147 95 136.5
   vertex 147 94 136.5
  endloop
 endfacet
 facet normal 0.57735026918962584 0.57735026918962584 0.57735026918962584
  outer loop
   vertex 148.5 94 136
   vertex 148 94.5 136
   vertex 148 94 136.5
  endloop
 endfacet
 facet normal -0.70710678118654746 0.70710678118654746 0
  outer loop
   vertex 140.5 95 136
   vertex 140.5 95 137
   vertex 141 95.5 137
  endloop
 endfacet
 facet normal -0.70710678118654746 0.70710678118654746 0
  outer loop
   vertex 141 95.5 136
   vertex 140.5 95 136
   vertex 141 95.5 137
  endloop
 endfacet
 facet normal 0.57735026918962584 0.57735026918962584 0.57735026918962584
  outer loop
   vertex 141.5 95 137
   vertex 142 95 136.5
   vertex 142 95.5 136
  endloop
 endfacet
 facet normal 0.57735026918962584 0.57735026918962584 0.57735026918962584
  outer loop
   vertex 141.5 95 137
   vertex 142 95.5 136
   vertex 141 95.5 137
  endloop
 endfacet
 facet normal 0 1 0
  outer loop
   vertex 141 95.5 137
   vertex 142 95.5 136
   vertex 141 95.5 136
  endloop
 endfacet
 facet normal -0 0.70710678118654746 0.70710678118654746
  outer loop
   vertex 143 95.5 136
   vertex 142 95.5 136
   vertex 142 95 136.5
  endloop
 endfacet
 facet normal 0 0.70710678118654746 0.70710678118654746
  outer loop
   vertex 143 95 136.5
   vertex 143 95.5 136
   vertex 142 95 136.5
  endloop
 endfacet
 facet normal -0.57735026918962584 0.57735026918962584 0.57735026918962584
  outer loop
   vertex 143.5 96 136
   vertex 143 95.5 136
   vertex 143 95 136.5
  endloop
 endfacet
 facet normal -0.57735026918962584 0.57735026918962584 0.57735026918962584
  outer loop
   vertex 143.5 96 136
   vertex 143 95 136.5
   vertex 144 96 136.5
  endloop
 endfacet
 facet normal 0 0 1
  outer loop
   vertex 144 96 136.5
   vertex 143 95 136.5
   vertex 144 95 136.5
  endloop
 endfacet
 facet normal 0.57735026918962584 0.57735026918962584 0.57735026918962584
  outer loop
   vertex 145 95.5 136
   vertex 144.5 96 136
   vertex 144 96 136.5
  endloop
 endfacet
 facet normal 0.57735026918962584 0.57735026918962584 0.57735026918962584
  outer loop
   vertex 145 95.5 136
   vertex 144 96 136.5
   vertex 145 95 136.5
  endloop
 endfacet
 facet normal 0 0 1
  outer loop
   vertex 145 95 136.5
   vertex 144 96 136.5
   vertex 144 95 136.5
  endloop
 endfacet
 facet normal -0 0.70710678118654746 0.70710678118654746
  outer loop
   vertex 146 95.5 136
   vertex 145 95.5 136
   vertex 145 95 136.5
  endloop
 endfacet
 facet normal 0 0.70710678118654746 0.70710678118654746
  outer loop
   vertex 146 95 136.5
   vertex 146 95.5 136
   vertex 145 95 136.5
  endloop
 endfacet
 facet normal -0 0.70710678118654746 0.70710678118654746
  outer loop
   vertex 147 95.5 136
   vertex 146 95.5 136
   vertex 146 95 136.5
  endloop
 endfacet
 facet normal 0 0.70710678118654746 0.70710678118654746
  outer loop
   vertex 147 95 136.5
   vertex 147 95.5 136
   vertex 146 95 136.5
  endloop
 endfacet
 facet normal 0.57735026918962584 0.57735026918962584 0.57735026918962584
  outer loop
   vertex 147.5 95 136
   vertex 147 95.5 136
   vertex 147 95 136.5
  endloop
 endfacet
 facet normal -0.57735026918962584 0.57735026918962584 0.57735026918962584
  outer loop
   vertex 143.5 96 136
   vertex 144 96 136.5
   vertex 144 96.5 136
  endloop
 endfacet
 facet normal 0.57735026918962584 0.57735026918962584 0.57735026918962584
  outer loop
   vertex 144.5 96 136
   vertex 144 96.5 136
   vertex 144 96 136.5
  endloop
 endfacet
 facet normal -0.57735026918962584 -0.57735026918962584 0.57735026918962584
  outer loop
   vertex 134 99.5 136
   vertex 134 100 136.5
   vertex 133.5 100 136
  endloop
 endfacet
 facet normal 0.57735026918962584 -0.57735026918962584 0.57735026918962584
  outer loop
   vertex 134 99.5 136
   vertex 134.5 100 136
   vertex 134 100 136.5
  endloop
 endfacet
 facet normal -0.57735026918962584 0.57735026918962584 0.57735026918962584
  outer loop
   vertex 133.5 100 136
   vertex 134 100 136.5
   vertex 134 100.5 136
  endloop
 endfacet
 facet normal 0.57735026918962584 0.57735026918962584 0.57735026918962584
  outer loop
   vertex 134.5 100 136
   vertex 134 100.5 136
   vertex 134 100 136.5
  endloop
 endfacet
 facet normal -0.57735026918962584 -0.57735026918962584 0.57735026918962584
  outer loop
   vertex 156 83.5 137
   vertex 156 84 137.5
   vertex 155.5 84 137
  endloop
 endfacet
 facet normal 0.57735026918962584 -0.57735026918962584 0.57735026918962584
  outer loop
   vertex 156 83.5 137
   vertex 156.5 84 137
   vertex 156 84 137.5
  endloop
 endfacet
 facet normal -0.57735026918962584 0.57735026918962584 0.57735026918962584
  outer loop
   vertex 155.5 84 137
   vertex 156 84 137.5
   vertex 156 84.5 137
  endloop
 endfacet
 facet normal 0.57735026918962584 0.57735026918962584 0.57735026918962584
  outer loop
   vertex 156.5 84 137
   vertex 156 84.5 137
   vertex 156 84 137.5
  endloop
 endfacet
 facet normal -0.57735026918962584 -0.57735026918962584 0.57735026918962584
  outer loop
   vertex 147 87.5 137
   vertex 147 88 137.5
   vertex 146.5 88 137
  endloop
 endfacet
 facet normal 0.57735026918962584 -0.57735026918962584 0.57735026918962584
  outer loop
   vertex 147 87.5 137
   vertex 147.5 88 137
   vertex 147 88 137.5
  endloop
 endfacet
 facet normal -0.70710678118654746 -0.70710678118654746 -0
  outer loop
   vertex 145 88.5 137
   vertex 145 88.5 138
   vertex 144.5 89 138
  endloop
 endfacet
 facet normal -0.70710678118654746 -0.70710678118654746 0
  outer loop
   vertex 144.5 89 137
   vertex 145 88.5 137
   vertex 144.5 89 138
  endloop
 endfacet
 facet normal 0.57735026918962584 -0.57735026918962584 0.57735026918962584
  outer loop
   vertex 146 89 137.5
   vertex 145.5 89 138
   vertex 145 88.5 138
  endloop
 endfacet
 facet normal 0.57735026918962584 -0.57735026918962584 0.57735026918962584
  outer loop
   vertex 146 89 137.5
   vertex 145 88.5 138
   vertex 146 88.5 137
  endloop
 endfacet
 facet normal 0 -1 0
  outer loop
   vertex 146 88.5 137
   vertex 145 88.5 138
   vertex 145 88.5 137
  endloop
 endfacet
 facet normal -0.57735026918962584 -0.57735026918962584 0.57735026918962584
  outer loop
   vertex 146 88.5 137
   vertex 146.5 88 137
   vertex 147 88 137.5
  endloop
 endfacet
 facet normal -0.57735026918962584 -0.57735026918962584 0.57735026918962584
  outer loop
   vertex 146 88.5 137
   vertex 147 88 137.5
   vertex 146 89 137.5
  endloop
 endfacet
 facet normal 0 -0 1
  outer loop
   vertex 146 89 137.5
   vertex 147 88 137.5
   vertex 147 89 137.5
  endloop
 endfacet
 facet normal 0.70710678118654746 0 0.70710678118654746
  outer loop
   vertex 147.5 88 137
   vertex 147.5 89 137
   vertex 147 89 137.5
  endloop
 endfacet
 facet normal 0.70710678118654746 0 0.70710678118654746
  outer loop
   vertex 147 88 137.5
   vertex 147.5 88 137
   vertex 147 89 137.5
  endloop
 endfacet
 facet normal -0.57735026918962584 0.57735026918962584 0.57735026918962584
  outer loop
   vertex 145 89.5 138
   vertex 145 90 137.5
   vertex 144.5 90 137
  endloop
 endfacet
 facet normal -0.57735026918962584 0.57735026918962584 0.57735026918962584
  outer loop
   vertex 145 89.5 138
   vertex 144.5 90 137
   vertex 144.5 89 138
  endloop
 endfacet
 facet normal -1 0 0
  outer loop
   vertex 144.5 89 138
   vertex 144.5 90 137
   vertex 144.5 89 137
  endloop
 endfacet
 facet normal 0.57735026918962584 0.57735026918962584 0.57735026918962584
  outer loop
   vertex 145.5 89 138
   vertex 145 90 137.5
   vertex 145 89.5 138
  endloop
 endfacet
 facet normal 0.57735026918962584 0.57735026918962584 0.57735026918962584
  outer loop
   vertex 145.5 89 138
   vertex 146 89 137.5
   vertex 145 90 137.5
  endloop
 endfacet
 facet normal 0 0 1
  outer loop
   vertex 146 89 137.5
   vertex 146 90 137.5
   vertex 145 90 137.5
  endloop
 endfacet
 facet normal 0 0 1
  outer loop
   vertex 147 89 137.5
   vertex 147 90 137.5
   vertex 146 89 137.5
  endloop
 endfacet
 facet normal -0 0 1
  outer loop
   vertex 147 90 137.5
   vertex 146 90 137.5
   vertex 146 89 137.5
  endloop
 endfacet
 facet normal 0.70710678118654746 0 0.70710678118654746
  outer loop
   vertex 147.5 89 137
   vertex 147.5 90 137
   vertex 147 90 137.5
  endloop
 endfacet
 facet normal 0.70710678118654746 0 0.70710678118654746
  outer loop
   vertex 147 89 137.5
   vertex 147.5 89 137
   vertex 147 90 137.5
  endloop
 endfacet
 facet normal -0.57735026918962584 0.57735026918962584 0.57735026918962584
  outer loop
   vertex 144.5 90 137
   vertex 145 90 137.5
   vertex 145 90.5 137
  endloop
 endfacet
 facet normal -0.57735026918962584 0.57735026918962584 0.57735026918962584
  outer loop
   vertex 145.5 91 137
   vertex 145 90.5 137
   vertex 145 90 137.5
  endloop
 endfacet
 facet normal -0.57735026918962584 0.57735026918962584 0.57735026918962584
  outer loop
   vertex 145.5 91 137
   vertex 145 90 137.5
   vertex 146 91 137.5
  endloop
 endfacet
 facet normal 0 0 1
  outer loop
   vertex 146 91 137.5
   vertex 145 90 137.5
   vertex 146 90 137.5
  endloop
 endfacet
 facet normal 0 0 1
  outer loop
   vertex 147 90 137.5
   vertex 147 91 137.5
   vertex 146 90 137.5
  endloop
 endfacet
 facet normal -0 0 1
  outer loop
   vertex 147 91 137.5
   vertex 146 91 137.5
   vertex 146 90 137.5
  endloop
 endfacet
 facet normal 0.70710678118654746 0 0.70710678118654746
  outer loop
   vertex 147.5 90 137
   vertex 147.5 91 137
   vertex 147 91 137.5
  endloop
 endfacet
 facet normal 0.70710678118654746 0 0.70710678118654746
  outer loop
   vertex 147 90 137.5
   vertex 147.5 90 137
   vertex 147 91 137.5
  endloop
 endfacet
 facet normal -0.70710678118654746 0 0.70710678118654746
  outer loop
   vertex 146 91 137.5
   vertex 146 92 137.5
   vertex 145.5 92 137
  endloop
 endfacet
 facet normal -0.70710678118654746 0 0.70710678118654746
  outer loop
   vertex 145.5 91 137
   vertex 146 91 137.5
   vertex 145.5 92 137
  endloop
 endfacet
 facet normal 0 0 1
  outer loop
   vertex 147 91 137.5
   vertex 147 92 137.5
   vertex 146 91 137.5
  endloop
 endfacet
 facet normal -0 0 1
  outer loop
   vertex 147 92 137.5
   vertex 146 92 137.5
   vertex 146 91 137.5
  endloop
 endfacet
 facet normal 0.70710678118654746 0 0.70710678118654746
  outer loop
   vertex 147.5 91 137
   vertex 147.5 92 137
   vertex 147 92 137.5
  endloop
 endfacet
 facet normal 0.70710678118654746 0 0.70710678118654746
  outer loop
   vertex 147 91 137.5
   vertex 147.5 91 137
   vertex 147 92 137.5
  endloop
 endfacet
 facet normal -0.57735026918962584 -0.57735026918962584 0.57735026918962584
  outer loop
   vertex 145 92.5 137
   vertex 145 93 137.5
   vertex 144.5 93 137
  endloop
 endfacet
 facet normal -0.57735026918962584 -0.57735026918962584 0.57735026918962584
  outer loop
   vertex 145 92.5 137
   vertex 145.5 92 137
   vertex 146 92 137.5
  endloop
 endfacet
 facet normal -0.57735026918962584 -0.57735026918962584 0.57735026918962584
  outer loop
   vertex 145 92.5 137
   vertex 146 92 137.5
   vertex 145 93 137.5
  endloop
 endfacet
 facet normal 0 -0 1
  outer loop
   vertex 145 93 137.5
   vertex 146 92 137.5
   vertex 146 93 137.5
  endloop
 endfacet
 facet normal 0 0 1
  outer loop
   vertex 147 92 137.5
   vertex 147 93 137.5
   vertex 146 92 137.5
  endloop
 endfacet
 facet normal -0 0 1
  outer loop
   vertex 147 93 137.5
   vertex 146 93 137.5
   vertex 146 92 137.5
  endloop
 endfacet
 facet normal 0.70710678118654746 0 0.70710678118654746
  outer loop
   vertex 147.5 92 137
   vertex 147.5 93 137
   vertex 147 93 137.5
  endloop
 endfacet
 facet normal 0.70710678118654746 0 0.70710678118654746
  outer loop
   vertex 147 92 137.5
   vertex 147.5 92 137
   vertex 147 93 137.5
  endloop
 endfacet
 facet normal -0.57735026918962584 -0.57735026918962584 0.57735026918962584
  outer loop
   vertex 143 93.5 137
   vertex 143 94 137.5
   vertex 142.5 94 137
  endloop
 endfacet
 facet normal 0 -0.70710678118654746 0.70710678118654746
  outer loop
   vertex 143 93.5 137
   vertex 144 93.5 137
   vertex 144 94 137.5
  endloop
 endfacet
 facet normal 0 -0.70710678118654746 0.70710678118654746
  outer loop
   vertex 143 94 137.5
   vertex 143 93.5 137
   vertex 144 94 137.5
  endloop
 endfacet
 facet normal -0.57735026918962584 -0.57735026918962584 0.57735026918962584
  outer loop
   vertex 144 93.5 137
   vertex 144.5 94 138
   vertex 144 94 137.5
  endloop
 endfacet
 facet normal -0.57735026918962584 -0.57735026918962584 0.57735026918962584
  outer loop
   vertex 144.5 93 137
   vertex 144.5 94 138
   vertex 144 93.5 137
  endloop
 endfacet
 facet normal -0.57735026918962584 -0.57735026918962584 0.57735026918962584
  outer loop
   vertex 144.5 93 137
   vertex 145 93.5 138
   vertex 144.5 94 138
  endloop
 endfacet
 facet normal -0.57735026918962584 -0.57735026918962584 0.57735026918962584
  outer loop
   vertex 144.5 93 137
   vertex 145 93 137.5
   vertex 145 93.5 138
  endloop
 endfacet
 facet normal 0 -0.70710678118654746 0.70710678118654746
  outer loop
   vertex 146 93 137.5
   vertex 145 93.5 138
   vertex 145 93 137.5
  endloop
 endfacet
 facet normal 0 -0.70710678118654746 0.70710678118654746
  outer loop
   vertex 146 93.5 138
   vertex 145 93.5 138
   vertex 146 93 137.5
  endloop
 endfacet
 facet normal 0.70710678118654746 0.70710678118654746 -0
  outer loop
   vertex 147 93.5 137
   vertex 146.5 94 137
   vertex 146.5 94 138
  endloop
 endfacet
 facet normal 0.57735026918962573 -0.57735026918962573 0.57735026918962573
  outer loop
   vertex 147 93.5 137
   vertex 146.5 94 138
   vertex 146 93 137.5
  endloop
 endfacet
 facet normal -0 0.70710678118654746 0.70710678118654746
  outer loop
   vertex 147 93.5 137
   vertex 146 93 137.5
   vertex 147 93 137.5
  endloop
 endfacet
 facet normal 0.57735026918962584 -0.57735026918962584 0.57735026918962584
  outer loop
   vertex 146 93 137.5
   vertex 146.5 94 138
   vertex 146 93.5 138
  endloop
 endfacet
 facet normal 0.57735026918962584 0.57735026918962584 0.57735026918962584
  outer loop
   vertex 147.5 93 137
   vertex 147 93.5 137
   vertex 147 93 137.5
  endloop
 endfacet
 facet normal -0.57735026918962584 -0.57735026918962584 0.57735026918962584
  outer loop
   vertex 141 94.5 137
   vertex 141 95 137.5
   vertex 140.5 95 137
  endloop
 endfacet
 facet normal 0.57735026918962584 -0.57735026918962584 0.57735026918962584
  outer loop
   vertex 141 94.5 137
   vertex 141.5 95 137
   vertex 141 95 137.5
  endloop
 endfacet
 facet normal -0.57735026918962584 0.57735026918962584 0.57735026918962584
  outer loop
   vertex 142.5 94 137
   vertex 143 94 137.5
   vertex 143 94.5 137
  endloop
 endfacet
 facet normal -0 0.70710678118654746 0.70710678118654746
  outer loop
   vertex 144 94.5 137
   vertex 143 94.5 137
   vertex 143 94 137.5
  endloop
 endfacet
 facet normal 0 0.70710678118654746 0.70710678118654746
  outer loop
   vertex 144 94 137.5
   vertex 144 94.5 137
   vertex 143 94 137.5
  endloop
 endfacet
 facet normal -0.57735026918962584 0.57735026918962584 0.57735026918962584
  outer loop
   vertex 144 94 137.5
   vertex 144.5 94 138
   vertex 145 94.5 138
  endloop
 endfacet
 facet normal -0.57735026918962584 0.57735026918962584 0.57735026918962584
  outer loop
   vertex 144 94 137.5
   vertex 145 94.5 138
   vertex 144 94.5 137
  endloop
 endfacet
 facet normal 0 1 0
  outer loop
   vertex 144 94.5 137
   vertex 145 94.5 138
   vertex 145 94.5 137
  endloop
 endfacet
 facet normal 0 1 0
  outer loop
   vertex 146 94.5 137
   vertex 145 94.5 137
   vertex 146 94.5 138
  endloop
 endfacet
 facet normal -0 1 0
  outer loop
   vertex 145 94.5 137
   vertex 145 94.5 138
   vertex 146 94.5 138
  endloop
 endfacet
 facet normal 0.70710678118654746 0.70710678118654746 -0
  outer loop
   vertex 146.5 94 138
   vertex 146.5 94 137
   vertex 146 94.5 137
  endloop
 endfacet
 facet normal 0.70710678118654746 0.70710678118654746 0
  outer loop
   vertex 146 94.5 138
   vertex 146.5 94 138
   vertex 146 94.5 137
  endloop
 endfacet
 facet normal -0.57735026918962584 0.57735026918962584 0.57735026918962584
  outer loop
   vertex 140.5 95 137
   vertex 141 95 137.5
   vertex 141 95.5 137
  endloop
 endfacet
 facet normal 0.57735026918962584 0.57735026918962584 0.57735026918962584
  outer loop
   vertex 141.5 95 137
   vertex 141 95.5 137
   vertex 141 95 137.5
  endloop
 endfacet
 facet normal -0.57735026918962584 -0.57735026918962584 -0.57735026918962584
  outer loop
   vertex 144 89 138.5
   vertex 144 88.5 139
   vertex 143.5 89 139
  endloop
 endfacet
 facet normal -0.57735026918962584 -0.57735026918962584 0.57735026918962584
  outer loop
   vertex 145 89 138.5
   vertex 144.5 89 138
   vertex 145 88.5 138
  endloop
 endfacet
 facet normal 0.57735026918962584 -0.57735026918962584 -0.57735026918962584
  outer loop
   vertex 144.5 89 139
   vertex 144 88.5 139
   vertex 144 89 138.5
  endloop
 endfacet
 facet normal 0.57735026918962584 -0.57735026918962584 0.57735026918962584
  outer loop
   vertex 145 88.5 138
   vertex 145.5 89 138
   vertex 145 89 138.5
  endloop
 endfacet
 facet normal -0.57735026918962584 0.57735026918962584 -0.57735026918962584
  outer loop
   vertex 144 89 138.5
   vertex 143.5 89 139
   vertex 144 89.5 139
  endloop
 endfacet
 facet normal -0.57735026918962584 0.57735026918962584 0.57735026918962584
  outer loop
   vertex 145 89.5 138
   vertex 144.5 89 138
   vertex 145 89 138.5
  endloop
 endfacet
 facet normal -0.57735026918962584 -0.57735026918962584 -0.57735026918962584
  outer loop
   vertex 145 89.5 139
   vertex 144.5 90 139
   vertex 145 90 138.5
  endloop
 endfacet
 facet normal 0.57735026918962584 0.57735026918962584 -0.57735026918962584
  outer loop
   vertex 144 89 138.5
   vertex 144 89.5 139
   vertex 144.5 89 139
  endloop
 endfacet
 facet normal 0.57735026918962584 0.57735026918962584 0.57735026918962584
  outer loop
   vertex 145 89.5 138
   vertex 145 89 138.5
   vertex 145.5 89 138
  endloop
 endfacet
 facet normal 0.57735026918962584 -0.57735026918962584 -0.57735026918962584
  outer loop
   vertex 145 90 138.5
   vertex 145.5 90 139
   vertex 145 89.5 139
  endloop
 endfacet
 facet normal -0.70710678118654746 0 -0.70710678118654746
  outer loop
   vertex 145 91 138.5
   vertex 145 90 138.5
   vertex 144.5 90 139
  endloop
 endfacet
 facet normal -0.70710678118654746 0 -0.70710678118654746
  outer loop
   vertex 144.5 91 139
   vertex 145 91 138.5
   vertex 144.5 90 139
  endloop
 endfacet
 facet normal 0.70710678118654746 0 -0.70710678118654746
  outer loop
   vertex 145.5 91 139
   vertex 145.5 90 139
   vertex 145 90 138.5
  endloop
 endfacet
 facet normal 0.70710678118654746 0 -0.70710678118654746
  outer loop
   vertex 145 91 138.5
   vertex 145.5 91 139
   vertex 145 90 138.5
  endloop
 endfacet
 facet normal -0.57735026918962584 -0.57735026918962584 -0.57735026918962584
  outer loop
   vertex 143 92 138.5
   vertex 143 91.5 139
   vertex 142.5 92 139
  endloop
 endfacet
 facet normal 0.57735026918962584 -0.57735026918962584 -0.57735026918962584
  outer loop
   vertex 143 91.5 139
   vertex 143 92 138.5
   vertex 143.5 92 139
  endloop
 endfacet
 facet normal -0.57735026918962584 0.57735026918962584 -0.57735026918962584
  outer loop
   vertex 145 91 138.5
   vertex 144.5 91 139
   vertex 145 91.5 139
  endloop
 endfacet
 facet normal 0.57735026918962584 0.57735026918962584 -0.57735026918962584
  outer loop
   vertex 145.5 91 139
   vertex 145 91 138.5
   vertex 145 91.5 139
  endloop
 endfacet
 facet normal -0.57735026918962584 0.57735026918962584 -0.57735026918962584
  outer loop
   vertex 143 92 138.5
   vertex 142.5 92 139
   vertex 143 92.5 139
  endloop
 endfacet
 facet normal 0.57735026918962584 0.57735026918962584 -0.57735026918962584
  outer loop
   vertex 143.5 92 139
   vertex 143 92 138.5
   vertex 143 92.5 139
  endloop
 endfacet
 facet normal -0.57735026918962584 -0.57735026918962584 0.57735026918962584
  outer loop
   vertex 145 93.5 138
   vertex 145 94 138.5
   vertex 144.5 94 138
  endloop
 endfacet
 facet normal 0 -0.70710678118654746 0.70710678118654746
  outer loop
   vertex 145 93.5 138
   vertex 146 93.5 138
   vertex 146 94 138.5
  endloop
 endfacet
 facet normal 0 -0.70710678118654746 0.70710678118654746
  outer loop
   vertex 145 94 138.5
   vertex 145 93.5 138
   vertex 146 94 138.5
  endloop
 endfacet
 facet normal 0.57735026918962584 -0.57735026918962584 0.57735026918962584
  outer loop
   vertex 146 93.5 138
   vertex 146.5 94 138
   vertex 146 94 138.5
  endloop
 endfacet
 facet normal -0.57735026918962584 0.57735026918962584 0.57735026918962584
  outer loop
   vertex 144.5 94 138
   vertex 145 94 138.5
   vertex 145 94.5 138
  endloop
 endfacet
 facet normal -0 0.70710678118654746 0.70710678118654746
  outer loop
   vertex 146 94.5 138
   vertex 145 94.5 138
   vertex 145 94 138.5
  endloop
 endfacet
 facet normal 0 0.70710678118654746 0.70710678118654746
  outer loop
   vertex 146 94 138.5
   vertex 146 94.5 138
   vertex 145 94 138.5
  endloop
 endfacet
 facet normal 0.57735026918962584 0.57735026918962584 0.57735026918962584
  outer loop
   vertex 146.5 94 138
   vertex 146 94.5 138
   vertex 146 94 138.5
  endloop
 endfacet
 facet normal -0.57735026918962584 -0.57735026918962584 -0.57735026918962584
  outer loop
   vertex 148 82 139.5
   vertex 148 81.5 140
   vertex 147.5 82 140
  endloop
 endfacet
 facet normal 0.57735026918962584 -0.57735026918962584 -0.57735026918962584
  outer loop
   vertex 148 81.5 140
   vertex 148 82 139.5
   vertex 148.5 82 140
  endloop
 endfacet
 facet normal -0.57735026918962584 0.57735026918962584 -0.57735026918962584
  outer loop
   vertex 148 82 139.5
   vertex 147.5 82 140
   vertex 148 82.5 140
  endloop
 endfacet
 facet normal 0.57735026918962584 0.57735026918962584 -0.57735026918962584
  outer loop
   vertex 148.5 82 140
   vertex 148 82 139.5
   vertex 148 82.5 140
  endloop
 endfacet
 facet normal -0.57735026918962584 -0.57735026918962584 0.57735026918962584
  outer loop
   vertex 144 88.5 139
   vertex 144 89 139.5
   vertex 143.5 89 139
  endloop
 endfacet
 facet normal 0.57735026918962584 -0.57735026918962584 0.57735026918962584
  outer loop
   vertex 144 88.5 139
   vertex 144.5 89 139
   vertex 144 89 139.5
  endloop
 endfacet
 facet normal -0.57735026918962584 0.57735026918962584 0.57735026918962584
  outer loop
   vertex 143.5 89 139
   vertex 144 89 139.5
   vertex 144 89.5 139
  endloop
 endfacet
 facet normal 0.57735026918962584 0.57735026918962584 0.57735026918962584
  outer loop
   vertex 144.5 89 139
   vertex 144 89.5 139
   vertex 144 89 139.5
  endloop
 endfacet
 facet normal -0.57735026918962584 -0.57735026918962584 0.57735026918962584
  outer loop
   vertex 145 89.5 139
   vertex 145 90 139.5
   vertex 144.5 90 139
  endloop
 endfacet
 facet normal 0.57735026918962584 -0.57735026918962584 0.57735026918962584
  outer loop
   vertex 145 89.5 139
   vertex 145.5 90 139
   vertex 145 90 139.5
  endloop
 endfacet
 facet normal -0.70710678118654746 0 0.70710678118654746
  outer loop
   vertex 145 90 139.5
   vertex 145 91 139.5
   vertex 144.5 91 139
  endloop
 endfacet
 facet normal -0.70710678118654746 0 0.70710678118654746
  outer loop
   vertex 144.5 90 139
   vertex 145 90 139.5
   vertex 144.5 91 139
  endloop
 endfacet
 facet normal 0.70710678118654746 0 0.70710678118654746
  outer loop
   vertex 145.5 90 139
   vertex 145.5 91 139
   vertex 145 91 139.5
  endloop
 endfacet
 facet normal 0.70710678118654746 0 0.70710678118654746
  outer loop
   vertex 145 90 139.5
   vertex 145.5 90 139
   vertex 145 91 139.5
  endloop
 endfacet
 facet normal -0.57735026918962584 -0.57735026918962584 0.57735026918962584
  outer loop
   vertex 143 91.5 139
   vertex 143 92 139.5
   vertex 142.5 92 139
  endloop
 endfacet
 facet normal 0.57735026918962584 -0.57735026918962584 0.57735026918962584
  outer loop
   vertex 143 91.5 139
   vertex 143.5 92 139
   vertex 143 92 139.5
  endloop
 endfacet
 facet normal -0.57735026918962584 0.57735026918962584 0.57735026918962584
  outer loop
   vertex 144.5 91 139
   vertex 145 91 139.5
   vertex 145 91.5 139
  endloop
 endfacet
 facet normal 0.57735026918962584 0.57735026918962584 0.57735026918962584
  outer loop
   vertex 145.5 91 139
   vertex 145 91.5 139
   vertex 145 91 139.5
  endloop
 endfacet
 facet normal -0.57735026918962584 0.57735026918962584 0.57735026918962584
  outer loop
   vertex 142.5 92 139
   vertex 143 92 139.5
   vertex 143 92.5 139
  endloop
 endfacet
 facet normal 0.57735026918962584 0.57735026918962584 0.57735026918962584
  outer loop
   vertex 143.5 92 139
   vertex 143 92.5 139
   vertex 143 92 139.5
  endloop
 endfacet
 facet normal -0.57735026918962584 -0.57735026918962584 0.57735026918962584
  outer loop
   vertex 148 81.5 140
   vertex 148 82 140.5
   vertex 147.5 82 140
  endloop
 endfacet
 facet normal 0.57735026918962584 -0.57735026918962584 0.57735026918962584
  outer loop
   vertex 148 81.5 140
   vertex 148.5 82 140
   vertex 148 82 140.5
  endloop
 endfacet
 facet normal -0.57735026918962584 0.57735026918962584 0.57735026918962584
  outer loop
   vertex 147.5 82 140
   vertex 148 82 140.5
   vertex 148 82.5 140
  endloop
 endfacet
 facet normal 0.57735026918962584 0.57735026918962584 0.57735026918962584
  outer loop
   vertex 148.5 82 140
   vertex 148 82.5 140
   vertex 148 82 140.5
  endloop
 endfacet
 facet normal -0.57735026918962584 -0.57735026918962584 -0.57735026918962584
  outer loop
   vertex 146 85 140.5
   vertex 146 84.5 141
   vertex 145.5 85 141
  endloop
 endfacet
 facet normal 0.57735026918962584 -0.57735026918962584 -0.57735026918962584
  outer loop
   vertex 146 84.5 141
   vertex 146 85 140.5
   vertex 146.5 85 141
  endloop
 endfacet
 facet normal -0.57735026918962584 0.57735026918962584 -0.57735026918962584
  outer loop
   vertex 146 85 140.5
   vertex 145.5 85 141
   vertex 146 85.5 141
  endloop
 endfacet
 facet normal 0.57735026918962584 0.57735026918962584 -0.57735026918962584
  outer loop
   vertex 146.5 85 141
   vertex 146 85 140.5
   vertex 146 85.5 141
  endloop
 endfacet
 facet normal -0.57735026918962584 -0.57735026918962584 -0.57735026918962584
  outer loop
   vertex 143 87 140.5
   vertex 143 86.5 141
   vertex 142.5 87 141
  endloop
 endfacet
 facet normal 0.57735026918962584 -0.57735026918962584 -0.57735026918962584
  outer loop
   vertex 143 86.5 141
   vertex 143 87 140.5
   vertex 143.5 87 141
  endloop
 endfacet
 facet normal -0.57735026918962584 0.57735026918962584 -0.57735026918962584
  outer loop
   vertex 143 87 140.5
   vertex 142.5 87 141
   vertex 143 87.5 141
  endloop
 endfacet
 facet normal 0.57735026918962584 0.57735026918962584 -0.57735026918962584
  outer loop
   vertex 143.5 87 141
   vertex 143 87 140.5
   vertex 143 87.5 141
  endloop
 endfacet
 facet normal -0.57735026918962584 -0.57735026918962584 0.57735026918962584
  outer loop
   vertex 146 84.5 141
   vertex 146 85 141.5
   vertex 145.5 85 141
  endloop
 endfacet
 facet normal 0.57735026918962584 -0.57735026918962584 0.57735026918962584
  outer loop
   vertex 146 84.5 141
   vertex 146.5 85 141
   vertex 146 85 141.5
  endloop
 endfacet
 facet normal -0.57735026918962584 0.57735026918962584 0.57735026918962584
  outer loop
   vertex 145.5 85 141
   vertex 146 85 141.5
   vertex 146 85.5 141
  endloop
 endfacet
 facet normal 0.57735026918962584 0.57735026918962584 0.57735026918962584
  outer loop
   vertex 146.5 85 141
   vertex 146 85.5 141
   vertex 146 85 141.5
  endloop
 endfacet
 facet normal -0.57735026918962584 -0.57735026918962584 0.57735026918962584
  outer loop
   vertex 143 86.5 141
   vertex 143 87 141.5
   vertex 142.5 87 141
  endloop
 endfacet
 facet normal 0.57735026918962584 -0.57735026918962584 0.57735026918962584
  outer loop
   vertex 143 86.5 141
   vertex 143.5 87 141
   vertex 143 87 141.5
  endloop
 endfacet
 facet normal -0.57735026918962584 0.57735026918962584 0.57735026918962584
  outer loop
   vertex 142.5 87 141
   vertex 143 87 141.5
   vertex 143 87.5 141
  endloop
 endfacet
 facet normal 0.57735026918962584 0.57735026918962584 0.57735026918962584
  outer loop
   vertex 143.5 87 141
   vertex 143 87.5 141
   vertex 143 87 141.5
  endloop
 endfacet
 facet normal -0.57735026918962584 -0.57735026918962584 -0.57735026918962584
  outer loop
   vertex 153 77 145.5
   vertex 153 76.5 146
   vertex 152.5 77 146
  endloop
 endfacet
 facet normal 0.57735026918962584 -0.57735026918962584 -0.57735026918962584
  outer loop
   vertex 153 76.5 146
   vertex 153 77 145.5
   vertex 153.5 77 146
  endloop
 endfacet
 facet normal -0.57735026918962584 0.57735026918962584 -0.57735026918962584
  outer loop
   vertex 153 77 145.5
   vertex 152.5 77 146
   vertex 153 77.5 146
  endloop
 endfacet
 facet normal 0.57735026918962584 0.57735026918962584 -0.57735026918962584
  outer loop
   vertex 153.5 77 146
   vertex 153 77 145.5
   vertex 153 77.5 146
  endloop
 endfacet
 facet normal -0.57735026918962584 -0.57735026918962584 0.57735026918962584
  outer loop
   vertex 153 76.5 146
   vertex 153 77 146.5
   vertex 152.5 77 146
  endloop
 endfacet
 facet normal 0.57735026918962584 -0.57735026918962584 0.57735026918962584
  outer loop
   vertex 153 76.5 146
   vertex 153.5 77 146
   vertex 153 77 146.5
  endloop
 endfacet
 facet normal -0.57735026918962584 0.57735026918962584 0.57735026918962584
  outer loop
   vertex 152.5 77 146
   vertex 153 77 146.5
   vertex 153 77.5 146
  endloop
 endfacet
 facet normal 0.57735026918962584 0.57735026918962584 0.57735026918962584
  outer loop
   vertex 153.5 77 146
   vertex 153 77.5 146
   vertex 153 77 146.5
  endloop
 endfacet
 facet normal -0.57735026918962584 -0.57735026918962584 -0.57735026918962584
  outer loop
   vertex 144 143 154.5
   vertex 144 142.5 155
   vertex 143.5 143 155
  endloop
 endfacet
 facet normal 0.57735026918962584 -0.57735026918962584 -0.57735026918962584
  outer loop
   vertex 144 142.5 155
   vertex 144 143 154.5
   vertex 144.5 143 155
  endloop
 endfacet
 facet normal -0.57735026918962584 0.57735026918962584 -0.57735026918962584
  outer loop
   vertex 144 143 154.5
   vertex 143.5 143 155
   vertex 144 143.5 155
  endloop
 endfacet
 facet normal 0.57735026918962584 0.57735026918962584 -0.57735026918962584
  outer loop
   vertex 144.5 143 155
   vertex 144 143 154.5
   vertex 144 143.5 155
  endloop
 endfacet
 facet normal -0.70710678118654746 -0.70710678118654746 -0
  outer loop
   vertex 144 142.5 155
   vertex 144 142.5 156
   vertex 143.5 143 156
  endloop
 endfacet
 facet normal -0.70710678118654746 -0.70710678118654746 0
  outer loop
   vertex 143.5 143 155
   vertex 144 142.5 155
   vertex 143.5 143 156
  endloop
 endfacet
 facet normal 0.70710678118654746 -0.70710678118654746 0
  outer loop
   vertex 144 142.5 156
   vertex 144 142.5 155
   vertex 144.5 143 155
  endloop
 endfacet
 facet normal 0.70710678118654746 -0.70710678118654746 0
  outer loop
   vertex 144.5 143 156
   vertex 144 142.5 156
   vertex 144.5 143 155
  endloop
 endfacet
 facet normal -0.70710678118654746 0.70710678118654746 0
  outer loop
   vertex 143.5 143 155
   vertex 143.5 143 156
   vertex 144 143.5 156
  endloop
 endfacet
 facet normal -0.70710678118654746 0.70710678118654746 0
  outer loop
   vertex 144 143.5 155
   vertex 143.5 143 155
   vertex 144 143.5 156
  endloop
 endfacet
 facet normal 0.70710678118654746 0.70710678118654746 -0
  outer loop
   vertex 144.5 143 156
   vertex 144.5 143 155
   vertex 144 143.5 155
  endloop
 endfacet
 facet normal 0.70710678118654746 0.70710678118654746 0
  outer loop
   vertex 144 143.5 156
   vertex 144.5 143 156
   vertex 144 143.5 155
  endloop
 endfacet
 facet normal -0.57735026918962584 -0.57735026918962584 0.57735026918962584
  outer loop
   vertex 144 142.5 156
   vertex 144 143 156.5
   vertex 143.5 143 156
  endloop
 endfacet
 facet normal 0.57735026918962584 -0.57735026918962584 0.57735026918962584
  outer loop
   vertex 144 142.5 156
   vertex 144.5 143 156
   vertex 144 143 156.5
  endloop
 endfacet
 facet normal -0.57735026918962584 0.57735026918962584 0.57735026918962584
  outer loop
   vertex 143.5 143 156
   vertex 144 143 156.5
   vertex 144 143.5 156
  endloop
 endfacet
 facet normal 0.57735026918962584 0.57735026918962584 0.57735026918962584
  outer loop
   vertex 144.5 143 156
   vertex 144 143.5 156
   vertex 144 143 156.5
  endloop
 endfacet
endsolid
