solid Visualization Toolkit generated SLA File
 facet normal -0.57735026918962584 -0.57735026918962584 -0.57735026918962584
  outer loop
   vertex 176 94 262.5
   vertex 176 93.5 263
   vertex 175.5 94 263
  endloop
 endfacet
 facet normal 0.57735026918962584 -0.57735026918962584 -0.57735026918962584
  outer loop
   vertex 176 93.5 263
   vertex 176 94 262.5
   vertex 176.5 94 263
  endloop
 endfacet
 facet normal -0.70710678118654746 0 -0.70710678118654746
  outer loop
   vertex 176 95 262.5
   vertex 176 94 262.5
   vertex 175.5 94 263
  endloop
 endfacet
 facet normal -0.70710678118654746 0 -0.70710678118654746
  outer loop
   vertex 175.5 95 263
   vertex 176 95 262.5
   vertex 175.5 94 263
  endloop
 endfacet
 facet normal 0.57735026918962584 -0.57735026918962584 -0.57735026918962584
  outer loop
   vertex 177 94.5 263
   vertex 176.5 94 263
   vertex 176 94 262.5
  endloop
 endfacet
 facet normal 0.57735026918962584 -0.57735026918962584 -0.57735026918962584
  outer loop
   vertex 177 94.5 263
   vertex 176 94 262.5
   vertex 177 95 262.5
  endloop
 endfacet
 facet normal 0 0 -1
  outer loop
   vertex 177 95 262.5
   vertex 176 94 262.5
   vertex 176 95 262.5
  endloop
 endfacet
 facet normal 0.57735026918962584 -0.57735026918962584 -0.57735026918962584
  outer loop
   vertex 177 94.5 263
   vertex 177 95 262.5
   vertex 177.5 95 263
  endloop
 endfacet
 facet normal -0.70710678118654746 0 -0.70710678118654746
  outer loop
   vertex 176 96 262.5
   vertex 176 95 262.5
   vertex 175.5 95 263
  endloop
 endfacet
 facet normal -0.70710678118654746 0 -0.70710678118654746
  outer loop
   vertex 175.5 96 263
   vertex 176 96 262.5
   vertex 175.5 95 263
  endloop
 endfacet
 facet normal 0 0 -1
  outer loop
   vertex 177 95 262.5
   vertex 176 95 262.5
   vertex 177 96 262.5
  endloop
 endfacet
 facet normal 0 0 -1
  outer loop
   vertex 177 96 262.5
   vertex 176 95 262.5
   vertex 176 96 262.5
  endloop
 endfacet
 facet normal 0.57735026918962584 -0.57735026918962584 -0.57735026918962584
  outer loop
   vertex 178 95.5 263
   vertex 177.5 95 263
   vertex 177 95 262.5
  endloop
 endfacet
 facet normal 0.57735026918962584 -0.57735026918962584 -0.57735026918962584
  outer loop
   vertex 178 95.5 263
   vertex 177 95 262.5
   vertex 178 96 262.5
  endloop
 endfacet
 facet normal 0 0 -1
  outer loop
   vertex 178 96 262.5
   vertex 177 95 262.5
   vertex 177 96 262.5
  endloop
 endfacet
 facet normal 0.57735026918962584 -0.57735026918962584 -0.57735026918962584
  outer loop
   vertex 178 95.5 263
   vertex 178 96 262.5
   vertex 178.5 96 263
  endloop
 endfacet
 facet normal -0.70710678118654746 0 -0.70710678118654746
  outer loop
   vertex 176 97 262.5
   vertex 176 96 262.5
   vertex 175.5 96 263
  endloop
 endfacet
 facet normal -0.70710678118654746 0 -0.70710678118654746
  outer loop
   vertex 175.5 97 263
   vertex 176 97 262.5
   vertex 175.5 96 263
  endloop
 endfacet
 facet normal 0 0 -1
  outer loop
   vertex 177 96 262.5
   vertex 176 96 262.5
   vertex 177 97 262.5
  endloop
 endfacet
 facet normal 0 0 -1
  outer loop
   vertex 177 97 262.5
   vertex 176 96 262.5
   vertex 176 97 262.5
  endloop
 endfacet
 facet normal 0.57735026918962584 0.57735026918962584 -0.57735026918962584
  outer loop
   vertex 177.5 97 263
   vertex 178 96.5 263
   vertex 178 96 262.5
  endloop
 endfacet
 facet normal 0.57735026918962584 0.57735026918962584 -0.57735026918962584
  outer loop
   vertex 177.5 97 263
   vertex 178 96 262.5
   vertex 177 97 262.5
  endloop
 endfacet
 facet normal 0 0 -1
  outer loop
   vertex 177 97 262.5
   vertex 178 96 262.5
   vertex 177 96 262.5
  endloop
 endfacet
 facet normal 0.57735026918962584 0.57735026918962584 -0.57735026918962584
  outer loop
   vertex 178.5 96 263
   vertex 178 96 262.5
   vertex 178 96.5 263
  endloop
 endfacet
 facet normal -0.70710678118654746 0 -0.70710678118654746
  outer loop
   vertex 176 98 262.5
   vertex 176 97 262.5
   vertex 175.5 97 263
  endloop
 endfacet
 facet normal -0.70710678118654746 0 -0.70710678118654746
  outer loop
   vertex 175.5 98 263
   vertex 176 98 262.5
   vertex 175.5 97 263
  endloop
 endfacet
 facet normal 0 0 -1
  outer loop
   vertex 177 97 262.5
   vertex 176 97 262.5
   vertex 177 98 262.5
  endloop
 endfacet
 facet normal 0 0 -1
  outer loop
   vertex 177 98 262.5
   vertex 176 97 262.5
   vertex 176 98 262.5
  endloop
 endfacet
 facet normal 0.70710678118654746 0 -0.70710678118654746
  outer loop
   vertex 177.5 98 263
   vertex 177.5 97 263
   vertex 177 97 262.5
  endloop
 endfacet
 facet normal 0.70710678118654746 0 -0.70710678118654746
  outer loop
   vertex 177 98 262.5
   vertex 177.5 98 263
   vertex 177 97 262.5
  endloop
 endfacet
 facet normal -0.70710678118654746 0 -0.70710678118654746
  outer loop
   vertex 176 99 262.5
   vertex 176 98 262.5
   vertex 175.5 98 263
  endloop
 endfacet
 facet normal -0.70710678118654746 0 -0.70710678118654746
  outer loop
   vertex 175.5 99 263
   vertex 176 99 262.5
   vertex 175.5 98 263
  endloop
 endfacet
 facet normal 0.57735026918962584 0.57735026918962584 -0.57735026918962584
  outer loop
   vertex 176.5 99 263
   vertex 177 98.5 263
   vertex 177 98 262.5
  endloop
 endfacet
 facet normal 0.57735026918962584 0.57735026918962584 -0.57735026918962584
  outer loop
   vertex 176.5 99 263
   vertex 177 98 262.5
   vertex 176 99 262.5
  endloop
 endfacet
 facet normal 0 0 -1
  outer loop
   vertex 176 99 262.5
   vertex 177 98 262.5
   vertex 176 98 262.5
  endloop
 endfacet
 facet normal 0.57735026918962584 0.57735026918962584 -0.57735026918962584
  outer loop
   vertex 177.5 98 263
   vertex 177 98 262.5
   vertex 177 98.5 263
  endloop
 endfacet
 facet normal -0.57735026918962584 0.57735026918962584 -0.57735026918962584
  outer loop
   vertex 176 99 262.5
   vertex 175.5 99 263
   vertex 176 99.5 263
  endloop
 endfacet
 facet normal 0.57735026918962584 0.57735026918962584 -0.57735026918962584
  outer loop
   vertex 176.5 99 263
   vertex 176 99 262.5
   vertex 176 99.5 263
  endloop
 endfacet
 facet normal -0.57735026918962584 -0.57735026918962584 -0.57735026918962584
  outer loop
   vertex 175 92 263.5
   vertex 175 91.5 264
   vertex 174.5 92 264
  endloop
 endfacet
 facet normal -0 -0.70710678118654746 -0.70710678118654746
  outer loop
   vertex 175 92 263.5
   vertex 176 92 263.5
   vertex 176 91.5 264
  endloop
 endfacet
 facet normal 0 -0.70710678118654746 -0.70710678118654746
  outer loop
   vertex 175 91.5 264
   vertex 175 92 263.5
   vertex 176 91.5 264
  endloop
 endfacet
 facet normal 0.57735026918962584 -0.57735026918962584 -0.57735026918962584
  outer loop
   vertex 176 91.5 264
   vertex 176 92 263.5
   vertex 176.5 92 264
  endloop
 endfacet
 facet normal -0.70710678118654746 0 -0.70710678118654746
  outer loop
   vertex 175 93 263.5
   vertex 175 92 263.5
   vertex 174.5 92 264
  endloop
 endfacet
 facet normal -0.70710678118654746 0 -0.70710678118654746
  outer loop
   vertex 174.5 93 264
   vertex 175 93 263.5
   vertex 174.5 92 264
  endloop
 endfacet
 facet normal 0 0 -1
  outer loop
   vertex 176 92 263.5
   vertex 175 92 263.5
   vertex 176 93 263.5
  endloop
 endfacet
 facet normal 0 0 -1
  outer loop
   vertex 176 93 263.5
   vertex 175 92 263.5
   vertex 175 93 263.5
  endloop
 endfacet
 facet normal 0.57735026918962584 -0.57735026918962584 -0.57735026918962584
  outer loop
   vertex 177 92.5 264
   vertex 176.5 92 264
   vertex 176 92 263.5
  endloop
 endfacet
 facet normal 0.57735026918962584 -0.57735026918962584 -0.57735026918962584
  outer loop
   vertex 177 92.5 264
   vertex 176 92 263.5
   vertex 177 93 263.5
  endloop
 endfacet
 facet normal 0 0 -1
  outer loop
   vertex 177 93 263.5
   vertex 176 92 263.5
   vertex 176 93 263.5
  endloop
 endfacet
 facet normal 0.57735026918962584 -0.57735026918962584 -0.57735026918962584
  outer loop
   vertex 177 92.5 264
   vertex 177 93 263.5
   vertex 177.5 93 264
  endloop
 endfacet
 facet normal -0.70710678118654746 0 -0.70710678118654746
  outer loop
   vertex 175 94 263.5
   vertex 175 93 263.5
   vertex 174.5 93 264
  endloop
 endfacet
 facet normal -0.70710678118654746 0 -0.70710678118654746
  outer loop
   vertex 174.5 94 264
   vertex 175 94 263.5
   vertex 174.5 93 264
  endloop
 endfacet
 facet normal -0.57735026918962584 -0.57735026918962584 -0.57735026918962584
  outer loop
   vertex 176 93.5 263
   vertex 175 94 263.5
   vertex 175.5 94 263
  endloop
 endfacet
 facet normal -0.57735026918962584 -0.57735026918962584 -0.57735026918962584
  outer loop
   vertex 176 93.5 263
   vertex 176 93 263.5
   vertex 175 94 263.5
  endloop
 endfacet
 facet normal 0 0 -1
  outer loop
   vertex 176 93 263.5
   vertex 175 93 263.5
   vertex 175 94 263.5
  endloop
 endfacet
 facet normal 0.57735026918962584 -0.57735026918962584 -0.57735026918962584
  outer loop
   vertex 176.5 94 263
   vertex 176 93 263.5
   vertex 176 93.5 263
  endloop
 endfacet
 facet normal 0.57735026918962584 -0.57735026918962584 -0.57735026918962584
  outer loop
   vertex 176.5 94 263
   vertex 177 94 263.5
   vertex 176 93 263.5
  endloop
 endfacet
 facet normal 0 0 -1
  outer loop
   vertex 177 94 263.5
   vertex 177 93 263.5
   vertex 176 93 263.5
  endloop
 endfacet
 facet normal 0.57735026918962584 -0.57735026918962584 -0.57735026918962584
  outer loop
   vertex 178 93.5 264
   vertex 177.5 93 264
   vertex 177 93 263.5
  endloop
 endfacet
 facet normal 0.57735026918962584 -0.57735026918962584 -0.57735026918962584
  outer loop
   vertex 178 93.5 264
   vertex 177 93 263.5
   vertex 178 94 263.5
  endloop
 endfacet
 facet normal 0 0 -1
  outer loop
   vertex 178 94 263.5
   vertex 177 93 263.5
   vertex 177 94 263.5
  endloop
 endfacet
 facet normal 0.57735026918962584 -0.57735026918962584 -0.57735026918962584
  outer loop
   vertex 178 93.5 264
   vertex 178 94 263.5
   vertex 178.5 94 264
  endloop
 endfacet
 facet normal -0.70710678118654746 0 -0.70710678118654746
  outer loop
   vertex 175 95 263.5
   vertex 175 94 263.5
   vertex 174.5 94 264
  endloop
 endfacet
 facet normal -0.70710678118654746 0 -0.70710678118654746
  outer loop
   vertex 174.5 95 264
   vertex 175 95 263.5
   vertex 174.5 94 264
  endloop
 endfacet
 facet normal -0.70710678118654746 0 -0.70710678118654746
  outer loop
   vertex 175.5 94 263
   vertex 175 95 263.5
   vertex 175.5 95 263
  endloop
 endfacet
 facet normal -0.70710678118654746 -0 -0.70710678118654746
  outer loop
   vertex 175 94 263.5
   vertex 175 95 263.5
   vertex 175.5 94 263
  endloop
 endfacet
 facet normal 0.57735026918962584 -0.57735026918962584 -0.57735026918962584
  outer loop
   vertex 176.5 94 263
   vertex 177 94.5 263
   vertex 177 94 263.5
  endloop
 endfacet
 facet normal 0.57735026918962584 -0.57735026918962584 -0.57735026918962584
  outer loop
   vertex 177.5 95 263
   vertex 177 94 263.5
   vertex 177 94.5 263
  endloop
 endfacet
 facet normal 0.57735026918962584 -0.57735026918962584 -0.57735026918962584
  outer loop
   vertex 177.5 95 263
   vertex 178 95 263.5
   vertex 177 94 263.5
  endloop
 endfacet
 facet normal 0 0 -1
  outer loop
   vertex 178 95 263.5
   vertex 178 94 263.5
   vertex 177 94 263.5
  endloop
 endfacet
 facet normal 0.57735026918962584 -0.57735026918962584 -0.57735026918962584
  outer loop
   vertex 179 94.5 264
   vertex 178.5 94 264
   vertex 178 94 263.5
  endloop
 endfacet
 facet normal 0.57735026918962584 -0.57735026918962584 -0.57735026918962584
  outer loop
   vertex 179 94.5 264
   vertex 178 94 263.5
   vertex 179 95 263.5
  endloop
 endfacet
 facet normal 0 0 -1
  outer loop
   vertex 179 95 263.5
   vertex 178 94 263.5
   vertex 178 95 263.5
  endloop
 endfacet
 facet normal 0.57735026918962584 -0.57735026918962584 -0.57735026918962584
  outer loop
   vertex 179 94.5 264
   vertex 179 95 263.5
   vertex 179.5 95 264
  endloop
 endfacet
 facet normal -0.70710678118654746 0 -0.70710678118654746
  outer loop
   vertex 175 96 263.5
   vertex 175 95 263.5
   vertex 174.5 95 264
  endloop
 endfacet
 facet normal -0.70710678118654746 0 -0.70710678118654746
  outer loop
   vertex 174.5 96 264
   vertex 175 96 263.5
   vertex 174.5 95 264
  endloop
 endfacet
 facet normal -0.70710678118654746 0 -0.70710678118654746
  outer loop
   vertex 175.5 95 263
   vertex 175 96 263.5
   vertex 175.5 96 263
  endloop
 endfacet
 facet normal -0.70710678118654746 -0 -0.70710678118654746
  outer loop
   vertex 175 95 263.5
   vertex 175 96 263.5
   vertex 175.5 95 263
  endloop
 endfacet
 facet normal 0.57735026918962584 -0.57735026918962584 -0.57735026918962584
  outer loop
   vertex 177.5 95 263
   vertex 178 95.5 263
   vertex 178 95 263.5
  endloop
 endfacet
 facet normal 0.57735026918962584 -0.57735026918962584 -0.57735026918962584
  outer loop
   vertex 178.5 96 263
   vertex 178 95 263.5
   vertex 178 95.5 263
  endloop
 endfacet
 facet normal 0.57735026918962584 -0.57735026918962584 -0.57735026918962584
  outer loop
   vertex 178.5 96 263
   vertex 179 96 263.5
   vertex 178 95 263.5
  endloop
 endfacet
 facet normal 0 0 -1
  outer loop
   vertex 179 96 263.5
   vertex 179 95 263.5
   vertex 178 95 263.5
  endloop
 endfacet
 facet normal 0.70710678118654746 0 -0.70710678118654746
  outer loop
   vertex 179.5 96 264
   vertex 179.5 95 264
   vertex 179 95 263.5
  endloop
 endfacet
 facet normal 0.70710678118654746 0 -0.70710678118654746
  outer loop
   vertex 179 96 263.5
   vertex 179.5 96 264
   vertex 179 95 263.5
  endloop
 endfacet
 facet normal -0.70710678118654746 0 -0.70710678118654746
  outer loop
   vertex 175 97 263.5
   vertex 175 96 263.5
   vertex 174.5 96 264
  endloop
 endfacet
 facet normal -0.70710678118654746 0 -0.70710678118654746
  outer loop
   vertex 174.5 97 264
   vertex 175 97 263.5
   vertex 174.5 96 264
  endloop
 endfacet
 facet normal -0.70710678118654746 0 -0.70710678118654746
  outer loop
   vertex 175.5 96 263
   vertex 175 97 263.5
   vertex 175.5 97 263
  endloop
 endfacet
 facet normal -0.70710678118654746 -0 -0.70710678118654746
  outer loop
   vertex 175 96 263.5
   vertex 175 97 263.5
   vertex 175.5 96 263
  endloop
 endfacet
 facet normal 0.57735026918962584 0.57735026918962584 -0.57735026918962584
  outer loop
   vertex 178 96.5 263
   vertex 177.5 97 263
   vertex 178 97 263.5
  endloop
 endfacet
 facet normal 0.57735026918962584 0.57735026918962584 -0.57735026918962584
  outer loop
   vertex 178 96.5 263
   vertex 178 97 263.5
   vertex 178.5 97 264
  endloop
 endfacet
 facet normal 0.57735026918962584 0.57735026918962584 -0.57735026918962584
  outer loop
   vertex 178.5 96 263
   vertex 178 96.5 263
   vertex 178.5 97 264
  endloop
 endfacet
 facet normal 0.57735026918962584 0.57735026918962584 -0.57735026918962584
  outer loop
   vertex 178.5 96 263
   vertex 178.5 97 264
   vertex 179 96.5 264
  endloop
 endfacet
 facet normal 0.57735026918962584 0.57735026918962584 -0.57735026918962584
  outer loop
   vertex 178.5 96 263
   vertex 179 96.5 264
   vertex 179 96 263.5
  endloop
 endfacet
 facet normal 0.57735026918962584 0.57735026918962584 -0.57735026918962584
  outer loop
   vertex 179.5 96 264
   vertex 179 96 263.5
   vertex 179 96.5 264
  endloop
 endfacet
 facet normal -0.70710678118654746 0 -0.70710678118654746
  outer loop
   vertex 175 98 263.5
   vertex 175 97 263.5
   vertex 174.5 97 264
  endloop
 endfacet
 facet normal -0.70710678118654746 0 -0.70710678118654746
  outer loop
   vertex 174.5 98 264
   vertex 175 98 263.5
   vertex 174.5 97 264
  endloop
 endfacet
 facet normal -0.70710678118654746 0 -0.70710678118654746
  outer loop
   vertex 175.5 97 263
   vertex 175 98 263.5
   vertex 175.5 98 263
  endloop
 endfacet
 facet normal -0.70710678118654746 -0 -0.70710678118654746
  outer loop
   vertex 175 97 263.5
   vertex 175 98 263.5
   vertex 175.5 97 263
  endloop
 endfacet
 facet normal 0.70710678118654746 0 -0.70710678118654746
  outer loop
   vertex 178 97 263.5
   vertex 177.5 98 263
   vertex 178 98 263.5
  endloop
 endfacet
 facet normal 0.70710678118654746 0 -0.70710678118654746
  outer loop
   vertex 177.5 97 263
   vertex 177.5 98 263
   vertex 178 97 263.5
  endloop
 endfacet
 facet normal 0.70710678118654746 0 -0.70710678118654746
  outer loop
   vertex 178.5 98 264
   vertex 178.5 97 264
   vertex 178 97 263.5
  endloop
 endfacet
 facet normal 0.70710678118654746 0 -0.70710678118654746
  outer loop
   vertex 178 98 263.5
   vertex 178.5 98 264
   vertex 178 97 263.5
  endloop
 endfacet
 facet normal -0.70710678118654746 0 -0.70710678118654746
  outer loop
   vertex 175 99 263.5
   vertex 175 98 263.5
   vertex 174.5 98 264
  endloop
 endfacet
 facet normal -0.70710678118654746 0 -0.70710678118654746
  outer loop
   vertex 174.5 99 264
   vertex 175 99 263.5
   vertex 174.5 98 264
  endloop
 endfacet
 facet normal -0.70710678118654746 0 -0.70710678118654746
  outer loop
   vertex 175.5 98 263
   vertex 175 99 263.5
   vertex 175.5 99 263
  endloop
 endfacet
 facet normal -0.70710678118654746 -0 -0.70710678118654746
  outer loop
   vertex 175 98 263.5
   vertex 175 99 263.5
   vertex 175.5 98 263
  endloop
 endfacet
 facet normal 0.57735026918962584 0.57735026918962584 -0.57735026918962584
  outer loop
   vertex 177 98.5 263
   vertex 176.5 99 263
   vertex 177 99 263.5
  endloop
 endfacet
 facet normal 0.57735026918962584 0.57735026918962584 -0.57735026918962584
  outer loop
   vertex 177 98.5 263
   vertex 177 99 263.5
   vertex 177.5 99 264
  endloop
 endfacet
 facet normal 0.57735026918962584 0.57735026918962584 -0.57735026918962584
  outer loop
   vertex 177.5 98 263
   vertex 177 98.5 263
   vertex 177.5 99 264
  endloop
 endfacet
 facet normal 0.57735026918962584 0.57735026918962584 -0.57735026918962584
  outer loop
   vertex 177.5 98 263
   vertex 177.5 99 264
   vertex 178 98.5 264
  endloop
 endfacet
 facet normal 0.57735026918962584 0.57735026918962584 -0.57735026918962584
  outer loop
   vertex 177.5 98 263
   vertex 178 98.5 264
   vertex 178 98 263.5
  endloop
 endfacet
 facet normal 0.57735026918962584 0.57735026918962584 -0.57735026918962584
  outer loop
   vertex 178.5 98 264
   vertex 178 98 263.5
   vertex 178 98.5 264
  endloop
 endfacet
 facet normal -0.57735026918962584 -0.57735026918962584 -0.57735026918962584
  outer loop
   vertex 174 100 263.5
   vertex 174 99.5 264
   vertex 173.5 100 264
  endloop
 endfacet
 facet normal -0.57735026918962584 -0.57735026918962584 -0.57735026918962584
  outer loop
   vertex 174.5 99 264
   vertex 174 99.5 264
   vertex 174 100 263.5
  endloop
 endfacet
 facet normal -0.57735026918962584 -0.57735026918962584 -0.57735026918962584
  outer loop
   vertex 174.5 99 264
   vertex 174 100 263.5
   vertex 175 99 263.5
  endloop
 endfacet
 facet normal 0 0 -1
  outer loop
   vertex 175 99 263.5
   vertex 174 100 263.5
   vertex 175 100 263.5
  endloop
 endfacet
 facet normal -0.57735026918962584 0.57735026918962584 -0.57735026918962584
  outer loop
   vertex 175.5 99 263
   vertex 176 100 263.5
   vertex 176 99.5 263
  endloop
 endfacet
 facet normal -0.57735026918962584 0.57735026918962584 -0.57735026918962584
  outer loop
   vertex 175.5 99 263
   vertex 175 99 263.5
   vertex 176 100 263.5
  endloop
 endfacet
 facet normal 0 0 -1
  outer loop
   vertex 175 99 263.5
   vertex 175 100 263.5
   vertex 176 100 263.5
  endloop
 endfacet
 facet normal 0.57735026918962584 0.57735026918962584 -0.57735026918962584
  outer loop
   vertex 176 99.5 263
   vertex 177 99 263.5
   vertex 176.5 99 263
  endloop
 endfacet
 facet normal 0.57735026918962584 0.57735026918962584 -0.57735026918962584
  outer loop
   vertex 176 99.5 263
   vertex 176 100 263.5
   vertex 177 99 263.5
  endloop
 endfacet
 facet normal -0 -0 -1
  outer loop
   vertex 176 100 263.5
   vertex 177 100 263.5
   vertex 177 99 263.5
  endloop
 endfacet
 facet normal 0.70710678118654746 0 -0.70710678118654746
  outer loop
   vertex 177.5 100 264
   vertex 177.5 99 264
   vertex 177 99 263.5
  endloop
 endfacet
 facet normal 0.70710678118654746 0 -0.70710678118654746
  outer loop
   vertex 177 100 263.5
   vertex 177.5 100 264
   vertex 177 99 263.5
  endloop
 endfacet
 facet normal -0.70710678118654746 0 -0.70710678118654746
  outer loop
   vertex 174 101 263.5
   vertex 174 100 263.5
   vertex 173.5 100 264
  endloop
 endfacet
 facet normal -0.70710678118654746 0 -0.70710678118654746
  outer loop
   vertex 173.5 101 264
   vertex 174 101 263.5
   vertex 173.5 100 264
  endloop
 endfacet
 facet normal 0 0 -1
  outer loop
   vertex 175 100 263.5
   vertex 174 100 263.5
   vertex 175 101 263.5
  endloop
 endfacet
 facet normal 0 0 -1
  outer loop
   vertex 175 101 263.5
   vertex 174 100 263.5
   vertex 174 101 263.5
  endloop
 endfacet
 facet normal 0 0 -1
  outer loop
   vertex 176 100 263.5
   vertex 175 100 263.5
   vertex 176 101 263.5
  endloop
 endfacet
 facet normal 0 0 -1
  outer loop
   vertex 176 101 263.5
   vertex 175 100 263.5
   vertex 175 101 263.5
  endloop
 endfacet
 facet normal 0.57735026918962584 0.57735026918962584 -0.57735026918962584
  outer loop
   vertex 176.5 101 264
   vertex 177 100.5 264
   vertex 177 100 263.5
  endloop
 endfacet
 facet normal 0.57735026918962584 0.57735026918962584 -0.57735026918962584
  outer loop
   vertex 176.5 101 264
   vertex 177 100 263.5
   vertex 176 101 263.5
  endloop
 endfacet
 facet normal 0 0 -1
  outer loop
   vertex 176 101 263.5
   vertex 177 100 263.5
   vertex 176 100 263.5
  endloop
 endfacet
 facet normal 0.57735026918962584 0.57735026918962584 -0.57735026918962584
  outer loop
   vertex 177.5 100 264
   vertex 177 100 263.5
   vertex 177 100.5 264
  endloop
 endfacet
 facet normal -0.57735026918962584 0.57735026918962584 -0.57735026918962584
  outer loop
   vertex 174 101 263.5
   vertex 173.5 101 264
   vertex 174 101.5 264
  endloop
 endfacet
 facet normal -0.57735026918962584 0.57735026918962584 -0.57735026918962584
  outer loop
   vertex 174 101.5 264
   vertex 174.5 102 264
   vertex 175 102 263.5
  endloop
 endfacet
 facet normal -0.57735026918962584 0.57735026918962584 -0.57735026918962584
  outer loop
   vertex 174 101.5 264
   vertex 175 102 263.5
   vertex 174 101 263.5
  endloop
 endfacet
 facet normal 0 -0 -1
  outer loop
   vertex 174 101 263.5
   vertex 175 102 263.5
   vertex 175 101 263.5
  endloop
 endfacet
 facet normal 0 0 -1
  outer loop
   vertex 176 101 263.5
   vertex 175 101 263.5
   vertex 176 102 263.5
  endloop
 endfacet
 facet normal 0 0 -1
  outer loop
   vertex 176 102 263.5
   vertex 175 101 263.5
   vertex 175 102 263.5
  endloop
 endfacet
 facet normal 0.70710678118654746 0 -0.70710678118654746
  outer loop
   vertex 176.5 102 264
   vertex 176.5 101 264
   vertex 176 101 263.5
  endloop
 endfacet
 facet normal 0.70710678118654746 0 -0.70710678118654746
  outer loop
   vertex 176 102 263.5
   vertex 176.5 102 264
   vertex 176 101 263.5
  endloop
 endfacet
 facet normal -0.70710678118654746 0 -0.70710678118654746
  outer loop
   vertex 175 103 263.5
   vertex 175 102 263.5
   vertex 174.5 102 264
  endloop
 endfacet
 facet normal -0.70710678118654746 0 -0.70710678118654746
  outer loop
   vertex 174.5 103 264
   vertex 175 103 263.5
   vertex 174.5 102 264
  endloop
 endfacet
 facet normal 0 0 -1
  outer loop
   vertex 176 102 263.5
   vertex 175 102 263.5
   vertex 176 103 263.5
  endloop
 endfacet
 facet normal 0 0 -1
  outer loop
   vertex 176 103 263.5
   vertex 175 102 263.5
   vertex 175 103 263.5
  endloop
 endfacet
 facet normal 0.70710678118654746 0 -0.70710678118654746
  outer loop
   vertex 176.5 103 264
   vertex 176.5 102 264
   vertex 176 102 263.5
  endloop
 endfacet
 facet normal 0.70710678118654746 0 -0.70710678118654746
  outer loop
   vertex 176 103 263.5
   vertex 176.5 103 264
   vertex 176 102 263.5
  endloop
 endfacet
 facet normal -0.57735026918962584 0.57735026918962584 -0.57735026918962584
  outer loop
   vertex 175 103 263.5
   vertex 174.5 103 264
   vertex 175 103.5 264
  endloop
 endfacet
 facet normal 0 0.70710678118654746 -0.70710678118654746
  outer loop
   vertex 176 103 263.5
   vertex 175 103 263.5
   vertex 175 103.5 264
  endloop
 endfacet
 facet normal 0 0.70710678118654746 -0.70710678118654746
  outer loop
   vertex 176 103.5 264
   vertex 176 103 263.5
   vertex 175 103.5 264
  endloop
 endfacet
 facet normal 0.57735026918962584 0.57735026918962584 -0.57735026918962584
  outer loop
   vertex 176.5 103 264
   vertex 176 103 263.5
   vertex 176 103.5 264
  endloop
 endfacet
 facet normal -0.57735026918962584 -0.57735026918962584 -0.57735026918962584
  outer loop
   vertex 175 91 264.5
   vertex 175 90.5 265
   vertex 174.5 91 265
  endloop
 endfacet
 facet normal -0 -0.70710678118654746 -0.70710678118654746
  outer loop
   vertex 175 91 264.5
   vertex 176 91 264.5
   vertex 176 90.5 265
  endloop
 endfacet
 facet normal 0 -0.70710678118654746 -0.70710678118654746
  outer loop
   vertex 175 90.5 265
   vertex 175 91 264.5
   vertex 176 90.5 265
  endloop
 endfacet
 facet normal 0.57735026918962584 -0.57735026918962584 -0.57735026918962584
  outer loop
   vertex 176 90.5 265
   vertex 176 91 264.5
   vertex 176.5 91 265
  endloop
 endfacet
 facet normal -0.57735026918962584 -0.57735026918962584 -0.57735026918962584
  outer loop
   vertex 174 92 264.5
   vertex 174 91.5 265
   vertex 173.5 92 265
  endloop
 endfacet
 facet normal -0.57735026918962584 -0.57735026918962584 -0.57735026918962584
  outer loop
   vertex 174.5 91 265
   vertex 174 91.5 265
   vertex 174 92 264.5
  endloop
 endfacet
 facet normal -0.57735026918962584 -0.57735026918962584 -0.57735026918962584
  outer loop
   vertex 175 91 264.5
   vertex 174.5 91 265
   vertex 174 92 264.5
  endloop
 endfacet
 facet normal -0.57735026918962584 -0.57735026918962584 -0.57735026918962584
  outer loop
   vertex 175 91 264.5
   vertex 174 92 264.5
   vertex 174.5 92 264
  endloop
 endfacet
 facet normal -0.57735026918962584 -0.57735026918962584 -0.57735026918962584
  outer loop
   vertex 175 91 264.5
   vertex 174.5 92 264
   vertex 175 91.5 264
  endloop
 endfacet
 facet normal 0 -0.70710678118654746 -0.70710678118654746
  outer loop
   vertex 176 91.5 264
   vertex 175 91 264.5
   vertex 175 91.5 264
  endloop
 endfacet
 facet normal 0 -0.70710678118654746 -0.70710678118654746
  outer loop
   vertex 176 91 264.5
   vertex 175 91 264.5
   vertex 176 91.5 264
  endloop
 endfacet
 facet normal 0.57735026918962584 -0.57735026918962584 -0.57735026918962584
  outer loop
   vertex 176.5 92 264
   vertex 177 92 264.5
   vertex 177 91.5 265
  endloop
 endfacet
 facet normal 0.57735026918962584 -0.57735026918962584 -0.57735026918962584
  outer loop
   vertex 176 91.5 264
   vertex 176.5 92 264
   vertex 177 91.5 265
  endloop
 endfacet
 facet normal 0.57735026918962584 -0.57735026918962584 -0.57735026918962584
  outer loop
   vertex 176 91.5 264
   vertex 177 91.5 265
   vertex 176.5 91 265
  endloop
 endfacet
 facet normal 0.57735026918962584 -0.57735026918962584 -0.57735026918962584
  outer loop
   vertex 176 91.5 264
   vertex 176.5 91 265
   vertex 176 91 264.5
  endloop
 endfacet
 facet normal 0.57735026918962584 -0.57735026918962584 -0.57735026918962584
  outer loop
   vertex 177 91.5 265
   vertex 177 92 264.5
   vertex 177.5 92 265
  endloop
 endfacet
 facet normal -0.70710678118654746 0 -0.70710678118654746
  outer loop
   vertex 174 93 264.5
   vertex 174 92 264.5
   vertex 173.5 92 265
  endloop
 endfacet
 facet normal -0.70710678118654746 0 -0.70710678118654746
  outer loop
   vertex 173.5 93 265
   vertex 174 93 264.5
   vertex 173.5 92 265
  endloop
 endfacet
 facet normal -0.70710678118654746 0 -0.70710678118654746
  outer loop
   vertex 174.5 92 264
   vertex 174 93 264.5
   vertex 174.5 93 264
  endloop
 endfacet
 facet normal -0.70710678118654746 -0 -0.70710678118654746
  outer loop
   vertex 174 92 264.5
   vertex 174 93 264.5
   vertex 174.5 92 264
  endloop
 endfacet
 facet normal 0.57735026918962584 -0.57735026918962584 -0.57735026918962584
  outer loop
   vertex 176.5 92 264
   vertex 177 92.5 264
   vertex 177 92 264.5
  endloop
 endfacet
 facet normal 0.57735026918962584 -0.57735026918962584 -0.57735026918962584
  outer loop
   vertex 177.5 93 264
   vertex 178 93 264.5
   vertex 178 92.5 265
  endloop
 endfacet
 facet normal 0.57735026918962584 -0.57735026918962584 -0.57735026918962584
  outer loop
   vertex 177 92.5 264
   vertex 177.5 93 264
   vertex 178 92.5 265
  endloop
 endfacet
 facet normal 0.57735026918962584 -0.57735026918962584 -0.57735026918962584
  outer loop
   vertex 177 92.5 264
   vertex 178 92.5 265
   vertex 177.5 92 265
  endloop
 endfacet
 facet normal 0.57735026918962584 -0.57735026918962584 -0.57735026918962584
  outer loop
   vertex 177 92.5 264
   vertex 177.5 92 265
   vertex 177 92 264.5
  endloop
 endfacet
 facet normal 0.57735026918962584 -0.57735026918962584 -0.57735026918962584
  outer loop
   vertex 178 92.5 265
   vertex 178 93 264.5
   vertex 178.5 93 265
  endloop
 endfacet
 facet normal -0.70710678118654746 0 -0.70710678118654746
  outer loop
   vertex 174 94 264.5
   vertex 174 93 264.5
   vertex 173.5 93 265
  endloop
 endfacet
 facet normal -0.70710678118654746 0 -0.70710678118654746
  outer loop
   vertex 173.5 94 265
   vertex 174 94 264.5
   vertex 173.5 93 265
  endloop
 endfacet
 facet normal -0.70710678118654746 0 -0.70710678118654746
  outer loop
   vertex 174.5 93 264
   vertex 174 94 264.5
   vertex 174.5 94 264
  endloop
 endfacet
 facet normal -0.70710678118654746 -0 -0.70710678118654746
  outer loop
   vertex 174 93 264.5
   vertex 174 94 264.5
   vertex 174.5 93 264
  endloop
 endfacet
 facet normal 0.57735026918962584 -0.57735026918962584 -0.57735026918962584
  outer loop
   vertex 177.5 93 264
   vertex 178 93.5 264
   vertex 178 93 264.5
  endloop
 endfacet
 facet normal 0.57735026918962584 -0.57735026918962584 -0.57735026918962584
  outer loop
   vertex 178.5 94 264
   vertex 179 94 264.5
   vertex 179 93.5 265
  endloop
 endfacet
 facet normal 0.57735026918962584 -0.57735026918962584 -0.57735026918962584
  outer loop
   vertex 178 93.5 264
   vertex 178.5 94 264
   vertex 179 93.5 265
  endloop
 endfacet
 facet normal 0.57735026918962584 -0.57735026918962584 -0.57735026918962584
  outer loop
   vertex 178 93.5 264
   vertex 179 93.5 265
   vertex 178.5 93 265
  endloop
 endfacet
 facet normal 0.57735026918962584 -0.57735026918962584 -0.57735026918962584
  outer loop
   vertex 178 93.5 264
   vertex 178.5 93 265
   vertex 178 93 264.5
  endloop
 endfacet
 facet normal 0.57735026918962584 -0.57735026918962584 -0.57735026918962584
  outer loop
   vertex 179 93.5 265
   vertex 179 94 264.5
   vertex 179.5 94 265
  endloop
 endfacet
 facet normal -0.70710678118654746 0 -0.70710678118654746
  outer loop
   vertex 174 95 264.5
   vertex 174 94 264.5
   vertex 173.5 94 265
  endloop
 endfacet
 facet normal -0.70710678118654746 0 -0.70710678118654746
  outer loop
   vertex 173.5 95 265
   vertex 174 95 264.5
   vertex 173.5 94 265
  endloop
 endfacet
 facet normal -0.70710678118654746 0 -0.70710678118654746
  outer loop
   vertex 174.5 94 264
   vertex 174 95 264.5
   vertex 174.5 95 264
  endloop
 endfacet
 facet normal -0.70710678118654746 -0 -0.70710678118654746
  outer loop
   vertex 174 94 264.5
   vertex 174 95 264.5
   vertex 174.5 94 264
  endloop
 endfacet
 facet normal 0.57735026918962584 -0.57735026918962584 -0.57735026918962584
  outer loop
   vertex 178.5 94 264
   vertex 179 94.5 264
   vertex 179 94 264.5
  endloop
 endfacet
 facet normal 0.57735026918962584 -0.57735026918962584 -0.57735026918962584
  outer loop
   vertex 179 94 264.5
   vertex 179 94.5 264
   vertex 179.5 95 264
  endloop
 endfacet
 facet normal 0.57735026918962584 -0.57735026918962584 -0.57735026918962584
  outer loop
   vertex 179 94 264.5
   vertex 179.5 95 264
   vertex 179.5 94 265
  endloop
 endfacet
 facet normal 1 0 -0
  outer loop
   vertex 179.5 94 265
   vertex 179.5 95 264
   vertex 179.5 95 265
  endloop
 endfacet
 facet normal -0.70710678118654746 0 -0.70710678118654746
  outer loop
   vertex 174 96 264.5
   vertex 174 95 264.5
   vertex 173.5 95 265
  endloop
 endfacet
 facet normal -0.70710678118654746 0 -0.70710678118654746
  outer loop
   vertex 173.5 96 265
   vertex 174 96 264.5
   vertex 173.5 95 265
  endloop
 endfacet
 facet normal -0.70710678118654746 0 -0.70710678118654746
  outer loop
   vertex 174.5 95 264
   vertex 174 96 264.5
   vertex 174.5 96 264
  endloop
 endfacet
 facet normal -0.70710678118654746 -0 -0.70710678118654746
  outer loop
   vertex 174 95 264.5
   vertex 174 96 264.5
   vertex 174.5 95 264
  endloop
 endfacet
 facet normal 1 0 0
  outer loop
   vertex 179.5 95 264
   vertex 179.5 96 264
   vertex 179.5 95 265
  endloop
 endfacet
 facet normal 1 0 -0
  outer loop
   vertex 179.5 95 265
   vertex 179.5 96 264
   vertex 179.5 96 265
  endloop
 endfacet
 facet normal -0.70710678118654746 0 -0.70710678118654746
  outer loop
   vertex 174 97 264.5
   vertex 174 96 264.5
   vertex 173.5 96 265
  endloop
 endfacet
 facet normal -0.70710678118654746 0 -0.70710678118654746
  outer loop
   vertex 173.5 97 265
   vertex 174 97 264.5
   vertex 173.5 96 265
  endloop
 endfacet
 facet normal -0.70710678118654746 0 -0.70710678118654746
  outer loop
   vertex 174.5 96 264
   vertex 174 97 264.5
   vertex 174.5 97 264
  endloop
 endfacet
 facet normal -0.70710678118654746 -0 -0.70710678118654746
  outer loop
   vertex 174 96 264.5
   vertex 174 97 264.5
   vertex 174.5 96 264
  endloop
 endfacet
 facet normal 0.70710678118654746 0.70710678118654746 0
  outer loop
   vertex 179 96.5 264
   vertex 178.5 97 265
   vertex 179 96.5 265
  endloop
 endfacet
 facet normal 0.70710678118654746 0.70710678118654746 0
  outer loop
   vertex 178.5 97 264
   vertex 178.5 97 265
   vertex 179 96.5 264
  endloop
 endfacet
 facet normal 0.70710678118654746 0.70710678118654746 -0
  outer loop
   vertex 179.5 96 265
   vertex 179.5 96 264
   vertex 179 96.5 264
  endloop
 endfacet
 facet normal 0.70710678118654746 0.70710678118654746 0
  outer loop
   vertex 179 96.5 265
   vertex 179.5 96 265
   vertex 179 96.5 264
  endloop
 endfacet
 facet normal -0.70710678118654746 0 -0.70710678118654746
  outer loop
   vertex 174 98 264.5
   vertex 174 97 264.5
   vertex 173.5 97 265
  endloop
 endfacet
 facet normal -0.70710678118654746 0 -0.70710678118654746
  outer loop
   vertex 173.5 98 265
   vertex 174 98 264.5
   vertex 173.5 97 265
  endloop
 endfacet
 facet normal -0.70710678118654746 0 -0.70710678118654746
  outer loop
   vertex 174.5 97 264
   vertex 174 98 264.5
   vertex 174.5 98 264
  endloop
 endfacet
 facet normal -0.70710678118654746 -0 -0.70710678118654746
  outer loop
   vertex 174 97 264.5
   vertex 174 98 264.5
   vertex 174.5 97 264
  endloop
 endfacet
 facet normal 1 0 0
  outer loop
   vertex 178.5 97 264
   vertex 178.5 98 264
   vertex 178.5 97 265
  endloop
 endfacet
 facet normal 1 0 -0
  outer loop
   vertex 178.5 97 265
   vertex 178.5 98 264
   vertex 178.5 98 265
  endloop
 endfacet
 facet normal -0.70710678118654746 0 -0.70710678118654746
  outer loop
   vertex 174 99 264.5
   vertex 174 98 264.5
   vertex 173.5 98 265
  endloop
 endfacet
 facet normal -0.70710678118654746 0 -0.70710678118654746
  outer loop
   vertex 173.5 99 265
   vertex 174 99 264.5
   vertex 173.5 98 265
  endloop
 endfacet
 facet normal -0.70710678118654746 0 -0.70710678118654746
  outer loop
   vertex 174.5 98 264
   vertex 174 99 264.5
   vertex 174.5 99 264
  endloop
 endfacet
 facet normal -0.70710678118654746 -0 -0.70710678118654746
  outer loop
   vertex 174 98 264.5
   vertex 174 99 264.5
   vertex 174.5 98 264
  endloop
 endfacet
 facet normal 0.70710678118654746 0.70710678118654746 0
  outer loop
   vertex 178 98.5 264
   vertex 177.5 99 265
   vertex 178 98.5 265
  endloop
 endfacet
 facet normal 0.70710678118654746 0.70710678118654746 0
  outer loop
   vertex 177.5 99 264
   vertex 177.5 99 265
   vertex 178 98.5 264
  endloop
 endfacet
 facet normal 0.70710678118654746 0.70710678118654746 -0
  outer loop
   vertex 178.5 98 265
   vertex 178.5 98 264
   vertex 178 98.5 264
  endloop
 endfacet
 facet normal 0.70710678118654746 0.70710678118654746 0
  outer loop
   vertex 178 98.5 265
   vertex 178.5 98 265
   vertex 178 98.5 264
  endloop
 endfacet
 facet normal -0.57735026918962584 -0.57735026918962584 -0.57735026918962584
  outer loop
   vertex 174 99.5 264
   vertex 174 99 264.5
   vertex 173.5 99 265
  endloop
 endfacet
 facet normal -0.57735026918962584 -0.57735026918962584 -0.57735026918962584
  outer loop
   vertex 174 99.5 264
   vertex 173.5 99 265
   vertex 173.5 100 264
  endloop
 endfacet
 facet normal -1 0 0
  outer loop
   vertex 173.5 100 264
   vertex 173.5 99 265
   vertex 173.5 100 265
  endloop
 endfacet
 facet normal -0.57735026918962584 -0.57735026918962584 -0.57735026918962584
  outer loop
   vertex 174.5 99 264
   vertex 174 99 264.5
   vertex 174 99.5 264
  endloop
 endfacet
 facet normal 1 0 0
  outer loop
   vertex 177.5 99 264
   vertex 177.5 100 264
   vertex 177.5 99 265
  endloop
 endfacet
 facet normal 1 0 -0
  outer loop
   vertex 177.5 99 265
   vertex 177.5 100 264
   vertex 177.5 100 265
  endloop
 endfacet
 facet normal -1 0 0
  outer loop
   vertex 173.5 100 264
   vertex 173.5 100 265
   vertex 173.5 101 264
  endloop
 endfacet
 facet normal -1 -0 -0
  outer loop
   vertex 173.5 100 265
   vertex 173.5 101 265
   vertex 173.5 101 264
  endloop
 endfacet
 facet normal 0.57735026918962584 0.57735026918962584 -0.57735026918962584
  outer loop
   vertex 177 100.5 264
   vertex 176.5 101 264
   vertex 177 101 264.5
  endloop
 endfacet
 facet normal 0.57735026918962584 0.57735026918962584 -0.57735026918962584
  outer loop
   vertex 177 100.5 264
   vertex 177 101 264.5
   vertex 177.5 101 265
  endloop
 endfacet
 facet normal 0.57735026918962584 0.57735026918962584 -0.57735026918962584
  outer loop
   vertex 177 100.5 264
   vertex 177.5 101 265
   vertex 177.5 100 264
  endloop
 endfacet
 facet normal 1 0 0
  outer loop
   vertex 177.5 100 264
   vertex 177.5 101 265
   vertex 177.5 100 265
  endloop
 endfacet
 facet normal -0.57735026918962584 0.57735026918962584 -0.57735026918962584
  outer loop
   vertex 174 102 264.5
   vertex 174 101.5 264
   vertex 173.5 101 264
  endloop
 endfacet
 facet normal -0.57735026918962584 0.57735026918962584 -0.57735026918962584
  outer loop
   vertex 174 102 264.5
   vertex 173.5 101 264
   vertex 173.5 102 265
  endloop
 endfacet
 facet normal -1 0 0
  outer loop
   vertex 173.5 102 265
   vertex 173.5 101 264
   vertex 173.5 101 265
  endloop
 endfacet
 facet normal -0.57735026918962584 0.57735026918962584 -0.57735026918962584
  outer loop
   vertex 174 101.5 264
   vertex 174 102 264.5
   vertex 174.5 102 264
  endloop
 endfacet
 facet normal 0.57735026918962584 0.57735026918962584 -0.57735026918962584
  outer loop
   vertex 177 101 264.5
   vertex 176.5 102 265
   vertex 177 101.5 265
  endloop
 endfacet
 facet normal 0.57735026918962584 0.57735026918962584 -0.57735026918962584
  outer loop
   vertex 177 101 264.5
   vertex 176.5 101 264
   vertex 176.5 102 265
  endloop
 endfacet
 facet normal 1 0 -0
  outer loop
   vertex 176.5 101 264
   vertex 176.5 102 264
   vertex 176.5 102 265
  endloop
 endfacet
 facet normal 0.57735026918962584 0.57735026918962584 -0.57735026918962584
  outer loop
   vertex 177.5 101 265
   vertex 177 101 264.5
   vertex 177 101.5 265
  endloop
 endfacet
 facet normal -0.70710678118654746 0 -0.70710678118654746
  outer loop
   vertex 174 103 264.5
   vertex 174 102 264.5
   vertex 173.5 102 265
  endloop
 endfacet
 facet normal -0.70710678118654746 0 -0.70710678118654746
  outer loop
   vertex 173.5 103 265
   vertex 174 103 264.5
   vertex 173.5 102 265
  endloop
 endfacet
 facet normal -0.70710678118654746 0 -0.70710678118654746
  outer loop
   vertex 174.5 102 264
   vertex 174 103 264.5
   vertex 174.5 103 264
  endloop
 endfacet
 facet normal -0.70710678118654746 -0 -0.70710678118654746
  outer loop
   vertex 174 102 264.5
   vertex 174 103 264.5
   vertex 174.5 102 264
  endloop
 endfacet
 facet normal 1 0 0
  outer loop
   vertex 176.5 102 264
   vertex 176.5 103 264
   vertex 176.5 102 265
  endloop
 endfacet
 facet normal 1 0 -0
  outer loop
   vertex 176.5 102 265
   vertex 176.5 103 264
   vertex 176.5 103 265
  endloop
 endfacet
 facet normal -0.70710678118654746 0 -0.70710678118654746
  outer loop
   vertex 174 104 264.5
   vertex 174 103 264.5
   vertex 173.5 103 265
  endloop
 endfacet
 facet normal -0.70710678118654746 0 -0.70710678118654746
  outer loop
   vertex 173.5 104 265
   vertex 174 104 264.5
   vertex 173.5 103 265
  endloop
 endfacet
 facet normal -0.57735026918962584 0.57735026918962584 -0.57735026918962584
  outer loop
   vertex 174.5 103 264
   vertex 175 104 264.5
   vertex 175 103.5 264
  endloop
 endfacet
 facet normal -0.57735026918962584 0.57735026918962584 -0.57735026918962584
  outer loop
   vertex 174.5 103 264
   vertex 174 103 264.5
   vertex 175 104 264.5
  endloop
 endfacet
 facet normal 0 0 -1
  outer loop
   vertex 174 103 264.5
   vertex 174 104 264.5
   vertex 175 104 264.5
  endloop
 endfacet
 facet normal 0 0.70710678118654746 -0.70710678118654746
  outer loop
   vertex 175 103.5 264
   vertex 176 104 264.5
   vertex 176 103.5 264
  endloop
 endfacet
 facet normal 0 0.70710678118654746 -0.70710678118654746
  outer loop
   vertex 175 104 264.5
   vertex 176 104 264.5
   vertex 175 103.5 264
  endloop
 endfacet
 facet normal 0.57735026918962584 0.57735026918962584 -0.57735026918962584
  outer loop
   vertex 176 103.5 264
   vertex 176 104 264.5
   vertex 176.5 104 265
  endloop
 endfacet
 facet normal 0.57735026918962584 0.57735026918962584 -0.57735026918962584
  outer loop
   vertex 176 103.5 264
   vertex 176.5 104 265
   vertex 176.5 103 264
  endloop
 endfacet
 facet normal 1 0 0
  outer loop
   vertex 176.5 103 264
   vertex 176.5 104 265
   vertex 176.5 103 265
  endloop
 endfacet
 facet normal -0.57735026918962584 0.57735026918962584 -0.57735026918962584
  outer loop
   vertex 174 104 264.5
   vertex 173.5 104 265
   vertex 174 104.5 265
  endloop
 endfacet
 facet normal 0 0.70710678118654746 -0.70710678118654746
  outer loop
   vertex 175 104 264.5
   vertex 174 104 264.5
   vertex 174 104.5 265
  endloop
 endfacet
 facet normal 0 0.70710678118654746 -0.70710678118654746
  outer loop
   vertex 175 104.5 265
   vertex 175 104 264.5
   vertex 174 104.5 265
  endloop
 endfacet
 facet normal 0 0.70710678118654746 -0.70710678118654746
  outer loop
   vertex 176 104 264.5
   vertex 175 104 264.5
   vertex 175 104.5 265
  endloop
 endfacet
 facet normal 0 0.70710678118654746 -0.70710678118654746
  outer loop
   vertex 176 104.5 265
   vertex 176 104 264.5
   vertex 175 104.5 265
  endloop
 endfacet
 facet normal 0.57735026918962584 0.57735026918962584 -0.57735026918962584
  outer loop
   vertex 176.5 104 265
   vertex 176 104 264.5
   vertex 176 104.5 265
  endloop
 endfacet
 facet normal -0.57735026918962584 -0.57735026918962584 -0.57735026918962584
  outer loop
   vertex 175 90 265.5
   vertex 175 89.5 266
   vertex 174.5 90 266
  endloop
 endfacet
 facet normal -0 -0.70710678118654746 -0.70710678118654746
  outer loop
   vertex 175 90 265.5
   vertex 176 90 265.5
   vertex 176 89.5 266
  endloop
 endfacet
 facet normal 0 -0.70710678118654746 -0.70710678118654746
  outer loop
   vertex 175 89.5 266
   vertex 175 90 265.5
   vertex 176 89.5 266
  endloop
 endfacet
 facet normal 0.57735026918962584 -0.57735026918962584 -0.57735026918962584
  outer loop
   vertex 176 89.5 266
   vertex 176 90 265.5
   vertex 176.5 90 266
  endloop
 endfacet
 facet normal -0.57735026918962584 -0.57735026918962584 -0.57735026918962584
  outer loop
   vertex 174 91 265.5
   vertex 174 90.5 266
   vertex 173.5 91 266
  endloop
 endfacet
 facet normal -0.57735026918962584 -0.57735026918962584 -0.57735026918962584
  outer loop
   vertex 174.5 90 266
   vertex 174 90.5 266
   vertex 174 91 265.5
  endloop
 endfacet
 facet normal -0.57735026918962584 -0.57735026918962584 -0.57735026918962584
  outer loop
   vertex 175 90 265.5
   vertex 174.5 90 266
   vertex 174 91 265.5
  endloop
 endfacet
 facet normal -0.57735026918962584 -0.57735026918962584 -0.57735026918962584
  outer loop
   vertex 175 90 265.5
   vertex 174 91 265.5
   vertex 174.5 91 265
  endloop
 endfacet
 facet normal -0.57735026918962584 -0.57735026918962584 -0.57735026918962584
  outer loop
   vertex 175 90 265.5
   vertex 174.5 91 265
   vertex 175 90.5 265
  endloop
 endfacet
 facet normal 0 -0.70710678118654746 -0.70710678118654746
  outer loop
   vertex 176 90.5 265
   vertex 175 90 265.5
   vertex 175 90.5 265
  endloop
 endfacet
 facet normal 0 -0.70710678118654746 -0.70710678118654746
  outer loop
   vertex 176 90 265.5
   vertex 175 90 265.5
   vertex 176 90.5 265
  endloop
 endfacet
 facet normal 0.57735026918962584 -0.57735026918962584 -0.57735026918962584
  outer loop
   vertex 176.5 91 265
   vertex 177 91 265.5
   vertex 177 90.5 266
  endloop
 endfacet
 facet normal 0.57735026918962584 -0.57735026918962584 -0.57735026918962584
  outer loop
   vertex 176 90.5 265
   vertex 176.5 91 265
   vertex 177 90.5 266
  endloop
 endfacet
 facet normal 0.57735026918962584 -0.57735026918962584 -0.57735026918962584
  outer loop
   vertex 176 90.5 265
   vertex 177 90.5 266
   vertex 176.5 90 266
  endloop
 endfacet
 facet normal 0.57735026918962584 -0.57735026918962584 -0.57735026918962584
  outer loop
   vertex 176 90.5 265
   vertex 176.5 90 266
   vertex 176 90 265.5
  endloop
 endfacet
 facet normal 0.57735026918962584 -0.57735026918962584 -0.57735026918962584
  outer loop
   vertex 177 90.5 266
   vertex 177 91 265.5
   vertex 177.5 91 266
  endloop
 endfacet
 facet normal -0.57735026918962584 -0.57735026918962584 -0.57735026918962584
  outer loop
   vertex 173 92 265.5
   vertex 173 91.5 266
   vertex 172.5 92 266
  endloop
 endfacet
 facet normal -0.57735026918962584 -0.57735026918962584 -0.57735026918962584
  outer loop
   vertex 173.5 91 266
   vertex 173 91.5 266
   vertex 173 92 265.5
  endloop
 endfacet
 facet normal -0.57735026918962584 -0.57735026918962584 -0.57735026918962584
  outer loop
   vertex 174 91 265.5
   vertex 173.5 91 266
   vertex 173 92 265.5
  endloop
 endfacet
 facet normal -0.57735026918962584 -0.57735026918962584 -0.57735026918962584
  outer loop
   vertex 174 91 265.5
   vertex 173 92 265.5
   vertex 173.5 92 265
  endloop
 endfacet
 facet normal -0.57735026918962584 -0.57735026918962584 -0.57735026918962584
  outer loop
   vertex 174 91 265.5
   vertex 173.5 92 265
   vertex 174 91.5 265
  endloop
 endfacet
 facet normal -0.57735026918962584 -0.57735026918962584 -0.57735026918962584
  outer loop
   vertex 174.5 91 265
   vertex 174 91 265.5
   vertex 174 91.5 265
  endloop
 endfacet
 facet normal 0.57735026918962584 -0.57735026918962584 -0.57735026918962584
  outer loop
   vertex 176.5 91 265
   vertex 177 91.5 265
   vertex 177 91 265.5
  endloop
 endfacet
 facet normal 0.57735026918962584 -0.57735026918962584 -0.57735026918962584
  outer loop
   vertex 177.5 92 265
   vertex 178 92 265.5
   vertex 178 91.5 266
  endloop
 endfacet
 facet normal 0.57735026918962584 -0.57735026918962584 -0.57735026918962584
  outer loop
   vertex 177 91.5 265
   vertex 177.5 92 265
   vertex 178 91.5 266
  endloop
 endfacet
 facet normal 0.57735026918962584 -0.57735026918962584 -0.57735026918962584
  outer loop
   vertex 177 91.5 265
   vertex 178 91.5 266
   vertex 177.5 91 266
  endloop
 endfacet
 facet normal 0.57735026918962584 -0.57735026918962584 -0.57735026918962584
  outer loop
   vertex 177 91.5 265
   vertex 177.5 91 266
   vertex 177 91 265.5
  endloop
 endfacet
 facet normal 0.57735026918962584 -0.57735026918962584 -0.57735026918962584
  outer loop
   vertex 178 91.5 266
   vertex 178 92 265.5
   vertex 178.5 92 266
  endloop
 endfacet
 facet normal -0.70710678118654746 0 -0.70710678118654746
  outer loop
   vertex 173 93 265.5
   vertex 173 92 265.5
   vertex 172.5 92 266
  endloop
 endfacet
 facet normal -0.70710678118654746 0 -0.70710678118654746
  outer loop
   vertex 172.5 93 266
   vertex 173 93 265.5
   vertex 172.5 92 266
  endloop
 endfacet
 facet normal -0.70710678118654746 0 -0.70710678118654746
  outer loop
   vertex 173.5 92 265
   vertex 173 93 265.5
   vertex 173.5 93 265
  endloop
 endfacet
 facet normal -0.70710678118654746 -0 -0.70710678118654746
  outer loop
   vertex 173 92 265.5
   vertex 173 93 265.5
   vertex 173.5 92 265
  endloop
 endfacet
 facet normal 0.57735026918962584 -0.57735026918962584 -0.57735026918962584
  outer loop
   vertex 177.5 92 265
   vertex 178 92.5 265
   vertex 178 92 265.5
  endloop
 endfacet
 facet normal 0.57735026918962584 -0.57735026918962584 -0.57735026918962584
  outer loop
   vertex 178.5 93 265
   vertex 179 93 265.5
   vertex 179 92.5 266
  endloop
 endfacet
 facet normal 0.57735026918962584 -0.57735026918962584 -0.57735026918962584
  outer loop
   vertex 178 92.5 265
   vertex 178.5 93 265
   vertex 179 92.5 266
  endloop
 endfacet
 facet normal 0.57735026918962584 -0.57735026918962584 -0.57735026918962584
  outer loop
   vertex 178 92.5 265
   vertex 179 92.5 266
   vertex 178.5 92 266
  endloop
 endfacet
 facet normal 0.57735026918962584 -0.57735026918962584 -0.57735026918962584
  outer loop
   vertex 178 92.5 265
   vertex 178.5 92 266
   vertex 178 92 265.5
  endloop
 endfacet
 facet normal 0.57735026918962584 -0.57735026918962584 -0.57735026918962584
  outer loop
   vertex 179 92.5 266
   vertex 179 93 265.5
   vertex 179.5 93 266
  endloop
 endfacet
 facet normal -0.70710678118654746 0 -0.70710678118654746
  outer loop
   vertex 173 94 265.5
   vertex 173 93 265.5
   vertex 172.5 93 266
  endloop
 endfacet
 facet normal -0.70710678118654746 0 -0.70710678118654746
  outer loop
   vertex 172.5 94 266
   vertex 173 94 265.5
   vertex 172.5 93 266
  endloop
 endfacet
 facet normal -0.70710678118654746 0 -0.70710678118654746
  outer loop
   vertex 173.5 93 265
   vertex 173 94 265.5
   vertex 173.5 94 265
  endloop
 endfacet
 facet normal -0.70710678118654746 -0 -0.70710678118654746
  outer loop
   vertex 173 93 265.5
   vertex 173 94 265.5
   vertex 173.5 93 265
  endloop
 endfacet
 facet normal 0.57735026918962584 -0.57735026918962584 -0.57735026918962584
  outer loop
   vertex 178.5 93 265
   vertex 179 93.5 265
   vertex 179 93 265.5
  endloop
 endfacet
 facet normal 0.57735026918962584 -0.57735026918962584 -0.57735026918962584
  outer loop
   vertex 179 93 265.5
   vertex 179 93.5 265
   vertex 179.5 94 265
  endloop
 endfacet
 facet normal 0.57735026918962584 -0.57735026918962584 -0.57735026918962584
  outer loop
   vertex 179 93 265.5
   vertex 179.5 94 265
   vertex 179.5 93 266
  endloop
 endfacet
 facet normal 1 0 -0
  outer loop
   vertex 179.5 93 266
   vertex 179.5 94 265
   vertex 179.5 94 266
  endloop
 endfacet
 facet normal -0.57735026918962584 0.57735026918962584 -0.57735026918962584
  outer loop
   vertex 173 94 265.5
   vertex 172.5 94 266
   vertex 173 94.5 266
  endloop
 endfacet
 facet normal -0.57735026918962584 0.57735026918962584 -0.57735026918962584
  outer loop
   vertex 173 94.5 266
   vertex 173.5 94 265
   vertex 173 94 265.5
  endloop
 endfacet
 facet normal -0.57735026918962584 0.57735026918962584 -0.57735026918962584
  outer loop
   vertex 173 94.5 266
   vertex 173.5 95 266
   vertex 173.5 94 265
  endloop
 endfacet
 facet normal -1 0 0
  outer loop
   vertex 173.5 95 266
   vertex 173.5 95 265
   vertex 173.5 94 265
  endloop
 endfacet
 facet normal 0.57735026918962584 -0.57735026918962584 -0.57735026918962584
  outer loop
   vertex 180 94.5 266
   vertex 179.5 95 265
   vertex 180 95 265.5
  endloop
 endfacet
 facet normal 0.57735026918962584 -0.57735026918962584 -0.57735026918962584
  outer loop
   vertex 180 94.5 266
   vertex 179.5 94 266
   vertex 179.5 95 265
  endloop
 endfacet
 facet normal 1 0 0
  outer loop
   vertex 179.5 94 266
   vertex 179.5 94 265
   vertex 179.5 95 265
  endloop
 endfacet
 facet normal 0.57735026918962584 -0.57735026918962584 -0.57735026918962584
  outer loop
   vertex 180 94.5 266
   vertex 180 95 265.5
   vertex 180.5 95 266
  endloop
 endfacet
 facet normal -1 0 0
  outer loop
   vertex 173.5 95 265
   vertex 173.5 95 266
   vertex 173.5 96 265
  endloop
 endfacet
 facet normal -1 -0 -0
  outer loop
   vertex 173.5 95 266
   vertex 173.5 96 266
   vertex 173.5 96 265
  endloop
 endfacet
 facet normal 0.57735026918962584 0.57735026918962584 -0.57735026918962584
  outer loop
   vertex 180 95 265.5
   vertex 179.5 96 266
   vertex 180 95.5 266
  endloop
 endfacet
 facet normal 0.57735026918962584 0.57735026918962584 -0.57735026918962584
  outer loop
   vertex 180 95 265.5
   vertex 179.5 95 265
   vertex 179.5 96 266
  endloop
 endfacet
 facet normal 1 0 -0
  outer loop
   vertex 179.5 95 265
   vertex 179.5 96 265
   vertex 179.5 96 266
  endloop
 endfacet
 facet normal 0.57735026918962584 0.57735026918962584 -0.57735026918962584
  outer loop
   vertex 180.5 95 266
   vertex 180 95 265.5
   vertex 180 95.5 266
  endloop
 endfacet
 facet normal -1 0 0
  outer loop
   vertex 173.5 96 265
   vertex 173.5 96 266
   vertex 173.5 97 265
  endloop
 endfacet
 facet normal -1 -0 -0
  outer loop
   vertex 173.5 96 266
   vertex 173.5 97 266
   vertex 173.5 97 265
  endloop
 endfacet
 facet normal 0.57735026918962584 0.57735026918962584 -0.57735026918962584
  outer loop
   vertex 179 96.5 265
   vertex 178.5 97 265
   vertex 179 97 265.5
  endloop
 endfacet
 facet normal 0.57735026918962584 0.57735026918962584 -0.57735026918962584
  outer loop
   vertex 179 96.5 265
   vertex 179 97 265.5
   vertex 179.5 97 266
  endloop
 endfacet
 facet normal 0.57735026918962584 0.57735026918962584 -0.57735026918962584
  outer loop
   vertex 179 96.5 265
   vertex 179.5 97 266
   vertex 179.5 96 265
  endloop
 endfacet
 facet normal 1 0 0
  outer loop
   vertex 179.5 96 265
   vertex 179.5 97 266
   vertex 179.5 96 266
  endloop
 endfacet
 facet normal -1 0 0
  outer loop
   vertex 173.5 97 265
   vertex 173.5 97 266
   vertex 173.5 98 265
  endloop
 endfacet
 facet normal -1 -0 -0
  outer loop
   vertex 173.5 97 266
   vertex 173.5 98 266
   vertex 173.5 98 265
  endloop
 endfacet
 facet normal 0.57735026918962584 0.57735026918962584 -0.57735026918962584
  outer loop
   vertex 179 97 265.5
   vertex 178.5 98 266
   vertex 179 97.5 266
  endloop
 endfacet
 facet normal 0.57735026918962584 0.57735026918962584 -0.57735026918962584
  outer loop
   vertex 179 97 265.5
   vertex 178.5 97 265
   vertex 178.5 98 266
  endloop
 endfacet
 facet normal 1 0 -0
  outer loop
   vertex 178.5 97 265
   vertex 178.5 98 265
   vertex 178.5 98 266
  endloop
 endfacet
 facet normal 0.57735026918962584 0.57735026918962584 -0.57735026918962584
  outer loop
   vertex 179.5 97 266
   vertex 179 97 265.5
   vertex 179 97.5 266
  endloop
 endfacet
 facet normal -1 0 0
  outer loop
   vertex 173.5 98 265
   vertex 173.5 98 266
   vertex 173.5 99 265
  endloop
 endfacet
 facet normal -1 -0 -0
  outer loop
   vertex 173.5 98 266
   vertex 173.5 99 266
   vertex 173.5 99 265
  endloop
 endfacet
 facet normal 0.70710678118654746 0.70710678118654746 0
  outer loop
   vertex 178 98.5 265
   vertex 177.5 99 266
   vertex 178 98.5 266
  endloop
 endfacet
 facet normal 0.70710678118654746 0.70710678118654746 0
  outer loop
   vertex 177.5 99 265
   vertex 177.5 99 266
   vertex 178 98.5 265
  endloop
 endfacet
 facet normal 0.70710678118654746 0.70710678118654746 -0
  outer loop
   vertex 178.5 98 266
   vertex 178.5 98 265
   vertex 178 98.5 265
  endloop
 endfacet
 facet normal 0.70710678118654746 0.70710678118654746 0
  outer loop
   vertex 178 98.5 266
   vertex 178.5 98 266
   vertex 178 98.5 265
  endloop
 endfacet
 facet normal -1 0 0
  outer loop
   vertex 173.5 99 265
   vertex 173.5 99 266
   vertex 173.5 100 265
  endloop
 endfacet
 facet normal -1 -0 -0
  outer loop
   vertex 173.5 99 266
   vertex 173.5 100 266
   vertex 173.5 100 265
  endloop
 endfacet
 facet normal 1 0 0
  outer loop
   vertex 177.5 99 265
   vertex 177.5 100 265
   vertex 177.5 99 266
  endloop
 endfacet
 facet normal 1 0 -0
  outer loop
   vertex 177.5 99 266
   vertex 177.5 100 265
   vertex 177.5 100 266
  endloop
 endfacet
 facet normal -0.57735026918962584 -0.57735026918962584 -0.57735026918962584
  outer loop
   vertex 173 101 265.5
   vertex 173 100.5 266
   vertex 172.5 101 266
  endloop
 endfacet
 facet normal -0.57735026918962584 -0.57735026918962584 -0.57735026918962584
  outer loop
   vertex 173 101 265.5
   vertex 173.5 100 266
   vertex 173 100.5 266
  endloop
 endfacet
 facet normal -0.57735026918962584 -0.57735026918962584 -0.57735026918962584
  outer loop
   vertex 173 101 265.5
   vertex 173.5 101 265
   vertex 173.5 100 266
  endloop
 endfacet
 facet normal -1 0 0
  outer loop
   vertex 173.5 101 265
   vertex 173.5 100 265
   vertex 173.5 100 266
  endloop
 endfacet
 facet normal 1 0 0
  outer loop
   vertex 177.5 100 265
   vertex 177.5 101 265
   vertex 177.5 100 266
  endloop
 endfacet
 facet normal 1 0 -0
  outer loop
   vertex 177.5 100 266
   vertex 177.5 101 265
   vertex 177.5 101 266
  endloop
 endfacet
 facet normal -0.70710678118654746 0 -0.70710678118654746
  outer loop
   vertex 173 102 265.5
   vertex 173 101 265.5
   vertex 172.5 101 266
  endloop
 endfacet
 facet normal -0.70710678118654746 0 -0.70710678118654746
  outer loop
   vertex 172.5 102 266
   vertex 173 102 265.5
   vertex 172.5 101 266
  endloop
 endfacet
 facet normal -0.70710678118654746 0 -0.70710678118654746
  outer loop
   vertex 173.5 101 265
   vertex 173 102 265.5
   vertex 173.5 102 265
  endloop
 endfacet
 facet normal -0.70710678118654746 -0 -0.70710678118654746
  outer loop
   vertex 173 101 265.5
   vertex 173 102 265.5
   vertex 173.5 101 265
  endloop
 endfacet
 facet normal 0.70710678118654746 0.70710678118654746 0
  outer loop
   vertex 177 101.5 265
   vertex 176.5 102 266
   vertex 177 101.5 266
  endloop
 endfacet
 facet normal 0.70710678118654746 0.70710678118654746 0
  outer loop
   vertex 176.5 102 265
   vertex 176.5 102 266
   vertex 177 101.5 265
  endloop
 endfacet
 facet normal 0.70710678118654746 0.70710678118654746 -0
  outer loop
   vertex 177.5 101 266
   vertex 177.5 101 265
   vertex 177 101.5 265
  endloop
 endfacet
 facet normal 0.70710678118654746 0.70710678118654746 0
  outer loop
   vertex 177 101.5 266
   vertex 177.5 101 266
   vertex 177 101.5 265
  endloop
 endfacet
 facet normal -0.57735026918962584 0.57735026918962584 -0.57735026918962584
  outer loop
   vertex 173 102 265.5
   vertex 172.5 102 266
   vertex 173 102.5 266
  endloop
 endfacet
 facet normal -0.57735026918962584 0.57735026918962584 -0.57735026918962584
  outer loop
   vertex 173 102.5 266
   vertex 173.5 102 265
   vertex 173 102 265.5
  endloop
 endfacet
 facet normal -0.57735026918962584 0.57735026918962584 -0.57735026918962584
  outer loop
   vertex 173 102.5 266
   vertex 173.5 103 266
   vertex 173.5 102 265
  endloop
 endfacet
 facet normal -1 0 0
  outer loop
   vertex 173.5 103 266
   vertex 173.5 103 265
   vertex 173.5 102 265
  endloop
 endfacet
 facet normal 1 0 0
  outer loop
   vertex 176.5 102 265
   vertex 176.5 103 265
   vertex 176.5 102 266
  endloop
 endfacet
 facet normal 1 0 -0
  outer loop
   vertex 176.5 102 266
   vertex 176.5 103 265
   vertex 176.5 103 266
  endloop
 endfacet
 facet normal -1 0 0
  outer loop
   vertex 173.5 103 265
   vertex 173.5 103 266
   vertex 173.5 104 265
  endloop
 endfacet
 facet normal -1 -0 -0
  outer loop
   vertex 173.5 103 266
   vertex 173.5 104 266
   vertex 173.5 104 265
  endloop
 endfacet
 facet normal 1 0 0
  outer loop
   vertex 176.5 103 265
   vertex 176.5 104 265
   vertex 176.5 103 266
  endloop
 endfacet
 facet normal 1 0 -0
  outer loop
   vertex 176.5 103 266
   vertex 176.5 104 265
   vertex 176.5 104 266
  endloop
 endfacet
 facet normal -0.70710678118654746 0.70710678118654746 0
  outer loop
   vertex 173.5 104 265
   vertex 173.5 104 266
   vertex 174 104.5 266
  endloop
 endfacet
 facet normal -0.70710678118654746 0.70710678118654746 0
  outer loop
   vertex 174 104.5 265
   vertex 173.5 104 265
   vertex 174 104.5 266
  endloop
 endfacet
 facet normal -0.57735026918962584 0.57735026918962584 -0.57735026918962584
  outer loop
   vertex 175 105 265.5
   vertex 174 104.5 266
   vertex 174.5 105 266
  endloop
 endfacet
 facet normal -0.57735026918962584 0.57735026918962584 -0.57735026918962584
  outer loop
   vertex 175 105 265.5
   vertex 175 104.5 265
   vertex 174 104.5 266
  endloop
 endfacet
 facet normal 0 1 0
  outer loop
   vertex 175 104.5 265
   vertex 174 104.5 265
   vertex 174 104.5 266
  endloop
 endfacet
 facet normal 0 0.70710678118654746 -0.70710678118654746
  outer loop
   vertex 175 104.5 265
   vertex 176 105 265.5
   vertex 176 104.5 265
  endloop
 endfacet
 facet normal 0 0.70710678118654746 -0.70710678118654746
  outer loop
   vertex 175 105 265.5
   vertex 176 105 265.5
   vertex 175 104.5 265
  endloop
 endfacet
 facet normal 0.57735026918962584 0.57735026918962584 -0.57735026918962584
  outer loop
   vertex 176 104.5 265
   vertex 176 105 265.5
   vertex 176.5 105 266
  endloop
 endfacet
 facet normal 0.57735026918962584 0.57735026918962584 -0.57735026918962584
  outer loop
   vertex 176 104.5 265
   vertex 176.5 105 266
   vertex 176.5 104 265
  endloop
 endfacet
 facet normal 1 0 0
  outer loop
   vertex 176.5 104 265
   vertex 176.5 105 266
   vertex 176.5 104 266
  endloop
 endfacet
 facet normal -0.57735026918962584 0.57735026918962584 -0.57735026918962584
  outer loop
   vertex 175 105 265.5
   vertex 174.5 105 266
   vertex 175 105.5 266
  endloop
 endfacet
 facet normal 0 0.70710678118654746 -0.70710678118654746
  outer loop
   vertex 176 105 265.5
   vertex 175 105 265.5
   vertex 175 105.5 266
  endloop
 endfacet
 facet normal 0 0.70710678118654746 -0.70710678118654746
  outer loop
   vertex 176 105.5 266
   vertex 176 105 265.5
   vertex 175 105.5 266
  endloop
 endfacet
 facet normal 0.57735026918962584 0.57735026918962584 -0.57735026918962584
  outer loop
   vertex 176.5 105 266
   vertex 176 105 265.5
   vertex 176 105.5 266
  endloop
 endfacet
 facet normal -0.57735026918962584 -0.57735026918962584 -0.57735026918962584
  outer loop
   vertex 174 89 266.5
   vertex 174 88.5 267
   vertex 173.5 89 267
  endloop
 endfacet
 facet normal -0 -0.70710678118654746 -0.70710678118654746
  outer loop
   vertex 174 89 266.5
   vertex 175 89 266.5
   vertex 175 88.5 267
  endloop
 endfacet
 facet normal 0 -0.70710678118654746 -0.70710678118654746
  outer loop
   vertex 174 88.5 267
   vertex 174 89 266.5
   vertex 175 88.5 267
  endloop
 endfacet
 facet normal -0 -0.70710678118654746 -0.70710678118654746
  outer loop
   vertex 175 89 266.5
   vertex 176 89 266.5
   vertex 176 88.5 267
  endloop
 endfacet
 facet normal 0 -0.70710678118654746 -0.70710678118654746
  outer loop
   vertex 175 88.5 267
   vertex 175 89 266.5
   vertex 176 88.5 267
  endloop
 endfacet
 facet normal 0.57735026918962584 -0.57735026918962584 -0.57735026918962584
  outer loop
   vertex 176 88.5 267
   vertex 176 89 266.5
   vertex 176.5 89 267
  endloop
 endfacet
 facet normal -0.70710678118654746 0 -0.70710678118654746
  outer loop
   vertex 174 90 266.5
   vertex 174 89 266.5
   vertex 173.5 89 267
  endloop
 endfacet
 facet normal -0.70710678118654746 0 -0.70710678118654746
  outer loop
   vertex 173.5 90 267
   vertex 174 90 266.5
   vertex 173.5 89 267
  endloop
 endfacet
 facet normal -0.57735026918962584 -0.57735026918962584 -0.57735026918962584
  outer loop
   vertex 175 89.5 266
   vertex 174 90 266.5
   vertex 174.5 90 266
  endloop
 endfacet
 facet normal -0.57735026918962584 -0.57735026918962584 -0.57735026918962584
  outer loop
   vertex 175 89.5 266
   vertex 175 89 266.5
   vertex 174 90 266.5
  endloop
 endfacet
 facet normal 0 0 -1
  outer loop
   vertex 175 89 266.5
   vertex 174 89 266.5
   vertex 174 90 266.5
  endloop
 endfacet
 facet normal 0 -0.70710678118654746 -0.70710678118654746
  outer loop
   vertex 176 89.5 266
   vertex 175 89 266.5
   vertex 175 89.5 266
  endloop
 endfacet
 facet normal 0 -0.70710678118654746 -0.70710678118654746
  outer loop
   vertex 176 89 266.5
   vertex 175 89 266.5
   vertex 176 89.5 266
  endloop
 endfacet
 facet normal 0.57735026918962584 -0.57735026918962584 -0.57735026918962584
  outer loop
   vertex 176.5 90 266
   vertex 177 90 266.5
   vertex 177 89.5 267
  endloop
 endfacet
 facet normal 0.57735026918962584 -0.57735026918962584 -0.57735026918962584
  outer loop
   vertex 176 89.5 266
   vertex 176.5 90 266
   vertex 177 89.5 267
  endloop
 endfacet
 facet normal 0.57735026918962584 -0.57735026918962584 -0.57735026918962584
  outer loop
   vertex 176 89.5 266
   vertex 177 89.5 267
   vertex 176.5 89 267
  endloop
 endfacet
 facet normal 0.57735026918962584 -0.57735026918962584 -0.57735026918962584
  outer loop
   vertex 176 89.5 266
   vertex 176.5 89 267
   vertex 176 89 266.5
  endloop
 endfacet
 facet normal 0.57735026918962584 -0.57735026918962584 -0.57735026918962584
  outer loop
   vertex 177 89.5 267
   vertex 177 90 266.5
   vertex 177.5 90 267
  endloop
 endfacet
 facet normal -0.57735026918962584 -0.57735026918962584 -0.57735026918962584
  outer loop
   vertex 173 91 266.5
   vertex 173 90.5 267
   vertex 172.5 91 267
  endloop
 endfacet
 facet normal -0.57735026918962584 -0.57735026918962584 -0.57735026918962584
  outer loop
   vertex 173.5 90 267
   vertex 173 90.5 267
   vertex 173 91 266.5
  endloop
 endfacet
 facet normal -0.57735026918962584 -0.57735026918962584 -0.57735026918962584
  outer loop
   vertex 174 90 266.5
   vertex 173.5 90 267
   vertex 173 91 266.5
  endloop
 endfacet
 facet normal -0.57735026918962584 -0.57735026918962584 -0.57735026918962584
  outer loop
   vertex 174 90 266.5
   vertex 173 91 266.5
   vertex 173.5 91 266
  endloop
 endfacet
 facet normal -0.57735026918962584 -0.57735026918962584 -0.57735026918962584
  outer loop
   vertex 174 90 266.5
   vertex 173.5 91 266
   vertex 174 90.5 266
  endloop
 endfacet
 facet normal -0.57735026918962584 -0.57735026918962584 -0.57735026918962584
  outer loop
   vertex 174.5 90 266
   vertex 174 90 266.5
   vertex 174 90.5 266
  endloop
 endfacet
 facet normal 0.57735026918962584 -0.57735026918962584 -0.57735026918962584
  outer loop
   vertex 176.5 90 266
   vertex 177 90.5 266
   vertex 177 90 266.5
  endloop
 endfacet
 facet normal 0.57735026918962584 -0.57735026918962584 -0.57735026918962584
  outer loop
   vertex 177.5 91 266
   vertex 178 91 266.5
   vertex 178 90.5 267
  endloop
 endfacet
 facet normal 0.57735026918962584 -0.57735026918962584 -0.57735026918962584
  outer loop
   vertex 177 90.5 266
   vertex 177.5 91 266
   vertex 178 90.5 267
  endloop
 endfacet
 facet normal 0.57735026918962584 -0.57735026918962584 -0.57735026918962584
  outer loop
   vertex 177 90.5 266
   vertex 178 90.5 267
   vertex 177.5 90 267
  endloop
 endfacet
 facet normal 0.57735026918962584 -0.57735026918962584 -0.57735026918962584
  outer loop
   vertex 177 90.5 266
   vertex 177.5 90 267
   vertex 177 90 266.5
  endloop
 endfacet
 facet normal 0.57735026918962584 -0.57735026918962584 -0.57735026918962584
  outer loop
   vertex 178 90.5 267
   vertex 178 91 266.5
   vertex 178.5 91 267
  endloop
 endfacet
 facet normal -0.57735026918962584 -0.57735026918962584 -0.57735026918962584
  outer loop
   vertex 173 91.5 266
   vertex 173 91 266.5
   vertex 172.5 91 267
  endloop
 endfacet
 facet normal -0.57735026918962584 -0.57735026918962584 -0.57735026918962584
  outer loop
   vertex 173 91.5 266
   vertex 172.5 91 267
   vertex 172.5 92 266
  endloop
 endfacet
 facet normal -1 0 0
  outer loop
   vertex 172.5 92 266
   vertex 172.5 91 267
   vertex 172.5 92 267
  endloop
 endfacet
 facet normal -0.57735026918962584 -0.57735026918962584 -0.57735026918962584
  outer loop
   vertex 173.5 91 266
   vertex 173 91 266.5
   vertex 173 91.5 266
  endloop
 endfacet
 facet normal 0.57735026918962584 -0.57735026918962584 -0.57735026918962584
  outer loop
   vertex 177.5 91 266
   vertex 178 91.5 266
   vertex 178 91 266.5
  endloop
 endfacet
 facet normal 0.57735026918962584 -0.57735026918962584 -0.57735026918962584
  outer loop
   vertex 178 91 266.5
   vertex 178 91.5 266
   vertex 178.5 92 266
  endloop
 endfacet
 facet normal 0.57735026918962584 -0.57735026918962584 -0.57735026918962584
  outer loop
   vertex 178 91 266.5
   vertex 178.5 92 266
   vertex 178.5 91 267
  endloop
 endfacet
 facet normal 1 0 -0
  outer loop
   vertex 178.5 91 267
   vertex 178.5 92 266
   vertex 178.5 92 267
  endloop
 endfacet
 facet normal -1 0 0
  outer loop
   vertex 172.5 92 266
   vertex 172.5 92 267
   vertex 172.5 93 266
  endloop
 endfacet
 facet normal -1 -0 -0
  outer loop
   vertex 172.5 92 267
   vertex 172.5 93 267
   vertex 172.5 93 266
  endloop
 endfacet
 facet normal 0.70710678118654746 -0.70710678118654746 0
  outer loop
   vertex 178.5 92 266
   vertex 179 92.5 267
   vertex 178.5 92 267
  endloop
 endfacet
 facet normal 0.70710678118654746 -0.70710678118654746 0
  outer loop
   vertex 179 92.5 266
   vertex 179 92.5 267
   vertex 178.5 92 266
  endloop
 endfacet
 facet normal 0.70710678118654746 -0.70710678118654746 0
  outer loop
   vertex 179 92.5 267
   vertex 179 92.5 266
   vertex 179.5 93 266
  endloop
 endfacet
 facet normal 0.70710678118654746 -0.70710678118654746 0
  outer loop
   vertex 179.5 93 267
   vertex 179 92.5 267
   vertex 179.5 93 266
  endloop
 endfacet
 facet normal -1 0 0
  outer loop
   vertex 172.5 93 266
   vertex 172.5 93 267
   vertex 172.5 94 266
  endloop
 endfacet
 facet normal -1 -0 -0
  outer loop
   vertex 172.5 93 267
   vertex 172.5 94 267
   vertex 172.5 94 266
  endloop
 endfacet
 facet normal 0.57735026918962584 -0.57735026918962584 -0.57735026918962584
  outer loop
   vertex 180 93.5 267
   vertex 179.5 94 266
   vertex 180 94 266.5
  endloop
 endfacet
 facet normal 0.57735026918962584 -0.57735026918962584 -0.57735026918962584
  outer loop
   vertex 180 93.5 267
   vertex 179.5 93 267
   vertex 179.5 94 266
  endloop
 endfacet
 facet normal 1 0 0
  outer loop
   vertex 179.5 93 267
   vertex 179.5 93 266
   vertex 179.5 94 266
  endloop
 endfacet
 facet normal 0.57735026918962584 -0.57735026918962584 -0.57735026918962584
  outer loop
   vertex 180 93.5 267
   vertex 180 94 266.5
   vertex 180.5 94 267
  endloop
 endfacet
 facet normal -0.57735026918962584 0.57735026918962584 -0.57735026918962584
  outer loop
   vertex 173 95 266.5
   vertex 173 94.5 266
   vertex 172.5 94 266
  endloop
 endfacet
 facet normal -0.57735026918962584 0.57735026918962584 -0.57735026918962584
  outer loop
   vertex 173 95 266.5
   vertex 172.5 94 266
   vertex 172.5 95 267
  endloop
 endfacet
 facet normal -1 0 0
  outer loop
   vertex 172.5 95 267
   vertex 172.5 94 266
   vertex 172.5 94 267
  endloop
 endfacet
 facet normal -0.57735026918962584 0.57735026918962584 -0.57735026918962584
  outer loop
   vertex 173 94.5 266
   vertex 173 95 266.5
   vertex 173.5 95 266
  endloop
 endfacet
 facet normal 0.57735026918962584 -0.57735026918962584 -0.57735026918962584
  outer loop
   vertex 179.5 94 266
   vertex 180 94.5 266
   vertex 180 94 266.5
  endloop
 endfacet
 facet normal 0.57735026918962584 -0.57735026918962584 -0.57735026918962584
  outer loop
   vertex 180 94 266.5
   vertex 180 94.5 266
   vertex 180.5 95 266
  endloop
 endfacet
 facet normal 0.57735026918962584 -0.57735026918962584 -0.57735026918962584
  outer loop
   vertex 180 94 266.5
   vertex 180.5 95 266
   vertex 180.5 94 267
  endloop
 endfacet
 facet normal 1 0 -0
  outer loop
   vertex 180.5 94 267
   vertex 180.5 95 266
   vertex 180.5 95 267
  endloop
 endfacet
 facet normal -0.57735026918962584 0.57735026918962584 -0.57735026918962584
  outer loop
   vertex 173 95 266.5
   vertex 172.5 95 267
   vertex 173 95.5 267
  endloop
 endfacet
 facet normal -0.57735026918962584 0.57735026918962584 -0.57735026918962584
  outer loop
   vertex 173 95.5 267
   vertex 173.5 95 266
   vertex 173 95 266.5
  endloop
 endfacet
 facet normal -0.57735026918962584 0.57735026918962584 -0.57735026918962584
  outer loop
   vertex 173 95.5 267
   vertex 173.5 96 267
   vertex 173.5 95 266
  endloop
 endfacet
 facet normal -1 0 0
  outer loop
   vertex 173.5 96 267
   vertex 173.5 96 266
   vertex 173.5 95 266
  endloop
 endfacet
 facet normal 0.57735026918962584 0.57735026918962584 -0.57735026918962584
  outer loop
   vertex 180 95.5 266
   vertex 179.5 96 266
   vertex 180 96 266.5
  endloop
 endfacet
 facet normal 0.57735026918962584 0.57735026918962584 -0.57735026918962584
  outer loop
   vertex 180 95.5 266
   vertex 180 96 266.5
   vertex 180.5 96 267
  endloop
 endfacet
 facet normal 0.57735026918962584 0.57735026918962584 -0.57735026918962584
  outer loop
   vertex 180 95.5 266
   vertex 180.5 96 267
   vertex 180.5 95 266
  endloop
 endfacet
 facet normal 1 0 0
  outer loop
   vertex 180.5 95 266
   vertex 180.5 96 267
   vertex 180.5 95 267
  endloop
 endfacet
 facet normal -1 0 0
  outer loop
   vertex 173.5 96 266
   vertex 173.5 96 267
   vertex 173.5 97 266
  endloop
 endfacet
 facet normal -1 -0 -0
  outer loop
   vertex 173.5 96 267
   vertex 173.5 97 267
   vertex 173.5 97 266
  endloop
 endfacet
 facet normal 0.57735026918962584 0.57735026918962584 -0.57735026918962584
  outer loop
   vertex 180 96 266.5
   vertex 179.5 97 267
   vertex 180 96.5 267
  endloop
 endfacet
 facet normal 0.57735026918962584 0.57735026918962584 -0.57735026918962584
  outer loop
   vertex 180 96 266.5
   vertex 179.5 96 266
   vertex 179.5 97 267
  endloop
 endfacet
 facet normal 1 0 -0
  outer loop
   vertex 179.5 96 266
   vertex 179.5 97 266
   vertex 179.5 97 267
  endloop
 endfacet
 facet normal 0.57735026918962584 0.57735026918962584 -0.57735026918962584
  outer loop
   vertex 180.5 96 267
   vertex 180 96 266.5
   vertex 180 96.5 267
  endloop
 endfacet
 facet normal -1 0 0
  outer loop
   vertex 173.5 97 266
   vertex 173.5 97 267
   vertex 173.5 98 266
  endloop
 endfacet
 facet normal -1 -0 -0
  outer loop
   vertex 173.5 97 267
   vertex 173.5 98 267
   vertex 173.5 98 266
  endloop
 endfacet
 facet normal 0.70710678118654746 0.70710678118654746 0
  outer loop
   vertex 179 97.5 266
   vertex 178.5 98 267
   vertex 179 97.5 267
  endloop
 endfacet
 facet normal 0.70710678118654746 0.70710678118654746 0
  outer loop
   vertex 178.5 98 266
   vertex 178.5 98 267
   vertex 179 97.5 266
  endloop
 endfacet
 facet normal 0.70710678118654746 0.70710678118654746 -0
  outer loop
   vertex 179.5 97 267
   vertex 179.5 97 266
   vertex 179 97.5 266
  endloop
 endfacet
 facet normal 0.70710678118654746 0.70710678118654746 0
  outer loop
   vertex 179 97.5 267
   vertex 179.5 97 267
   vertex 179 97.5 266
  endloop
 endfacet
 facet normal -1 0 0
  outer loop
   vertex 173.5 98 266
   vertex 173.5 98 267
   vertex 173.5 99 266
  endloop
 endfacet
 facet normal -1 -0 -0
  outer loop
   vertex 173.5 98 267
   vertex 173.5 99 267
   vertex 173.5 99 266
  endloop
 endfacet
 facet normal 0.70710678118654746 0.70710678118654746 0
  outer loop
   vertex 178 98.5 266
   vertex 177.5 99 267
   vertex 178 98.5 267
  endloop
 endfacet
 facet normal 0.70710678118654746 0.70710678118654746 0
  outer loop
   vertex 177.5 99 266
   vertex 177.5 99 267
   vertex 178 98.5 266
  endloop
 endfacet
 facet normal 0.70710678118654746 0.70710678118654746 -0
  outer loop
   vertex 178.5 98 267
   vertex 178.5 98 266
   vertex 178 98.5 266
  endloop
 endfacet
 facet normal 0.70710678118654746 0.70710678118654746 0
  outer loop
   vertex 178 98.5 267
   vertex 178.5 98 267
   vertex 178 98.5 266
  endloop
 endfacet
 facet normal -1 0 0
  outer loop
   vertex 173.5 99 266
   vertex 173.5 99 267
   vertex 173.5 100 266
  endloop
 endfacet
 facet normal -1 -0 -0
  outer loop
   vertex 173.5 99 267
   vertex 173.5 100 267
   vertex 173.5 100 266
  endloop
 endfacet
 facet normal 1 0 0
  outer loop
   vertex 177.5 99 266
   vertex 177.5 100 266
   vertex 177.5 99 267
  endloop
 endfacet
 facet normal 1 0 -0
  outer loop
   vertex 177.5 99 267
   vertex 177.5 100 266
   vertex 177.5 100 267
  endloop
 endfacet
 facet normal -0.70710678118654746 -0.70710678118654746 -0
  outer loop
   vertex 173 100.5 266
   vertex 173 100.5 267
   vertex 172.5 101 267
  endloop
 endfacet
 facet normal -0.70710678118654746 -0.70710678118654746 0
  outer loop
   vertex 172.5 101 266
   vertex 173 100.5 266
   vertex 172.5 101 267
  endloop
 endfacet
 facet normal -0.70710678118654746 -0.70710678118654746 0
  outer loop
   vertex 173.5 100 267
   vertex 173 100.5 266
   vertex 173.5 100 266
  endloop
 endfacet
 facet normal -0.70710678118654746 -0.70710678118654746 0
  outer loop
   vertex 173 100.5 267
   vertex 173 100.5 266
   vertex 173.5 100 267
  endloop
 endfacet
 facet normal 0.57735026918962584 0.57735026918962584 0.57735026918962584
  outer loop
   vertex 177 101 266.5
   vertex 176.5 101 267
   vertex 177 100.5 267
  endloop
 endfacet
 facet normal 0.57735026918962584 0.57735026918962584 0.57735026918962584
  outer loop
   vertex 177 101 266.5
   vertex 177 100.5 267
   vertex 177.5 100 267
  endloop
 endfacet
 facet normal 0.57735026918962584 0.57735026918962584 0.57735026918962584
  outer loop
   vertex 177 101 266.5
   vertex 177.5 100 267
   vertex 177.5 101 266
  endloop
 endfacet
 facet normal 1 0 0
  outer loop
   vertex 177.5 101 266
   vertex 177.5 100 267
   vertex 177.5 100 266
  endloop
 endfacet
 facet normal -1 0 0
  outer loop
   vertex 172.5 101 266
   vertex 172.5 101 267
   vertex 172.5 102 266
  endloop
 endfacet
 facet normal -1 -0 -0
  outer loop
   vertex 172.5 101 267
   vertex 172.5 102 267
   vertex 172.5 102 266
  endloop
 endfacet
 facet normal 0.57735026918962584 0.57735026918962584 0.57735026918962584
  outer loop
   vertex 177 101.5 266
   vertex 176.5 101 267
   vertex 177 101 266.5
  endloop
 endfacet
 facet normal 0.57735026918962584 0.57735026918962584 0.57735026918962584
  outer loop
   vertex 177 101.5 266
   vertex 176.5 102 266
   vertex 176.5 101 267
  endloop
 endfacet
 facet normal 1 0 0
  outer loop
   vertex 176.5 102 266
   vertex 176.5 102 267
   vertex 176.5 101 267
  endloop
 endfacet
 facet normal 0.57735026918962584 0.57735026918962584 0.57735026918962584
  outer loop
   vertex 177.5 101 266
   vertex 177 101.5 266
   vertex 177 101 266.5
  endloop
 endfacet
 facet normal -0.57735026918962584 0.57735026918962584 -0.57735026918962584
  outer loop
   vertex 173 103 266.5
   vertex 173 102.5 266
   vertex 172.5 102 266
  endloop
 endfacet
 facet normal -0.57735026918962584 0.57735026918962584 -0.57735026918962584
  outer loop
   vertex 173 103 266.5
   vertex 172.5 102 266
   vertex 172.5 103 267
  endloop
 endfacet
 facet normal -1 0 0
  outer loop
   vertex 172.5 103 267
   vertex 172.5 102 266
   vertex 172.5 102 267
  endloop
 endfacet
 facet normal -0.57735026918962584 0.57735026918962584 -0.57735026918962584
  outer loop
   vertex 173 102.5 266
   vertex 173 103 266.5
   vertex 173.5 103 266
  endloop
 endfacet
 facet normal 1 0 0
  outer loop
   vertex 176.5 102 266
   vertex 176.5 103 266
   vertex 176.5 102 267
  endloop
 endfacet
 facet normal 1 0 -0
  outer loop
   vertex 176.5 102 267
   vertex 176.5 103 266
   vertex 176.5 103 267
  endloop
 endfacet
 facet normal -0.57735026918962584 0.57735026918962584 -0.57735026918962584
  outer loop
   vertex 173 103 266.5
   vertex 172.5 103 267
   vertex 173 103.5 267
  endloop
 endfacet
 facet normal -0.57735026918962584 0.57735026918962584 -0.57735026918962584
  outer loop
   vertex 173 103.5 267
   vertex 173.5 103 266
   vertex 173 103 266.5
  endloop
 endfacet
 facet normal -0.57735026918962584 0.57735026918962584 -0.57735026918962584
  outer loop
   vertex 173 103.5 267
   vertex 173.5 104 267
   vertex 173.5 103 266
  endloop
 endfacet
 facet normal -1 0 0
  outer loop
   vertex 173.5 104 267
   vertex 173.5 104 266
   vertex 173.5 103 266
  endloop
 endfacet
 facet normal 1 0 0
  outer loop
   vertex 176.5 103 266
   vertex 176.5 104 266
   vertex 176.5 103 267
  endloop
 endfacet
 facet normal 1 0 -0
  outer loop
   vertex 176.5 103 267
   vertex 176.5 104 266
   vertex 176.5 104 267
  endloop
 endfacet
 facet normal -0.57735026918962584 0.57735026918962584 -0.57735026918962584
  outer loop
   vertex 174 105 266.5
   vertex 174 104.5 266
   vertex 173.5 104 266
  endloop
 endfacet
 facet normal -0.57735026918962584 0.57735026918962584 -0.57735026918962584
  outer loop
   vertex 174 105 266.5
   vertex 173.5 104 266
   vertex 173.5 105 267
  endloop
 endfacet
 facet normal -1 0 0
  outer loop
   vertex 173.5 105 267
   vertex 173.5 104 266
   vertex 173.5 104 267
  endloop
 endfacet
 facet normal -0.57735026918962584 0.57735026918962584 -0.57735026918962584
  outer loop
   vertex 174 104.5 266
   vertex 174 105 266.5
   vertex 174.5 105 266
  endloop
 endfacet
 facet normal 1 0 0
  outer loop
   vertex 176.5 104 266
   vertex 176.5 105 266
   vertex 176.5 104 267
  endloop
 endfacet
 facet normal 1 0 -0
  outer loop
   vertex 176.5 104 267
   vertex 176.5 105 266
   vertex 176.5 105 267
  endloop
 endfacet
 facet normal -0.57735026918962584 0.57735026918962584 -0.57735026918962584
  outer loop
   vertex 174 105 266.5
   vertex 173.5 105 267
   vertex 174 105.5 267
  endloop
 endfacet
 facet normal -0.57735026918962584 0.57735026918962584 -0.57735026918962584
  outer loop
   vertex 174.5 105 266
   vertex 174 105 266.5
   vertex 174 105.5 267
  endloop
 endfacet
 facet normal -0.57735026918962584 0.57735026918962584 -0.57735026918962584
  outer loop
   vertex 174.5 105 266
   vertex 174 105.5 267
   vertex 175 105.5 266
  endloop
 endfacet
 facet normal -0 1 0
  outer loop
   vertex 175 105.5 266
   vertex 174 105.5 267
   vertex 175 105.5 267
  endloop
 endfacet
 facet normal 0 1 0
  outer loop
   vertex 176 105.5 266
   vertex 175 105.5 266
   vertex 176 105.5 267
  endloop
 endfacet
 facet normal -0 1 0
  outer loop
   vertex 175 105.5 266
   vertex 175 105.5 267
   vertex 176 105.5 267
  endloop
 endfacet
 facet normal 0.70710678118654746 0.70710678118654746 -0
  outer loop
   vertex 176.5 105 267
   vertex 176.5 105 266
   vertex 176 105.5 266
  endloop
 endfacet
 facet normal 0.70710678118654746 0.70710678118654746 0
  outer loop
   vertex 176 105.5 267
   vertex 176.5 105 267
   vertex 176 105.5 266
  endloop
 endfacet
 facet normal -0.70710678118654746 -0.70710678118654746 -0
  outer loop
   vertex 174 88.5 267
   vertex 174 88.5 268
   vertex 173.5 89 268
  endloop
 endfacet
 facet normal -0.70710678118654746 -0.70710678118654746 0
  outer loop
   vertex 173.5 89 267
   vertex 174 88.5 267
   vertex 173.5 89 268
  endloop
 endfacet
 facet normal 0 -1 -0
  outer loop
   vertex 175 88.5 267
   vertex 175 88.5 268
   vertex 174 88.5 267
  endloop
 endfacet
 facet normal -0 -1 0
  outer loop
   vertex 174 88.5 267
   vertex 175 88.5 268
   vertex 174 88.5 268
  endloop
 endfacet
 facet normal 0 -1 -0
  outer loop
   vertex 176 88.5 267
   vertex 176 88.5 268
   vertex 175 88.5 267
  endloop
 endfacet
 facet normal -0 -1 0
  outer loop
   vertex 175 88.5 267
   vertex 176 88.5 268
   vertex 175 88.5 268
  endloop
 endfacet
 facet normal 0.70710678118654746 -0.70710678118654746 0
  outer loop
   vertex 176 88.5 268
   vertex 176 88.5 267
   vertex 176.5 89 267
  endloop
 endfacet
 facet normal 0.70710678118654746 -0.70710678118654746 0
  outer loop
   vertex 176.5 89 268
   vertex 176 88.5 268
   vertex 176.5 89 267
  endloop
 endfacet
 facet normal -0.57735026918962584 -0.57735026918962584 -0.57735026918962584
  outer loop
   vertex 173 90 267.5
   vertex 173 89.5 268
   vertex 172.5 90 268
  endloop
 endfacet
 facet normal -0.57735026918962584 -0.57735026918962584 -0.57735026918962584
  outer loop
   vertex 173 90 267.5
   vertex 173.5 89 268
   vertex 173 89.5 268
  endloop
 endfacet
 facet normal -0.57735026918962584 -0.57735026918962584 -0.57735026918962584
  outer loop
   vertex 173 90 267.5
   vertex 173.5 90 267
   vertex 173.5 89 268
  endloop
 endfacet
 facet normal -1 0 0
  outer loop
   vertex 173.5 90 267
   vertex 173.5 89 267
   vertex 173.5 89 268
  endloop
 endfacet
 facet normal 0.70710678118654746 -0.70710678118654746 0
  outer loop
   vertex 176.5 89 267
   vertex 177 89.5 268
   vertex 176.5 89 268
  endloop
 endfacet
 facet normal 0.70710678118654746 -0.70710678118654746 0
  outer loop
   vertex 177 89.5 267
   vertex 177 89.5 268
   vertex 176.5 89 267
  endloop
 endfacet
 facet normal 0.70710678118654746 -0.70710678118654746 0
  outer loop
   vertex 177 89.5 268
   vertex 177 89.5 267
   vertex 177.5 90 267
  endloop
 endfacet
 facet normal 0.70710678118654746 -0.70710678118654746 0
  outer loop
   vertex 177.5 90 268
   vertex 177 89.5 268
   vertex 177.5 90 267
  endloop
 endfacet
 facet normal -0.57735026918962584 -0.57735026918962584 -0.57735026918962584
  outer loop
   vertex 173 90.5 267
   vertex 173 90 267.5
   vertex 172.5 90 268
  endloop
 endfacet
 facet normal -0.57735026918962584 -0.57735026918962584 -0.57735026918962584
  outer loop
   vertex 173 90.5 267
   vertex 172.5 90 268
   vertex 172.5 91 267
  endloop
 endfacet
 facet normal -1 0 0
  outer loop
   vertex 172.5 91 267
   vertex 172.5 90 268
   vertex 172.5 91 268
  endloop
 endfacet
 facet normal -0.57735026918962584 -0.57735026918962584 -0.57735026918962584
  outer loop
   vertex 173.5 90 267
   vertex 173 90 267.5
   vertex 173 90.5 267
  endloop
 endfacet
 facet normal 0.70710678118654746 -0.70710678118654746 0
  outer loop
   vertex 177.5 90 267
   vertex 178 90.5 268
   vertex 177.5 90 268
  endloop
 endfacet
 facet normal 0.70710678118654746 -0.70710678118654746 0
  outer loop
   vertex 178 90.5 267
   vertex 178 90.5 268
   vertex 177.5 90 267
  endloop
 endfacet
 facet normal 0.70710678118654746 -0.70710678118654746 0
  outer loop
   vertex 178 90.5 268
   vertex 178 90.5 267
   vertex 178.5 91 267
  endloop
 endfacet
 facet normal 0.70710678118654746 -0.70710678118654746 0
  outer loop
   vertex 178.5 91 268
   vertex 178 90.5 268
   vertex 178.5 91 267
  endloop
 endfacet
 facet normal -0.57735026918962584 -0.57735026918962584 -0.57735026918962584
  outer loop
   vertex 172 92 267.5
   vertex 172 91.5 268
   vertex 171.5 92 268
  endloop
 endfacet
 facet normal -0.57735026918962584 -0.57735026918962584 -0.57735026918962584
  outer loop
   vertex 172 92 267.5
   vertex 172.5 91 268
   vertex 172 91.5 268
  endloop
 endfacet
 facet normal -0.57735026918962584 -0.57735026918962584 -0.57735026918962584
  outer loop
   vertex 172 92 267.5
   vertex 172.5 92 267
   vertex 172.5 91 268
  endloop
 endfacet
 facet normal -1 0 0
  outer loop
   vertex 172.5 92 267
   vertex 172.5 91 267
   vertex 172.5 91 268
  endloop
 endfacet
 facet normal 0.57735026918962584 -0.57735026918962584 -0.57735026918962584
  outer loop
   vertex 179 91.5 268
   vertex 178.5 92 267
   vertex 179 92 267.5
  endloop
 endfacet
 facet normal 0.57735026918962584 -0.57735026918962584 -0.57735026918962584
  outer loop
   vertex 179 91.5 268
   vertex 178.5 91 268
   vertex 178.5 92 267
  endloop
 endfacet
 facet normal 1 0 0
  outer loop
   vertex 178.5 91 268
   vertex 178.5 91 267
   vertex 178.5 92 267
  endloop
 endfacet
 facet normal 0.57735026918962584 -0.57735026918962584 -0.57735026918962584
  outer loop
   vertex 179 91.5 268
   vertex 179 92 267.5
   vertex 179.5 92 268
  endloop
 endfacet
 facet normal -0.70710678118654746 0 -0.70710678118654746
  outer loop
   vertex 172 93 267.5
   vertex 172 92 267.5
   vertex 171.5 92 268
  endloop
 endfacet
 facet normal -0.70710678118654746 0 -0.70710678118654746
  outer loop
   vertex 171.5 93 268
   vertex 172 93 267.5
   vertex 171.5 92 268
  endloop
 endfacet
 facet normal -0.70710678118654746 0 -0.70710678118654746
  outer loop
   vertex 172.5 92 267
   vertex 172 93 267.5
   vertex 172.5 93 267
  endloop
 endfacet
 facet normal -0.70710678118654746 -0 -0.70710678118654746
  outer loop
   vertex 172 92 267.5
   vertex 172 93 267.5
   vertex 172.5 92 267
  endloop
 endfacet
 facet normal 0.57735026918962584 -0.57735026918962584 -0.57735026918962584
  outer loop
   vertex 178.5 92 267
   vertex 179 92.5 267
   vertex 179 92 267.5
  endloop
 endfacet
 facet normal 0.57735026918962584 -0.57735026918962584 -0.57735026918962584
  outer loop
   vertex 179 92 267.5
   vertex 179 92.5 267
   vertex 179.5 93 267
  endloop
 endfacet
 facet normal 0.57735026918962584 -0.57735026918962584 -0.57735026918962584
  outer loop
   vertex 179 92 267.5
   vertex 179.5 93 267
   vertex 179.5 92 268
  endloop
 endfacet
 facet normal 1 0 -0
  outer loop
   vertex 179.5 92 268
   vertex 179.5 93 267
   vertex 179.5 93 268
  endloop
 endfacet
 facet normal -0.70710678118654746 0 -0.70710678118654746
  outer loop
   vertex 172 94 267.5
   vertex 172 93 267.5
   vertex 171.5 93 268
  endloop
 endfacet
 facet normal -0.70710678118654746 0 -0.70710678118654746
  outer loop
   vertex 171.5 94 268
   vertex 172 94 267.5
   vertex 171.5 93 268
  endloop
 endfacet
 facet normal -0.70710678118654746 0 -0.70710678118654746
  outer loop
   vertex 172.5 93 267
   vertex 172 94 267.5
   vertex 172.5 94 267
  endloop
 endfacet
 facet normal -0.70710678118654746 -0 -0.70710678118654746
  outer loop
   vertex 172 93 267.5
   vertex 172 94 267.5
   vertex 172.5 93 267
  endloop
 endfacet
 facet normal 0.70710678118654746 -0.70710678118654746 0
  outer loop
   vertex 179.5 93 267
   vertex 180 93.5 268
   vertex 179.5 93 268
  endloop
 endfacet
 facet normal 0.70710678118654746 -0.70710678118654746 0
  outer loop
   vertex 180 93.5 267
   vertex 180 93.5 268
   vertex 179.5 93 267
  endloop
 endfacet
 facet normal 0.70710678118654746 -0.70710678118654746 0
  outer loop
   vertex 180 93.5 268
   vertex 180 93.5 267
   vertex 180.5 94 267
  endloop
 endfacet
 facet normal 0.70710678118654746 -0.70710678118654746 0
  outer loop
   vertex 180.5 94 268
   vertex 180 93.5 268
   vertex 180.5 94 267
  endloop
 endfacet
 facet normal -0.70710678118654746 0 -0.70710678118654746
  outer loop
   vertex 172 95 267.5
   vertex 172 94 267.5
   vertex 171.5 94 268
  endloop
 endfacet
 facet normal -0.70710678118654746 0 -0.70710678118654746
  outer loop
   vertex 171.5 95 268
   vertex 172 95 267.5
   vertex 171.5 94 268
  endloop
 endfacet
 facet normal -0.70710678118654746 0 -0.70710678118654746
  outer loop
   vertex 172.5 94 267
   vertex 172 95 267.5
   vertex 172.5 95 267
  endloop
 endfacet
 facet normal -0.70710678118654746 -0 -0.70710678118654746
  outer loop
   vertex 172 94 267.5
   vertex 172 95 267.5
   vertex 172.5 94 267
  endloop
 endfacet
 facet normal 1 0 0
  outer loop
   vertex 180.5 94 267
   vertex 180.5 95 267
   vertex 180.5 94 268
  endloop
 endfacet
 facet normal 1 0 -0
  outer loop
   vertex 180.5 94 268
   vertex 180.5 95 267
   vertex 180.5 95 268
  endloop
 endfacet
 facet normal -0.57735026918962584 0.57735026918962584 -0.57735026918962584
  outer loop
   vertex 172 95 267.5
   vertex 171.5 95 268
   vertex 172 95.5 268
  endloop
 endfacet
 facet normal -0.57735026918962584 0.57735026918962584 -0.57735026918962584
  outer loop
   vertex 173 96 267.5
   vertex 172 95.5 268
   vertex 172.5 96 268
  endloop
 endfacet
 facet normal -0.57735026918962584 0.57735026918962584 -0.57735026918962584
  outer loop
   vertex 173 95.5 267
   vertex 172 95.5 268
   vertex 173 96 267.5
  endloop
 endfacet
 facet normal -0.57735026918962584 0.57735026918962584 -0.57735026918962584
  outer loop
   vertex 173 95.5 267
   vertex 172 95 267.5
   vertex 172 95.5 268
  endloop
 endfacet
 facet normal -0.57735026918962584 0.57735026918962584 -0.57735026918962584
  outer loop
   vertex 173 95.5 267
   vertex 172.5 95 267
   vertex 172 95 267.5
  endloop
 endfacet
 facet normal -0.57735026918962584 0.57735026918962584 -0.57735026918962584
  outer loop
   vertex 173 95.5 267
   vertex 173 96 267.5
   vertex 173.5 96 267
  endloop
 endfacet
 facet normal 1 0 0
  outer loop
   vertex 180.5 95 267
   vertex 180.5 96 267
   vertex 180.5 95 268
  endloop
 endfacet
 facet normal 1 0 -0
  outer loop
   vertex 180.5 95 268
   vertex 180.5 96 267
   vertex 180.5 96 268
  endloop
 endfacet
 facet normal -0.70710678118654746 0 -0.70710678118654746
  outer loop
   vertex 173 97 267.5
   vertex 173 96 267.5
   vertex 172.5 96 268
  endloop
 endfacet
 facet normal -0.70710678118654746 0 -0.70710678118654746
  outer loop
   vertex 172.5 97 268
   vertex 173 97 267.5
   vertex 172.5 96 268
  endloop
 endfacet
 facet normal -0.70710678118654746 0 -0.70710678118654746
  outer loop
   vertex 173.5 96 267
   vertex 173 97 267.5
   vertex 173.5 97 267
  endloop
 endfacet
 facet normal -0.70710678118654746 -0 -0.70710678118654746
  outer loop
   vertex 173 96 267.5
   vertex 173 97 267.5
   vertex 173.5 96 267
  endloop
 endfacet
 facet normal 0.57735026918962584 0.57735026918962584 -0.57735026918962584
  outer loop
   vertex 180 96.5 267
   vertex 179.5 97 267
   vertex 180 97 267.5
  endloop
 endfacet
 facet normal 0.57735026918962584 0.57735026918962584 -0.57735026918962584
  outer loop
   vertex 180 96.5 267
   vertex 180 97 267.5
   vertex 180.5 97 268
  endloop
 endfacet
 facet normal 0.57735026918962584 0.57735026918962584 -0.57735026918962584
  outer loop
   vertex 180 96.5 267
   vertex 180.5 97 268
   vertex 180.5 96 267
  endloop
 endfacet
 facet normal 1 0 0
  outer loop
   vertex 180.5 96 267
   vertex 180.5 97 268
   vertex 180.5 96 268
  endloop
 endfacet
 facet normal -0.70710678118654746 0 -0.70710678118654746
  outer loop
   vertex 173 98 267.5
   vertex 173 97 267.5
   vertex 172.5 97 268
  endloop
 endfacet
 facet normal -0.70710678118654746 0 -0.70710678118654746
  outer loop
   vertex 172.5 98 268
   vertex 173 98 267.5
   vertex 172.5 97 268
  endloop
 endfacet
 facet normal -0.70710678118654746 0 -0.70710678118654746
  outer loop
   vertex 173.5 97 267
   vertex 173 98 267.5
   vertex 173.5 98 267
  endloop
 endfacet
 facet normal -0.70710678118654746 -0 -0.70710678118654746
  outer loop
   vertex 173 97 267.5
   vertex 173 98 267.5
   vertex 173.5 97 267
  endloop
 endfacet
 facet normal 0.57735026918962584 0.57735026918962584 -0.57735026918962584
  outer loop
   vertex 179 97.5 267
   vertex 178.5 98 267
   vertex 179 98 267.5
  endloop
 endfacet
 facet normal 0.57735026918962584 0.57735026918962584 -0.57735026918962584
  outer loop
   vertex 179 97.5 267
   vertex 179 98 267.5
   vertex 179.5 98 268
  endloop
 endfacet
 facet normal 0.57735026918962584 0.57735026918962584 -0.57735026918962584
  outer loop
   vertex 179.5 97 267
   vertex 179 97.5 267
   vertex 179.5 98 268
  endloop
 endfacet
 facet normal 0.57735026918962584 0.57735026918962584 -0.57735026918962584
  outer loop
   vertex 179.5 97 267
   vertex 179.5 98 268
   vertex 180 97.5 268
  endloop
 endfacet
 facet normal 0.57735026918962584 0.57735026918962584 -0.57735026918962584
  outer loop
   vertex 179.5 97 267
   vertex 180 97.5 268
   vertex 180 97 267.5
  endloop
 endfacet
 facet normal 0.57735026918962584 0.57735026918962584 -0.57735026918962584
  outer loop
   vertex 180.5 97 268
   vertex 180 97 267.5
   vertex 180 97.5 268
  endloop
 endfacet
 facet normal -0.57735026918962584 0.57735026918962584 -0.57735026918962584
  outer loop
   vertex 173 98 267.5
   vertex 172.5 98 268
   vertex 173 98.5 268
  endloop
 endfacet
 facet normal -0.57735026918962584 0.57735026918962584 -0.57735026918962584
  outer loop
   vertex 173 98.5 268
   vertex 173.5 98 267
   vertex 173 98 267.5
  endloop
 endfacet
 facet normal -0.57735026918962584 0.57735026918962584 -0.57735026918962584
  outer loop
   vertex 173 98.5 268
   vertex 173.5 99 268
   vertex 173.5 98 267
  endloop
 endfacet
 facet normal -1 0 0
  outer loop
   vertex 173.5 99 268
   vertex 173.5 99 267
   vertex 173.5 98 267
  endloop
 endfacet
 facet normal 0.70710678118654746 0.70710678118654746 0
  outer loop
   vertex 178 98.5 267
   vertex 177.5 99 268
   vertex 178 98.5 268
  endloop
 endfacet
 facet normal 0.70710678118654746 0.70710678118654746 0
  outer loop
   vertex 177.5 99 267
   vertex 177.5 99 268
   vertex 178 98.5 267
  endloop
 endfacet
 facet normal 0.57735026918962584 0.57735026918962584 -0.57735026918962584
  outer loop
   vertex 179 98 267.5
   vertex 178.5 98 267
   vertex 178 98.5 267
  endloop
 endfacet
 facet normal 0.57735026918962584 0.57735026918962584 -0.57735026918962584
  outer loop
   vertex 179 98 267.5
   vertex 178 98.5 267
   vertex 179 98.5 268
  endloop
 endfacet
 facet normal 0 1 0
  outer loop
   vertex 179 98.5 268
   vertex 178 98.5 267
   vertex 178 98.5 268
  endloop
 endfacet
 facet normal 0.57735026918962584 0.57735026918962584 -0.57735026918962584
  outer loop
   vertex 179.5 98 268
   vertex 179 98 267.5
   vertex 179 98.5 268
  endloop
 endfacet
 facet normal -1 0 0
  outer loop
   vertex 173.5 99 267
   vertex 173.5 99 268
   vertex 173.5 100 267
  endloop
 endfacet
 facet normal -1 -0 -0
  outer loop
   vertex 173.5 99 268
   vertex 173.5 100 268
   vertex 173.5 100 267
  endloop
 endfacet
 facet normal 0.57735026918962584 0.57735026918962584 0.57735026918962584
  outer loop
   vertex 177 100 267.5
   vertex 176.5 100 268
   vertex 177 99.5 268
  endloop
 endfacet
 facet normal 0.57735026918962584 0.57735026918962584 0.57735026918962584
  outer loop
   vertex 177 100 267.5
   vertex 177 99.5 268
   vertex 177.5 99 268
  endloop
 endfacet
 facet normal 0.57735026918962584 0.57735026918962584 0.57735026918962584
  outer loop
   vertex 177 100 267.5
   vertex 177.5 99 268
   vertex 177.5 100 267
  endloop
 endfacet
 facet normal 1 0 0
  outer loop
   vertex 177.5 100 267
   vertex 177.5 99 268
   vertex 177.5 99 267
  endloop
 endfacet
 facet normal -0.57735026918962584 -0.57735026918962584 0.57735026918962584
  outer loop
   vertex 173 100.5 267
   vertex 173 101 267.5
   vertex 172.5 101 267
  endloop
 endfacet
 facet normal -0.57735026918962584 -0.57735026918962584 0.57735026918962584
  outer loop
   vertex 173 100.5 267
   vertex 173.5 101 268
   vertex 173 101 267.5
  endloop
 endfacet
 facet normal -0.57735026918962584 -0.57735026918962584 0.57735026918962584
  outer loop
   vertex 173 100.5 267
   vertex 173.5 100 267
   vertex 173.5 101 268
  endloop
 endfacet
 facet normal -1 0 0
  outer loop
   vertex 173.5 100 267
   vertex 173.5 100 268
   vertex 173.5 101 268
  endloop
 endfacet
 facet normal 0.57735026918962584 0.57735026918962584 0.57735026918962584
  outer loop
   vertex 177 100.5 267
   vertex 176.5 100 268
   vertex 177 100 267.5
  endloop
 endfacet
 facet normal 0.57735026918962584 0.57735026918962584 0.57735026918962584
  outer loop
   vertex 177 100.5 267
   vertex 176.5 101 267
   vertex 176.5 100 268
  endloop
 endfacet
 facet normal 1 0 0
  outer loop
   vertex 176.5 101 267
   vertex 176.5 101 268
   vertex 176.5 100 268
  endloop
 endfacet
 facet normal 0.57735026918962584 0.57735026918962584 0.57735026918962584
  outer loop
   vertex 177.5 100 267
   vertex 177 100.5 267
   vertex 177 100 267.5
  endloop
 endfacet
 facet normal -0.70710678118654746 0 0.70710678118654746
  outer loop
   vertex 173 101 267.5
   vertex 173 102 267.5
   vertex 172.5 102 267
  endloop
 endfacet
 facet normal -0.70710678118654746 0 0.70710678118654746
  outer loop
   vertex 172.5 101 267
   vertex 173 101 267.5
   vertex 172.5 102 267
  endloop
 endfacet
 facet normal -0.70710678118654746 0 0.70710678118654746
  outer loop
   vertex 173.5 102 268
   vertex 173 101 267.5
   vertex 173.5 101 268
  endloop
 endfacet
 facet normal -0.70710678118654746 0 0.70710678118654746
  outer loop
   vertex 173 102 267.5
   vertex 173 101 267.5
   vertex 173.5 102 268
  endloop
 endfacet
 facet normal 0.57735026918962584 0.57735026918962584 0.57735026918962584
  outer loop
   vertex 176 102 267.5
   vertex 175.5 102 268
   vertex 176 101.5 268
  endloop
 endfacet
 facet normal 0.57735026918962584 0.57735026918962584 0.57735026918962584
  outer loop
   vertex 176 102 267.5
   vertex 176 101.5 268
   vertex 176.5 101 268
  endloop
 endfacet
 facet normal 0.57735026918962584 0.57735026918962584 0.57735026918962584
  outer loop
   vertex 176 102 267.5
   vertex 176.5 101 268
   vertex 176.5 102 267
  endloop
 endfacet
 facet normal 1 0 0
  outer loop
   vertex 176.5 102 267
   vertex 176.5 101 268
   vertex 176.5 101 267
  endloop
 endfacet
 facet normal -0.70710678118654746 0 0.70710678118654746
  outer loop
   vertex 173 102 267.5
   vertex 173 103 267.5
   vertex 172.5 103 267
  endloop
 endfacet
 facet normal -0.70710678118654746 0 0.70710678118654746
  outer loop
   vertex 172.5 102 267
   vertex 173 102 267.5
   vertex 172.5 103 267
  endloop
 endfacet
 facet normal -0.70710678118654746 0 0.70710678118654746
  outer loop
   vertex 173.5 103 268
   vertex 173 102 267.5
   vertex 173.5 102 268
  endloop
 endfacet
 facet normal -0.70710678118654746 0 0.70710678118654746
  outer loop
   vertex 173 103 267.5
   vertex 173 102 267.5
   vertex 173.5 103 268
  endloop
 endfacet
 facet normal 0.70710678118654746 0 0.70710678118654746
  outer loop
   vertex 176 103 267.5
   vertex 175.5 102 268
   vertex 176 102 267.5
  endloop
 endfacet
 facet normal 0.70710678118654746 -0 0.70710678118654746
  outer loop
   vertex 175.5 103 268
   vertex 175.5 102 268
   vertex 176 103 267.5
  endloop
 endfacet
 facet normal 0.70710678118654746 0 0.70710678118654746
  outer loop
   vertex 176.5 102 267
   vertex 176.5 103 267
   vertex 176 103 267.5
  endloop
 endfacet
 facet normal 0.70710678118654746 0 0.70710678118654746
  outer loop
   vertex 176 102 267.5
   vertex 176.5 102 267
   vertex 176 103 267.5
  endloop
 endfacet
 facet normal -0.57735026918962584 0.57735026918962584 0.57735026918962584
  outer loop
   vertex 172.5 103 267
   vertex 173 103 267.5
   vertex 173 103.5 267
  endloop
 endfacet
 facet normal -0.57735026918962584 0.57735026918962584 0.57735026918962584
  outer loop
   vertex 173 103 267.5
   vertex 173.5 104 267
   vertex 173 103.5 267
  endloop
 endfacet
 facet normal -0.57735026918962584 0.57735026918962584 0.57735026918962584
  outer loop
   vertex 173 103 267.5
   vertex 173.5 103 268
   vertex 173.5 104 267
  endloop
 endfacet
 facet normal -1 -0 -0
  outer loop
   vertex 173.5 103 268
   vertex 173.5 104 268
   vertex 173.5 104 267
  endloop
 endfacet
 facet normal 0.70710678118654746 0 0.70710678118654746
  outer loop
   vertex 176 104 267.5
   vertex 175.5 103 268
   vertex 176 103 267.5
  endloop
 endfacet
 facet normal 0.70710678118654746 -0 0.70710678118654746
  outer loop
   vertex 175.5 104 268
   vertex 175.5 103 268
   vertex 176 104 267.5
  endloop
 endfacet
 facet normal 0.70710678118654746 0 0.70710678118654746
  outer loop
   vertex 176.5 103 267
   vertex 176.5 104 267
   vertex 176 104 267.5
  endloop
 endfacet
 facet normal 0.70710678118654746 0 0.70710678118654746
  outer loop
   vertex 176 103 267.5
   vertex 176.5 103 267
   vertex 176 104 267.5
  endloop
 endfacet
 facet normal -1 0 0
  outer loop
   vertex 173.5 104 267
   vertex 173.5 104 268
   vertex 173.5 105 267
  endloop
 endfacet
 facet normal -1 -0 -0
  outer loop
   vertex 173.5 104 268
   vertex 173.5 105 268
   vertex 173.5 105 267
  endloop
 endfacet
 facet normal 0.57735026918962584 -0.57735026918962584 0.57735026918962584
  outer loop
   vertex 176 104 267.5
   vertex 176 104.5 268
   vertex 175.5 104 268
  endloop
 endfacet
 facet normal 0.57735026918962584 -0.57735026918962584 0.57735026918962584
  outer loop
   vertex 176 104.5 268
   vertex 176 104 267.5
   vertex 176.5 104 267
  endloop
 endfacet
 facet normal 0.57735026918962584 -0.57735026918962584 0.57735026918962584
  outer loop
   vertex 176 104.5 268
   vertex 176.5 104 267
   vertex 176.5 105 268
  endloop
 endfacet
 facet normal 1 0 0
  outer loop
   vertex 176.5 105 268
   vertex 176.5 104 267
   vertex 176.5 105 267
  endloop
 endfacet
 facet normal -0.70710678118654746 0.70710678118654746 0
  outer loop
   vertex 173.5 105 267
   vertex 173.5 105 268
   vertex 174 105.5 268
  endloop
 endfacet
 facet normal -0.70710678118654746 0.70710678118654746 0
  outer loop
   vertex 174 105.5 267
   vertex 173.5 105 267
   vertex 174 105.5 268
  endloop
 endfacet
 facet normal -0.57735026918962584 0.57735026918962584 -0.57735026918962584
  outer loop
   vertex 175 106 267.5
   vertex 174 105.5 268
   vertex 174.5 106 268
  endloop
 endfacet
 facet normal -0.57735026918962584 0.57735026918962584 -0.57735026918962584
  outer loop
   vertex 175 106 267.5
   vertex 175 105.5 267
   vertex 174 105.5 268
  endloop
 endfacet
 facet normal 0 1 0
  outer loop
   vertex 175 105.5 267
   vertex 174 105.5 267
   vertex 174 105.5 268
  endloop
 endfacet
 facet normal 0.57735026918962584 0.57735026918962584 -0.57735026918962584
  outer loop
   vertex 175.5 106 268
   vertex 175 105.5 267
   vertex 175 106 267.5
  endloop
 endfacet
 facet normal 0.57735026918962584 0.57735026918962584 -0.57735026918962584
  outer loop
   vertex 175.5 106 268
   vertex 176 105.5 268
   vertex 175 105.5 267
  endloop
 endfacet
 facet normal 0 1 -0
  outer loop
   vertex 176 105.5 268
   vertex 176 105.5 267
   vertex 175 105.5 267
  endloop
 endfacet
 facet normal 0.70710678118654746 0.70710678118654746 -0
  outer loop
   vertex 176.5 105 268
   vertex 176.5 105 267
   vertex 176 105.5 267
  endloop
 endfacet
 facet normal 0.70710678118654746 0.70710678118654746 0
  outer loop
   vertex 176 105.5 268
   vertex 176.5 105 268
   vertex 176 105.5 267
  endloop
 endfacet
 facet normal -0.57735026918962584 0.57735026918962584 -0.57735026918962584
  outer loop
   vertex 175 106 267.5
   vertex 174.5 106 268
   vertex 175 106.5 268
  endloop
 endfacet
 facet normal 0.57735026918962584 0.57735026918962584 -0.57735026918962584
  outer loop
   vertex 175.5 106 268
   vertex 175 106 267.5
   vertex 175 106.5 268
  endloop
 endfacet
 facet normal -0.57735026918962584 -0.57735026918962584 -0.57735026918962584
  outer loop
   vertex 175 88 268.5
   vertex 175 87.5 269
   vertex 174.5 88 269
  endloop
 endfacet
 facet normal 0.57735026918962584 -0.57735026918962584 -0.57735026918962584
  outer loop
   vertex 175 87.5 269
   vertex 175 88 268.5
   vertex 175.5 88 269
  endloop
 endfacet
 facet normal -0.70710678118654746 -0.70710678118654746 -0
  outer loop
   vertex 174 88.5 268
   vertex 174 88.5 269
   vertex 173.5 89 269
  endloop
 endfacet
 facet normal -0.70710678118654746 -0.70710678118654746 0
  outer loop
   vertex 173.5 89 268
   vertex 174 88.5 268
   vertex 173.5 89 269
  endloop
 endfacet
 facet normal -0.57735026918962584 -0.57735026918962584 -0.57735026918962584
  outer loop
   vertex 174.5 88 269
   vertex 175 88.5 268
   vertex 175 88 268.5
  endloop
 endfacet
 facet normal -0.57735026918962584 -0.57735026918962584 -0.57735026918962584
  outer loop
   vertex 174.5 88 269
   vertex 174 88.5 269
   vertex 175 88.5 268
  endloop
 endfacet
 facet normal 0 -1 0
  outer loop
   vertex 174 88.5 269
   vertex 174 88.5 268
   vertex 175 88.5 268
  endloop
 endfacet
 facet normal 0.57735026918962584 -0.57735026918962584 -0.57735026918962584
  outer loop
   vertex 175 88 268.5
   vertex 176 88.5 269
   vertex 175.5 88 269
  endloop
 endfacet
 facet normal 0.57735026918962584 -0.57735026918962584 -0.57735026918962584
  outer loop
   vertex 175 88 268.5
   vertex 175 88.5 268
   vertex 176 88.5 269
  endloop
 endfacet
 facet normal 0 -1 0
  outer loop
   vertex 175 88.5 268
   vertex 176 88.5 268
   vertex 176 88.5 269
  endloop
 endfacet
 facet normal 0.70710678118654746 -0.70710678118654746 0
  outer loop
   vertex 176 88.5 269
   vertex 176 88.5 268
   vertex 176.5 89 268
  endloop
 endfacet
 facet normal 0.70710678118654746 -0.70710678118654746 0
  outer loop
   vertex 176.5 89 269
   vertex 176 88.5 269
   vertex 176.5 89 268
  endloop
 endfacet
 facet normal -0.70710678118654746 -0.70710678118654746 -0
  outer loop
   vertex 173 89.5 268
   vertex 173 89.5 269
   vertex 172.5 90 269
  endloop
 endfacet
 facet normal -0.70710678118654746 -0.70710678118654746 0
  outer loop
   vertex 172.5 90 268
   vertex 173 89.5 268
   vertex 172.5 90 269
  endloop
 endfacet
 facet normal -0.70710678118654746 -0.70710678118654746 0
  outer loop
   vertex 173.5 89 269
   vertex 173 89.5 268
   vertex 173.5 89 268
  endloop
 endfacet
 facet normal -0.70710678118654746 -0.70710678118654746 0
  outer loop
   vertex 173 89.5 269
   vertex 173 89.5 268
   vertex 173.5 89 269
  endloop
 endfacet
 facet normal 0.70710678118654746 -0.70710678118654746 0
  outer loop
   vertex 176.5 89 268
   vertex 177 89.5 269
   vertex 176.5 89 269
  endloop
 endfacet
 facet normal 0.70710678118654746 -0.70710678118654746 0
  outer loop
   vertex 177 89.5 268
   vertex 177 89.5 269
   vertex 176.5 89 268
  endloop
 endfacet
 facet normal 0.70710678118654746 -0.70710678118654746 0
  outer loop
   vertex 177 89.5 269
   vertex 177 89.5 268
   vertex 177.5 90 268
  endloop
 endfacet
 facet normal 0.70710678118654746 -0.70710678118654746 0
  outer loop
   vertex 177.5 90 269
   vertex 177 89.5 269
   vertex 177.5 90 268
  endloop
 endfacet
 facet normal -0.57735026918962584 -0.57735026918962584 -0.57735026918962584
  outer loop
   vertex 172 91 268.5
   vertex 172 90.5 269
   vertex 171.5 91 269
  endloop
 endfacet
 facet normal -0.57735026918962584 -0.57735026918962584 -0.57735026918962584
  outer loop
   vertex 172 91 268.5
   vertex 172.5 90 269
   vertex 172 90.5 269
  endloop
 endfacet
 facet normal -0.57735026918962584 -0.57735026918962584 -0.57735026918962584
  outer loop
   vertex 172 91 268.5
   vertex 172.5 91 268
   vertex 172.5 90 269
  endloop
 endfacet
 facet normal -1 0 0
  outer loop
   vertex 172.5 91 268
   vertex 172.5 90 268
   vertex 172.5 90 269
  endloop
 endfacet
 facet normal 0.70710678118654746 -0.70710678118654746 0
  outer loop
   vertex 177.5 90 268
   vertex 178 90.5 269
   vertex 177.5 90 269
  endloop
 endfacet
 facet normal 0.70710678118654746 -0.70710678118654746 0
  outer loop
   vertex 178 90.5 268
   vertex 178 90.5 269
   vertex 177.5 90 268
  endloop
 endfacet
 facet normal 0.70710678118654746 -0.70710678118654746 0
  outer loop
   vertex 178 90.5 269
   vertex 178 90.5 268
   vertex 178.5 91 268
  endloop
 endfacet
 facet normal 0.70710678118654746 -0.70710678118654746 0
  outer loop
   vertex 178.5 91 269
   vertex 178 90.5 269
   vertex 178.5 91 268
  endloop
 endfacet
 facet normal -0.57735026918962584 -0.57735026918962584 -0.57735026918962584
  outer loop
   vertex 172 91.5 268
   vertex 172 91 268.5
   vertex 171.5 91 269
  endloop
 endfacet
 facet normal -0.57735026918962584 -0.57735026918962584 -0.57735026918962584
  outer loop
   vertex 172 91.5 268
   vertex 171.5 91 269
   vertex 171.5 92 268
  endloop
 endfacet
 facet normal -1 0 0
  outer loop
   vertex 171.5 92 268
   vertex 171.5 91 269
   vertex 171.5 92 269
  endloop
 endfacet
 facet normal -0.57735026918962584 -0.57735026918962584 -0.57735026918962584
  outer loop
   vertex 172.5 91 268
   vertex 172 91 268.5
   vertex 172 91.5 268
  endloop
 endfacet
 facet normal 0.70710678118654746 -0.70710678118654746 0
  outer loop
   vertex 178.5 91 268
   vertex 179 91.5 269
   vertex 178.5 91 269
  endloop
 endfacet
 facet normal 0.70710678118654746 -0.70710678118654746 0
  outer loop
   vertex 179 91.5 268
   vertex 179 91.5 269
   vertex 178.5 91 268
  endloop
 endfacet
 facet normal 0.70710678118654746 -0.70710678118654746 0
  outer loop
   vertex 179 91.5 269
   vertex 179 91.5 268
   vertex 179.5 92 268
  endloop
 endfacet
 facet normal 0.70710678118654746 -0.70710678118654746 0
  outer loop
   vertex 179.5 92 269
   vertex 179 91.5 269
   vertex 179.5 92 268
  endloop
 endfacet
 facet normal -1 0 0
  outer loop
   vertex 171.5 92 268
   vertex 171.5 92 269
   vertex 171.5 93 268
  endloop
 endfacet
 facet normal -1 -0 -0
  outer loop
   vertex 171.5 92 269
   vertex 171.5 93 269
   vertex 171.5 93 268
  endloop
 endfacet
 facet normal 1 0 0
  outer loop
   vertex 179.5 92 268
   vertex 179.5 93 268
   vertex 179.5 92 269
  endloop
 endfacet
 facet normal 1 0 -0
  outer loop
   vertex 179.5 92 269
   vertex 179.5 93 268
   vertex 179.5 93 269
  endloop
 endfacet
 facet normal -1 0 0
  outer loop
   vertex 171.5 93 268
   vertex 171.5 93 269
   vertex 171.5 94 268
  endloop
 endfacet
 facet normal -1 -0 -0
  outer loop
   vertex 171.5 93 269
   vertex 171.5 94 269
   vertex 171.5 94 268
  endloop
 endfacet
 facet normal 0.70710678118654746 -0.70710678118654746 0
  outer loop
   vertex 179.5 93 268
   vertex 180 93.5 269
   vertex 179.5 93 269
  endloop
 endfacet
 facet normal 0.70710678118654746 -0.70710678118654746 0
  outer loop
   vertex 180 93.5 268
   vertex 180 93.5 269
   vertex 179.5 93 268
  endloop
 endfacet
 facet normal 0.70710678118654746 -0.70710678118654746 0
  outer loop
   vertex 180 93.5 269
   vertex 180 93.5 268
   vertex 180.5 94 268
  endloop
 endfacet
 facet normal 0.70710678118654746 -0.70710678118654746 0
  outer loop
   vertex 180.5 94 269
   vertex 180 93.5 269
   vertex 180.5 94 268
  endloop
 endfacet
 facet normal -1 0 0
  outer loop
   vertex 171.5 94 268
   vertex 171.5 94 269
   vertex 171.5 95 268
  endloop
 endfacet
 facet normal -1 -0 -0
  outer loop
   vertex 171.5 94 269
   vertex 171.5 95 269
   vertex 171.5 95 268
  endloop
 endfacet
 facet normal 1 0 0
  outer loop
   vertex 180.5 94 268
   vertex 180.5 95 268
   vertex 180.5 94 269
  endloop
 endfacet
 facet normal 1 0 -0
  outer loop
   vertex 180.5 94 269
   vertex 180.5 95 268
   vertex 180.5 95 269
  endloop
 endfacet
 facet normal -0.57735026918962584 0.57735026918962584 -0.57735026918962584
  outer loop
   vertex 172 96 268.5
   vertex 172 95.5 268
   vertex 171.5 95 268
  endloop
 endfacet
 facet normal -0.57735026918962584 0.57735026918962584 -0.57735026918962584
  outer loop
   vertex 172 96 268.5
   vertex 171.5 95 268
   vertex 171.5 96 269
  endloop
 endfacet
 facet normal -1 0 0
  outer loop
   vertex 171.5 96 269
   vertex 171.5 95 268
   vertex 171.5 95 269
  endloop
 endfacet
 facet normal -0.57735026918962584 0.57735026918962584 -0.57735026918962584
  outer loop
   vertex 172 95.5 268
   vertex 172 96 268.5
   vertex 172.5 96 268
  endloop
 endfacet
 facet normal 1 0 0
  outer loop
   vertex 180.5 95 268
   vertex 180.5 96 268
   vertex 180.5 95 269
  endloop
 endfacet
 facet normal 1 0 -0
  outer loop
   vertex 180.5 95 269
   vertex 180.5 96 268
   vertex 180.5 96 269
  endloop
 endfacet
 facet normal -0.70710678118654746 0 -0.70710678118654746
  outer loop
   vertex 172 97 268.5
   vertex 172 96 268.5
   vertex 171.5 96 269
  endloop
 endfacet
 facet normal -0.70710678118654746 0 -0.70710678118654746
  outer loop
   vertex 171.5 97 269
   vertex 172 97 268.5
   vertex 171.5 96 269
  endloop
 endfacet
 facet normal -0.70710678118654746 0 -0.70710678118654746
  outer loop
   vertex 172.5 96 268
   vertex 172 97 268.5
   vertex 172.5 97 268
  endloop
 endfacet
 facet normal -0.70710678118654746 -0 -0.70710678118654746
  outer loop
   vertex 172 96 268.5
   vertex 172 97 268.5
   vertex 172.5 96 268
  endloop
 endfacet
 facet normal 1 0 0
  outer loop
   vertex 180.5 96 268
   vertex 180.5 97 268
   vertex 180.5 96 269
  endloop
 endfacet
 facet normal 1 0 -0
  outer loop
   vertex 180.5 96 269
   vertex 180.5 97 268
   vertex 180.5 97 269
  endloop
 endfacet
 facet normal -0.57735026918962584 0.57735026918962584 -0.57735026918962584
  outer loop
   vertex 172 97 268.5
   vertex 171.5 97 269
   vertex 172 97.5 269
  endloop
 endfacet
 facet normal -0.57735026918962584 0.57735026918962584 -0.57735026918962584
  outer loop
   vertex 172 97.5 269
   vertex 172.5 97 268
   vertex 172 97 268.5
  endloop
 endfacet
 facet normal -0.57735026918962584 0.57735026918962584 -0.57735026918962584
  outer loop
   vertex 172 97.5 269
   vertex 172.5 98 269
   vertex 172.5 97 268
  endloop
 endfacet
 facet normal -1 0 0
  outer loop
   vertex 172.5 98 269
   vertex 172.5 98 268
   vertex 172.5 97 268
  endloop
 endfacet
 facet normal 0.70710678118654746 0.70710678118654746 0
  outer loop
   vertex 180 97.5 268
   vertex 179.5 98 269
   vertex 180 97.5 269
  endloop
 endfacet
 facet normal 0.70710678118654746 0.70710678118654746 0
  outer loop
   vertex 179.5 98 268
   vertex 179.5 98 269
   vertex 180 97.5 268
  endloop
 endfacet
 facet normal 0.70710678118654746 0.70710678118654746 -0
  outer loop
   vertex 180.5 97 269
   vertex 180.5 97 268
   vertex 180 97.5 268
  endloop
 endfacet
 facet normal 0.70710678118654746 0.70710678118654746 0
  outer loop
   vertex 180 97.5 269
   vertex 180.5 97 269
   vertex 180 97.5 268
  endloop
 endfacet
 facet normal -0.70710678118654746 0.70710678118654746 0
  outer loop
   vertex 172.5 98 268
   vertex 172.5 98 269
   vertex 173 98.5 269
  endloop
 endfacet
 facet normal -0.70710678118654746 0.70710678118654746 0
  outer loop
   vertex 173 98.5 268
   vertex 172.5 98 268
   vertex 173 98.5 269
  endloop
 endfacet
 facet normal -0.70710678118654746 0.70710678118654746 0
  outer loop
   vertex 173 98.5 269
   vertex 173.5 99 268
   vertex 173 98.5 268
  endloop
 endfacet
 facet normal -0.70710678118654746 0.70710678118654746 0
  outer loop
   vertex 173.5 99 269
   vertex 173.5 99 268
   vertex 173 98.5 269
  endloop
 endfacet
 facet normal 0.57735026918962584 0.57735026918962584 -0.57735026918962584
  outer loop
   vertex 178 98.5 268
   vertex 177.5 99 268
   vertex 178 99 268.5
  endloop
 endfacet
 facet normal 0.57735026918962584 0.57735026918962584 -0.57735026918962584
  outer loop
   vertex 178.5 99 269
   vertex 178 98.5 268
   vertex 178 99 268.5
  endloop
 endfacet
 facet normal 0.57735026918962584 0.57735026918962584 -0.57735026918962584
  outer loop
   vertex 178.5 99 269
   vertex 179 98.5 269
   vertex 178 98.5 268
  endloop
 endfacet
 facet normal 0 1 -0
  outer loop
   vertex 179 98.5 269
   vertex 179 98.5 268
   vertex 178 98.5 268
  endloop
 endfacet
 facet normal 0.70710678118654746 0.70710678118654746 -0
  outer loop
   vertex 179.5 98 269
   vertex 179.5 98 268
   vertex 179 98.5 268
  endloop
 endfacet
 facet normal 0.70710678118654746 0.70710678118654746 0
  outer loop
   vertex 179 98.5 269
   vertex 179.5 98 269
   vertex 179 98.5 268
  endloop
 endfacet
 facet normal -1 0 0
  outer loop
   vertex 173.5 99 268
   vertex 173.5 99 269
   vertex 173.5 100 268
  endloop
 endfacet
 facet normal -1 -0 -0
  outer loop
   vertex 173.5 99 269
   vertex 173.5 100 269
   vertex 173.5 100 268
  endloop
 endfacet
 facet normal 0.70710678118654746 0.70710678118654746 0
  outer loop
   vertex 177 99.5 268
   vertex 176.5 100 269
   vertex 177 99.5 269
  endloop
 endfacet
 facet normal 0.70710678118654746 0.70710678118654746 0
  outer loop
   vertex 176.5 100 268
   vertex 176.5 100 269
   vertex 177 99.5 268
  endloop
 endfacet
 facet normal 0.57735026918962584 0.57735026918962584 -0.57735026918962584
  outer loop
   vertex 178 99 268.5
   vertex 177.5 99 268
   vertex 177 99.5 268
  endloop
 endfacet
 facet normal 0.57735026918962584 0.57735026918962584 -0.57735026918962584
  outer loop
   vertex 178 99 268.5
   vertex 177 99.5 268
   vertex 178 99.5 269
  endloop
 endfacet
 facet normal 0 1 0
  outer loop
   vertex 178 99.5 269
   vertex 177 99.5 268
   vertex 177 99.5 269
  endloop
 endfacet
 facet normal 0.57735026918962584 0.57735026918962584 -0.57735026918962584
  outer loop
   vertex 178.5 99 269
   vertex 178 99 268.5
   vertex 178 99.5 269
  endloop
 endfacet
 facet normal -1 0 0
  outer loop
   vertex 173.5 100 268
   vertex 173.5 100 269
   vertex 173.5 101 268
  endloop
 endfacet
 facet normal -1 -0 -0
  outer loop
   vertex 173.5 100 269
   vertex 173.5 101 269
   vertex 173.5 101 268
  endloop
 endfacet
 facet normal 0.57735026918962584 0.57735026918962584 0.57735026918962584
  outer loop
   vertex 176 101 268.5
   vertex 175.5 101 269
   vertex 176 100.5 269
  endloop
 endfacet
 facet normal 0.57735026918962584 0.57735026918962584 0.57735026918962584
  outer loop
   vertex 176 101 268.5
   vertex 176 100.5 269
   vertex 176.5 100 269
  endloop
 endfacet
 facet normal 0.57735026918962584 0.57735026918962584 0.57735026918962584
  outer loop
   vertex 176 101 268.5
   vertex 176.5 100 269
   vertex 176.5 101 268
  endloop
 endfacet
 facet normal 1 0 0
  outer loop
   vertex 176.5 101 268
   vertex 176.5 100 269
   vertex 176.5 100 268
  endloop
 endfacet
 facet normal -1 0 0
  outer loop
   vertex 173.5 101 268
   vertex 173.5 101 269
   vertex 173.5 102 268
  endloop
 endfacet
 facet normal -1 -0 -0
  outer loop
   vertex 173.5 101 269
   vertex 173.5 102 269
   vertex 173.5 102 268
  endloop
 endfacet
 facet normal 0.57735026918962584 0.57735026918962584 0.57735026918962584
  outer loop
   vertex 176 101.5 268
   vertex 175.5 101 269
   vertex 176 101 268.5
  endloop
 endfacet
 facet normal 0.57735026918962584 0.57735026918962584 0.57735026918962584
  outer loop
   vertex 176 101.5 268
   vertex 175.5 102 268
   vertex 175.5 101 269
  endloop
 endfacet
 facet normal 1 0 0
  outer loop
   vertex 175.5 102 268
   vertex 175.5 102 269
   vertex 175.5 101 269
  endloop
 endfacet
 facet normal 0.57735026918962584 0.57735026918962584 0.57735026918962584
  outer loop
   vertex 176.5 101 268
   vertex 176 101.5 268
   vertex 176 101 268.5
  endloop
 endfacet
 facet normal -1 0 0
  outer loop
   vertex 173.5 102 268
   vertex 173.5 102 269
   vertex 173.5 103 268
  endloop
 endfacet
 facet normal -1 -0 -0
  outer loop
   vertex 173.5 102 269
   vertex 173.5 103 269
   vertex 173.5 103 268
  endloop
 endfacet
 facet normal 1 0 0
  outer loop
   vertex 175.5 102 268
   vertex 175.5 103 268
   vertex 175.5 102 269
  endloop
 endfacet
 facet normal 1 0 -0
  outer loop
   vertex 175.5 102 269
   vertex 175.5 103 268
   vertex 175.5 103 269
  endloop
 endfacet
 facet normal -1 0 0
  outer loop
   vertex 173.5 103 268
   vertex 173.5 103 269
   vertex 173.5 104 268
  endloop
 endfacet
 facet normal -1 -0 -0
  outer loop
   vertex 173.5 103 269
   vertex 173.5 104 269
   vertex 173.5 104 268
  endloop
 endfacet
 facet normal 1 0 0
  outer loop
   vertex 175.5 103 268
   vertex 175.5 104 268
   vertex 175.5 103 269
  endloop
 endfacet
 facet normal 1 0 -0
  outer loop
   vertex 175.5 103 269
   vertex 175.5 104 268
   vertex 175.5 104 269
  endloop
 endfacet
 facet normal -1 0 0
  outer loop
   vertex 173.5 104 268
   vertex 173.5 104 269
   vertex 173.5 105 268
  endloop
 endfacet
 facet normal -1 -0 -0
  outer loop
   vertex 173.5 104 269
   vertex 173.5 105 269
   vertex 173.5 105 268
  endloop
 endfacet
 facet normal 0.57735026918962584 -0.57735026918962584 0.57735026918962584
  outer loop
   vertex 176 105 268.5
   vertex 175.5 104 268
   vertex 176 104.5 268
  endloop
 endfacet
 facet normal 0.57735026918962584 -0.57735026918962584 0.57735026918962584
  outer loop
   vertex 176 105 268.5
   vertex 175.5 105 269
   vertex 175.5 104 268
  endloop
 endfacet
 facet normal 1 -0 0
  outer loop
   vertex 175.5 105 269
   vertex 175.5 104 269
   vertex 175.5 104 268
  endloop
 endfacet
 facet normal 0.57735026918962584 -0.57735026918962584 0.57735026918962584
  outer loop
   vertex 176 104.5 268
   vertex 176.5 105 268
   vertex 176 105 268.5
  endloop
 endfacet
 facet normal -0.57735026918962584 0.57735026918962584 -0.57735026918962584
  outer loop
   vertex 174 106 268.5
   vertex 174 105.5 268
   vertex 173.5 105 268
  endloop
 endfacet
 facet normal -0.57735026918962584 0.57735026918962584 -0.57735026918962584
  outer loop
   vertex 174 106 268.5
   vertex 173.5 105 268
   vertex 173.5 106 269
  endloop
 endfacet
 facet normal -1 0 0
  outer loop
   vertex 173.5 106 269
   vertex 173.5 105 268
   vertex 173.5 105 269
  endloop
 endfacet
 facet normal -0.57735026918962584 0.57735026918962584 -0.57735026918962584
  outer loop
   vertex 174 105.5 268
   vertex 174 106 268.5
   vertex 174.5 106 268
  endloop
 endfacet
 facet normal 0.57735026918962584 0.57735026918962584 0.57735026918962584
  outer loop
   vertex 176 105.5 268
   vertex 175.5 105 269
   vertex 176 105 268.5
  endloop
 endfacet
 facet normal 0.57735026918962584 0.57735026918962584 0.57735026918962584
  outer loop
   vertex 176 105.5 268
   vertex 175.5 106 268
   vertex 175.5 105 269
  endloop
 endfacet
 facet normal 1 0 0
  outer loop
   vertex 175.5 106 268
   vertex 175.5 106 269
   vertex 175.5 105 269
  endloop
 endfacet
 facet normal 0.57735026918962584 0.57735026918962584 0.57735026918962584
  outer loop
   vertex 176.5 105 268
   vertex 176 105.5 268
   vertex 176 105 268.5
  endloop
 endfacet
 facet normal -0.57735026918962584 0.57735026918962584 -0.57735026918962584
  outer loop
   vertex 174 106 268.5
   vertex 173.5 106 269
   vertex 174 106.5 269
  endloop
 endfacet
 facet normal -0.57735026918962584 0.57735026918962584 -0.57735026918962584
  outer loop
   vertex 174.5 106 268
   vertex 174 106 268.5
   vertex 174 106.5 269
  endloop
 endfacet
 facet normal -0.57735026918962584 0.57735026918962584 -0.57735026918962584
  outer loop
   vertex 174.5 106 268
   vertex 174 106.5 269
   vertex 175 106.5 268
  endloop
 endfacet
 facet normal -0 1 0
  outer loop
   vertex 175 106.5 268
   vertex 174 106.5 269
   vertex 175 106.5 269
  endloop
 endfacet
 facet normal 0.70710678118654746 0.70710678118654746 -0
  outer loop
   vertex 175.5 106 269
   vertex 175.5 106 268
   vertex 175 106.5 268
  endloop
 endfacet
 facet normal 0.70710678118654746 0.70710678118654746 0
  outer loop
   vertex 175 106.5 269
   vertex 175.5 106 269
   vertex 175 106.5 268
  endloop
 endfacet
 facet normal -0.57735026918962584 -0.57735026918962584 -0.57735026918962584
  outer loop
   vertex 174 88 269.5
   vertex 174 87.5 270
   vertex 173.5 88 270
  endloop
 endfacet
 facet normal -0.57735026918962584 -0.57735026918962584 -0.57735026918962584
  outer loop
   vertex 174 88 269.5
   vertex 174.5 88 269
   vertex 175 87.5 269
  endloop
 endfacet
 facet normal -0.57735026918962584 -0.57735026918962584 -0.57735026918962584
  outer loop
   vertex 174 88 269.5
   vertex 175 87.5 269
   vertex 174 87.5 270
  endloop
 endfacet
 facet normal 0 -1 0
  outer loop
   vertex 174 87.5 270
   vertex 175 87.5 269
   vertex 175 87.5 270
  endloop
 endfacet
 facet normal 0.70710678118654746 -0.70710678118654746 0
  outer loop
   vertex 175 87.5 270
   vertex 175 87.5 269
   vertex 175.5 88 269
  endloop
 endfacet
 facet normal 0.70710678118654746 -0.70710678118654746 0
  outer loop
   vertex 175.5 88 270
   vertex 175 87.5 270
   vertex 175.5 88 269
  endloop
 endfacet
 facet normal -0.57735026918962584 -0.57735026918962584 -0.57735026918962584
  outer loop
   vertex 174 88.5 269
   vertex 174 88 269.5
   vertex 173.5 88 270
  endloop
 endfacet
 facet normal -0.57735026918962584 -0.57735026918962584 -0.57735026918962584
  outer loop
   vertex 174 88.5 269
   vertex 173.5 88 270
   vertex 173.5 89 269
  endloop
 endfacet
 facet normal -1 0 0
  outer loop
   vertex 173.5 89 269
   vertex 173.5 88 270
   vertex 173.5 89 270
  endloop
 endfacet
 facet normal -0.57735026918962584 -0.57735026918962584 -0.57735026918962584
  outer loop
   vertex 174.5 88 269
   vertex 174 88 269.5
   vertex 174 88.5 269
  endloop
 endfacet
 facet normal 0.70710678118654746 -0.70710678118654746 0
  outer loop
   vertex 175.5 88 269
   vertex 176 88.5 270
   vertex 175.5 88 270
  endloop
 endfacet
 facet normal 0.70710678118654746 -0.70710678118654746 0
  outer loop
   vertex 176 88.5 269
   vertex 176 88.5 270
   vertex 175.5 88 269
  endloop
 endfacet
 facet normal 0.57735026918962584 -0.57735026918962584 -0.57735026918962584
  outer loop
   vertex 176.5 89 269
   vertex 177 89 269.5
   vertex 177 88.5 270
  endloop
 endfacet
 facet normal 0.57735026918962584 -0.57735026918962584 -0.57735026918962584
  outer loop
   vertex 176.5 89 269
   vertex 177 88.5 270
   vertex 176 88.5 269
  endloop
 endfacet
 facet normal -0 -1 0
  outer loop
   vertex 176 88.5 269
   vertex 177 88.5 270
   vertex 176 88.5 270
  endloop
 endfacet
 facet normal 0.57735026918962584 -0.57735026918962584 -0.57735026918962584
  outer loop
   vertex 177 88.5 270
   vertex 177 89 269.5
   vertex 177.5 89 270
  endloop
 endfacet
 facet normal -0.57735026918962584 -0.57735026918962584 -0.57735026918962584
  outer loop
   vertex 172 90 269.5
   vertex 172 89.5 270
   vertex 171.5 90 270
  endloop
 endfacet
 facet normal -0.57735026918962584 -0.57735026918962584 -0.57735026918962584
  outer loop
   vertex 172 90 269.5
   vertex 172.5 90 269
   vertex 173 89.5 269
  endloop
 endfacet
 facet normal -0.57735026918962584 -0.57735026918962584 -0.57735026918962584
  outer loop
   vertex 172 90 269.5
   vertex 173 89.5 269
   vertex 172 89.5 270
  endloop
 endfacet
 facet normal 0 -1 0
  outer loop
   vertex 172 89.5 270
   vertex 173 89.5 269
   vertex 173 89.5 270
  endloop
 endfacet
 facet normal -0.70710678118654746 -0.70710678118654746 0
  outer loop
   vertex 173.5 89 270
   vertex 173 89.5 269
   vertex 173.5 89 269
  endloop
 endfacet
 facet normal -0.70710678118654746 -0.70710678118654746 0
  outer loop
   vertex 173 89.5 270
   vertex 173 89.5 269
   vertex 173.5 89 270
  endloop
 endfacet
 facet normal 0.57735026918962584 -0.57735026918962584 -0.57735026918962584
  outer loop
   vertex 176.5 89 269
   vertex 177 89.5 269
   vertex 177 89 269.5
  endloop
 endfacet
 facet normal 0.57735026918962584 -0.57735026918962584 -0.57735026918962584
  outer loop
   vertex 177.5 90 269
   vertex 178 90 269.5
   vertex 178 89.5 270
  endloop
 endfacet
 facet normal 0.57735026918962584 -0.57735026918962584 -0.57735026918962584
  outer loop
   vertex 177 89.5 269
   vertex 177.5 90 269
   vertex 178 89.5 270
  endloop
 endfacet
 facet normal 0.57735026918962584 -0.57735026918962584 -0.57735026918962584
  outer loop
   vertex 177 89.5 269
   vertex 178 89.5 270
   vertex 177.5 89 270
  endloop
 endfacet
 facet normal 0.57735026918962584 -0.57735026918962584 -0.57735026918962584
  outer loop
   vertex 177 89.5 269
   vertex 177.5 89 270
   vertex 177 89 269.5
  endloop
 endfacet
 facet normal 0.57735026918962584 -0.57735026918962584 -0.57735026918962584
  outer loop
   vertex 178 89.5 270
   vertex 178 90 269.5
   vertex 178.5 90 270
  endloop
 endfacet
 facet normal -0.57735026918962584 -0.57735026918962584 -0.57735026918962584
  outer loop
   vertex 172 90.5 269
   vertex 172 90 269.5
   vertex 171.5 90 270
  endloop
 endfacet
 facet normal -0.57735026918962584 -0.57735026918962584 -0.57735026918962584
  outer loop
   vertex 172 90.5 269
   vertex 171.5 90 270
   vertex 171.5 91 269
  endloop
 endfacet
 facet normal -1 0 0
  outer loop
   vertex 171.5 91 269
   vertex 171.5 90 270
   vertex 171.5 91 270
  endloop
 endfacet
 facet normal -0.57735026918962584 -0.57735026918962584 -0.57735026918962584
  outer loop
   vertex 172.5 90 269
   vertex 172 90 269.5
   vertex 172 90.5 269
  endloop
 endfacet
 facet normal 0.57735026918962584 -0.57735026918962584 -0.57735026918962584
  outer loop
   vertex 177.5 90 269
   vertex 178 90.5 269
   vertex 178 90 269.5
  endloop
 endfacet
 facet normal 0.57735026918962584 -0.57735026918962584 -0.57735026918962584
  outer loop
   vertex 178 90 269.5
   vertex 178 90.5 269
   vertex 178.5 91 269
  endloop
 endfacet
 facet normal 0.57735026918962584 -0.57735026918962584 -0.57735026918962584
  outer loop
   vertex 178 90 269.5
   vertex 178.5 91 269
   vertex 178.5 90 270
  endloop
 endfacet
 facet normal 1 0 -0
  outer loop
   vertex 178.5 90 270
   vertex 178.5 91 269
   vertex 178.5 91 270
  endloop
 endfacet
 facet normal -1 0 0
  outer loop
   vertex 171.5 91 269
   vertex 171.5 91 270
   vertex 171.5 92 269
  endloop
 endfacet
 facet normal -1 -0 -0
  outer loop
   vertex 171.5 91 270
   vertex 171.5 92 270
   vertex 171.5 92 269
  endloop
 endfacet
 facet normal 0.70710678118654746 -0.70710678118654746 0
  outer loop
   vertex 178.5 91 269
   vertex 179 91.5 270
   vertex 178.5 91 270
  endloop
 endfacet
 facet normal 0.70710678118654746 -0.70710678118654746 0
  outer loop
   vertex 179 91.5 269
   vertex 179 91.5 270
   vertex 178.5 91 269
  endloop
 endfacet
 facet normal 0.70710678118654746 -0.70710678118654746 0
  outer loop
   vertex 179 91.5 270
   vertex 179 91.5 269
   vertex 179.5 92 269
  endloop
 endfacet
 facet normal 0.70710678118654746 -0.70710678118654746 0
  outer loop
   vertex 179.5 92 270
   vertex 179 91.5 270
   vertex 179.5 92 269
  endloop
 endfacet
 facet normal -0.57735026918962584 -0.57735026918962584 -0.57735026918962584
  outer loop
   vertex 171 93 269.5
   vertex 171 92.5 270
   vertex 170.5 93 270
  endloop
 endfacet
 facet normal -0.57735026918962584 -0.57735026918962584 -0.57735026918962584
  outer loop
   vertex 171 93 269.5
   vertex 171.5 92 270
   vertex 171 92.5 270
  endloop
 endfacet
 facet normal -0.57735026918962584 -0.57735026918962584 -0.57735026918962584
  outer loop
   vertex 171 93 269.5
   vertex 171.5 93 269
   vertex 171.5 92 270
  endloop
 endfacet
 facet normal -1 0 0
  outer loop
   vertex 171.5 93 269
   vertex 171.5 92 269
   vertex 171.5 92 270
  endloop
 endfacet
 facet normal 1 0 0
  outer loop
   vertex 179.5 92 269
   vertex 179.5 93 269
   vertex 179.5 92 270
  endloop
 endfacet
 facet normal 1 0 -0
  outer loop
   vertex 179.5 92 270
   vertex 179.5 93 269
   vertex 179.5 93 270
  endloop
 endfacet
 facet normal -0.70710678118654746 0 -0.70710678118654746
  outer loop
   vertex 171 94 269.5
   vertex 171 93 269.5
   vertex 170.5 93 270
  endloop
 endfacet
 facet normal -0.70710678118654746 0 -0.70710678118654746
  outer loop
   vertex 170.5 94 270
   vertex 171 94 269.5
   vertex 170.5 93 270
  endloop
 endfacet
 facet normal -0.70710678118654746 0 -0.70710678118654746
  outer loop
   vertex 171.5 93 269
   vertex 171 94 269.5
   vertex 171.5 94 269
  endloop
 endfacet
 facet normal -0.70710678118654746 -0 -0.70710678118654746
  outer loop
   vertex 171 93 269.5
   vertex 171 94 269.5
   vertex 171.5 93 269
  endloop
 endfacet
 facet normal 0.70710678118654746 -0.70710678118654746 0
  outer loop
   vertex 179.5 93 269
   vertex 180 93.5 270
   vertex 179.5 93 270
  endloop
 endfacet
 facet normal 0.70710678118654746 -0.70710678118654746 0
  outer loop
   vertex 180 93.5 269
   vertex 180 93.5 270
   vertex 179.5 93 269
  endloop
 endfacet
 facet normal 0.70710678118654746 -0.70710678118654746 0
  outer loop
   vertex 180 93.5 270
   vertex 180 93.5 269
   vertex 180.5 94 269
  endloop
 endfacet
 facet normal 0.70710678118654746 -0.70710678118654746 0
  outer loop
   vertex 180.5 94 270
   vertex 180 93.5 270
   vertex 180.5 94 269
  endloop
 endfacet
 facet normal -0.57735026918962584 0.57735026918962584 -0.57735026918962584
  outer loop
   vertex 171 94 269.5
   vertex 170.5 94 270
   vertex 171 94.5 270
  endloop
 endfacet
 facet normal -0.57735026918962584 0.57735026918962584 -0.57735026918962584
  outer loop
   vertex 171 94.5 270
   vertex 171.5 94 269
   vertex 171 94 269.5
  endloop
 endfacet
 facet normal -0.57735026918962584 0.57735026918962584 -0.57735026918962584
  outer loop
   vertex 171 94.5 270
   vertex 171.5 95 270
   vertex 171.5 94 269
  endloop
 endfacet
 facet normal -1 0 0
  outer loop
   vertex 171.5 95 270
   vertex 171.5 95 269
   vertex 171.5 94 269
  endloop
 endfacet
 facet normal 1 0 0
  outer loop
   vertex 180.5 94 269
   vertex 180.5 95 269
   vertex 180.5 94 270
  endloop
 endfacet
 facet normal 1 0 -0
  outer loop
   vertex 180.5 94 270
   vertex 180.5 95 269
   vertex 180.5 95 270
  endloop
 endfacet
 facet normal -1 0 0
  outer loop
   vertex 171.5 95 269
   vertex 171.5 95 270
   vertex 171.5 96 269
  endloop
 endfacet
 facet normal -1 -0 -0
  outer loop
   vertex 171.5 95 270
   vertex 171.5 96 270
   vertex 171.5 96 269
  endloop
 endfacet
 facet normal 1 0 0
  outer loop
   vertex 180.5 95 269
   vertex 180.5 96 269
   vertex 180.5 95 270
  endloop
 endfacet
 facet normal 1 0 -0
  outer loop
   vertex 180.5 95 270
   vertex 180.5 96 269
   vertex 180.5 96 270
  endloop
 endfacet
 facet normal -0.57735026918962584 0.57735026918962584 0.57735026918962584
  outer loop
   vertex 172 96.5 270
   vertex 172 97 269.5
   vertex 171.5 97 269
  endloop
 endfacet
 facet normal -0.57735026918962584 0.57735026918962584 0.57735026918962584
  outer loop
   vertex 172 96.5 270
   vertex 171.5 97 269
   vertex 171.5 96 270
  endloop
 endfacet
 facet normal -1 0 0
  outer loop
   vertex 171.5 96 270
   vertex 171.5 97 269
   vertex 171.5 96 269
  endloop
 endfacet
 facet normal -0.57735026918962584 0.57735026918962584 0.57735026918962584
  outer loop
   vertex 172 96.5 270
   vertex 172.5 97 270
   vertex 172 97 269.5
  endloop
 endfacet
 facet normal 1 0 0
  outer loop
   vertex 180.5 96 269
   vertex 180.5 97 269
   vertex 180.5 96 270
  endloop
 endfacet
 facet normal 1 0 -0
  outer loop
   vertex 180.5 96 270
   vertex 180.5 97 269
   vertex 180.5 97 270
  endloop
 endfacet
 facet normal -0.57735026918962584 0.57735026918962584 0.57735026918962584
  outer loop
   vertex 171.5 97 269
   vertex 172 97 269.5
   vertex 172 97.5 269
  endloop
 endfacet
 facet normal -0.57735026918962584 0.57735026918962584 0.57735026918962584
  outer loop
   vertex 172 97 269.5
   vertex 172.5 98 269
   vertex 172 97.5 269
  endloop
 endfacet
 facet normal -0.57735026918962584 0.57735026918962584 0.57735026918962584
  outer loop
   vertex 172 97 269.5
   vertex 172.5 97 270
   vertex 172.5 98 269
  endloop
 endfacet
 facet normal -1 -0 -0
  outer loop
   vertex 172.5 97 270
   vertex 172.5 98 270
   vertex 172.5 98 269
  endloop
 endfacet
 facet normal 0.70710678118654746 0.70710678118654746 0
  outer loop
   vertex 180 97.5 269
   vertex 179.5 98 270
   vertex 180 97.5 270
  endloop
 endfacet
 facet normal 0.70710678118654746 0.70710678118654746 0
  outer loop
   vertex 179.5 98 269
   vertex 179.5 98 270
   vertex 180 97.5 269
  endloop
 endfacet
 facet normal 0.70710678118654746 0.70710678118654746 -0
  outer loop
   vertex 180.5 97 270
   vertex 180.5 97 269
   vertex 180 97.5 269
  endloop
 endfacet
 facet normal 0.70710678118654746 0.70710678118654746 0
  outer loop
   vertex 180 97.5 270
   vertex 180.5 97 270
   vertex 180 97.5 269
  endloop
 endfacet
 facet normal -0.70710678118654746 0.70710678118654746 0
  outer loop
   vertex 172.5 98 269
   vertex 172.5 98 270
   vertex 173 98.5 270
  endloop
 endfacet
 facet normal -0.70710678118654746 0.70710678118654746 0
  outer loop
   vertex 173 98.5 269
   vertex 172.5 98 269
   vertex 173 98.5 270
  endloop
 endfacet
 facet normal -0.70710678118654746 0.70710678118654746 0
  outer loop
   vertex 173 98.5 270
   vertex 173.5 99 269
   vertex 173 98.5 269
  endloop
 endfacet
 facet normal -0.70710678118654746 0.70710678118654746 0
  outer loop
   vertex 173.5 99 270
   vertex 173.5 99 269
   vertex 173 98.5 270
  endloop
 endfacet
 facet normal 0.70710678118654746 0.70710678118654746 0
  outer loop
   vertex 179 98.5 269
   vertex 178.5 99 270
   vertex 179 98.5 270
  endloop
 endfacet
 facet normal 0.70710678118654746 0.70710678118654746 0
  outer loop
   vertex 178.5 99 269
   vertex 178.5 99 270
   vertex 179 98.5 269
  endloop
 endfacet
 facet normal 0.70710678118654746 0.70710678118654746 -0
  outer loop
   vertex 179.5 98 270
   vertex 179.5 98 269
   vertex 179 98.5 269
  endloop
 endfacet
 facet normal 0.70710678118654746 0.70710678118654746 0
  outer loop
   vertex 179 98.5 270
   vertex 179.5 98 270
   vertex 179 98.5 269
  endloop
 endfacet
 facet normal -1 0 0
  outer loop
   vertex 173.5 99 269
   vertex 173.5 99 270
   vertex 173.5 100 269
  endloop
 endfacet
 facet normal -1 -0 -0
  outer loop
   vertex 173.5 99 270
   vertex 173.5 100 270
   vertex 173.5 100 269
  endloop
 endfacet
 facet normal 0.57735026918962584 0.57735026918962584 0.57735026918962584
  outer loop
   vertex 176 100 269.5
   vertex 175.5 100 270
   vertex 176 99.5 270
  endloop
 endfacet
 facet normal 0.57735026918962584 0.57735026918962584 0.57735026918962584
  outer loop
   vertex 176 100 269.5
   vertex 177 99.5 269
   vertex 176.5 100 269
  endloop
 endfacet
 facet normal 0.57735026918962584 0.57735026918962584 0.57735026918962584
  outer loop
   vertex 176 100 269.5
   vertex 176 99.5 270
   vertex 177 99.5 269
  endloop
 endfacet
 facet normal 0 1 0
  outer loop
   vertex 176 99.5 270
   vertex 177 99.5 270
   vertex 177 99.5 269
  endloop
 endfacet
 facet normal 0 1 0
  outer loop
   vertex 178 99.5 269
   vertex 177 99.5 269
   vertex 178 99.5 270
  endloop
 endfacet
 facet normal -0 1 0
  outer loop
   vertex 177 99.5 269
   vertex 177 99.5 270
   vertex 178 99.5 270
  endloop
 endfacet
 facet normal 0.70710678118654746 0.70710678118654746 -0
  outer loop
   vertex 178.5 99 270
   vertex 178.5 99 269
   vertex 178 99.5 269
  endloop
 endfacet
 facet normal 0.70710678118654746 0.70710678118654746 0
  outer loop
   vertex 178 99.5 270
   vertex 178.5 99 270
   vertex 178 99.5 269
  endloop
 endfacet
 facet normal -1 0 0
  outer loop
   vertex 173.5 100 269
   vertex 173.5 100 270
   vertex 173.5 101 269
  endloop
 endfacet
 facet normal -1 -0 -0
  outer loop
   vertex 173.5 100 270
   vertex 173.5 101 270
   vertex 173.5 101 269
  endloop
 endfacet
 facet normal 0.57735026918962584 0.57735026918962584 0.57735026918962584
  outer loop
   vertex 176 100.5 269
   vertex 175.5 100 270
   vertex 176 100 269.5
  endloop
 endfacet
 facet normal 0.57735026918962584 0.57735026918962584 0.57735026918962584
  outer loop
   vertex 176 100.5 269
   vertex 175.5 101 269
   vertex 175.5 100 270
  endloop
 endfacet
 facet normal 1 0 0
  outer loop
   vertex 175.5 101 269
   vertex 175.5 101 270
   vertex 175.5 100 270
  endloop
 endfacet
 facet normal 0.57735026918962584 0.57735026918962584 0.57735026918962584
  outer loop
   vertex 176.5 100 269
   vertex 176 100.5 269
   vertex 176 100 269.5
  endloop
 endfacet
 facet normal -1 0 0
  outer loop
   vertex 173.5 101 269
   vertex 173.5 101 270
   vertex 173.5 102 269
  endloop
 endfacet
 facet normal -1 -0 -0
  outer loop
   vertex 173.5 101 270
   vertex 173.5 102 270
   vertex 173.5 102 269
  endloop
 endfacet
 facet normal 1 0 0
  outer loop
   vertex 175.5 101 269
   vertex 175.5 102 269
   vertex 175.5 101 270
  endloop
 endfacet
 facet normal 1 0 -0
  outer loop
   vertex 175.5 101 270
   vertex 175.5 102 269
   vertex 175.5 102 270
  endloop
 endfacet
 facet normal -1 0 0
  outer loop
   vertex 173.5 102 269
   vertex 173.5 102 270
   vertex 173.5 103 269
  endloop
 endfacet
 facet normal -1 -0 -0
  outer loop
   vertex 173.5 102 270
   vertex 173.5 103 270
   vertex 173.5 103 269
  endloop
 endfacet
 facet normal 0.57735026918962584 0.57735026918962584 0.57735026918962584
  outer loop
   vertex 175 103 269.5
   vertex 174.5 103 270
   vertex 175 102.5 270
  endloop
 endfacet
 facet normal 0.57735026918962584 0.57735026918962584 0.57735026918962584
  outer loop
   vertex 175 103 269.5
   vertex 175 102.5 270
   vertex 175.5 102 270
  endloop
 endfacet
 facet normal 0.57735026918962584 0.57735026918962584 0.57735026918962584
  outer loop
   vertex 175 103 269.5
   vertex 175.5 102 270
   vertex 175.5 103 269
  endloop
 endfacet
 facet normal 1 0 0
  outer loop
   vertex 175.5 103 269
   vertex 175.5 102 270
   vertex 175.5 102 269
  endloop
 endfacet
 facet normal -1 0 0
  outer loop
   vertex 173.5 103 269
   vertex 173.5 103 270
   vertex 173.5 104 269
  endloop
 endfacet
 facet normal -1 -0 -0
  outer loop
   vertex 173.5 103 270
   vertex 173.5 104 270
   vertex 173.5 104 269
  endloop
 endfacet
 facet normal 0.70710678118654746 0 0.70710678118654746
  outer loop
   vertex 175 104 269.5
   vertex 174.5 103 270
   vertex 175 103 269.5
  endloop
 endfacet
 facet normal 0.70710678118654746 -0 0.70710678118654746
  outer loop
   vertex 174.5 104 270
   vertex 174.5 103 270
   vertex 175 104 269.5
  endloop
 endfacet
 facet normal 0.70710678118654746 0 0.70710678118654746
  outer loop
   vertex 175.5 103 269
   vertex 175.5 104 269
   vertex 175 104 269.5
  endloop
 endfacet
 facet normal 0.70710678118654746 0 0.70710678118654746
  outer loop
   vertex 175 103 269.5
   vertex 175.5 103 269
   vertex 175 104 269.5
  endloop
 endfacet
 facet normal -1 0 0
  outer loop
   vertex 173.5 104 269
   vertex 173.5 104 270
   vertex 173.5 105 269
  endloop
 endfacet
 facet normal -1 -0 -0
  outer loop
   vertex 173.5 104 270
   vertex 173.5 105 270
   vertex 173.5 105 269
  endloop
 endfacet
 facet normal 0.57735026918962584 -0.57735026918962584 0.57735026918962584
  outer loop
   vertex 175 104 269.5
   vertex 175 104.5 270
   vertex 174.5 104 270
  endloop
 endfacet
 facet normal 0.57735026918962584 -0.57735026918962584 0.57735026918962584
  outer loop
   vertex 175 104.5 270
   vertex 175 104 269.5
   vertex 175.5 104 269
  endloop
 endfacet
 facet normal 0.57735026918962584 -0.57735026918962584 0.57735026918962584
  outer loop
   vertex 175 104.5 270
   vertex 175.5 104 269
   vertex 175.5 105 270
  endloop
 endfacet
 facet normal 1 0 0
  outer loop
   vertex 175.5 105 270
   vertex 175.5 104 269
   vertex 175.5 105 269
  endloop
 endfacet
 facet normal -1 0 0
  outer loop
   vertex 173.5 105 269
   vertex 173.5 105 270
   vertex 173.5 106 269
  endloop
 endfacet
 facet normal -1 -0 -0
  outer loop
   vertex 173.5 105 270
   vertex 173.5 106 270
   vertex 173.5 106 269
  endloop
 endfacet
 facet normal 1 0 0
  outer loop
   vertex 175.5 105 269
   vertex 175.5 106 269
   vertex 175.5 105 270
  endloop
 endfacet
 facet normal 1 0 -0
  outer loop
   vertex 175.5 105 270
   vertex 175.5 106 269
   vertex 175.5 106 270
  endloop
 endfacet
 facet normal -0.70710678118654746 0.70710678118654746 0
  outer loop
   vertex 173.5 106 269
   vertex 173.5 106 270
   vertex 174 106.5 270
  endloop
 endfacet
 facet normal -0.70710678118654746 0.70710678118654746 0
  outer loop
   vertex 174 106.5 269
   vertex 173.5 106 269
   vertex 174 106.5 270
  endloop
 endfacet
 facet normal 0 1 0
  outer loop
   vertex 175 106.5 269
   vertex 174 106.5 269
   vertex 175 106.5 270
  endloop
 endfacet
 facet normal -0 1 0
  outer loop
   vertex 174 106.5 269
   vertex 174 106.5 270
   vertex 175 106.5 270
  endloop
 endfacet
 facet normal 0.70710678118654746 0.70710678118654746 -0
  outer loop
   vertex 175.5 106 270
   vertex 175.5 106 269
   vertex 175 106.5 269
  endloop
 endfacet
 facet normal 0.70710678118654746 0.70710678118654746 0
  outer loop
   vertex 175 106.5 270
   vertex 175.5 106 270
   vertex 175 106.5 269
  endloop
 endfacet
 facet normal -0.70710678118654746 -0.70710678118654746 -0
  outer loop
   vertex 174 87.5 270
   vertex 174 87.5 271
   vertex 173.5 88 271
  endloop
 endfacet
 facet normal -0.70710678118654746 -0.70710678118654746 0
  outer loop
   vertex 173.5 88 270
   vertex 174 87.5 270
   vertex 173.5 88 271
  endloop
 endfacet
 facet normal 0 -1 -0
  outer loop
   vertex 175 87.5 270
   vertex 175 87.5 271
   vertex 174 87.5 270
  endloop
 endfacet
 facet normal -0 -1 0
  outer loop
   vertex 174 87.5 270
   vertex 175 87.5 271
   vertex 174 87.5 271
  endloop
 endfacet
 facet normal 0.57735026918962584 -0.57735026918962584 -0.57735026918962584
  outer loop
   vertex 175.5 88 270
   vertex 176 88 270.5
   vertex 176 87.5 271
  endloop
 endfacet
 facet normal 0.57735026918962584 -0.57735026918962584 -0.57735026918962584
  outer loop
   vertex 175.5 88 270
   vertex 176 87.5 271
   vertex 175 87.5 270
  endloop
 endfacet
 facet normal -0 -1 0
  outer loop
   vertex 175 87.5 270
   vertex 176 87.5 271
   vertex 175 87.5 271
  endloop
 endfacet
 facet normal 0.57735026918962584 -0.57735026918962584 -0.57735026918962584
  outer loop
   vertex 176 87.5 271
   vertex 176 88 270.5
   vertex 176.5 88 271
  endloop
 endfacet
 facet normal -0.57735026918962584 -0.57735026918962584 -0.57735026918962584
  outer loop
   vertex 173 89 270.5
   vertex 173 88.5 271
   vertex 172.5 89 271
  endloop
 endfacet
 facet normal -0.57735026918962584 -0.57735026918962584 -0.57735026918962584
  outer loop
   vertex 173 89 270.5
   vertex 173.5 88 271
   vertex 173 88.5 271
  endloop
 endfacet
 facet normal -0.57735026918962584 -0.57735026918962584 -0.57735026918962584
  outer loop
   vertex 173 89 270.5
   vertex 173.5 89 270
   vertex 173.5 88 271
  endloop
 endfacet
 facet normal -1 0 0
  outer loop
   vertex 173.5 89 270
   vertex 173.5 88 270
   vertex 173.5 88 271
  endloop
 endfacet
 facet normal 0.57735026918962584 -0.57735026918962584 -0.57735026918962584
  outer loop
   vertex 175.5 88 270
   vertex 176 88.5 270
   vertex 176 88 270.5
  endloop
 endfacet
 facet normal 0.57735026918962584 -0.57735026918962584 -0.57735026918962584
  outer loop
   vertex 176 88 270.5
   vertex 177 88.5 271
   vertex 176.5 88 271
  endloop
 endfacet
 facet normal 0.57735026918962584 -0.57735026918962584 -0.57735026918962584
  outer loop
   vertex 176 88 270.5
   vertex 176 88.5 270
   vertex 177 88.5 271
  endloop
 endfacet
 facet normal 0 -1 0
  outer loop
   vertex 176 88.5 270
   vertex 177 88.5 270
   vertex 177 88.5 271
  endloop
 endfacet
 facet normal 0.70710678118654746 -0.70710678118654746 0
  outer loop
   vertex 177 88.5 271
   vertex 177 88.5 270
   vertex 177.5 89 270
  endloop
 endfacet
 facet normal 0.70710678118654746 -0.70710678118654746 0
  outer loop
   vertex 177.5 89 271
   vertex 177 88.5 271
   vertex 177.5 89 270
  endloop
 endfacet
 facet normal -0.70710678118654746 -0.70710678118654746 -0
  outer loop
   vertex 172 89.5 270
   vertex 172 89.5 271
   vertex 171.5 90 271
  endloop
 endfacet
 facet normal -0.70710678118654746 -0.70710678118654746 0
  outer loop
   vertex 171.5 90 270
   vertex 172 89.5 270
   vertex 171.5 90 271
  endloop
 endfacet
 facet normal -0.57735026918962584 -0.57735026918962584 -0.57735026918962584
  outer loop
   vertex 172.5 89 271
   vertex 173 89.5 270
   vertex 173 89 270.5
  endloop
 endfacet
 facet normal -0.57735026918962584 -0.57735026918962584 -0.57735026918962584
  outer loop
   vertex 172.5 89 271
   vertex 172 89.5 271
   vertex 173 89.5 270
  endloop
 endfacet
 facet normal 0 -1 0
  outer loop
   vertex 172 89.5 271
   vertex 172 89.5 270
   vertex 173 89.5 270
  endloop
 endfacet
 facet normal -0.57735026918962584 -0.57735026918962584 -0.57735026918962584
  outer loop
   vertex 173.5 89 270
   vertex 173 89 270.5
   vertex 173 89.5 270
  endloop
 endfacet
 facet normal 0.70710678118654746 -0.70710678118654746 0
  outer loop
   vertex 177.5 89 270
   vertex 178 89.5 271
   vertex 177.5 89 271
  endloop
 endfacet
 facet normal 0.70710678118654746 -0.70710678118654746 0
  outer loop
   vertex 178 89.5 270
   vertex 178 89.5 271
   vertex 177.5 89 270
  endloop
 endfacet
 facet normal 0.70710678118654746 -0.70710678118654746 0
  outer loop
   vertex 178 89.5 271
   vertex 178 89.5 270
   vertex 178.5 90 270
  endloop
 endfacet
 facet normal 0.70710678118654746 -0.70710678118654746 0
  outer loop
   vertex 178.5 90 271
   vertex 178 89.5 271
   vertex 178.5 90 270
  endloop
 endfacet
 facet normal -1 0 0
  outer loop
   vertex 171.5 90 270
   vertex 171.5 90 271
   vertex 171.5 91 270
  endloop
 endfacet
 facet normal -1 -0 -0
  outer loop
   vertex 171.5 90 271
   vertex 171.5 91 271
   vertex 171.5 91 270
  endloop
 endfacet
 facet normal 1 0 0
  outer loop
   vertex 178.5 90 270
   vertex 178.5 91 270
   vertex 178.5 90 271
  endloop
 endfacet
 facet normal 1 0 -0
  outer loop
   vertex 178.5 90 271
   vertex 178.5 91 270
   vertex 178.5 91 271
  endloop
 endfacet
 facet normal -1 0 0
  outer loop
   vertex 171.5 91 270
   vertex 171.5 91 271
   vertex 171.5 92 270
  endloop
 endfacet
 facet normal -1 -0 -0
  outer loop
   vertex 171.5 91 271
   vertex 171.5 92 271
   vertex 171.5 92 270
  endloop
 endfacet
 facet normal 0.70710678118654746 -0.70710678118654746 0
  outer loop
   vertex 178.5 91 270
   vertex 179 91.5 271
   vertex 178.5 91 271
  endloop
 endfacet
 facet normal 0.70710678118654746 -0.70710678118654746 0
  outer loop
   vertex 179 91.5 270
   vertex 179 91.5 271
   vertex 178.5 91 270
  endloop
 endfacet
 facet normal 0.70710678118654746 -0.70710678118654746 0
  outer loop
   vertex 179 91.5 271
   vertex 179 91.5 270
   vertex 179.5 92 270
  endloop
 endfacet
 facet normal 0.70710678118654746 -0.70710678118654746 0
  outer loop
   vertex 179.5 92 271
   vertex 179 91.5 271
   vertex 179.5 92 270
  endloop
 endfacet
 facet normal -0.70710678118654746 -0.70710678118654746 -0
  outer loop
   vertex 171 92.5 270
   vertex 171 92.5 271
   vertex 170.5 93 271
  endloop
 endfacet
 facet normal -0.70710678118654746 -0.70710678118654746 0
  outer loop
   vertex 170.5 93 270
   vertex 171 92.5 270
   vertex 170.5 93 271
  endloop
 endfacet
 facet normal -0.70710678118654746 -0.70710678118654746 0
  outer loop
   vertex 171.5 92 271
   vertex 171 92.5 270
   vertex 171.5 92 270
  endloop
 endfacet
 facet normal -0.70710678118654746 -0.70710678118654746 0
  outer loop
   vertex 171 92.5 271
   vertex 171 92.5 270
   vertex 171.5 92 271
  endloop
 endfacet
 facet normal 1 0 0
  outer loop
   vertex 179.5 92 270
   vertex 179.5 93 270
   vertex 179.5 92 271
  endloop
 endfacet
 facet normal 1 0 -0
  outer loop
   vertex 179.5 92 271
   vertex 179.5 93 270
   vertex 179.5 93 271
  endloop
 endfacet
 facet normal -1 0 0
  outer loop
   vertex 170.5 93 270
   vertex 170.5 93 271
   vertex 170.5 94 270
  endloop
 endfacet
 facet normal -1 -0 -0
  outer loop
   vertex 170.5 93 271
   vertex 170.5 94 271
   vertex 170.5 94 270
  endloop
 endfacet
 facet normal 0.70710678118654746 -0.70710678118654746 0
  outer loop
   vertex 179.5 93 270
   vertex 180 93.5 271
   vertex 179.5 93 271
  endloop
 endfacet
 facet normal 0.70710678118654746 -0.70710678118654746 0
  outer loop
   vertex 180 93.5 270
   vertex 180 93.5 271
   vertex 179.5 93 270
  endloop
 endfacet
 facet normal 0.70710678118654746 -0.70710678118654746 0
  outer loop
   vertex 180 93.5 271
   vertex 180 93.5 270
   vertex 180.5 94 270
  endloop
 endfacet
 facet normal 0.70710678118654746 -0.70710678118654746 0
  outer loop
   vertex 180.5 94 271
   vertex 180 93.5 271
   vertex 180.5 94 270
  endloop
 endfacet
 facet normal -0.57735026918962584 0.57735026918962584 -0.57735026918962584
  outer loop
   vertex 171 95 270.5
   vertex 171 94.5 270
   vertex 170.5 94 270
  endloop
 endfacet
 facet normal -0.57735026918962584 0.57735026918962584 -0.57735026918962584
  outer loop
   vertex 171 95 270.5
   vertex 170.5 94 270
   vertex 170.5 95 271
  endloop
 endfacet
 facet normal -1 0 0
  outer loop
   vertex 170.5 95 271
   vertex 170.5 94 270
   vertex 170.5 94 271
  endloop
 endfacet
 facet normal -0.57735026918962584 0.57735026918962584 -0.57735026918962584
  outer loop
   vertex 171 94.5 270
   vertex 171 95 270.5
   vertex 171.5 95 270
  endloop
 endfacet
 facet normal 1 0 0
  outer loop
   vertex 180.5 94 270
   vertex 180.5 95 270
   vertex 180.5 94 271
  endloop
 endfacet
 facet normal 1 0 -0
  outer loop
   vertex 180.5 94 271
   vertex 180.5 95 270
   vertex 180.5 95 271
  endloop
 endfacet
 facet normal -0.57735026918962584 0.57735026918962584 -0.57735026918962584
  outer loop
   vertex 171 95 270.5
   vertex 170.5 95 271
   vertex 171 95.5 271
  endloop
 endfacet
 facet normal -0.57735026918962584 0.57735026918962584 -0.57735026918962584
  outer loop
   vertex 171 95.5 271
   vertex 171.5 95 270
   vertex 171 95 270.5
  endloop
 endfacet
 facet normal -0.57735026918962584 0.57735026918962584 -0.57735026918962584
  outer loop
   vertex 171 95.5 271
   vertex 171.5 96 271
   vertex 171.5 95 270
  endloop
 endfacet
 facet normal -1 0 0
  outer loop
   vertex 171.5 96 271
   vertex 171.5 96 270
   vertex 171.5 95 270
  endloop
 endfacet
 facet normal 1 0 0
  outer loop
   vertex 180.5 95 270
   vertex 180.5 96 270
   vertex 180.5 95 271
  endloop
 endfacet
 facet normal 1 0 -0
  outer loop
   vertex 180.5 95 271
   vertex 180.5 96 270
   vertex 180.5 96 271
  endloop
 endfacet
 facet normal -0.70710678118654746 0.70710678118654746 0
  outer loop
   vertex 171.5 96 270
   vertex 171.5 96 271
   vertex 172 96.5 271
  endloop
 endfacet
 facet normal -0.70710678118654746 0.70710678118654746 0
  outer loop
   vertex 172 96.5 270
   vertex 171.5 96 270
   vertex 172 96.5 271
  endloop
 endfacet
 facet normal -0.70710678118654746 0.70710678118654746 0
  outer loop
   vertex 172 96.5 271
   vertex 172.5 97 270
   vertex 172 96.5 270
  endloop
 endfacet
 facet normal -0.70710678118654746 0.70710678118654746 0
  outer loop
   vertex 172.5 97 271
   vertex 172.5 97 270
   vertex 172 96.5 271
  endloop
 endfacet
 facet normal 1 0 0
  outer loop
   vertex 180.5 96 270
   vertex 180.5 97 270
   vertex 180.5 96 271
  endloop
 endfacet
 facet normal 1 0 -0
  outer loop
   vertex 180.5 96 271
   vertex 180.5 97 270
   vertex 180.5 97 271
  endloop
 endfacet
 facet normal -0.57735026918962584 0.57735026918962584 0.57735026918962584
  outer loop
   vertex 173 97.5 271
   vertex 173 98 270.5
   vertex 172.5 98 270
  endloop
 endfacet
 facet normal -0.57735026918962584 0.57735026918962584 0.57735026918962584
  outer loop
   vertex 173 97.5 271
   vertex 172.5 98 270
   vertex 172.5 97 271
  endloop
 endfacet
 facet normal -1 0 0
  outer loop
   vertex 172.5 97 271
   vertex 172.5 98 270
   vertex 172.5 97 270
  endloop
 endfacet
 facet normal -0.57735026918962584 0.57735026918962584 0.57735026918962584
  outer loop
   vertex 173 97.5 271
   vertex 173.5 98 271
   vertex 173 98 270.5
  endloop
 endfacet
 facet normal 0.70710678118654746 0.70710678118654746 0
  outer loop
   vertex 180 97.5 270
   vertex 179.5 98 271
   vertex 180 97.5 271
  endloop
 endfacet
 facet normal 0.70710678118654746 0.70710678118654746 0
  outer loop
   vertex 179.5 98 270
   vertex 179.5 98 271
   vertex 180 97.5 270
  endloop
 endfacet
 facet normal 0.70710678118654746 0.70710678118654746 -0
  outer loop
   vertex 180.5 97 271
   vertex 180.5 97 270
   vertex 180 97.5 270
  endloop
 endfacet
 facet normal 0.70710678118654746 0.70710678118654746 0
  outer loop
   vertex 180 97.5 271
   vertex 180.5 97 271
   vertex 180 97.5 270
  endloop
 endfacet
 facet normal -0.57735026918962584 0.57735026918962584 0.57735026918962584
  outer loop
   vertex 172.5 98 270
   vertex 173 98 270.5
   vertex 173 98.5 270
  endloop
 endfacet
 facet normal -0.57735026918962584 0.57735026918962584 0.57735026918962584
  outer loop
   vertex 173 98 270.5
   vertex 173.5 99 270
   vertex 173 98.5 270
  endloop
 endfacet
 facet normal -0.57735026918962584 0.57735026918962584 0.57735026918962584
  outer loop
   vertex 173 98 270.5
   vertex 173.5 98 271
   vertex 173.5 99 270
  endloop
 endfacet
 facet normal -1 -0 -0
  outer loop
   vertex 173.5 98 271
   vertex 173.5 99 271
   vertex 173.5 99 270
  endloop
 endfacet
 facet normal 0.57735026918962584 0.57735026918962584 -0.57735026918962584
  outer loop
   vertex 179 98.5 270
   vertex 178.5 99 270
   vertex 179 99 270.5
  endloop
 endfacet
 facet normal 0.57735026918962584 0.57735026918962584 -0.57735026918962584
  outer loop
   vertex 179 98.5 270
   vertex 179 99 270.5
   vertex 179.5 99 271
  endloop
 endfacet
 facet normal 0.57735026918962584 0.57735026918962584 -0.57735026918962584
  outer loop
   vertex 179 98.5 270
   vertex 179.5 99 271
   vertex 179.5 98 270
  endloop
 endfacet
 facet normal 1 0 0
  outer loop
   vertex 179.5 98 270
   vertex 179.5 99 271
   vertex 179.5 98 271
  endloop
 endfacet
 facet normal -1 0 0
  outer loop
   vertex 173.5 99 270
   vertex 173.5 99 271
   vertex 173.5 100 270
  endloop
 endfacet
 facet normal -1 -0 -0
  outer loop
   vertex 173.5 99 271
   vertex 173.5 100 271
   vertex 173.5 100 270
  endloop
 endfacet
 facet normal 0.70710678118654746 0.70710678118654746 0
  outer loop
   vertex 176 99.5 270
   vertex 175.5 100 271
   vertex 176 99.5 271
  endloop
 endfacet
 facet normal 0.70710678118654746 0.70710678118654746 0
  outer loop
   vertex 175.5 100 270
   vertex 175.5 100 271
   vertex 176 99.5 270
  endloop
 endfacet
 facet normal 0 1 0
  outer loop
   vertex 177 99.5 270
   vertex 176 99.5 270
   vertex 177 99.5 271
  endloop
 endfacet
 facet normal -0 1 0
  outer loop
   vertex 176 99.5 270
   vertex 176 99.5 271
   vertex 177 99.5 271
  endloop
 endfacet
 facet normal 0 1 0
  outer loop
   vertex 178 99.5 270
   vertex 177 99.5 270
   vertex 178 99.5 271
  endloop
 endfacet
 facet normal -0 1 0
  outer loop
   vertex 177 99.5 270
   vertex 177 99.5 271
   vertex 178 99.5 271
  endloop
 endfacet
 facet normal 0.57735026918962584 0.57735026918962584 -0.57735026918962584
  outer loop
   vertex 179 99 270.5
   vertex 178.5 99 270
   vertex 178 99.5 270
  endloop
 endfacet
 facet normal 0.57735026918962584 0.57735026918962584 -0.57735026918962584
  outer loop
   vertex 179 99 270.5
   vertex 178 99.5 270
   vertex 179 99.5 271
  endloop
 endfacet
 facet normal 0 1 0
  outer loop
   vertex 179 99.5 271
   vertex 178 99.5 270
   vertex 178 99.5 271
  endloop
 endfacet
 facet normal 0.57735026918962584 0.57735026918962584 -0.57735026918962584
  outer loop
   vertex 179.5 99 271
   vertex 179 99 270.5
   vertex 179 99.5 271
  endloop
 endfacet
 facet normal -1 0 0
  outer loop
   vertex 173.5 100 270
   vertex 173.5 100 271
   vertex 173.5 101 270
  endloop
 endfacet
 facet normal -1 -0 -0
  outer loop
   vertex 173.5 100 271
   vertex 173.5 101 271
   vertex 173.5 101 270
  endloop
 endfacet
 facet normal 1 0 0
  outer loop
   vertex 175.5 100 270
   vertex 175.5 101 270
   vertex 175.5 100 271
  endloop
 endfacet
 facet normal 1 0 -0
  outer loop
   vertex 175.5 100 271
   vertex 175.5 101 270
   vertex 175.5 101 271
  endloop
 endfacet
 facet normal -1 0 0
  outer loop
   vertex 173.5 101 270
   vertex 173.5 101 271
   vertex 173.5 102 270
  endloop
 endfacet
 facet normal -1 -0 -0
  outer loop
   vertex 173.5 101 271
   vertex 173.5 102 271
   vertex 173.5 102 270
  endloop
 endfacet
 facet normal 1 0 0
  outer loop
   vertex 175.5 101 270
   vertex 175.5 102 270
   vertex 175.5 101 271
  endloop
 endfacet
 facet normal 1 0 -0
  outer loop
   vertex 175.5 101 271
   vertex 175.5 102 270
   vertex 175.5 102 271
  endloop
 endfacet
 facet normal -1 0 0
  outer loop
   vertex 173.5 102 270
   vertex 173.5 102 271
   vertex 173.5 103 270
  endloop
 endfacet
 facet normal -1 -0 -0
  outer loop
   vertex 173.5 102 271
   vertex 173.5 103 271
   vertex 173.5 103 270
  endloop
 endfacet
 facet normal 0.70710678118654746 0.70710678118654746 0
  outer loop
   vertex 175 102.5 270
   vertex 174.5 103 271
   vertex 175 102.5 271
  endloop
 endfacet
 facet normal 0.70710678118654746 0.70710678118654746 0
  outer loop
   vertex 174.5 103 270
   vertex 174.5 103 271
   vertex 175 102.5 270
  endloop
 endfacet
 facet normal 0.70710678118654746 0.70710678118654746 -0
  outer loop
   vertex 175.5 102 271
   vertex 175.5 102 270
   vertex 175 102.5 270
  endloop
 endfacet
 facet normal 0.70710678118654746 0.70710678118654746 0
  outer loop
   vertex 175 102.5 271
   vertex 175.5 102 271
   vertex 175 102.5 270
  endloop
 endfacet
 facet normal -1 0 0
  outer loop
   vertex 173.5 103 270
   vertex 173.5 103 271
   vertex 173.5 104 270
  endloop
 endfacet
 facet normal -1 -0 -0
  outer loop
   vertex 173.5 103 271
   vertex 173.5 104 271
   vertex 173.5 104 270
  endloop
 endfacet
 facet normal 1 0 0
  outer loop
   vertex 174.5 103 270
   vertex 174.5 104 270
   vertex 174.5 103 271
  endloop
 endfacet
 facet normal 1 0 -0
  outer loop
   vertex 174.5 103 271
   vertex 174.5 104 270
   vertex 174.5 104 271
  endloop
 endfacet
 facet normal -1 0 0
  outer loop
   vertex 173.5 104 270
   vertex 173.5 104 271
   vertex 173.5 105 270
  endloop
 endfacet
 facet normal -1 -0 -0
  outer loop
   vertex 173.5 104 271
   vertex 173.5 105 271
   vertex 173.5 105 270
  endloop
 endfacet
 facet normal 0.70710678118654746 -0.70710678118654746 0
  outer loop
   vertex 174.5 104 270
   vertex 175 104.5 271
   vertex 174.5 104 271
  endloop
 endfacet
 facet normal 0.70710678118654746 -0.70710678118654746 0
  outer loop
   vertex 175 104.5 270
   vertex 175 104.5 271
   vertex 174.5 104 270
  endloop
 endfacet
 facet normal 0.70710678118654746 -0.70710678118654746 0
  outer loop
   vertex 175 104.5 271
   vertex 175 104.5 270
   vertex 175.5 105 270
  endloop
 endfacet
 facet normal 0.70710678118654746 -0.70710678118654746 0
  outer loop
   vertex 175.5 105 271
   vertex 175 104.5 271
   vertex 175.5 105 270
  endloop
 endfacet
 facet normal -1 0 0
  outer loop
   vertex 173.5 105 270
   vertex 173.5 105 271
   vertex 173.5 106 270
  endloop
 endfacet
 facet normal -1 -0 -0
  outer loop
   vertex 173.5 105 271
   vertex 173.5 106 271
   vertex 173.5 106 270
  endloop
 endfacet
 facet normal 1 0 0
  outer loop
   vertex 175.5 105 270
   vertex 175.5 106 270
   vertex 175.5 105 271
  endloop
 endfacet
 facet normal 1 0 -0
  outer loop
   vertex 175.5 105 271
   vertex 175.5 106 270
   vertex 175.5 106 271
  endloop
 endfacet
 facet normal -0.70710678118654746 0.70710678118654746 0
  outer loop
   vertex 173.5 106 270
   vertex 173.5 106 271
   vertex 174 106.5 271
  endloop
 endfacet
 facet normal -0.70710678118654746 0.70710678118654746 0
  outer loop
   vertex 174 106.5 270
   vertex 173.5 106 270
   vertex 174 106.5 271
  endloop
 endfacet
 facet normal 0 1 0
  outer loop
   vertex 175 106.5 270
   vertex 174 106.5 270
   vertex 175 106.5 271
  endloop
 endfacet
 facet normal -0 1 0
  outer loop
   vertex 174 106.5 270
   vertex 174 106.5 271
   vertex 175 106.5 271
  endloop
 endfacet
 facet normal 0.70710678118654746 0.70710678118654746 -0
  outer loop
   vertex 175.5 106 271
   vertex 175.5 106 270
   vertex 175 106.5 270
  endloop
 endfacet
 facet normal 0.70710678118654746 0.70710678118654746 0
  outer loop
   vertex 175 106.5 271
   vertex 175.5 106 271
   vertex 175 106.5 270
  endloop
 endfacet
 facet normal -0.70710678118654746 -0.70710678118654746 -0
  outer loop
   vertex 174 87.5 271
   vertex 174 87.5 272
   vertex 173.5 88 272
  endloop
 endfacet
 facet normal -0.70710678118654746 -0.70710678118654746 0
  outer loop
   vertex 173.5 88 271
   vertex 174 87.5 271
   vertex 173.5 88 272
  endloop
 endfacet
 facet normal 0 -1 -0
  outer loop
   vertex 175 87.5 271
   vertex 175 87.5 272
   vertex 174 87.5 271
  endloop
 endfacet
 facet normal -0 -1 0
  outer loop
   vertex 174 87.5 271
   vertex 175 87.5 272
   vertex 174 87.5 272
  endloop
 endfacet
 facet normal 0 -1 -0
  outer loop
   vertex 176 87.5 271
   vertex 176 87.5 272
   vertex 175 87.5 271
  endloop
 endfacet
 facet normal -0 -1 0
  outer loop
   vertex 175 87.5 271
   vertex 176 87.5 272
   vertex 175 87.5 272
  endloop
 endfacet
 facet normal 0.70710678118654746 -0.70710678118654746 0
  outer loop
   vertex 176 87.5 272
   vertex 176 87.5 271
   vertex 176.5 88 271
  endloop
 endfacet
 facet normal 0.70710678118654746 -0.70710678118654746 0
  outer loop
   vertex 176.5 88 272
   vertex 176 87.5 272
   vertex 176.5 88 271
  endloop
 endfacet
 facet normal -0.70710678118654746 -0.70710678118654746 -0
  outer loop
   vertex 173 88.5 271
   vertex 173 88.5 272
   vertex 172.5 89 272
  endloop
 endfacet
 facet normal -0.70710678118654746 -0.70710678118654746 0
  outer loop
   vertex 172.5 89 271
   vertex 173 88.5 271
   vertex 172.5 89 272
  endloop
 endfacet
 facet normal -0.70710678118654746 -0.70710678118654746 0
  outer loop
   vertex 173.5 88 272
   vertex 173 88.5 271
   vertex 173.5 88 271
  endloop
 endfacet
 facet normal -0.70710678118654746 -0.70710678118654746 0
  outer loop
   vertex 173 88.5 272
   vertex 173 88.5 271
   vertex 173.5 88 272
  endloop
 endfacet
 facet normal 0.70710678118654746 -0.70710678118654746 0
  outer loop
   vertex 176.5 88 271
   vertex 177 88.5 272
   vertex 176.5 88 272
  endloop
 endfacet
 facet normal 0.70710678118654746 -0.70710678118654746 0
  outer loop
   vertex 177 88.5 271
   vertex 177 88.5 272
   vertex 176.5 88 271
  endloop
 endfacet
 facet normal 0.70710678118654746 -0.70710678118654746 0
  outer loop
   vertex 177 88.5 272
   vertex 177 88.5 271
   vertex 177.5 89 271
  endloop
 endfacet
 facet normal 0.70710678118654746 -0.70710678118654746 0
  outer loop
   vertex 177.5 89 272
   vertex 177 88.5 272
   vertex 177.5 89 271
  endloop
 endfacet
 facet normal -0.70710678118654746 -0.70710678118654746 -0
  outer loop
   vertex 172 89.5 271
   vertex 172 89.5 272
   vertex 171.5 90 272
  endloop
 endfacet
 facet normal -0.70710678118654746 -0.70710678118654746 0
  outer loop
   vertex 171.5 90 271
   vertex 172 89.5 271
   vertex 171.5 90 272
  endloop
 endfacet
 facet normal -0.70710678118654746 -0.70710678118654746 0
  outer loop
   vertex 172.5 89 272
   vertex 172 89.5 271
   vertex 172.5 89 271
  endloop
 endfacet
 facet normal -0.70710678118654746 -0.70710678118654746 0
  outer loop
   vertex 172 89.5 272
   vertex 172 89.5 271
   vertex 172.5 89 272
  endloop
 endfacet
 facet normal 0.70710678118654746 -0.70710678118654746 0
  outer loop
   vertex 177.5 89 271
   vertex 178 89.5 272
   vertex 177.5 89 272
  endloop
 endfacet
 facet normal 0.70710678118654746 -0.70710678118654746 0
  outer loop
   vertex 178 89.5 271
   vertex 178 89.5 272
   vertex 177.5 89 271
  endloop
 endfacet
 facet normal 0.70710678118654746 -0.70710678118654746 0
  outer loop
   vertex 178 89.5 272
   vertex 178 89.5 271
   vertex 178.5 90 271
  endloop
 endfacet
 facet normal 0.70710678118654746 -0.70710678118654746 0
  outer loop
   vertex 178.5 90 272
   vertex 178 89.5 272
   vertex 178.5 90 271
  endloop
 endfacet
 facet normal -1 0 0
  outer loop
   vertex 171.5 90 271
   vertex 171.5 90 272
   vertex 171.5 91 271
  endloop
 endfacet
 facet normal -1 -0 -0
  outer loop
   vertex 171.5 90 272
   vertex 171.5 91 272
   vertex 171.5 91 271
  endloop
 endfacet
 facet normal 0.57735026918962584 -0.57735026918962584 -0.57735026918962584
  outer loop
   vertex 179 90.5 272
   vertex 178.5 91 271
   vertex 179 91 271.5
  endloop
 endfacet
 facet normal 0.57735026918962584 -0.57735026918962584 -0.57735026918962584
  outer loop
   vertex 179 90.5 272
   vertex 178.5 90 272
   vertex 178.5 91 271
  endloop
 endfacet
 facet normal 1 0 0
  outer loop
   vertex 178.5 90 272
   vertex 178.5 90 271
   vertex 178.5 91 271
  endloop
 endfacet
 facet normal 0.57735026918962584 -0.57735026918962584 -0.57735026918962584
  outer loop
   vertex 179 90.5 272
   vertex 179 91 271.5
   vertex 179.5 91 272
  endloop
 endfacet
 facet normal -0.57735026918962584 -0.57735026918962584 -0.57735026918962584
  outer loop
   vertex 171 92 271.5
   vertex 171 91.5 272
   vertex 170.5 92 272
  endloop
 endfacet
 facet normal -0.57735026918962584 -0.57735026918962584 -0.57735026918962584
  outer loop
   vertex 171 92 271.5
   vertex 171.5 91 272
   vertex 171 91.5 272
  endloop
 endfacet
 facet normal -0.57735026918962584 -0.57735026918962584 -0.57735026918962584
  outer loop
   vertex 171 92 271.5
   vertex 171.5 92 271
   vertex 171.5 91 272
  endloop
 endfacet
 facet normal -1 0 0
  outer loop
   vertex 171.5 92 271
   vertex 171.5 91 271
   vertex 171.5 91 272
  endloop
 endfacet
 facet normal 0.57735026918962584 -0.57735026918962584 -0.57735026918962584
  outer loop
   vertex 178.5 91 271
   vertex 179 91.5 271
   vertex 179 91 271.5
  endloop
 endfacet
 facet normal 0.57735026918962584 -0.57735026918962584 -0.57735026918962584
  outer loop
   vertex 179 91 271.5
   vertex 179 91.5 271
   vertex 179.5 92 271
  endloop
 endfacet
 facet normal 0.57735026918962584 -0.57735026918962584 -0.57735026918962584
  outer loop
   vertex 179 91 271.5
   vertex 179.5 92 271
   vertex 179.5 91 272
  endloop
 endfacet
 facet normal 1 0 -0
  outer loop
   vertex 179.5 91 272
   vertex 179.5 92 271
   vertex 179.5 92 272
  endloop
 endfacet
 facet normal -0.57735026918962584 -0.57735026918962584 -0.57735026918962584
  outer loop
   vertex 171 92.5 271
   vertex 171 92 271.5
   vertex 170.5 92 272
  endloop
 endfacet
 facet normal -0.57735026918962584 -0.57735026918962584 -0.57735026918962584
  outer loop
   vertex 171 92.5 271
   vertex 170.5 92 272
   vertex 170.5 93 271
  endloop
 endfacet
 facet normal -1 0 0
  outer loop
   vertex 170.5 93 271
   vertex 170.5 92 272
   vertex 170.5 93 272
  endloop
 endfacet
 facet normal -0.57735026918962584 -0.57735026918962584 -0.57735026918962584
  outer loop
   vertex 171.5 92 271
   vertex 171 92 271.5
   vertex 171 92.5 271
  endloop
 endfacet
 facet normal 0.57735026918962584 -0.57735026918962584 -0.57735026918962584
  outer loop
   vertex 180 92.5 272
   vertex 179.5 93 271
   vertex 180 93 271.5
  endloop
 endfacet
 facet normal 0.57735026918962584 -0.57735026918962584 -0.57735026918962584
  outer loop
   vertex 180 92.5 272
   vertex 179.5 92 272
   vertex 179.5 93 271
  endloop
 endfacet
 facet normal 1 0 0
  outer loop
   vertex 179.5 92 272
   vertex 179.5 92 271
   vertex 179.5 93 271
  endloop
 endfacet
 facet normal 0.57735026918962584 -0.57735026918962584 -0.57735026918962584
  outer loop
   vertex 180 92.5 272
   vertex 180 93 271.5
   vertex 180.5 93 272
  endloop
 endfacet
 facet normal -1 0 0
  outer loop
   vertex 170.5 93 271
   vertex 170.5 93 272
   vertex 170.5 94 271
  endloop
 endfacet
 facet normal -1 -0 -0
  outer loop
   vertex 170.5 93 272
   vertex 170.5 94 272
   vertex 170.5 94 271
  endloop
 endfacet
 facet normal 0.57735026918962584 -0.57735026918962584 -0.57735026918962584
  outer loop
   vertex 179.5 93 271
   vertex 180 93.5 271
   vertex 180 93 271.5
  endloop
 endfacet
 facet normal 0.57735026918962584 -0.57735026918962584 -0.57735026918962584
  outer loop
   vertex 180 93 271.5
   vertex 180 93.5 271
   vertex 180.5 94 271
  endloop
 endfacet
 facet normal 0.57735026918962584 -0.57735026918962584 -0.57735026918962584
  outer loop
   vertex 180 93 271.5
   vertex 180.5 94 271
   vertex 180.5 93 272
  endloop
 endfacet
 facet normal 1 0 -0
  outer loop
   vertex 180.5 93 272
   vertex 180.5 94 271
   vertex 180.5 94 272
  endloop
 endfacet
 facet normal -1 0 0
  outer loop
   vertex 170.5 94 271
   vertex 170.5 94 272
   vertex 170.5 95 271
  endloop
 endfacet
 facet normal -1 -0 -0
  outer loop
   vertex 170.5 94 272
   vertex 170.5 95 272
   vertex 170.5 95 271
  endloop
 endfacet
 facet normal 1 0 0
  outer loop
   vertex 180.5 94 271
   vertex 180.5 95 271
   vertex 180.5 94 272
  endloop
 endfacet
 facet normal 1 0 -0
  outer loop
   vertex 180.5 94 272
   vertex 180.5 95 271
   vertex 180.5 95 272
  endloop
 endfacet
 facet normal -0.70710678118654746 0.70710678118654746 0
  outer loop
   vertex 170.5 95 271
   vertex 170.5 95 272
   vertex 171 95.5 272
  endloop
 endfacet
 facet normal -0.70710678118654746 0.70710678118654746 0
  outer loop
   vertex 171 95.5 271
   vertex 170.5 95 271
   vertex 171 95.5 272
  endloop
 endfacet
 facet normal -0.70710678118654746 0.70710678118654746 0
  outer loop
   vertex 171 95.5 272
   vertex 171.5 96 271
   vertex 171 95.5 271
  endloop
 endfacet
 facet normal -0.70710678118654746 0.70710678118654746 0
  outer loop
   vertex 171.5 96 272
   vertex 171.5 96 271
   vertex 171 95.5 272
  endloop
 endfacet
 facet normal 1 0 0
  outer loop
   vertex 180.5 95 271
   vertex 180.5 96 271
   vertex 180.5 95 272
  endloop
 endfacet
 facet normal 1 0 -0
  outer loop
   vertex 180.5 95 272
   vertex 180.5 96 271
   vertex 180.5 96 272
  endloop
 endfacet
 facet normal -0.70710678118654746 0.70710678118654746 0
  outer loop
   vertex 171.5 96 271
   vertex 171.5 96 272
   vertex 172 96.5 272
  endloop
 endfacet
 facet normal -0.70710678118654746 0.70710678118654746 0
  outer loop
   vertex 172 96.5 271
   vertex 171.5 96 271
   vertex 172 96.5 272
  endloop
 endfacet
 facet normal -0.70710678118654746 0.70710678118654746 0
  outer loop
   vertex 172 96.5 272
   vertex 172.5 97 271
   vertex 172 96.5 271
  endloop
 endfacet
 facet normal -0.70710678118654746 0.70710678118654746 0
  outer loop
   vertex 172.5 97 272
   vertex 172.5 97 271
   vertex 172 96.5 272
  endloop
 endfacet
 facet normal 1 0 0
  outer loop
   vertex 180.5 96 271
   vertex 180.5 97 271
   vertex 180.5 96 272
  endloop
 endfacet
 facet normal 1 0 -0
  outer loop
   vertex 180.5 96 272
   vertex 180.5 97 271
   vertex 180.5 97 272
  endloop
 endfacet
 facet normal -0.70710678118654746 0.70710678118654746 0
  outer loop
   vertex 172.5 97 271
   vertex 172.5 97 272
   vertex 173 97.5 272
  endloop
 endfacet
 facet normal -0.70710678118654746 0.70710678118654746 0
  outer loop
   vertex 173 97.5 271
   vertex 172.5 97 271
   vertex 173 97.5 272
  endloop
 endfacet
 facet normal -0.70710678118654746 0.70710678118654746 0
  outer loop
   vertex 173 97.5 272
   vertex 173.5 98 271
   vertex 173 97.5 271
  endloop
 endfacet
 facet normal -0.70710678118654746 0.70710678118654746 0
  outer loop
   vertex 173.5 98 272
   vertex 173.5 98 271
   vertex 173 97.5 272
  endloop
 endfacet
 facet normal 0.70710678118654746 0.70710678118654746 0
  outer loop
   vertex 180 97.5 271
   vertex 179.5 98 272
   vertex 180 97.5 272
  endloop
 endfacet
 facet normal 0.70710678118654746 0.70710678118654746 0
  outer loop
   vertex 179.5 98 271
   vertex 179.5 98 272
   vertex 180 97.5 271
  endloop
 endfacet
 facet normal 0.70710678118654746 0.70710678118654746 -0
  outer loop
   vertex 180.5 97 272
   vertex 180.5 97 271
   vertex 180 97.5 271
  endloop
 endfacet
 facet normal 0.70710678118654746 0.70710678118654746 0
  outer loop
   vertex 180 97.5 272
   vertex 180.5 97 272
   vertex 180 97.5 271
  endloop
 endfacet
 facet normal -1 0 0
  outer loop
   vertex 173.5 98 271
   vertex 173.5 98 272
   vertex 173.5 99 271
  endloop
 endfacet
 facet normal -1 -0 -0
  outer loop
   vertex 173.5 98 272
   vertex 173.5 99 272
   vertex 173.5 99 271
  endloop
 endfacet
 facet normal 1 0 0
  outer loop
   vertex 179.5 98 271
   vertex 179.5 99 271
   vertex 179.5 98 272
  endloop
 endfacet
 facet normal 1 0 -0
  outer loop
   vertex 179.5 98 272
   vertex 179.5 99 271
   vertex 179.5 99 272
  endloop
 endfacet
 facet normal -0.57735026918962584 0.57735026918962584 0.57735026918962584
  outer loop
   vertex 174 99.5 272
   vertex 174 100 271.5
   vertex 173.5 100 271
  endloop
 endfacet
 facet normal -0.57735026918962584 0.57735026918962584 0.57735026918962584
  outer loop
   vertex 174 99.5 272
   vertex 173.5 100 271
   vertex 173.5 99 272
  endloop
 endfacet
 facet normal -1 0 0
  outer loop
   vertex 173.5 99 272
   vertex 173.5 100 271
   vertex 173.5 99 271
  endloop
 endfacet
 facet normal -0.57735026918962584 0.57735026918962584 0.57735026918962584
  outer loop
   vertex 174 99.5 272
   vertex 174.5 100 272
   vertex 174 100 271.5
  endloop
 endfacet
 facet normal 0.57735026918962584 0.57735026918962584 -0.57735026918962584
  outer loop
   vertex 176 99.5 271
   vertex 175.5 100 271
   vertex 176 100 271.5
  endloop
 endfacet
 facet normal 0.57735026918962584 0.57735026918962584 -0.57735026918962584
  outer loop
   vertex 176.5 100 272
   vertex 176 99.5 271
   vertex 176 100 271.5
  endloop
 endfacet
 facet normal 0.57735026918962584 0.57735026918962584 -0.57735026918962584
  outer loop
   vertex 176.5 100 272
   vertex 177 99.5 272
   vertex 176 99.5 271
  endloop
 endfacet
 facet normal 0 1 -0
  outer loop
   vertex 177 99.5 272
   vertex 177 99.5 271
   vertex 176 99.5 271
  endloop
 endfacet
 facet normal 0 1 0
  outer loop
   vertex 178 99.5 271
   vertex 177 99.5 271
   vertex 178 99.5 272
  endloop
 endfacet
 facet normal -0 1 0
  outer loop
   vertex 177 99.5 271
   vertex 177 99.5 272
   vertex 178 99.5 272
  endloop
 endfacet
 facet normal 0 1 0
  outer loop
   vertex 179 99.5 271
   vertex 178 99.5 271
   vertex 179 99.5 272
  endloop
 endfacet
 facet normal -0 1 0
  outer loop
   vertex 178 99.5 271
   vertex 178 99.5 272
   vertex 179 99.5 272
  endloop
 endfacet
 facet normal 0.70710678118654746 0.70710678118654746 -0
  outer loop
   vertex 179.5 99 272
   vertex 179.5 99 271
   vertex 179 99.5 271
  endloop
 endfacet
 facet normal 0.70710678118654746 0.70710678118654746 0
  outer loop
   vertex 179 99.5 272
   vertex 179.5 99 272
   vertex 179 99.5 271
  endloop
 endfacet
 facet normal -0.70710678118654746 0 0.70710678118654746
  outer loop
   vertex 174 100 271.5
   vertex 174 101 271.5
   vertex 173.5 101 271
  endloop
 endfacet
 facet normal -0.70710678118654746 0 0.70710678118654746
  outer loop
   vertex 173.5 100 271
   vertex 174 100 271.5
   vertex 173.5 101 271
  endloop
 endfacet
 facet normal -0.70710678118654746 0 0.70710678118654746
  outer loop
   vertex 174.5 101 272
   vertex 174 100 271.5
   vertex 174.5 100 272
  endloop
 endfacet
 facet normal -0.70710678118654746 0 0.70710678118654746
  outer loop
   vertex 174 101 271.5
   vertex 174 100 271.5
   vertex 174.5 101 272
  endloop
 endfacet
 facet normal 0.57735026918962584 0.57735026918962584 -0.57735026918962584
  outer loop
   vertex 176 100 271.5
   vertex 175.5 101 272
   vertex 176 100.5 272
  endloop
 endfacet
 facet normal 0.57735026918962584 0.57735026918962584 -0.57735026918962584
  outer loop
   vertex 176 100 271.5
   vertex 175.5 100 271
   vertex 175.5 101 272
  endloop
 endfacet
 facet normal 1 0 -0
  outer loop
   vertex 175.5 100 271
   vertex 175.5 101 271
   vertex 175.5 101 272
  endloop
 endfacet
 facet normal 0.57735026918962584 0.57735026918962584 -0.57735026918962584
  outer loop
   vertex 176.5 100 272
   vertex 176 100 271.5
   vertex 176 100.5 272
  endloop
 endfacet
 facet normal -0.57735026918962584 -0.57735026918962584 0.57735026918962584
  outer loop
   vertex 174 101 271.5
   vertex 174 101.5 272
   vertex 173.5 102 272
  endloop
 endfacet
 facet normal -0.57735026918962584 -0.57735026918962584 0.57735026918962584
  outer loop
   vertex 174 101 271.5
   vertex 173.5 102 272
   vertex 173.5 101 271
  endloop
 endfacet
 facet normal -1 0 -0
  outer loop
   vertex 173.5 101 271
   vertex 173.5 102 272
   vertex 173.5 102 271
  endloop
 endfacet
 facet normal -0.57735026918962584 -0.57735026918962584 0.57735026918962584
  outer loop
   vertex 174.5 101 272
   vertex 174 101.5 272
   vertex 174 101 271.5
  endloop
 endfacet
 facet normal 1 0 0
  outer loop
   vertex 175.5 101 271
   vertex 175.5 102 271
   vertex 175.5 101 272
  endloop
 endfacet
 facet normal 1 0 -0
  outer loop
   vertex 175.5 101 272
   vertex 175.5 102 271
   vertex 175.5 102 272
  endloop
 endfacet
 facet normal -1 0 0
  outer loop
   vertex 173.5 102 271
   vertex 173.5 102 272
   vertex 173.5 103 271
  endloop
 endfacet
 facet normal -1 -0 -0
  outer loop
   vertex 173.5 102 272
   vertex 173.5 103 272
   vertex 173.5 103 271
  endloop
 endfacet
 facet normal 0.57735026918962584 0.57735026918962584 -0.57735026918962584
  outer loop
   vertex 175 102.5 271
   vertex 174.5 103 271
   vertex 175 103 271.5
  endloop
 endfacet
 facet normal 0.57735026918962584 0.57735026918962584 -0.57735026918962584
  outer loop
   vertex 175 102.5 271
   vertex 175 103 271.5
   vertex 175.5 103 272
  endloop
 endfacet
 facet normal 0.57735026918962584 0.57735026918962584 -0.57735026918962584
  outer loop
   vertex 175 102.5 271
   vertex 175.5 103 272
   vertex 175.5 102 271
  endloop
 endfacet
 facet normal 1 0 0
  outer loop
   vertex 175.5 102 271
   vertex 175.5 103 272
   vertex 175.5 102 272
  endloop
 endfacet
 facet normal -1 0 0
  outer loop
   vertex 173.5 103 271
   vertex 173.5 103 272
   vertex 173.5 104 271
  endloop
 endfacet
 facet normal -1 -0 -0
  outer loop
   vertex 173.5 103 272
   vertex 173.5 104 272
   vertex 173.5 104 271
  endloop
 endfacet
 facet normal 0.70710678118654746 0 -0.70710678118654746
  outer loop
   vertex 175 103 271.5
   vertex 174.5 104 271
   vertex 175 104 271.5
  endloop
 endfacet
 facet normal 0.70710678118654746 0 -0.70710678118654746
  outer loop
   vertex 174.5 103 271
   vertex 174.5 104 271
   vertex 175 103 271.5
  endloop
 endfacet
 facet normal 0.70710678118654746 0 -0.70710678118654746
  outer loop
   vertex 175.5 104 272
   vertex 175.5 103 272
   vertex 175 103 271.5
  endloop
 endfacet
 facet normal 0.70710678118654746 0 -0.70710678118654746
  outer loop
   vertex 175 104 271.5
   vertex 175.5 104 272
   vertex 175 103 271.5
  endloop
 endfacet
 facet normal -1 0 0
  outer loop
   vertex 173.5 104 271
   vertex 173.5 104 272
   vertex 173.5 105 271
  endloop
 endfacet
 facet normal -1 -0 -0
  outer loop
   vertex 173.5 104 272
   vertex 173.5 105 272
   vertex 173.5 105 271
  endloop
 endfacet
 facet normal 0.57735026918962584 -0.57735026918962584 -0.57735026918962584
  outer loop
   vertex 174.5 104 271
   vertex 175 104.5 271
   vertex 175 104 271.5
  endloop
 endfacet
 facet normal 0.57735026918962584 -0.57735026918962584 -0.57735026918962584
  outer loop
   vertex 175 104 271.5
   vertex 175 104.5 271
   vertex 175.5 105 271
  endloop
 endfacet
 facet normal 0.57735026918962584 -0.57735026918962584 -0.57735026918962584
  outer loop
   vertex 175 104 271.5
   vertex 175.5 105 271
   vertex 175.5 104 272
  endloop
 endfacet
 facet normal 1 0 -0
  outer loop
   vertex 175.5 104 272
   vertex 175.5 105 271
   vertex 175.5 105 272
  endloop
 endfacet
 facet normal -0.57735026918962584 0.57735026918962584 0.57735026918962584
  outer loop
   vertex 174 105.5 272
   vertex 174 106 271.5
   vertex 173.5 106 271
  endloop
 endfacet
 facet normal -0.57735026918962584 0.57735026918962584 0.57735026918962584
  outer loop
   vertex 174 105.5 272
   vertex 173.5 106 271
   vertex 173.5 105 272
  endloop
 endfacet
 facet normal -1 0 0
  outer loop
   vertex 173.5 105 272
   vertex 173.5 106 271
   vertex 173.5 105 271
  endloop
 endfacet
 facet normal -0.57735026918962584 0.57735026918962584 0.57735026918962584
  outer loop
   vertex 174 105.5 272
   vertex 174.5 106 272
   vertex 174 106 271.5
  endloop
 endfacet
 facet normal 1 0 0
  outer loop
   vertex 175.5 105 271
   vertex 175.5 106 271
   vertex 175.5 105 272
  endloop
 endfacet
 facet normal 1 0 -0
  outer loop
   vertex 175.5 105 272
   vertex 175.5 106 271
   vertex 175.5 106 272
  endloop
 endfacet
 facet normal -0.57735026918962584 0.57735026918962584 0.57735026918962584
  outer loop
   vertex 173.5 106 271
   vertex 174 106 271.5
   vertex 174 106.5 271
  endloop
 endfacet
 facet normal -0.57735026918962584 0.57735026918962584 0.57735026918962584
  outer loop
   vertex 174 106 271.5
   vertex 174.5 106 272
   vertex 175 106.5 272
  endloop
 endfacet
 facet normal -0.57735026918962584 0.57735026918962584 0.57735026918962584
  outer loop
   vertex 174 106 271.5
   vertex 175 106.5 272
   vertex 174 106.5 271
  endloop
 endfacet
 facet normal 0 1 0
  outer loop
   vertex 174 106.5 271
   vertex 175 106.5 272
   vertex 175 106.5 271
  endloop
 endfacet
 facet normal 0.70710678118654746 0.70710678118654746 -0
  outer loop
   vertex 175.5 106 272
   vertex 175.5 106 271
   vertex 175 106.5 271
  endloop
 endfacet
 facet normal 0.70710678118654746 0.70710678118654746 0
  outer loop
   vertex 175 106.5 272
   vertex 175.5 106 272
   vertex 175 106.5 271
  endloop
 endfacet
 facet normal -0.70710678118654746 -0.70710678118654746 -0
  outer loop
   vertex 174 87.5 272
   vertex 174 87.5 273
   vertex 173.5 88 273
  endloop
 endfacet
 facet normal -0.70710678118654746 -0.70710678118654746 0
  outer loop
   vertex 173.5 88 272
   vertex 174 87.5 272
   vertex 173.5 88 273
  endloop
 endfacet
 facet normal 0 -1 -0
  outer loop
   vertex 175 87.5 272
   vertex 175 87.5 273
   vertex 174 87.5 272
  endloop
 endfacet
 facet normal -0 -1 0
  outer loop
   vertex 174 87.5 272
   vertex 175 87.5 273
   vertex 174 87.5 273
  endloop
 endfacet
 facet normal 0 -1 -0
  outer loop
   vertex 176 87.5 272
   vertex 176 87.5 273
   vertex 175 87.5 272
  endloop
 endfacet
 facet normal -0 -1 0
  outer loop
   vertex 175 87.5 272
   vertex 176 87.5 273
   vertex 175 87.5 273
  endloop
 endfacet
 facet normal 0.70710678118654746 -0.70710678118654746 0
  outer loop
   vertex 176 87.5 273
   vertex 176 87.5 272
   vertex 176.5 88 272
  endloop
 endfacet
 facet normal 0.70710678118654746 -0.70710678118654746 0
  outer loop
   vertex 176.5 88 273
   vertex 176 87.5 273
   vertex 176.5 88 272
  endloop
 endfacet
 facet normal -0.57735026918962584 -0.57735026918962584 -0.57735026918962584
  outer loop
   vertex 172 89 272.5
   vertex 172 88.5 273
   vertex 171.5 89 273
  endloop
 endfacet
 facet normal -0.57735026918962584 -0.57735026918962584 -0.57735026918962584
  outer loop
   vertex 172 89 272.5
   vertex 172.5 89 272
   vertex 173 88.5 272
  endloop
 endfacet
 facet normal -0.57735026918962584 -0.57735026918962584 -0.57735026918962584
  outer loop
   vertex 172 89 272.5
   vertex 173 88.5 272
   vertex 172 88.5 273
  endloop
 endfacet
 facet normal 0 -1 0
  outer loop
   vertex 172 88.5 273
   vertex 173 88.5 272
   vertex 173 88.5 273
  endloop
 endfacet
 facet normal -0.70710678118654746 -0.70710678118654746 0
  outer loop
   vertex 173.5 88 273
   vertex 173 88.5 272
   vertex 173.5 88 272
  endloop
 endfacet
 facet normal -0.70710678118654746 -0.70710678118654746 0
  outer loop
   vertex 173 88.5 273
   vertex 173 88.5 272
   vertex 173.5 88 273
  endloop
 endfacet
 facet normal 0.70710678118654746 -0.70710678118654746 0
  outer loop
   vertex 176.5 88 272
   vertex 177 88.5 273
   vertex 176.5 88 273
  endloop
 endfacet
 facet normal 0.70710678118654746 -0.70710678118654746 0
  outer loop
   vertex 177 88.5 272
   vertex 177 88.5 273
   vertex 176.5 88 272
  endloop
 endfacet
 facet normal 0.70710678118654746 -0.70710678118654746 0
  outer loop
   vertex 177 88.5 273
   vertex 177 88.5 272
   vertex 177.5 89 272
  endloop
 endfacet
 facet normal 0.70710678118654746 -0.70710678118654746 0
  outer loop
   vertex 177.5 89 273
   vertex 177 88.5 273
   vertex 177.5 89 272
  endloop
 endfacet
 facet normal -0.57735026918962584 -0.57735026918962584 -0.57735026918962584
  outer loop
   vertex 172 89.5 272
   vertex 172 89 272.5
   vertex 171.5 89 273
  endloop
 endfacet
 facet normal -0.57735026918962584 -0.57735026918962584 -0.57735026918962584
  outer loop
   vertex 172 89.5 272
   vertex 171.5 89 273
   vertex 171.5 90 272
  endloop
 endfacet
 facet normal -1 0 0
  outer loop
   vertex 171.5 90 272
   vertex 171.5 89 273
   vertex 171.5 90 273
  endloop
 endfacet
 facet normal -0.57735026918962584 -0.57735026918962584 -0.57735026918962584
  outer loop
   vertex 172.5 89 272
   vertex 172 89 272.5
   vertex 172 89.5 272
  endloop
 endfacet
 facet normal 0.70710678118654746 -0.70710678118654746 0
  outer loop
   vertex 177.5 89 272
   vertex 178 89.5 273
   vertex 177.5 89 273
  endloop
 endfacet
 facet normal 0.70710678118654746 -0.70710678118654746 0
  outer loop
   vertex 178 89.5 272
   vertex 178 89.5 273
   vertex 177.5 89 272
  endloop
 endfacet
 facet normal 0.70710678118654746 -0.70710678118654746 0
  outer loop
   vertex 178 89.5 273
   vertex 178 89.5 272
   vertex 178.5 90 272
  endloop
 endfacet
 facet normal 0.70710678118654746 -0.70710678118654746 0
  outer loop
   vertex 178.5 90 273
   vertex 178 89.5 273
   vertex 178.5 90 272
  endloop
 endfacet
 facet normal -1 0 0
  outer loop
   vertex 171.5 90 272
   vertex 171.5 90 273
   vertex 171.5 91 272
  endloop
 endfacet
 facet normal -1 -0 -0
  outer loop
   vertex 171.5 90 273
   vertex 171.5 91 273
   vertex 171.5 91 272
  endloop
 endfacet
 facet normal 0.70710678118654746 -0.70710678118654746 0
  outer loop
   vertex 178.5 90 272
   vertex 179 90.5 273
   vertex 178.5 90 273
  endloop
 endfacet
 facet normal 0.70710678118654746 -0.70710678118654746 0
  outer loop
   vertex 179 90.5 272
   vertex 179 90.5 273
   vertex 178.5 90 272
  endloop
 endfacet
 facet normal 0.70710678118654746 -0.70710678118654746 0
  outer loop
   vertex 179 90.5 273
   vertex 179 90.5 272
   vertex 179.5 91 272
  endloop
 endfacet
 facet normal 0.70710678118654746 -0.70710678118654746 0
  outer loop
   vertex 179.5 91 273
   vertex 179 90.5 273
   vertex 179.5 91 272
  endloop
 endfacet
 facet normal -0.70710678118654746 -0.70710678118654746 -0
  outer loop
   vertex 171 91.5 272
   vertex 171 91.5 273
   vertex 170.5 92 273
  endloop
 endfacet
 facet normal -0.70710678118654746 -0.70710678118654746 0
  outer loop
   vertex 170.5 92 272
   vertex 171 91.5 272
   vertex 170.5 92 273
  endloop
 endfacet
 facet normal -0.70710678118654746 -0.70710678118654746 0
  outer loop
   vertex 171.5 91 273
   vertex 171 91.5 272
   vertex 171.5 91 272
  endloop
 endfacet
 facet normal -0.70710678118654746 -0.70710678118654746 0
  outer loop
   vertex 171 91.5 273
   vertex 171 91.5 272
   vertex 171.5 91 273
  endloop
 endfacet
 facet normal 1 0 0
  outer loop
   vertex 179.5 91 272
   vertex 179.5 92 272
   vertex 179.5 91 273
  endloop
 endfacet
 facet normal 1 0 -0
  outer loop
   vertex 179.5 91 273
   vertex 179.5 92 272
   vertex 179.5 92 273
  endloop
 endfacet
 facet normal -1 0 0
  outer loop
   vertex 170.5 92 272
   vertex 170.5 92 273
   vertex 170.5 93 272
  endloop
 endfacet
 facet normal -1 -0 -0
  outer loop
   vertex 170.5 92 273
   vertex 170.5 93 273
   vertex 170.5 93 272
  endloop
 endfacet
 facet normal 0.70710678118654746 -0.70710678118654746 0
  outer loop
   vertex 179.5 92 272
   vertex 180 92.5 273
   vertex 179.5 92 273
  endloop
 endfacet
 facet normal 0.70710678118654746 -0.70710678118654746 0
  outer loop
   vertex 180 92.5 272
   vertex 180 92.5 273
   vertex 179.5 92 272
  endloop
 endfacet
 facet normal 0.70710678118654746 -0.70710678118654746 0
  outer loop
   vertex 180 92.5 273
   vertex 180 92.5 272
   vertex 180.5 93 272
  endloop
 endfacet
 facet normal 0.70710678118654746 -0.70710678118654746 0
  outer loop
   vertex 180.5 93 273
   vertex 180 92.5 273
   vertex 180.5 93 272
  endloop
 endfacet
 facet normal -1 0 0
  outer loop
   vertex 170.5 93 272
   vertex 170.5 93 273
   vertex 170.5 94 272
  endloop
 endfacet
 facet normal -1 -0 -0
  outer loop
   vertex 170.5 93 273
   vertex 170.5 94 273
   vertex 170.5 94 272
  endloop
 endfacet
 facet normal 1 0 0
  outer loop
   vertex 180.5 93 272
   vertex 180.5 94 272
   vertex 180.5 93 273
  endloop
 endfacet
 facet normal 1 0 -0
  outer loop
   vertex 180.5 93 273
   vertex 180.5 94 272
   vertex 180.5 94 273
  endloop
 endfacet
 facet normal -1 0 0
  outer loop
   vertex 170.5 94 272
   vertex 170.5 94 273
   vertex 170.5 95 272
  endloop
 endfacet
 facet normal -1 -0 -0
  outer loop
   vertex 170.5 94 273
   vertex 170.5 95 273
   vertex 170.5 95 272
  endloop
 endfacet
 facet normal 1 0 0
  outer loop
   vertex 180.5 94 272
   vertex 180.5 95 272
   vertex 180.5 94 273
  endloop
 endfacet
 facet normal 1 0 -0
  outer loop
   vertex 180.5 94 273
   vertex 180.5 95 272
   vertex 180.5 95 273
  endloop
 endfacet
 facet normal -0.57735026918962584 0.57735026918962584 -0.57735026918962584
  outer loop
   vertex 171 96 272.5
   vertex 171 95.5 272
   vertex 170.5 95 272
  endloop
 endfacet
 facet normal -0.57735026918962584 0.57735026918962584 -0.57735026918962584
  outer loop
   vertex 171 96 272.5
   vertex 170.5 95 272
   vertex 170.5 96 273
  endloop
 endfacet
 facet normal -1 0 0
  outer loop
   vertex 170.5 96 273
   vertex 170.5 95 272
   vertex 170.5 95 273
  endloop
 endfacet
 facet normal -0.57735026918962584 0.57735026918962584 -0.57735026918962584
  outer loop
   vertex 171 95.5 272
   vertex 171 96 272.5
   vertex 171.5 96 272
  endloop
 endfacet
 facet normal 1 0 0
  outer loop
   vertex 180.5 95 272
   vertex 180.5 96 272
   vertex 180.5 95 273
  endloop
 endfacet
 facet normal 1 0 -0
  outer loop
   vertex 180.5 95 273
   vertex 180.5 96 272
   vertex 180.5 96 273
  endloop
 endfacet
 facet normal -0.57735026918962584 0.57735026918962584 -0.57735026918962584
  outer loop
   vertex 171 96 272.5
   vertex 170.5 96 273
   vertex 171 96.5 273
  endloop
 endfacet
 facet normal -0.57735026918962584 0.57735026918962584 -0.57735026918962584
  outer loop
   vertex 172 97 272.5
   vertex 171 96.5 273
   vertex 171.5 97 273
  endloop
 endfacet
 facet normal -0.57735026918962584 0.57735026918962584 -0.57735026918962584
  outer loop
   vertex 172 96.5 272
   vertex 171 96.5 273
   vertex 172 97 272.5
  endloop
 endfacet
 facet normal -0.57735026918962584 0.57735026918962584 -0.57735026918962584
  outer loop
   vertex 172 96.5 272
   vertex 171 96 272.5
   vertex 171 96.5 273
  endloop
 endfacet
 facet normal -0.57735026918962584 0.57735026918962584 -0.57735026918962584
  outer loop
   vertex 172 96.5 272
   vertex 171.5 96 272
   vertex 171 96 272.5
  endloop
 endfacet
 facet normal -0.57735026918962584 0.57735026918962584 -0.57735026918962584
  outer loop
   vertex 172 96.5 272
   vertex 172 97 272.5
   vertex 172.5 97 272
  endloop
 endfacet
 facet normal 1 0 0
  outer loop
   vertex 180.5 96 272
   vertex 180.5 97 272
   vertex 180.5 96 273
  endloop
 endfacet
 facet normal 1 0 -0
  outer loop
   vertex 180.5 96 273
   vertex 180.5 97 272
   vertex 180.5 97 273
  endloop
 endfacet
 facet normal -0.57735026918962584 0.57735026918962584 -0.57735026918962584
  outer loop
   vertex 172 97 272.5
   vertex 171.5 97 273
   vertex 172 97.5 273
  endloop
 endfacet
 facet normal -0.57735026918962584 0.57735026918962584 -0.57735026918962584
  outer loop
   vertex 172.5 97 272
   vertex 172 97 272.5
   vertex 172 97.5 273
  endloop
 endfacet
 facet normal -0.57735026918962584 0.57735026918962584 -0.57735026918962584
  outer loop
   vertex 172.5 97 272
   vertex 172 97.5 273
   vertex 173 97.5 272
  endloop
 endfacet
 facet normal -0 1 0
  outer loop
   vertex 173 97.5 272
   vertex 172 97.5 273
   vertex 173 97.5 273
  endloop
 endfacet
 facet normal -0.70710678118654746 0.70710678118654746 0
  outer loop
   vertex 173 97.5 273
   vertex 173.5 98 272
   vertex 173 97.5 272
  endloop
 endfacet
 facet normal -0.70710678118654746 0.70710678118654746 0
  outer loop
   vertex 173.5 98 273
   vertex 173.5 98 272
   vertex 173 97.5 273
  endloop
 endfacet
 facet normal 0.57735026918962584 0.57735026918962584 -0.57735026918962584
  outer loop
   vertex 180 97.5 272
   vertex 179.5 98 272
   vertex 180 98 272.5
  endloop
 endfacet
 facet normal 0.57735026918962584 0.57735026918962584 -0.57735026918962584
  outer loop
   vertex 180 97.5 272
   vertex 180 98 272.5
   vertex 180.5 98 273
  endloop
 endfacet
 facet normal 0.57735026918962584 0.57735026918962584 -0.57735026918962584
  outer loop
   vertex 180 97.5 272
   vertex 180.5 98 273
   vertex 180.5 97 272
  endloop
 endfacet
 facet normal 1 0 0
  outer loop
   vertex 180.5 97 272
   vertex 180.5 98 273
   vertex 180.5 97 273
  endloop
 endfacet
 facet normal -0.57735026918962584 0.57735026918962584 0.57735026918962584
  outer loop
   vertex 174 98.5 273
   vertex 174 99 272.5
   vertex 173.5 99 272
  endloop
 endfacet
 facet normal -0.57735026918962584 0.57735026918962584 0.57735026918962584
  outer loop
   vertex 174 98.5 273
   vertex 173.5 99 272
   vertex 173.5 98 273
  endloop
 endfacet
 facet normal -1 0 0
  outer loop
   vertex 173.5 98 273
   vertex 173.5 99 272
   vertex 173.5 98 272
  endloop
 endfacet
 facet normal -0.57735026918962584 0.57735026918962584 0.57735026918962584
  outer loop
   vertex 174 98.5 273
   vertex 174.5 99 273
   vertex 174 99 272.5
  endloop
 endfacet
 facet normal 0.57735026918962584 0.57735026918962584 -0.57735026918962584
  outer loop
   vertex 180 98 272.5
   vertex 179.5 99 273
   vertex 180 98.5 273
  endloop
 endfacet
 facet normal 0.57735026918962584 0.57735026918962584 -0.57735026918962584
  outer loop
   vertex 180 98 272.5
   vertex 179.5 98 272
   vertex 179.5 99 273
  endloop
 endfacet
 facet normal 1 0 -0
  outer loop
   vertex 179.5 98 272
   vertex 179.5 99 272
   vertex 179.5 99 273
  endloop
 endfacet
 facet normal 0.57735026918962584 0.57735026918962584 -0.57735026918962584
  outer loop
   vertex 180.5 98 273
   vertex 180 98 272.5
   vertex 180 98.5 273
  endloop
 endfacet
 facet normal -0.57735026918962584 0.57735026918962584 0.57735026918962584
  outer loop
   vertex 173.5 99 272
   vertex 174 99 272.5
   vertex 174 99.5 272
  endloop
 endfacet
 facet normal -0.57735026918962584 0.57735026918962584 0.57735026918962584
  outer loop
   vertex 174 99 272.5
   vertex 174.5 100 272
   vertex 174 99.5 272
  endloop
 endfacet
 facet normal -0.57735026918962584 0.57735026918962584 0.57735026918962584
  outer loop
   vertex 174 99 272.5
   vertex 174.5 99 273
   vertex 174.5 100 272
  endloop
 endfacet
 facet normal -1 -0 -0
  outer loop
   vertex 174.5 99 273
   vertex 174.5 100 273
   vertex 174.5 100 272
  endloop
 endfacet
 facet normal 0.57735026918962584 0.57735026918962584 -0.57735026918962584
  outer loop
   vertex 177 99.5 272
   vertex 176.5 100 272
   vertex 177 100 272.5
  endloop
 endfacet
 facet normal 0.57735026918962584 0.57735026918962584 -0.57735026918962584
  outer loop
   vertex 177.5 100 273
   vertex 177 99.5 272
   vertex 177 100 272.5
  endloop
 endfacet
 facet normal 0.57735026918962584 0.57735026918962584 -0.57735026918962584
  outer loop
   vertex 177.5 100 273
   vertex 178 99.5 273
   vertex 177 99.5 272
  endloop
 endfacet
 facet normal 0 1 -0
  outer loop
   vertex 178 99.5 273
   vertex 178 99.5 272
   vertex 177 99.5 272
  endloop
 endfacet
 facet normal 0 1 0
  outer loop
   vertex 179 99.5 272
   vertex 178 99.5 272
   vertex 179 99.5 273
  endloop
 endfacet
 facet normal -0 1 0
  outer loop
   vertex 178 99.5 272
   vertex 178 99.5 273
   vertex 179 99.5 273
  endloop
 endfacet
 facet normal 0.70710678118654746 0.70710678118654746 -0
  outer loop
   vertex 179.5 99 273
   vertex 179.5 99 272
   vertex 179 99.5 272
  endloop
 endfacet
 facet normal 0.70710678118654746 0.70710678118654746 0
  outer loop
   vertex 179 99.5 273
   vertex 179.5 99 273
   vertex 179 99.5 272
  endloop
 endfacet
 facet normal -1 0 0
  outer loop
   vertex 174.5 100 272
   vertex 174.5 100 273
   vertex 174.5 101 272
  endloop
 endfacet
 facet normal -1 -0 -0
  outer loop
   vertex 174.5 100 273
   vertex 174.5 101 273
   vertex 174.5 101 272
  endloop
 endfacet
 facet normal 0.57735026918962584 0.57735026918962584 -0.57735026918962584
  outer loop
   vertex 176 100.5 272
   vertex 175.5 101 272
   vertex 176 101 272.5
  endloop
 endfacet
 facet normal 0.57735026918962584 0.57735026918962584 -0.57735026918962584
  outer loop
   vertex 176 100.5 272
   vertex 176 101 272.5
   vertex 176.5 101 273
  endloop
 endfacet
 facet normal 0.57735026918962584 0.57735026918962584 -0.57735026918962584
  outer loop
   vertex 176.5 100 272
   vertex 176 100.5 272
   vertex 176.5 101 273
  endloop
 endfacet
 facet normal 0.57735026918962584 0.57735026918962584 -0.57735026918962584
  outer loop
   vertex 176.5 100 272
   vertex 176.5 101 273
   vertex 177 100.5 273
  endloop
 endfacet
 facet normal 0.57735026918962584 0.57735026918962584 -0.57735026918962584
  outer loop
   vertex 176.5 100 272
   vertex 177 100.5 273
   vertex 177 100 272.5
  endloop
 endfacet
 facet normal 0.57735026918962584 0.57735026918962584 -0.57735026918962584
  outer loop
   vertex 177.5 100 273
   vertex 177 100 272.5
   vertex 177 100.5 273
  endloop
 endfacet
 facet normal -0.57735026918962584 -0.57735026918962584 0.57735026918962584
  outer loop
   vertex 174 101.5 272
   vertex 174 102 272.5
   vertex 173.5 102 272
  endloop
 endfacet
 facet normal -0.57735026918962584 -0.57735026918962584 0.57735026918962584
  outer loop
   vertex 174 101.5 272
   vertex 174.5 102 273
   vertex 174 102 272.5
  endloop
 endfacet
 facet normal -0.57735026918962584 -0.57735026918962584 0.57735026918962584
  outer loop
   vertex 174 101.5 272
   vertex 174.5 101 272
   vertex 174.5 102 273
  endloop
 endfacet
 facet normal -1 0 0
  outer loop
   vertex 174.5 101 272
   vertex 174.5 101 273
   vertex 174.5 102 273
  endloop
 endfacet
 facet normal 0.57735026918962584 0.57735026918962584 -0.57735026918962584
  outer loop
   vertex 176 101 272.5
   vertex 175.5 102 273
   vertex 176 101.5 273
  endloop
 endfacet
 facet normal 0.57735026918962584 0.57735026918962584 -0.57735026918962584
  outer loop
   vertex 176 101 272.5
   vertex 175.5 101 272
   vertex 175.5 102 273
  endloop
 endfacet
 facet normal 1 0 -0
  outer loop
   vertex 175.5 101 272
   vertex 175.5 102 272
   vertex 175.5 102 273
  endloop
 endfacet
 facet normal 0.57735026918962584 0.57735026918962584 -0.57735026918962584
  outer loop
   vertex 176.5 101 273
   vertex 176 101 272.5
   vertex 176 101.5 273
  endloop
 endfacet
 facet normal -0.57735026918962584 -0.57735026918962584 0.57735026918962584
  outer loop
   vertex 174 102 272.5
   vertex 174 102.5 273
   vertex 173.5 103 273
  endloop
 endfacet
 facet normal -0.57735026918962584 -0.57735026918962584 0.57735026918962584
  outer loop
   vertex 174 102 272.5
   vertex 173.5 103 273
   vertex 173.5 102 272
  endloop
 endfacet
 facet normal -1 0 -0
  outer loop
   vertex 173.5 102 272
   vertex 173.5 103 273
   vertex 173.5 103 272
  endloop
 endfacet
 facet normal -0.57735026918962584 -0.57735026918962584 0.57735026918962584
  outer loop
   vertex 174.5 102 273
   vertex 174 102.5 273
   vertex 174 102 272.5
  endloop
 endfacet
 facet normal 1 0 0
  outer loop
   vertex 175.5 102 272
   vertex 175.5 103 272
   vertex 175.5 102 273
  endloop
 endfacet
 facet normal 1 0 -0
  outer loop
   vertex 175.5 102 273
   vertex 175.5 103 272
   vertex 175.5 103 273
  endloop
 endfacet
 facet normal -1 0 0
  outer loop
   vertex 173.5 103 272
   vertex 173.5 103 273
   vertex 173.5 104 272
  endloop
 endfacet
 facet normal -1 -0 -0
  outer loop
   vertex 173.5 103 273
   vertex 173.5 104 273
   vertex 173.5 104 272
  endloop
 endfacet
 facet normal 1 0 0
  outer loop
   vertex 175.5 103 272
   vertex 175.5 104 272
   vertex 175.5 103 273
  endloop
 endfacet
 facet normal 1 0 -0
  outer loop
   vertex 175.5 103 273
   vertex 175.5 104 272
   vertex 175.5 104 273
  endloop
 endfacet
 facet normal -1 0 0
  outer loop
   vertex 173.5 104 272
   vertex 173.5 104 273
   vertex 173.5 105 272
  endloop
 endfacet
 facet normal -1 -0 -0
  outer loop
   vertex 173.5 104 273
   vertex 173.5 105 273
   vertex 173.5 105 272
  endloop
 endfacet
 facet normal 0.57735026918962584 -0.57735026918962584 -0.57735026918962584
  outer loop
   vertex 176 104.5 273
   vertex 175.5 105 272
   vertex 176 105 272.5
  endloop
 endfacet
 facet normal 0.57735026918962584 -0.57735026918962584 -0.57735026918962584
  outer loop
   vertex 176 104.5 273
   vertex 175.5 104 273
   vertex 175.5 105 272
  endloop
 endfacet
 facet normal 1 0 0
  outer loop
   vertex 175.5 104 273
   vertex 175.5 104 272
   vertex 175.5 105 272
  endloop
 endfacet
 facet normal 0.57735026918962584 -0.57735026918962584 -0.57735026918962584
  outer loop
   vertex 176 104.5 273
   vertex 176 105 272.5
   vertex 176.5 105 273
  endloop
 endfacet
 facet normal -0.70710678118654746 0.70710678118654746 0
  outer loop
   vertex 173.5 105 272
   vertex 173.5 105 273
   vertex 174 105.5 273
  endloop
 endfacet
 facet normal -0.70710678118654746 0.70710678118654746 0
  outer loop
   vertex 174 105.5 272
   vertex 173.5 105 272
   vertex 174 105.5 273
  endloop
 endfacet
 facet normal -0.70710678118654746 0.70710678118654746 0
  outer loop
   vertex 174 105.5 273
   vertex 174.5 106 272
   vertex 174 105.5 272
  endloop
 endfacet
 facet normal -0.70710678118654746 0.70710678118654746 0
  outer loop
   vertex 174.5 106 273
   vertex 174.5 106 272
   vertex 174 105.5 273
  endloop
 endfacet
 facet normal 0.57735026918962584 0.57735026918962584 -0.57735026918962584
  outer loop
   vertex 176 105 272.5
   vertex 175.5 106 273
   vertex 176 105.5 273
  endloop
 endfacet
 facet normal 0.57735026918962584 0.57735026918962584 -0.57735026918962584
  outer loop
   vertex 176 105 272.5
   vertex 175.5 105 272
   vertex 175.5 106 273
  endloop
 endfacet
 facet normal 1 0 -0
  outer loop
   vertex 175.5 105 272
   vertex 175.5 106 272
   vertex 175.5 106 273
  endloop
 endfacet
 facet normal 0.57735026918962584 0.57735026918962584 -0.57735026918962584
  outer loop
   vertex 176.5 105 273
   vertex 176 105 272.5
   vertex 176 105.5 273
  endloop
 endfacet
 facet normal -0.70710678118654746 0.70710678118654746 0
  outer loop
   vertex 174.5 106 272
   vertex 174.5 106 273
   vertex 175 106.5 273
  endloop
 endfacet
 facet normal -0.70710678118654746 0.70710678118654746 0
  outer loop
   vertex 175 106.5 272
   vertex 174.5 106 272
   vertex 175 106.5 273
  endloop
 endfacet
 facet normal 0.70710678118654746 0.70710678118654746 -0
  outer loop
   vertex 175.5 106 273
   vertex 175.5 106 272
   vertex 175 106.5 272
  endloop
 endfacet
 facet normal 0.70710678118654746 0.70710678118654746 0
  outer loop
   vertex 175 106.5 273
   vertex 175.5 106 273
   vertex 175 106.5 272
  endloop
 endfacet
 facet normal -0.70710678118654746 -0.70710678118654746 -0
  outer loop
   vertex 174 87.5 273
   vertex 174 87.5 274
   vertex 173.5 88 274
  endloop
 endfacet
 facet normal -0.70710678118654746 -0.70710678118654746 0
  outer loop
   vertex 173.5 88 273
   vertex 174 87.5 273
   vertex 173.5 88 274
  endloop
 endfacet
 facet normal 0 -1 -0
  outer loop
   vertex 175 87.5 273
   vertex 175 87.5 274
   vertex 174 87.5 273
  endloop
 endfacet
 facet normal -0 -1 0
  outer loop
   vertex 174 87.5 273
   vertex 175 87.5 274
   vertex 174 87.5 274
  endloop
 endfacet
 facet normal 0 -1 -0
  outer loop
   vertex 176 87.5 273
   vertex 176 87.5 274
   vertex 175 87.5 273
  endloop
 endfacet
 facet normal -0 -1 0
  outer loop
   vertex 175 87.5 273
   vertex 176 87.5 274
   vertex 175 87.5 274
  endloop
 endfacet
 facet normal 0.70710678118654746 -0.70710678118654746 0
  outer loop
   vertex 176 87.5 274
   vertex 176 87.5 273
   vertex 176.5 88 273
  endloop
 endfacet
 facet normal 0.70710678118654746 -0.70710678118654746 0
  outer loop
   vertex 176.5 88 274
   vertex 176 87.5 274
   vertex 176.5 88 273
  endloop
 endfacet
 facet normal -0.70710678118654746 -0.70710678118654746 -0
  outer loop
   vertex 172 88.5 273
   vertex 172 88.5 274
   vertex 171.5 89 274
  endloop
 endfacet
 facet normal -0.70710678118654746 -0.70710678118654746 0
  outer loop
   vertex 171.5 89 273
   vertex 172 88.5 273
   vertex 171.5 89 274
  endloop
 endfacet
 facet normal 0 -1 -0
  outer loop
   vertex 173 88.5 273
   vertex 173 88.5 274
   vertex 172 88.5 273
  endloop
 endfacet
 facet normal -0 -1 0
  outer loop
   vertex 172 88.5 273
   vertex 173 88.5 274
   vertex 172 88.5 274
  endloop
 endfacet
 facet normal -0.70710678118654746 -0.70710678118654746 0
  outer loop
   vertex 173.5 88 274
   vertex 173 88.5 273
   vertex 173.5 88 273
  endloop
 endfacet
 facet normal -0.70710678118654746 -0.70710678118654746 0
  outer loop
   vertex 173 88.5 274
   vertex 173 88.5 273
   vertex 173.5 88 274
  endloop
 endfacet
 facet normal 0.70710678118654746 -0.70710678118654746 0
  outer loop
   vertex 176.5 88 273
   vertex 177 88.5 274
   vertex 176.5 88 274
  endloop
 endfacet
 facet normal 0.70710678118654746 -0.70710678118654746 0
  outer loop
   vertex 177 88.5 273
   vertex 177 88.5 274
   vertex 176.5 88 273
  endloop
 endfacet
 facet normal 0.70710678118654746 -0.70710678118654746 0
  outer loop
   vertex 177 88.5 274
   vertex 177 88.5 273
   vertex 177.5 89 273
  endloop
 endfacet
 facet normal 0.70710678118654746 -0.70710678118654746 0
  outer loop
   vertex 177.5 89 274
   vertex 177 88.5 274
   vertex 177.5 89 273
  endloop
 endfacet
 facet normal -1 0 0
  outer loop
   vertex 171.5 89 273
   vertex 171.5 89 274
   vertex 171.5 90 273
  endloop
 endfacet
 facet normal -1 -0 -0
  outer loop
   vertex 171.5 89 274
   vertex 171.5 90 274
   vertex 171.5 90 273
  endloop
 endfacet
 facet normal 0.70710678118654746 -0.70710678118654746 0
  outer loop
   vertex 177.5 89 273
   vertex 178 89.5 274
   vertex 177.5 89 274
  endloop
 endfacet
 facet normal 0.70710678118654746 -0.70710678118654746 0
  outer loop
   vertex 178 89.5 273
   vertex 178 89.5 274
   vertex 177.5 89 273
  endloop
 endfacet
 facet normal 0.70710678118654746 -0.70710678118654746 0
  outer loop
   vertex 178 89.5 274
   vertex 178 89.5 273
   vertex 178.5 90 273
  endloop
 endfacet
 facet normal 0.70710678118654746 -0.70710678118654746 0
  outer loop
   vertex 178.5 90 274
   vertex 178 89.5 274
   vertex 178.5 90 273
  endloop
 endfacet
 facet normal -1 0 0
  outer loop
   vertex 171.5 90 273
   vertex 171.5 90 274
   vertex 171.5 91 273
  endloop
 endfacet
 facet normal -1 -0 -0
  outer loop
   vertex 171.5 90 274
   vertex 171.5 91 274
   vertex 171.5 91 273
  endloop
 endfacet
 facet normal 0.70710678118654746 -0.70710678118654746 0
  outer loop
   vertex 178.5 90 273
   vertex 179 90.5 274
   vertex 178.5 90 274
  endloop
 endfacet
 facet normal 0.70710678118654746 -0.70710678118654746 0
  outer loop
   vertex 179 90.5 273
   vertex 179 90.5 274
   vertex 178.5 90 273
  endloop
 endfacet
 facet normal 0.70710678118654746 -0.70710678118654746 0
  outer loop
   vertex 179 90.5 274
   vertex 179 90.5 273
   vertex 179.5 91 273
  endloop
 endfacet
 facet normal 0.70710678118654746 -0.70710678118654746 0
  outer loop
   vertex 179.5 91 274
   vertex 179 90.5 274
   vertex 179.5 91 273
  endloop
 endfacet
 facet normal -0.70710678118654746 -0.70710678118654746 -0
  outer loop
   vertex 171 91.5 273
   vertex 171 91.5 274
   vertex 170.5 92 274
  endloop
 endfacet
 facet normal -0.70710678118654746 -0.70710678118654746 0
  outer loop
   vertex 170.5 92 273
   vertex 171 91.5 273
   vertex 170.5 92 274
  endloop
 endfacet
 facet normal -0.70710678118654746 -0.70710678118654746 0
  outer loop
   vertex 171.5 91 274
   vertex 171 91.5 273
   vertex 171.5 91 273
  endloop
 endfacet
 facet normal -0.70710678118654746 -0.70710678118654746 0
  outer loop
   vertex 171 91.5 274
   vertex 171 91.5 273
   vertex 171.5 91 274
  endloop
 endfacet
 facet normal 1 0 0
  outer loop
   vertex 179.5 91 273
   vertex 179.5 92 273
   vertex 179.5 91 274
  endloop
 endfacet
 facet normal 1 0 -0
  outer loop
   vertex 179.5 91 274
   vertex 179.5 92 273
   vertex 179.5 92 274
  endloop
 endfacet
 facet normal -1 0 0
  outer loop
   vertex 170.5 92 273
   vertex 170.5 92 274
   vertex 170.5 93 273
  endloop
 endfacet
 facet normal -1 -0 -0
  outer loop
   vertex 170.5 92 274
   vertex 170.5 93 274
   vertex 170.5 93 273
  endloop
 endfacet
 facet normal 0.70710678118654746 -0.70710678118654746 0
  outer loop
   vertex 179.5 92 273
   vertex 180 92.5 274
   vertex 179.5 92 274
  endloop
 endfacet
 facet normal 0.70710678118654746 -0.70710678118654746 0
  outer loop
   vertex 180 92.5 273
   vertex 180 92.5 274
   vertex 179.5 92 273
  endloop
 endfacet
 facet normal 0.70710678118654746 -0.70710678118654746 0
  outer loop
   vertex 180 92.5 274
   vertex 180 92.5 273
   vertex 180.5 93 273
  endloop
 endfacet
 facet normal 0.70710678118654746 -0.70710678118654746 0
  outer loop
   vertex 180.5 93 274
   vertex 180 92.5 274
   vertex 180.5 93 273
  endloop
 endfacet
 facet normal -1 0 0
  outer loop
   vertex 170.5 93 273
   vertex 170.5 93 274
   vertex 170.5 94 273
  endloop
 endfacet
 facet normal -1 -0 -0
  outer loop
   vertex 170.5 93 274
   vertex 170.5 94 274
   vertex 170.5 94 273
  endloop
 endfacet
 facet normal 1 0 0
  outer loop
   vertex 180.5 93 273
   vertex 180.5 94 273
   vertex 180.5 93 274
  endloop
 endfacet
 facet normal 1 0 -0
  outer loop
   vertex 180.5 93 274
   vertex 180.5 94 273
   vertex 180.5 94 274
  endloop
 endfacet
 facet normal -1 0 0
  outer loop
   vertex 170.5 94 273
   vertex 170.5 94 274
   vertex 170.5 95 273
  endloop
 endfacet
 facet normal -1 -0 -0
  outer loop
   vertex 170.5 94 274
   vertex 170.5 95 274
   vertex 170.5 95 273
  endloop
 endfacet
 facet normal 1 0 0
  outer loop
   vertex 180.5 94 273
   vertex 180.5 95 273
   vertex 180.5 94 274
  endloop
 endfacet
 facet normal 1 0 -0
  outer loop
   vertex 180.5 94 274
   vertex 180.5 95 273
   vertex 180.5 95 274
  endloop
 endfacet
 facet normal -1 0 0
  outer loop
   vertex 170.5 95 273
   vertex 170.5 95 274
   vertex 170.5 96 273
  endloop
 endfacet
 facet normal -1 -0 -0
  outer loop
   vertex 170.5 95 274
   vertex 170.5 96 274
   vertex 170.5 96 273
  endloop
 endfacet
 facet normal 1 0 0
  outer loop
   vertex 180.5 95 273
   vertex 180.5 96 273
   vertex 180.5 95 274
  endloop
 endfacet
 facet normal 1 0 -0
  outer loop
   vertex 180.5 95 274
   vertex 180.5 96 273
   vertex 180.5 96 274
  endloop
 endfacet
 facet normal -0.70710678118654746 0.70710678118654746 0
  outer loop
   vertex 170.5 96 273
   vertex 170.5 96 274
   vertex 171 96.5 274
  endloop
 endfacet
 facet normal -0.70710678118654746 0.70710678118654746 0
  outer loop
   vertex 171 96.5 273
   vertex 170.5 96 273
   vertex 171 96.5 274
  endloop
 endfacet
 facet normal -0.70710678118654746 0.70710678118654746 0
  outer loop
   vertex 171 96.5 274
   vertex 171.5 97 273
   vertex 171 96.5 273
  endloop
 endfacet
 facet normal -0.70710678118654746 0.70710678118654746 0
  outer loop
   vertex 171.5 97 274
   vertex 171.5 97 273
   vertex 171 96.5 274
  endloop
 endfacet
 facet normal 1 0 0
  outer loop
   vertex 180.5 96 273
   vertex 180.5 97 273
   vertex 180.5 96 274
  endloop
 endfacet
 facet normal 1 0 -0
  outer loop
   vertex 180.5 96 274
   vertex 180.5 97 273
   vertex 180.5 97 274
  endloop
 endfacet
 facet normal -0.70710678118654746 0.70710678118654746 0
  outer loop
   vertex 171.5 97 273
   vertex 171.5 97 274
   vertex 172 97.5 274
  endloop
 endfacet
 facet normal -0.70710678118654746 0.70710678118654746 0
  outer loop
   vertex 172 97.5 273
   vertex 171.5 97 273
   vertex 172 97.5 274
  endloop
 endfacet
 facet normal 0 1 0
  outer loop
   vertex 173 97.5 273
   vertex 172 97.5 273
   vertex 173 97.5 274
  endloop
 endfacet
 facet normal -0 1 0
  outer loop
   vertex 172 97.5 273
   vertex 172 97.5 274
   vertex 173 97.5 274
  endloop
 endfacet
 facet normal -0.70710678118654746 0.70710678118654746 0
  outer loop
   vertex 173 97.5 274
   vertex 173.5 98 273
   vertex 173 97.5 273
  endloop
 endfacet
 facet normal -0.70710678118654746 0.70710678118654746 0
  outer loop
   vertex 173.5 98 274
   vertex 173.5 98 273
   vertex 173 97.5 274
  endloop
 endfacet
 facet normal 1 0 0
  outer loop
   vertex 180.5 97 273
   vertex 180.5 98 273
   vertex 180.5 97 274
  endloop
 endfacet
 facet normal 1 0 -0
  outer loop
   vertex 180.5 97 274
   vertex 180.5 98 273
   vertex 180.5 98 274
  endloop
 endfacet
 facet normal -0.70710678118654746 0.70710678118654746 0
  outer loop
   vertex 173.5 98 273
   vertex 173.5 98 274
   vertex 174 98.5 274
  endloop
 endfacet
 facet normal -0.70710678118654746 0.70710678118654746 0
  outer loop
   vertex 174 98.5 273
   vertex 173.5 98 273
   vertex 174 98.5 274
  endloop
 endfacet
 facet normal -0.70710678118654746 0.70710678118654746 0
  outer loop
   vertex 174 98.5 274
   vertex 174.5 99 273
   vertex 174 98.5 273
  endloop
 endfacet
 facet normal -0.70710678118654746 0.70710678118654746 0
  outer loop
   vertex 174.5 99 274
   vertex 174.5 99 273
   vertex 174 98.5 274
  endloop
 endfacet
 facet normal 0.70710678118654746 0.70710678118654746 0
  outer loop
   vertex 180 98.5 273
   vertex 179.5 99 274
   vertex 180 98.5 274
  endloop
 endfacet
 facet normal 0.70710678118654746 0.70710678118654746 0
  outer loop
   vertex 179.5 99 273
   vertex 179.5 99 274
   vertex 180 98.5 273
  endloop
 endfacet
 facet normal 0.70710678118654746 0.70710678118654746 -0
  outer loop
   vertex 180.5 98 274
   vertex 180.5 98 273
   vertex 180 98.5 273
  endloop
 endfacet
 facet normal 0.70710678118654746 0.70710678118654746 0
  outer loop
   vertex 180 98.5 274
   vertex 180.5 98 274
   vertex 180 98.5 273
  endloop
 endfacet
 facet normal -1 0 0
  outer loop
   vertex 174.5 99 273
   vertex 174.5 99 274
   vertex 174.5 100 273
  endloop
 endfacet
 facet normal -1 -0 -0
  outer loop
   vertex 174.5 99 274
   vertex 174.5 100 274
   vertex 174.5 100 273
  endloop
 endfacet
 facet normal 0.70710678118654746 0.70710678118654746 0
  outer loop
   vertex 178 99.5 273
   vertex 177.5 100 274
   vertex 178 99.5 274
  endloop
 endfacet
 facet normal 0.70710678118654746 0.70710678118654746 0
  outer loop
   vertex 177.5 100 273
   vertex 177.5 100 274
   vertex 178 99.5 273
  endloop
 endfacet
 facet normal 0 1 0
  outer loop
   vertex 179 99.5 273
   vertex 178 99.5 273
   vertex 179 99.5 274
  endloop
 endfacet
 facet normal -0 1 0
  outer loop
   vertex 178 99.5 273
   vertex 178 99.5 274
   vertex 179 99.5 274
  endloop
 endfacet
 facet normal 0.70710678118654746 0.70710678118654746 -0
  outer loop
   vertex 179.5 99 274
   vertex 179.5 99 273
   vertex 179 99.5 273
  endloop
 endfacet
 facet normal 0.70710678118654746 0.70710678118654746 0
  outer loop
   vertex 179 99.5 274
   vertex 179.5 99 274
   vertex 179 99.5 273
  endloop
 endfacet
 facet normal -1 0 0
  outer loop
   vertex 174.5 100 273
   vertex 174.5 100 274
   vertex 174.5 101 273
  endloop
 endfacet
 facet normal -1 -0 -0
  outer loop
   vertex 174.5 100 274
   vertex 174.5 101 274
   vertex 174.5 101 273
  endloop
 endfacet
 facet normal 0.70710678118654746 0.70710678118654746 0
  outer loop
   vertex 177 100.5 273
   vertex 176.5 101 274
   vertex 177 100.5 274
  endloop
 endfacet
 facet normal 0.70710678118654746 0.70710678118654746 0
  outer loop
   vertex 176.5 101 273
   vertex 176.5 101 274
   vertex 177 100.5 273
  endloop
 endfacet
 facet normal 0.70710678118654746 0.70710678118654746 -0
  outer loop
   vertex 177.5 100 274
   vertex 177.5 100 273
   vertex 177 100.5 273
  endloop
 endfacet
 facet normal 0.70710678118654746 0.70710678118654746 0
  outer loop
   vertex 177 100.5 274
   vertex 177.5 100 274
   vertex 177 100.5 273
  endloop
 endfacet
 facet normal -1 0 0
  outer loop
   vertex 174.5 101 273
   vertex 174.5 101 274
   vertex 174.5 102 273
  endloop
 endfacet
 facet normal -1 -0 -0
  outer loop
   vertex 174.5 101 274
   vertex 174.5 102 274
   vertex 174.5 102 273
  endloop
 endfacet
 facet normal 0.57735026918962584 0.57735026918962584 -0.57735026918962584
  outer loop
   vertex 176 101.5 273
   vertex 175.5 102 273
   vertex 176 102 273.5
  endloop
 endfacet
 facet normal 0.57735026918962584 0.57735026918962584 -0.57735026918962584
  outer loop
   vertex 176 101.5 273
   vertex 176 102 273.5
   vertex 176.5 102 274
  endloop
 endfacet
 facet normal 0.57735026918962584 0.57735026918962584 -0.57735026918962584
  outer loop
   vertex 176 101.5 273
   vertex 176.5 102 274
   vertex 176.5 101 273
  endloop
 endfacet
 facet normal 1 0 0
  outer loop
   vertex 176.5 101 273
   vertex 176.5 102 274
   vertex 176.5 101 274
  endloop
 endfacet
 facet normal -0.70710678118654746 -0.70710678118654746 -0
  outer loop
   vertex 174 102.5 273
   vertex 174 102.5 274
   vertex 173.5 103 274
  endloop
 endfacet
 facet normal -0.70710678118654746 -0.70710678118654746 0
  outer loop
   vertex 173.5 103 273
   vertex 174 102.5 273
   vertex 173.5 103 274
  endloop
 endfacet
 facet normal -0.70710678118654746 -0.70710678118654746 0
  outer loop
   vertex 174.5 102 274
   vertex 174 102.5 273
   vertex 174.5 102 273
  endloop
 endfacet
 facet normal -0.70710678118654746 -0.70710678118654746 0
  outer loop
   vertex 174 102.5 274
   vertex 174 102.5 273
   vertex 174.5 102 274
  endloop
 endfacet
 facet normal 0.70710678118654746 0 -0.70710678118654746
  outer loop
   vertex 176 102 273.5
   vertex 175.5 103 273
   vertex 176 103 273.5
  endloop
 endfacet
 facet normal 0.70710678118654746 0 -0.70710678118654746
  outer loop
   vertex 175.5 102 273
   vertex 175.5 103 273
   vertex 176 102 273.5
  endloop
 endfacet
 facet normal 0.70710678118654746 0 -0.70710678118654746
  outer loop
   vertex 176.5 103 274
   vertex 176.5 102 274
   vertex 176 102 273.5
  endloop
 endfacet
 facet normal 0.70710678118654746 0 -0.70710678118654746
  outer loop
   vertex 176 103 273.5
   vertex 176.5 103 274
   vertex 176 102 273.5
  endloop
 endfacet
 facet normal -0.57735026918962584 -0.57735026918962584 -0.57735026918962584
  outer loop
   vertex 173 104 273.5
   vertex 173 103.5 274
   vertex 172.5 104 274
  endloop
 endfacet
 facet normal -0.57735026918962584 -0.57735026918962584 -0.57735026918962584
  outer loop
   vertex 173 104 273.5
   vertex 173.5 103 274
   vertex 173 103.5 274
  endloop
 endfacet
 facet normal -0.57735026918962584 -0.57735026918962584 -0.57735026918962584
  outer loop
   vertex 173 104 273.5
   vertex 173.5 104 273
   vertex 173.5 103 274
  endloop
 endfacet
 facet normal -1 0 0
  outer loop
   vertex 173.5 104 273
   vertex 173.5 103 273
   vertex 173.5 103 274
  endloop
 endfacet
 facet normal 0.70710678118654746 0 -0.70710678118654746
  outer loop
   vertex 176 103 273.5
   vertex 175.5 104 273
   vertex 176 104 273.5
  endloop
 endfacet
 facet normal 0.70710678118654746 0 -0.70710678118654746
  outer loop
   vertex 175.5 103 273
   vertex 175.5 104 273
   vertex 176 103 273.5
  endloop
 endfacet
 facet normal 0.70710678118654746 0 -0.70710678118654746
  outer loop
   vertex 176.5 104 274
   vertex 176.5 103 274
   vertex 176 103 273.5
  endloop
 endfacet
 facet normal 0.70710678118654746 0 -0.70710678118654746
  outer loop
   vertex 176 104 273.5
   vertex 176.5 104 274
   vertex 176 103 273.5
  endloop
 endfacet
 facet normal -0.57735026918962584 0.57735026918962584 -0.57735026918962584
  outer loop
   vertex 173 104 273.5
   vertex 172.5 104 274
   vertex 173 104.5 274
  endloop
 endfacet
 facet normal -0.57735026918962584 0.57735026918962584 -0.57735026918962584
  outer loop
   vertex 173 104.5 274
   vertex 173.5 104 273
   vertex 173 104 273.5
  endloop
 endfacet
 facet normal -0.57735026918962584 0.57735026918962584 -0.57735026918962584
  outer loop
   vertex 173 104.5 274
   vertex 173.5 105 274
   vertex 173.5 104 273
  endloop
 endfacet
 facet normal -1 0 0
  outer loop
   vertex 173.5 105 274
   vertex 173.5 105 273
   vertex 173.5 104 273
  endloop
 endfacet
 facet normal 0.57735026918962584 -0.57735026918962584 -0.57735026918962584
  outer loop
   vertex 175.5 104 273
   vertex 176 104.5 273
   vertex 176 104 273.5
  endloop
 endfacet
 facet normal 0.57735026918962584 -0.57735026918962584 -0.57735026918962584
  outer loop
   vertex 176 104 273.5
   vertex 176 104.5 273
   vertex 176.5 105 273
  endloop
 endfacet
 facet normal 0.57735026918962584 -0.57735026918962584 -0.57735026918962584
  outer loop
   vertex 176 104 273.5
   vertex 176.5 105 273
   vertex 176.5 104 274
  endloop
 endfacet
 facet normal 1 0 -0
  outer loop
   vertex 176.5 104 274
   vertex 176.5 105 273
   vertex 176.5 105 274
  endloop
 endfacet
 facet normal -0.57735026918962584 0.57735026918962584 -0.57735026918962584
  outer loop
   vertex 174 106 273.5
   vertex 174 105.5 273
   vertex 173.5 105 273
  endloop
 endfacet
 facet normal -0.57735026918962584 0.57735026918962584 -0.57735026918962584
  outer loop
   vertex 174 106 273.5
   vertex 173.5 105 273
   vertex 173.5 106 274
  endloop
 endfacet
 facet normal -1 0 0
  outer loop
   vertex 173.5 106 274
   vertex 173.5 105 273
   vertex 173.5 105 274
  endloop
 endfacet
 facet normal -0.57735026918962584 0.57735026918962584 -0.57735026918962584
  outer loop
   vertex 174 105.5 273
   vertex 174 106 273.5
   vertex 174.5 106 273
  endloop
 endfacet
 facet normal 0.57735026918962584 0.57735026918962584 -0.57735026918962584
  outer loop
   vertex 176 105.5 273
   vertex 175.5 106 273
   vertex 176 106 273.5
  endloop
 endfacet
 facet normal 0.57735026918962584 0.57735026918962584 -0.57735026918962584
  outer loop
   vertex 176 105.5 273
   vertex 176 106 273.5
   vertex 176.5 106 274
  endloop
 endfacet
 facet normal 0.57735026918962584 0.57735026918962584 -0.57735026918962584
  outer loop
   vertex 176 105.5 273
   vertex 176.5 106 274
   vertex 176.5 105 273
  endloop
 endfacet
 facet normal 1 0 0
  outer loop
   vertex 176.5 105 273
   vertex 176.5 106 274
   vertex 176.5 105 274
  endloop
 endfacet
 facet normal -0.57735026918962584 0.57735026918962584 -0.57735026918962584
  outer loop
   vertex 174 106 273.5
   vertex 173.5 106 274
   vertex 174 106.5 274
  endloop
 endfacet
 facet normal -0.57735026918962584 0.57735026918962584 -0.57735026918962584
  outer loop
   vertex 175 107 273.5
   vertex 174 106.5 274
   vertex 174.5 107 274
  endloop
 endfacet
 facet normal -0.57735026918962584 0.57735026918962584 -0.57735026918962584
  outer loop
   vertex 175 106.5 273
   vertex 174 106.5 274
   vertex 175 107 273.5
  endloop
 endfacet
 facet normal -0.57735026918962584 0.57735026918962584 -0.57735026918962584
  outer loop
   vertex 175 106.5 273
   vertex 174 106 273.5
   vertex 174 106.5 274
  endloop
 endfacet
 facet normal -0.57735026918962584 0.57735026918962584 -0.57735026918962584
  outer loop
   vertex 175 106.5 273
   vertex 174.5 106 273
   vertex 174 106 273.5
  endloop
 endfacet
 facet normal 0.57735026918962584 0.57735026918962584 -0.57735026918962584
  outer loop
   vertex 175 106.5 273
   vertex 176 106 273.5
   vertex 175.5 106 273
  endloop
 endfacet
 facet normal 0.57735026918962584 0.57735026918962584 -0.57735026918962584
  outer loop
   vertex 175 106.5 273
   vertex 175 107 273.5
   vertex 176 106 273.5
  endloop
 endfacet
 facet normal -0 -0 -1
  outer loop
   vertex 175 107 273.5
   vertex 176 107 273.5
   vertex 176 106 273.5
  endloop
 endfacet
 facet normal 0.70710678118654746 0 -0.70710678118654746
  outer loop
   vertex 176.5 107 274
   vertex 176.5 106 274
   vertex 176 106 273.5
  endloop
 endfacet
 facet normal 0.70710678118654746 0 -0.70710678118654746
  outer loop
   vertex 176 107 273.5
   vertex 176.5 107 274
   vertex 176 106 273.5
  endloop
 endfacet
 facet normal -0.57735026918962584 0.57735026918962584 -0.57735026918962584
  outer loop
   vertex 175 107 273.5
   vertex 174.5 107 274
   vertex 175 107.5 274
  endloop
 endfacet
 facet normal 0 0.70710678118654746 -0.70710678118654746
  outer loop
   vertex 176 107 273.5
   vertex 175 107 273.5
   vertex 175 107.5 274
  endloop
 endfacet
 facet normal 0 0.70710678118654746 -0.70710678118654746
  outer loop
   vertex 176 107.5 274
   vertex 176 107 273.5
   vertex 175 107.5 274
  endloop
 endfacet
 facet normal 0.57735026918962584 0.57735026918962584 -0.57735026918962584
  outer loop
   vertex 176.5 107 274
   vertex 176 107 273.5
   vertex 176 107.5 274
  endloop
 endfacet
 facet normal -0.57735026918962584 -0.57735026918962584 -0.57735026918962584
  outer loop
   vertex 173 88 274.5
   vertex 173 87.5 275
   vertex 172.5 88 275
  endloop
 endfacet
 facet normal -0.57735026918962584 -0.57735026918962584 -0.57735026918962584
  outer loop
   vertex 173 88 274.5
   vertex 173.5 88 274
   vertex 174 87.5 274
  endloop
 endfacet
 facet normal -0.57735026918962584 -0.57735026918962584 -0.57735026918962584
  outer loop
   vertex 173 88 274.5
   vertex 174 87.5 274
   vertex 173 87.5 275
  endloop
 endfacet
 facet normal 0 -1 0
  outer loop
   vertex 173 87.5 275
   vertex 174 87.5 274
   vertex 174 87.5 275
  endloop
 endfacet
 facet normal 0 -1 -0
  outer loop
   vertex 175 87.5 274
   vertex 175 87.5 275
   vertex 174 87.5 274
  endloop
 endfacet
 facet normal -0 -1 0
  outer loop
   vertex 174 87.5 274
   vertex 175 87.5 275
   vertex 174 87.5 275
  endloop
 endfacet
 facet normal 0.57735026918962584 -0.57735026918962584 0.57735026918962584
  outer loop
   vertex 176 88 274.5
   vertex 175.5 88 275
   vertex 175 87.5 275
  endloop
 endfacet
 facet normal 0.57735026918962584 -0.57735026918962584 0.57735026918962584
  outer loop
   vertex 176 88 274.5
   vertex 175 87.5 275
   vertex 176 87.5 274
  endloop
 endfacet
 facet normal 0 -1 0
  outer loop
   vertex 176 87.5 274
   vertex 175 87.5 275
   vertex 175 87.5 274
  endloop
 endfacet
 facet normal 0.57735026918962584 -0.57735026918962584 0.57735026918962584
  outer loop
   vertex 176 87.5 274
   vertex 176.5 88 274
   vertex 176 88 274.5
  endloop
 endfacet
 facet normal -0.70710678118654746 -0.70710678118654746 -0
  outer loop
   vertex 172 88.5 274
   vertex 172 88.5 275
   vertex 171.5 89 275
  endloop
 endfacet
 facet normal -0.70710678118654746 -0.70710678118654746 0
  outer loop
   vertex 171.5 89 274
   vertex 172 88.5 274
   vertex 171.5 89 275
  endloop
 endfacet
 facet normal -0.57735026918962584 -0.57735026918962584 -0.57735026918962584
  outer loop
   vertex 172.5 88 275
   vertex 173 88.5 274
   vertex 173 88 274.5
  endloop
 endfacet
 facet normal -0.57735026918962584 -0.57735026918962584 -0.57735026918962584
  outer loop
   vertex 172.5 88 275
   vertex 172 88.5 275
   vertex 173 88.5 274
  endloop
 endfacet
 facet normal 0 -1 0
  outer loop
   vertex 172 88.5 275
   vertex 172 88.5 274
   vertex 173 88.5 274
  endloop
 endfacet
 facet normal -0.57735026918962584 -0.57735026918962584 -0.57735026918962584
  outer loop
   vertex 173.5 88 274
   vertex 173 88 274.5
   vertex 173 88.5 274
  endloop
 endfacet
 facet normal 0.57735026918962584 -0.57735026918962584 0.57735026918962584
  outer loop
   vertex 176 88 274.5
   vertex 176 88.5 275
   vertex 175.5 88 275
  endloop
 endfacet
 facet normal 0.57735026918962584 -0.57735026918962584 0.57735026918962584
  outer loop
   vertex 176.5 88 274
   vertex 176 88.5 275
   vertex 176 88 274.5
  endloop
 endfacet
 facet normal 0.57735026918962584 -0.57735026918962584 0.57735026918962584
  outer loop
   vertex 176.5 88 274
   vertex 177 88.5 274
   vertex 176 88.5 275
  endloop
 endfacet
 facet normal -0 -1 -0
  outer loop
   vertex 177 88.5 274
   vertex 177 88.5 275
   vertex 176 88.5 275
  endloop
 endfacet
 facet normal 0.70710678118654746 -0.70710678118654746 0
  outer loop
   vertex 177 88.5 275
   vertex 177 88.5 274
   vertex 177.5 89 274
  endloop
 endfacet
 facet normal 0.70710678118654746 -0.70710678118654746 0
  outer loop
   vertex 177.5 89 275
   vertex 177 88.5 275
   vertex 177.5 89 274
  endloop
 endfacet
 facet normal -1 0 0
  outer loop
   vertex 171.5 89 274
   vertex 171.5 89 275
   vertex 171.5 90 274
  endloop
 endfacet
 facet normal -1 -0 -0
  outer loop
   vertex 171.5 89 275
   vertex 171.5 90 275
   vertex 171.5 90 274
  endloop
 endfacet
 facet normal 0.70710678118654746 -0.70710678118654746 0
  outer loop
   vertex 177.5 89 274
   vertex 178 89.5 275
   vertex 177.5 89 275
  endloop
 endfacet
 facet normal 0.70710678118654746 -0.70710678118654746 0
  outer loop
   vertex 178 89.5 274
   vertex 178 89.5 275
   vertex 177.5 89 274
  endloop
 endfacet
 facet normal 0.70710678118654746 -0.70710678118654746 0
  outer loop
   vertex 178 89.5 275
   vertex 178 89.5 274
   vertex 178.5 90 274
  endloop
 endfacet
 facet normal 0.70710678118654746 -0.70710678118654746 0
  outer loop
   vertex 178.5 90 275
   vertex 178 89.5 275
   vertex 178.5 90 274
  endloop
 endfacet
 facet normal -0.57735026918962584 -0.57735026918962584 -0.57735026918962584
  outer loop
   vertex 171 91 274.5
   vertex 171 90.5 275
   vertex 170.5 91 275
  endloop
 endfacet
 facet normal -0.57735026918962584 -0.57735026918962584 -0.57735026918962584
  outer loop
   vertex 171 91 274.5
   vertex 171.5 90 275
   vertex 171 90.5 275
  endloop
 endfacet
 facet normal -0.57735026918962584 -0.57735026918962584 -0.57735026918962584
  outer loop
   vertex 171 91 274.5
   vertex 171.5 91 274
   vertex 171.5 90 275
  endloop
 endfacet
 facet normal -1 0 0
  outer loop
   vertex 171.5 91 274
   vertex 171.5 90 274
   vertex 171.5 90 275
  endloop
 endfacet
 facet normal 0.57735026918962584 -0.57735026918962584 0.57735026918962584
  outer loop
   vertex 179 91 274.5
   vertex 178.5 90 274
   vertex 179 90.5 274
  endloop
 endfacet
 facet normal 0.57735026918962584 -0.57735026918962584 0.57735026918962584
  outer loop
   vertex 179 91 274.5
   vertex 178.5 91 275
   vertex 178.5 90 274
  endloop
 endfacet
 facet normal 1 -0 0
  outer loop
   vertex 178.5 91 275
   vertex 178.5 90 275
   vertex 178.5 90 274
  endloop
 endfacet
 facet normal 0.57735026918962584 -0.57735026918962584 0.57735026918962584
  outer loop
   vertex 179 90.5 274
   vertex 179.5 91 274
   vertex 179 91 274.5
  endloop
 endfacet
 facet normal -0.57735026918962584 -0.57735026918962584 -0.57735026918962584
  outer loop
   vertex 171 91.5 274
   vertex 171 91 274.5
   vertex 170.5 91 275
  endloop
 endfacet
 facet normal -0.57735026918962584 -0.57735026918962584 -0.57735026918962584
  outer loop
   vertex 171 91.5 274
   vertex 170.5 91 275
   vertex 170.5 92 274
  endloop
 endfacet
 facet normal -1 0 0
  outer loop
   vertex 170.5 92 274
   vertex 170.5 91 275
   vertex 170.5 92 275
  endloop
 endfacet
 facet normal -0.57735026918962584 -0.57735026918962584 -0.57735026918962584
  outer loop
   vertex 171.5 91 274
   vertex 171 91 274.5
   vertex 171 91.5 274
  endloop
 endfacet
 facet normal 0.57735026918962584 -0.57735026918962584 0.57735026918962584
  outer loop
   vertex 179 91 274.5
   vertex 179 91.5 275
   vertex 178.5 91 275
  endloop
 endfacet
 facet normal 0.57735026918962584 -0.57735026918962584 0.57735026918962584
  outer loop
   vertex 179 91.5 275
   vertex 179 91 274.5
   vertex 179.5 91 274
  endloop
 endfacet
 facet normal 0.57735026918962584 -0.57735026918962584 0.57735026918962584
  outer loop
   vertex 179 91.5 275
   vertex 179.5 91 274
   vertex 179.5 92 275
  endloop
 endfacet
 facet normal 1 0 0
  outer loop
   vertex 179.5 92 275
   vertex 179.5 91 274
   vertex 179.5 92 274
  endloop
 endfacet
 facet normal -1 0 0
  outer loop
   vertex 170.5 92 274
   vertex 170.5 92 275
   vertex 170.5 93 274
  endloop
 endfacet
 facet normal -1 -0 -0
  outer loop
   vertex 170.5 92 275
   vertex 170.5 93 275
   vertex 170.5 93 274
  endloop
 endfacet
 facet normal 0.57735026918962584 -0.57735026918962584 0.57735026918962584
  outer loop
   vertex 180 93 274.5
   vertex 179.5 92 274
   vertex 180 92.5 274
  endloop
 endfacet
 facet normal 0.57735026918962584 -0.57735026918962584 0.57735026918962584
  outer loop
   vertex 180 93 274.5
   vertex 179.5 93 275
   vertex 179.5 92 274
  endloop
 endfacet
 facet normal 1 -0 0
  outer loop
   vertex 179.5 93 275
   vertex 179.5 92 275
   vertex 179.5 92 274
  endloop
 endfacet
 facet normal 0.57735026918962584 -0.57735026918962584 0.57735026918962584
  outer loop
   vertex 180 92.5 274
   vertex 180.5 93 274
   vertex 180 93 274.5
  endloop
 endfacet
 facet normal -1 0 0
  outer loop
   vertex 170.5 93 274
   vertex 170.5 93 275
   vertex 170.5 94 274
  endloop
 endfacet
 facet normal -1 -0 -0
  outer loop
   vertex 170.5 93 275
   vertex 170.5 94 275
   vertex 170.5 94 274
  endloop
 endfacet
 facet normal 0.57735026918962584 -0.57735026918962584 0.57735026918962584
  outer loop
   vertex 180 93 274.5
   vertex 180 93.5 275
   vertex 179.5 93 275
  endloop
 endfacet
 facet normal 0.57735026918962584 -0.57735026918962584 0.57735026918962584
  outer loop
   vertex 180 93.5 275
   vertex 180 93 274.5
   vertex 180.5 93 274
  endloop
 endfacet
 facet normal 0.57735026918962584 -0.57735026918962584 0.57735026918962584
  outer loop
   vertex 180 93.5 275
   vertex 180.5 93 274
   vertex 180.5 94 275
  endloop
 endfacet
 facet normal 1 0 0
  outer loop
   vertex 180.5 94 275
   vertex 180.5 93 274
   vertex 180.5 94 274
  endloop
 endfacet
 facet normal -1 0 0
  outer loop
   vertex 170.5 94 274
   vertex 170.5 94 275
   vertex 170.5 95 274
  endloop
 endfacet
 facet normal -1 -0 -0
  outer loop
   vertex 170.5 94 275
   vertex 170.5 95 275
   vertex 170.5 95 274
  endloop
 endfacet
 facet normal 1 0 0
  outer loop
   vertex 180.5 94 274
   vertex 180.5 95 274
   vertex 180.5 94 275
  endloop
 endfacet
 facet normal 1 0 -0
  outer loop
   vertex 180.5 94 275
   vertex 180.5 95 274
   vertex 180.5 95 275
  endloop
 endfacet
 facet normal -1 0 0
  outer loop
   vertex 170.5 95 274
   vertex 170.5 95 275
   vertex 170.5 96 274
  endloop
 endfacet
 facet normal -1 -0 -0
  outer loop
   vertex 170.5 95 275
   vertex 170.5 96 275
   vertex 170.5 96 274
  endloop
 endfacet
 facet normal 1 0 0
  outer loop
   vertex 180.5 95 274
   vertex 180.5 96 274
   vertex 180.5 95 275
  endloop
 endfacet
 facet normal 1 0 -0
  outer loop
   vertex 180.5 95 275
   vertex 180.5 96 274
   vertex 180.5 96 275
  endloop
 endfacet
 facet normal -0.57735026918962584 0.57735026918962584 -0.57735026918962584
  outer loop
   vertex 171 97 274.5
   vertex 171 96.5 274
   vertex 170.5 96 274
  endloop
 endfacet
 facet normal -0.57735026918962584 0.57735026918962584 -0.57735026918962584
  outer loop
   vertex 171 97 274.5
   vertex 170.5 96 274
   vertex 170.5 97 275
  endloop
 endfacet
 facet normal -1 0 0
  outer loop
   vertex 170.5 97 275
   vertex 170.5 96 274
   vertex 170.5 96 275
  endloop
 endfacet
 facet normal -0.57735026918962584 0.57735026918962584 -0.57735026918962584
  outer loop
   vertex 171 96.5 274
   vertex 171 97 274.5
   vertex 171.5 97 274
  endloop
 endfacet
 facet normal 1 0 0
  outer loop
   vertex 180.5 96 274
   vertex 180.5 97 274
   vertex 180.5 96 275
  endloop
 endfacet
 facet normal 1 0 -0
  outer loop
   vertex 180.5 96 275
   vertex 180.5 97 274
   vertex 180.5 97 275
  endloop
 endfacet
 facet normal -0.57735026918962584 0.57735026918962584 -0.57735026918962584
  outer loop
   vertex 171 97 274.5
   vertex 170.5 97 275
   vertex 171 97.5 275
  endloop
 endfacet
 facet normal -0.57735026918962584 0.57735026918962584 -0.57735026918962584
  outer loop
   vertex 172 98 274.5
   vertex 171 97.5 275
   vertex 171.5 98 275
  endloop
 endfacet
 facet normal -0.57735026918962584 0.57735026918962584 -0.57735026918962584
  outer loop
   vertex 172 97.5 274
   vertex 171 97.5 275
   vertex 172 98 274.5
  endloop
 endfacet
 facet normal -0.57735026918962584 0.57735026918962584 -0.57735026918962584
  outer loop
   vertex 172 97.5 274
   vertex 171 97 274.5
   vertex 171 97.5 275
  endloop
 endfacet
 facet normal -0.57735026918962584 0.57735026918962584 -0.57735026918962584
  outer loop
   vertex 172 97.5 274
   vertex 171.5 97 274
   vertex 171 97 274.5
  endloop
 endfacet
 facet normal 0 0.70710678118654746 -0.70710678118654746
  outer loop
   vertex 172 97.5 274
   vertex 173 98 274.5
   vertex 173 97.5 274
  endloop
 endfacet
 facet normal 0 0.70710678118654746 -0.70710678118654746
  outer loop
   vertex 172 98 274.5
   vertex 173 98 274.5
   vertex 172 97.5 274
  endloop
 endfacet
 facet normal -0.57735026918962584 0.57735026918962584 -0.57735026918962584
  outer loop
   vertex 173 97.5 274
   vertex 173 98 274.5
   vertex 173.5 98 274
  endloop
 endfacet
 facet normal 0.57735026918962584 0.57735026918962584 0.57735026918962584
  outer loop
   vertex 180 98 274.5
   vertex 179.5 98 275
   vertex 180 97.5 275
  endloop
 endfacet
 facet normal 0.57735026918962584 0.57735026918962584 0.57735026918962584
  outer loop
   vertex 180 98 274.5
   vertex 180 97.5 275
   vertex 180.5 97 275
  endloop
 endfacet
 facet normal 0.57735026918962584 0.57735026918962584 0.57735026918962584
  outer loop
   vertex 180 98 274.5
   vertex 180.5 97 275
   vertex 180.5 98 274
  endloop
 endfacet
 facet normal 1 0 0
  outer loop
   vertex 180.5 98 274
   vertex 180.5 97 275
   vertex 180.5 97 274
  endloop
 endfacet
 facet normal -0.70710678118654746 0 -0.70710678118654746
  outer loop
   vertex 172 99 274.5
   vertex 172 98 274.5
   vertex 171.5 98 275
  endloop
 endfacet
 facet normal -0.70710678118654746 0 -0.70710678118654746
  outer loop
   vertex 171.5 99 275
   vertex 172 99 274.5
   vertex 171.5 98 275
  endloop
 endfacet
 facet normal 0.57735026918962584 0.57735026918962584 -0.57735026918962584
  outer loop
   vertex 172.5 99 275
   vertex 173 98.5 275
   vertex 173 98 274.5
  endloop
 endfacet
 facet normal 0.57735026918962584 0.57735026918962584 -0.57735026918962584
  outer loop
   vertex 172.5 99 275
   vertex 173 98 274.5
   vertex 172 99 274.5
  endloop
 endfacet
 facet normal 0 0 -1
  outer loop
   vertex 172 99 274.5
   vertex 173 98 274.5
   vertex 172 98 274.5
  endloop
 endfacet
 facet normal -0.57735026918962584 0.57735026918962584 -0.57735026918962584
  outer loop
   vertex 174 99 274.5
   vertex 173 98.5 275
   vertex 173.5 99 275
  endloop
 endfacet
 facet normal -0.57735026918962584 0.57735026918962584 -0.57735026918962584
  outer loop
   vertex 174 98.5 274
   vertex 173 98.5 275
   vertex 174 99 274.5
  endloop
 endfacet
 facet normal -0.57735026918962584 0.57735026918962584 -0.57735026918962584
  outer loop
   vertex 174 98.5 274
   vertex 173 98 274.5
   vertex 173 98.5 275
  endloop
 endfacet
 facet normal -0.57735026918962584 0.57735026918962584 -0.57735026918962584
  outer loop
   vertex 174 98.5 274
   vertex 173.5 98 274
   vertex 173 98 274.5
  endloop
 endfacet
 facet normal -0.57735026918962584 0.57735026918962584 -0.57735026918962584
  outer loop
   vertex 174 98.5 274
   vertex 174 99 274.5
   vertex 174.5 99 274
  endloop
 endfacet
 facet normal 0.57735026918962584 0.57735026918962584 0.57735026918962584
  outer loop
   vertex 180 98.5 274
   vertex 179.5 98 275
   vertex 180 98 274.5
  endloop
 endfacet
 facet normal 0.57735026918962584 0.57735026918962584 0.57735026918962584
  outer loop
   vertex 180 98.5 274
   vertex 179.5 99 274
   vertex 179.5 98 275
  endloop
 endfacet
 facet normal 1 0 0
  outer loop
   vertex 179.5 99 274
   vertex 179.5 99 275
   vertex 179.5 98 275
  endloop
 endfacet
 facet normal 0.57735026918962584 0.57735026918962584 0.57735026918962584
  outer loop
   vertex 180.5 98 274
   vertex 180 98.5 274
   vertex 180 98 274.5
  endloop
 endfacet
 facet normal -0.57735026918962584 0.57735026918962584 -0.57735026918962584
  outer loop
   vertex 172 99 274.5
   vertex 171.5 99 275
   vertex 172 99.5 275
  endloop
 endfacet
 facet normal 0.57735026918962584 0.57735026918962584 -0.57735026918962584
  outer loop
   vertex 172.5 99 275
   vertex 172 99 274.5
   vertex 172 99.5 275
  endloop
 endfacet
 facet normal -0.70710678118654746 0 -0.70710678118654746
  outer loop
   vertex 174 100 274.5
   vertex 174 99 274.5
   vertex 173.5 99 275
  endloop
 endfacet
 facet normal -0.70710678118654746 0 -0.70710678118654746
  outer loop
   vertex 173.5 100 275
   vertex 174 100 274.5
   vertex 173.5 99 275
  endloop
 endfacet
 facet normal -0.70710678118654746 0 -0.70710678118654746
  outer loop
   vertex 174.5 99 274
   vertex 174 100 274.5
   vertex 174.5 100 274
  endloop
 endfacet
 facet normal -0.70710678118654746 -0 -0.70710678118654746
  outer loop
   vertex 174 99 274.5
   vertex 174 100 274.5
   vertex 174.5 99 274
  endloop
 endfacet
 facet normal 0.57735026918962584 0.57735026918962584 -0.57735026918962584
  outer loop
   vertex 178 99.5 274
   vertex 177.5 100 274
   vertex 178 100 274.5
  endloop
 endfacet
 facet normal 0.57735026918962584 0.57735026918962584 -0.57735026918962584
  outer loop
   vertex 178.5 100 275
   vertex 178 99.5 274
   vertex 178 100 274.5
  endloop
 endfacet
 facet normal 0.57735026918962584 0.57735026918962584 -0.57735026918962584
  outer loop
   vertex 178.5 100 275
   vertex 179 99.5 275
   vertex 178 99.5 274
  endloop
 endfacet
 facet normal 0 1 -0
  outer loop
   vertex 179 99.5 275
   vertex 179 99.5 274
   vertex 178 99.5 274
  endloop
 endfacet
 facet normal 0.70710678118654746 0.70710678118654746 -0
  outer loop
   vertex 179.5 99 275
   vertex 179.5 99 274
   vertex 179 99.5 274
  endloop
 endfacet
 facet normal 0.70710678118654746 0.70710678118654746 0
  outer loop
   vertex 179 99.5 275
   vertex 179.5 99 275
   vertex 179 99.5 274
  endloop
 endfacet
 facet normal -0.70710678118654746 0 -0.70710678118654746
  outer loop
   vertex 174 101 274.5
   vertex 174 100 274.5
   vertex 173.5 100 275
  endloop
 endfacet
 facet normal -0.70710678118654746 0 -0.70710678118654746
  outer loop
   vertex 173.5 101 275
   vertex 174 101 274.5
   vertex 173.5 100 275
  endloop
 endfacet
 facet normal -0.70710678118654746 0 -0.70710678118654746
  outer loop
   vertex 174.5 100 274
   vertex 174 101 274.5
   vertex 174.5 101 274
  endloop
 endfacet
 facet normal -0.70710678118654746 -0 -0.70710678118654746
  outer loop
   vertex 174 100 274.5
   vertex 174 101 274.5
   vertex 174.5 100 274
  endloop
 endfacet
 facet normal 0.70710678118654746 0.70710678118654746 0
  outer loop
   vertex 177 100.5 274
   vertex 176.5 101 275
   vertex 177 100.5 275
  endloop
 endfacet
 facet normal 0.70710678118654746 0.70710678118654746 0
  outer loop
   vertex 176.5 101 274
   vertex 176.5 101 275
   vertex 177 100.5 274
  endloop
 endfacet
 facet normal 0.57735026918962584 0.57735026918962584 -0.57735026918962584
  outer loop
   vertex 178 100 274.5
   vertex 177.5 100 274
   vertex 177 100.5 274
  endloop
 endfacet
 facet normal 0.57735026918962584 0.57735026918962584 -0.57735026918962584
  outer loop
   vertex 178 100 274.5
   vertex 177 100.5 274
   vertex 178 100.5 275
  endloop
 endfacet
 facet normal 0 1 0
  outer loop
   vertex 178 100.5 275
   vertex 177 100.5 274
   vertex 177 100.5 275
  endloop
 endfacet
 facet normal 0.57735026918962584 0.57735026918962584 -0.57735026918962584
  outer loop
   vertex 178.5 100 275
   vertex 178 100 274.5
   vertex 178 100.5 275
  endloop
 endfacet
 facet normal -0.70710678118654746 0 -0.70710678118654746
  outer loop
   vertex 174 102 274.5
   vertex 174 101 274.5
   vertex 173.5 101 275
  endloop
 endfacet
 facet normal -0.70710678118654746 0 -0.70710678118654746
  outer loop
   vertex 173.5 102 275
   vertex 174 102 274.5
   vertex 173.5 101 275
  endloop
 endfacet
 facet normal -0.70710678118654746 0 -0.70710678118654746
  outer loop
   vertex 174.5 101 274
   vertex 174 102 274.5
   vertex 174.5 102 274
  endloop
 endfacet
 facet normal -0.70710678118654746 -0 -0.70710678118654746
  outer loop
   vertex 174 101 274.5
   vertex 174 102 274.5
   vertex 174.5 101 274
  endloop
 endfacet
 facet normal 1 0 0
  outer loop
   vertex 176.5 101 274
   vertex 176.5 102 274
   vertex 176.5 101 275
  endloop
 endfacet
 facet normal 1 0 -0
  outer loop
   vertex 176.5 101 275
   vertex 176.5 102 274
   vertex 176.5 102 275
  endloop
 endfacet
 facet normal -0.57735026918962584 -0.57735026918962584 -0.57735026918962584
  outer loop
   vertex 173 103 274.5
   vertex 173 102.5 275
   vertex 172.5 103 275
  endloop
 endfacet
 facet normal -0.57735026918962584 -0.57735026918962584 -0.57735026918962584
  outer loop
   vertex 173.5 102 275
   vertex 173 102.5 275
   vertex 173 103 274.5
  endloop
 endfacet
 facet normal -0.57735026918962584 -0.57735026918962584 -0.57735026918962584
  outer loop
   vertex 174 102 274.5
   vertex 173.5 102 275
   vertex 173 103 274.5
  endloop
 endfacet
 facet normal -0.57735026918962584 -0.57735026918962584 -0.57735026918962584
  outer loop
   vertex 174 102 274.5
   vertex 173 103 274.5
   vertex 173.5 103 274
  endloop
 endfacet
 facet normal -0.57735026918962584 -0.57735026918962584 -0.57735026918962584
  outer loop
   vertex 174 102 274.5
   vertex 173.5 103 274
   vertex 174 102.5 274
  endloop
 endfacet
 facet normal -0.57735026918962584 -0.57735026918962584 -0.57735026918962584
  outer loop
   vertex 174.5 102 274
   vertex 174 102 274.5
   vertex 174 102.5 274
  endloop
 endfacet
 facet normal 1 0 0
  outer loop
   vertex 176.5 102 274
   vertex 176.5 103 274
   vertex 176.5 102 275
  endloop
 endfacet
 facet normal 1 0 -0
  outer loop
   vertex 176.5 102 275
   vertex 176.5 103 274
   vertex 176.5 103 275
  endloop
 endfacet
 facet normal -0.57735026918962584 -0.57735026918962584 -0.57735026918962584
  outer loop
   vertex 173 103.5 274
   vertex 173 103 274.5
   vertex 172.5 103 275
  endloop
 endfacet
 facet normal -0.57735026918962584 -0.57735026918962584 -0.57735026918962584
  outer loop
   vertex 173 103.5 274
   vertex 172.5 103 275
   vertex 172.5 104 274
  endloop
 endfacet
 facet normal -1 0 0
  outer loop
   vertex 172.5 104 274
   vertex 172.5 103 275
   vertex 172.5 104 275
  endloop
 endfacet
 facet normal -0.57735026918962584 -0.57735026918962584 -0.57735026918962584
  outer loop
   vertex 173.5 103 274
   vertex 173 103 274.5
   vertex 173 103.5 274
  endloop
 endfacet
 facet normal 1 0 0
  outer loop
   vertex 176.5 103 274
   vertex 176.5 104 274
   vertex 176.5 103 275
  endloop
 endfacet
 facet normal 1 0 -0
  outer loop
   vertex 176.5 103 275
   vertex 176.5 104 274
   vertex 176.5 104 275
  endloop
 endfacet
 facet normal -0.70710678118654746 0.70710678118654746 0
  outer loop
   vertex 172.5 104 274
   vertex 172.5 104 275
   vertex 173 104.5 275
  endloop
 endfacet
 facet normal -0.70710678118654746 0.70710678118654746 0
  outer loop
   vertex 173 104.5 274
   vertex 172.5 104 274
   vertex 173 104.5 275
  endloop
 endfacet
 facet normal -0.70710678118654746 0.70710678118654746 0
  outer loop
   vertex 173 104.5 275
   vertex 173.5 105 274
   vertex 173 104.5 274
  endloop
 endfacet
 facet normal -0.70710678118654746 0.70710678118654746 0
  outer loop
   vertex 173.5 105 275
   vertex 173.5 105 274
   vertex 173 104.5 275
  endloop
 endfacet
 facet normal 1 0 0
  outer loop
   vertex 176.5 104 274
   vertex 176.5 105 274
   vertex 176.5 104 275
  endloop
 endfacet
 facet normal 1 0 -0
  outer loop
   vertex 176.5 104 275
   vertex 176.5 105 274
   vertex 176.5 105 275
  endloop
 endfacet
 facet normal -1 0 0
  outer loop
   vertex 173.5 105 274
   vertex 173.5 105 275
   vertex 173.5 106 274
  endloop
 endfacet
 facet normal -1 -0 -0
  outer loop
   vertex 173.5 105 275
   vertex 173.5 106 275
   vertex 173.5 106 274
  endloop
 endfacet
 facet normal 1 0 0
  outer loop
   vertex 176.5 105 274
   vertex 176.5 106 274
   vertex 176.5 105 275
  endloop
 endfacet
 facet normal 1 0 -0
  outer loop
   vertex 176.5 105 275
   vertex 176.5 106 274
   vertex 176.5 106 275
  endloop
 endfacet
 facet normal -0.70710678118654746 0.70710678118654746 0
  outer loop
   vertex 173.5 106 274
   vertex 173.5 106 275
   vertex 174 106.5 275
  endloop
 endfacet
 facet normal -0.70710678118654746 0.70710678118654746 0
  outer loop
   vertex 174 106.5 274
   vertex 173.5 106 274
   vertex 174 106.5 275
  endloop
 endfacet
 facet normal -0.70710678118654746 0.70710678118654746 0
  outer loop
   vertex 174 106.5 275
   vertex 174.5 107 274
   vertex 174 106.5 274
  endloop
 endfacet
 facet normal -0.70710678118654746 0.70710678118654746 0
  outer loop
   vertex 174.5 107 275
   vertex 174.5 107 274
   vertex 174 106.5 275
  endloop
 endfacet
 facet normal 1 0 0
  outer loop
   vertex 176.5 106 274
   vertex 176.5 107 274
   vertex 176.5 106 275
  endloop
 endfacet
 facet normal 1 0 -0
  outer loop
   vertex 176.5 106 275
   vertex 176.5 107 274
   vertex 176.5 107 275
  endloop
 endfacet
 facet normal -0.70710678118654746 0.70710678118654746 0
  outer loop
   vertex 174.5 107 274
   vertex 174.5 107 275
   vertex 175 107.5 275
  endloop
 endfacet
 facet normal -0.70710678118654746 0.70710678118654746 0
  outer loop
   vertex 175 107.5 274
   vertex 174.5 107 274
   vertex 175 107.5 275
  endloop
 endfacet
 facet normal 0 1 0
  outer loop
   vertex 176 107.5 274
   vertex 175 107.5 274
   vertex 176 107.5 275
  endloop
 endfacet
 facet normal -0 1 0
  outer loop
   vertex 175 107.5 274
   vertex 175 107.5 275
   vertex 176 107.5 275
  endloop
 endfacet
 facet normal 0.70710678118654746 0.70710678118654746 -0
  outer loop
   vertex 176.5 107 275
   vertex 176.5 107 274
   vertex 176 107.5 274
  endloop
 endfacet
 facet normal 0.70710678118654746 0.70710678118654746 0
  outer loop
   vertex 176 107.5 275
   vertex 176.5 107 275
   vertex 176 107.5 274
  endloop
 endfacet
 facet normal -0.70710678118654746 -0.70710678118654746 -0
  outer loop
   vertex 173 87.5 275
   vertex 173 87.5 276
   vertex 172.5 88 276
  endloop
 endfacet
 facet normal -0.70710678118654746 -0.70710678118654746 0
  outer loop
   vertex 172.5 88 275
   vertex 173 87.5 275
   vertex 172.5 88 276
  endloop
 endfacet
 facet normal 0 -1 -0
  outer loop
   vertex 174 87.5 275
   vertex 174 87.5 276
   vertex 173 87.5 275
  endloop
 endfacet
 facet normal -0 -1 0
  outer loop
   vertex 173 87.5 275
   vertex 174 87.5 276
   vertex 173 87.5 276
  endloop
 endfacet
 facet normal 0 -1 -0
  outer loop
   vertex 175 87.5 275
   vertex 175 87.5 276
   vertex 174 87.5 275
  endloop
 endfacet
 facet normal -0 -1 0
  outer loop
   vertex 174 87.5 275
   vertex 175 87.5 276
   vertex 174 87.5 276
  endloop
 endfacet
 facet normal 0.70710678118654746 -0.70710678118654746 0
  outer loop
   vertex 175 87.5 276
   vertex 175 87.5 275
   vertex 175.5 88 275
  endloop
 endfacet
 facet normal 0.70710678118654746 -0.70710678118654746 0
  outer loop
   vertex 175.5 88 276
   vertex 175 87.5 276
   vertex 175.5 88 275
  endloop
 endfacet
 facet normal -0.70710678118654746 -0.70710678118654746 -0
  outer loop
   vertex 172 88.5 275
   vertex 172 88.5 276
   vertex 171.5 89 276
  endloop
 endfacet
 facet normal -0.70710678118654746 -0.70710678118654746 0
  outer loop
   vertex 171.5 89 275
   vertex 172 88.5 275
   vertex 171.5 89 276
  endloop
 endfacet
 facet normal -0.70710678118654746 -0.70710678118654746 0
  outer loop
   vertex 172.5 88 276
   vertex 172 88.5 275
   vertex 172.5 88 275
  endloop
 endfacet
 facet normal -0.70710678118654746 -0.70710678118654746 0
  outer loop
   vertex 172 88.5 276
   vertex 172 88.5 275
   vertex 172.5 88 276
  endloop
 endfacet
 facet normal 0.70710678118654746 -0.70710678118654746 0
  outer loop
   vertex 175.5 88 275
   vertex 176 88.5 276
   vertex 175.5 88 276
  endloop
 endfacet
 facet normal 0.70710678118654746 -0.70710678118654746 0
  outer loop
   vertex 176 88.5 275
   vertex 176 88.5 276
   vertex 175.5 88 275
  endloop
 endfacet
 facet normal 0.57735026918962584 -0.57735026918962584 0.57735026918962584
  outer loop
   vertex 177 89 275.5
   vertex 176.5 89 276
   vertex 176 88.5 276
  endloop
 endfacet
 facet normal 0.57735026918962584 -0.57735026918962584 0.57735026918962584
  outer loop
   vertex 177 89 275.5
   vertex 176 88.5 276
   vertex 177 88.5 275
  endloop
 endfacet
 facet normal 0 -1 0
  outer loop
   vertex 177 88.5 275
   vertex 176 88.5 276
   vertex 176 88.5 275
  endloop
 endfacet
 facet normal 0.57735026918962584 -0.57735026918962584 0.57735026918962584
  outer loop
   vertex 177 88.5 275
   vertex 177.5 89 275
   vertex 177 89 275.5
  endloop
 endfacet
 facet normal -0.57735026918962584 -0.57735026918962584 -0.57735026918962584
  outer loop
   vertex 171 90 275.5
   vertex 171 89.5 276
   vertex 170.5 90 276
  endloop
 endfacet
 facet normal -0.57735026918962584 -0.57735026918962584 -0.57735026918962584
  outer loop
   vertex 171 90 275.5
   vertex 171.5 89 276
   vertex 171 89.5 276
  endloop
 endfacet
 facet normal -0.57735026918962584 -0.57735026918962584 -0.57735026918962584
  outer loop
   vertex 171 90 275.5
   vertex 171.5 90 275
   vertex 171.5 89 276
  endloop
 endfacet
 facet normal -1 0 0
  outer loop
   vertex 171.5 90 275
   vertex 171.5 89 275
   vertex 171.5 89 276
  endloop
 endfacet
 facet normal 0.57735026918962584 -0.57735026918962584 0.57735026918962584
  outer loop
   vertex 177 89 275.5
   vertex 177 89.5 276
   vertex 176.5 89 276
  endloop
 endfacet
 facet normal 0.57735026918962584 -0.57735026918962584 0.57735026918962584
  outer loop
   vertex 178 90 275.5
   vertex 177.5 90 276
   vertex 177 89.5 276
  endloop
 endfacet
 facet normal 0.57735026918962584 -0.57735026918962584 0.57735026918962584
  outer loop
   vertex 178 89.5 275
   vertex 178 90 275.5
   vertex 177 89.5 276
  endloop
 endfacet
 facet normal 0.57735026918962584 -0.57735026918962584 0.57735026918962584
  outer loop
   vertex 178 89.5 275
   vertex 177 89.5 276
   vertex 177 89 275.5
  endloop
 endfacet
 facet normal 0.57735026918962584 -0.57735026918962584 0.57735026918962584
  outer loop
   vertex 178 89.5 275
   vertex 177 89 275.5
   vertex 177.5 89 275
  endloop
 endfacet
 facet normal 0.57735026918962584 -0.57735026918962584 0.57735026918962584
  outer loop
   vertex 178 89.5 275
   vertex 178.5 90 275
   vertex 178 90 275.5
  endloop
 endfacet
 facet normal -0.57735026918962584 -0.57735026918962584 -0.57735026918962584
  outer loop
   vertex 171 90.5 275
   vertex 171 90 275.5
   vertex 170.5 90 276
  endloop
 endfacet
 facet normal -0.57735026918962584 -0.57735026918962584 -0.57735026918962584
  outer loop
   vertex 171 90.5 275
   vertex 170.5 90 276
   vertex 170.5 91 275
  endloop
 endfacet
 facet normal -1 0 0
  outer loop
   vertex 170.5 91 275
   vertex 170.5 90 276
   vertex 170.5 91 276
  endloop
 endfacet
 facet normal -0.57735026918962584 -0.57735026918962584 -0.57735026918962584
  outer loop
   vertex 171.5 90 275
   vertex 171 90 275.5
   vertex 171 90.5 275
  endloop
 endfacet
 facet normal 0.57735026918962584 -0.57735026918962584 0.57735026918962584
  outer loop
   vertex 178 90 275.5
   vertex 178 90.5 276
   vertex 177.5 90 276
  endloop
 endfacet
 facet normal 0.57735026918962584 -0.57735026918962584 0.57735026918962584
  outer loop
   vertex 178 90.5 276
   vertex 178 90 275.5
   vertex 178.5 90 275
  endloop
 endfacet
 facet normal 0.57735026918962584 -0.57735026918962584 0.57735026918962584
  outer loop
   vertex 178 90.5 276
   vertex 178.5 90 275
   vertex 178.5 91 276
  endloop
 endfacet
 facet normal 1 0 0
  outer loop
   vertex 178.5 91 276
   vertex 178.5 90 275
   vertex 178.5 91 275
  endloop
 endfacet
 facet normal -1 0 0
  outer loop
   vertex 170.5 91 275
   vertex 170.5 91 276
   vertex 170.5 92 275
  endloop
 endfacet
 facet normal -1 -0 -0
  outer loop
   vertex 170.5 91 276
   vertex 170.5 92 276
   vertex 170.5 92 275
  endloop
 endfacet
 facet normal 0.70710678118654746 -0.70710678118654746 0
  outer loop
   vertex 178.5 91 275
   vertex 179 91.5 276
   vertex 178.5 91 276
  endloop
 endfacet
 facet normal 0.70710678118654746 -0.70710678118654746 0
  outer loop
   vertex 179 91.5 275
   vertex 179 91.5 276
   vertex 178.5 91 275
  endloop
 endfacet
 facet normal 0.70710678118654746 -0.70710678118654746 0
  outer loop
   vertex 179 91.5 276
   vertex 179 91.5 275
   vertex 179.5 92 275
  endloop
 endfacet
 facet normal 0.70710678118654746 -0.70710678118654746 0
  outer loop
   vertex 179.5 92 276
   vertex 179 91.5 276
   vertex 179.5 92 275
  endloop
 endfacet
 facet normal -1 0 0
  outer loop
   vertex 170.5 92 275
   vertex 170.5 92 276
   vertex 170.5 93 275
  endloop
 endfacet
 facet normal -1 -0 -0
  outer loop
   vertex 170.5 92 276
   vertex 170.5 93 276
   vertex 170.5 93 275
  endloop
 endfacet
 facet normal 1 0 0
  outer loop
   vertex 179.5 92 275
   vertex 179.5 93 275
   vertex 179.5 92 276
  endloop
 endfacet
 facet normal 1 0 -0
  outer loop
   vertex 179.5 92 276
   vertex 179.5 93 275
   vertex 179.5 93 276
  endloop
 endfacet
 facet normal -1 0 0
  outer loop
   vertex 170.5 93 275
   vertex 170.5 93 276
   vertex 170.5 94 275
  endloop
 endfacet
 facet normal -1 -0 -0
  outer loop
   vertex 170.5 93 276
   vertex 170.5 94 276
   vertex 170.5 94 275
  endloop
 endfacet
 facet normal 0.70710678118654746 -0.70710678118654746 0
  outer loop
   vertex 179.5 93 275
   vertex 180 93.5 276
   vertex 179.5 93 276
  endloop
 endfacet
 facet normal 0.70710678118654746 -0.70710678118654746 0
  outer loop
   vertex 180 93.5 275
   vertex 180 93.5 276
   vertex 179.5 93 275
  endloop
 endfacet
 facet normal 0.70710678118654746 -0.70710678118654746 0
  outer loop
   vertex 180 93.5 276
   vertex 180 93.5 275
   vertex 180.5 94 275
  endloop
 endfacet
 facet normal 0.70710678118654746 -0.70710678118654746 0
  outer loop
   vertex 180.5 94 276
   vertex 180 93.5 276
   vertex 180.5 94 275
  endloop
 endfacet
 facet normal -1 0 0
  outer loop
   vertex 170.5 94 275
   vertex 170.5 94 276
   vertex 170.5 95 275
  endloop
 endfacet
 facet normal -1 -0 -0
  outer loop
   vertex 170.5 94 276
   vertex 170.5 95 276
   vertex 170.5 95 275
  endloop
 endfacet
 facet normal 1 0 0
  outer loop
   vertex 180.5 94 275
   vertex 180.5 95 275
   vertex 180.5 94 276
  endloop
 endfacet
 facet normal 1 0 -0
  outer loop
   vertex 180.5 94 276
   vertex 180.5 95 275
   vertex 180.5 95 276
  endloop
 endfacet
 facet normal -1 0 0
  outer loop
   vertex 170.5 95 275
   vertex 170.5 95 276
   vertex 170.5 96 275
  endloop
 endfacet
 facet normal -1 -0 -0
  outer loop
   vertex 170.5 95 276
   vertex 170.5 96 276
   vertex 170.5 96 275
  endloop
 endfacet
 facet normal 1 0 0
  outer loop
   vertex 180.5 95 275
   vertex 180.5 96 275
   vertex 180.5 95 276
  endloop
 endfacet
 facet normal 1 0 -0
  outer loop
   vertex 180.5 95 276
   vertex 180.5 96 275
   vertex 180.5 96 276
  endloop
 endfacet
 facet normal -1 0 0
  outer loop
   vertex 170.5 96 275
   vertex 170.5 96 276
   vertex 170.5 97 275
  endloop
 endfacet
 facet normal -1 -0 -0
  outer loop
   vertex 170.5 96 276
   vertex 170.5 97 276
   vertex 170.5 97 275
  endloop
 endfacet
 facet normal 1 0 0
  outer loop
   vertex 180.5 96 275
   vertex 180.5 97 275
   vertex 180.5 96 276
  endloop
 endfacet
 facet normal 1 0 -0
  outer loop
   vertex 180.5 96 276
   vertex 180.5 97 275
   vertex 180.5 97 276
  endloop
 endfacet
 facet normal -0.57735026918962584 0.57735026918962584 -0.57735026918962584
  outer loop
   vertex 171 98 275.5
   vertex 171 97.5 275
   vertex 170.5 97 275
  endloop
 endfacet
 facet normal -0.57735026918962584 0.57735026918962584 -0.57735026918962584
  outer loop
   vertex 171 98 275.5
   vertex 170.5 97 275
   vertex 170.5 98 276
  endloop
 endfacet
 facet normal -1 0 0
  outer loop
   vertex 170.5 98 276
   vertex 170.5 97 275
   vertex 170.5 97 276
  endloop
 endfacet
 facet normal -0.57735026918962584 0.57735026918962584 -0.57735026918962584
  outer loop
   vertex 171 97.5 275
   vertex 171 98 275.5
   vertex 171.5 98 275
  endloop
 endfacet
 facet normal 0.70710678118654746 0.70710678118654746 0
  outer loop
   vertex 180 97.5 275
   vertex 179.5 98 276
   vertex 180 97.5 276
  endloop
 endfacet
 facet normal 0.70710678118654746 0.70710678118654746 0
  outer loop
   vertex 179.5 98 275
   vertex 179.5 98 276
   vertex 180 97.5 275
  endloop
 endfacet
 facet normal 0.70710678118654746 0.70710678118654746 -0
  outer loop
   vertex 180.5 97 276
   vertex 180.5 97 275
   vertex 180 97.5 275
  endloop
 endfacet
 facet normal 0.70710678118654746 0.70710678118654746 0
  outer loop
   vertex 180 97.5 276
   vertex 180.5 97 276
   vertex 180 97.5 275
  endloop
 endfacet
 facet normal -0.70710678118654746 0 -0.70710678118654746
  outer loop
   vertex 171 99 275.5
   vertex 171 98 275.5
   vertex 170.5 98 276
  endloop
 endfacet
 facet normal -0.70710678118654746 0 -0.70710678118654746
  outer loop
   vertex 170.5 99 276
   vertex 171 99 275.5
   vertex 170.5 98 276
  endloop
 endfacet
 facet normal -0.70710678118654746 0 -0.70710678118654746
  outer loop
   vertex 171.5 98 275
   vertex 171 99 275.5
   vertex 171.5 99 275
  endloop
 endfacet
 facet normal -0.70710678118654746 -0 -0.70710678118654746
  outer loop
   vertex 171 98 275.5
   vertex 171 99 275.5
   vertex 171.5 98 275
  endloop
 endfacet
 facet normal 0.57735026918962584 0.57735026918962584 -0.57735026918962584
  outer loop
   vertex 173 98.5 275
   vertex 172.5 99 275
   vertex 173 99 275.5
  endloop
 endfacet
 facet normal -0.57735026918962584 0.57735026918962584 -0.57735026918962584
  outer loop
   vertex 173 98.5 275
   vertex 173 99 275.5
   vertex 173.5 99 275
  endloop
 endfacet
 facet normal 1 0 0
  outer loop
   vertex 179.5 98 275
   vertex 179.5 99 275
   vertex 179.5 98 276
  endloop
 endfacet
 facet normal 1 0 -0
  outer loop
   vertex 179.5 98 276
   vertex 179.5 99 275
   vertex 179.5 99 276
  endloop
 endfacet
 facet normal -0.57735026918962584 0.57735026918962584 -0.57735026918962584
  outer loop
   vertex 171 99 275.5
   vertex 170.5 99 276
   vertex 171 99.5 276
  endloop
 endfacet
 facet normal -0.57735026918962584 0.57735026918962584 -0.57735026918962584
  outer loop
   vertex 172 100 275.5
   vertex 171 99.5 276
   vertex 171.5 100 276
  endloop
 endfacet
 facet normal -0.57735026918962584 0.57735026918962584 -0.57735026918962584
  outer loop
   vertex 172 99.5 275
   vertex 171 99.5 276
   vertex 172 100 275.5
  endloop
 endfacet
 facet normal -0.57735026918962584 0.57735026918962584 -0.57735026918962584
  outer loop
   vertex 172 99.5 275
   vertex 171 99 275.5
   vertex 171 99.5 276
  endloop
 endfacet
 facet normal -0.57735026918962584 0.57735026918962584 -0.57735026918962584
  outer loop
   vertex 172 99.5 275
   vertex 171.5 99 275
   vertex 171 99 275.5
  endloop
 endfacet
 facet normal 0.57735026918962584 0.57735026918962584 -0.57735026918962584
  outer loop
   vertex 172 99.5 275
   vertex 173 99 275.5
   vertex 172.5 99 275
  endloop
 endfacet
 facet normal 0.57735026918962584 0.57735026918962584 -0.57735026918962584
  outer loop
   vertex 172 99.5 275
   vertex 172 100 275.5
   vertex 173 99 275.5
  endloop
 endfacet
 facet normal -0 -0 -1
  outer loop
   vertex 172 100 275.5
   vertex 173 100 275.5
   vertex 173 99 275.5
  endloop
 endfacet
 facet normal -0.70710678118654746 0 -0.70710678118654746
  outer loop
   vertex 173.5 99 275
   vertex 173 100 275.5
   vertex 173.5 100 275
  endloop
 endfacet
 facet normal -0.70710678118654746 -0 -0.70710678118654746
  outer loop
   vertex 173 99 275.5
   vertex 173 100 275.5
   vertex 173.5 99 275
  endloop
 endfacet
 facet normal 0.70710678118654746 0.70710678118654746 0
  outer loop
   vertex 179 99.5 275
   vertex 178.5 100 276
   vertex 179 99.5 276
  endloop
 endfacet
 facet normal 0.70710678118654746 0.70710678118654746 0
  outer loop
   vertex 178.5 100 275
   vertex 178.5 100 276
   vertex 179 99.5 275
  endloop
 endfacet
 facet normal 0.70710678118654746 0.70710678118654746 -0
  outer loop
   vertex 179.5 99 276
   vertex 179.5 99 275
   vertex 179 99.5 275
  endloop
 endfacet
 facet normal 0.70710678118654746 0.70710678118654746 0
  outer loop
   vertex 179 99.5 276
   vertex 179.5 99 276
   vertex 179 99.5 275
  endloop
 endfacet
 facet normal -0.70710678118654746 0 -0.70710678118654746
  outer loop
   vertex 172 101 275.5
   vertex 172 100 275.5
   vertex 171.5 100 276
  endloop
 endfacet
 facet normal -0.70710678118654746 0 -0.70710678118654746
  outer loop
   vertex 171.5 101 276
   vertex 172 101 275.5
   vertex 171.5 100 276
  endloop
 endfacet
 facet normal 0 0 -1
  outer loop
   vertex 173 100 275.5
   vertex 172 100 275.5
   vertex 173 101 275.5
  endloop
 endfacet
 facet normal 0 0 -1
  outer loop
   vertex 173 101 275.5
   vertex 172 100 275.5
   vertex 172 101 275.5
  endloop
 endfacet
 facet normal -0.70710678118654746 0 -0.70710678118654746
  outer loop
   vertex 173.5 100 275
   vertex 173 101 275.5
   vertex 173.5 101 275
  endloop
 endfacet
 facet normal -0.70710678118654746 -0 -0.70710678118654746
  outer loop
   vertex 173 100 275.5
   vertex 173 101 275.5
   vertex 173.5 100 275
  endloop
 endfacet
 facet normal 0.57735026918962584 0.57735026918962584 -0.57735026918962584
  outer loop
   vertex 177 100.5 275
   vertex 176.5 101 275
   vertex 177 101 275.5
  endloop
 endfacet
 facet normal 0.57735026918962584 0.57735026918962584 -0.57735026918962584
  outer loop
   vertex 177.5 101 276
   vertex 177 100.5 275
   vertex 177 101 275.5
  endloop
 endfacet
 facet normal 0.57735026918962584 0.57735026918962584 -0.57735026918962584
  outer loop
   vertex 177.5 101 276
   vertex 178 100.5 276
   vertex 177 100.5 275
  endloop
 endfacet
 facet normal 0 1 -0
  outer loop
   vertex 178 100.5 276
   vertex 178 100.5 275
   vertex 177 100.5 275
  endloop
 endfacet
 facet normal 0.70710678118654746 0.70710678118654746 -0
  outer loop
   vertex 178.5 100 276
   vertex 178.5 100 275
   vertex 178 100.5 275
  endloop
 endfacet
 facet normal 0.70710678118654746 0.70710678118654746 0
  outer loop
   vertex 178 100.5 276
   vertex 178.5 100 276
   vertex 178 100.5 275
  endloop
 endfacet
 facet normal -0.70710678118654746 0 -0.70710678118654746
  outer loop
   vertex 172 102 275.5
   vertex 172 101 275.5
   vertex 171.5 101 276
  endloop
 endfacet
 facet normal -0.70710678118654746 0 -0.70710678118654746
  outer loop
   vertex 171.5 102 276
   vertex 172 102 275.5
   vertex 171.5 101 276
  endloop
 endfacet
 facet normal 0 0 -1
  outer loop
   vertex 173 101 275.5
   vertex 172 101 275.5
   vertex 173 102 275.5
  endloop
 endfacet
 facet normal 0 0 -1
  outer loop
   vertex 173 102 275.5
   vertex 172 101 275.5
   vertex 172 102 275.5
  endloop
 endfacet
 facet normal -0.70710678118654746 0 -0.70710678118654746
  outer loop
   vertex 173.5 101 275
   vertex 173 102 275.5
   vertex 173.5 102 275
  endloop
 endfacet
 facet normal -0.70710678118654746 -0 -0.70710678118654746
  outer loop
   vertex 173 101 275.5
   vertex 173 102 275.5
   vertex 173.5 101 275
  endloop
 endfacet
 facet normal 0.57735026918962584 0.57735026918962584 -0.57735026918962584
  outer loop
   vertex 177 101 275.5
   vertex 176.5 102 276
   vertex 177 101.5 276
  endloop
 endfacet
 facet normal 0.57735026918962584 0.57735026918962584 -0.57735026918962584
  outer loop
   vertex 177 101 275.5
   vertex 176.5 101 275
   vertex 176.5 102 276
  endloop
 endfacet
 facet normal 1 0 -0
  outer loop
   vertex 176.5 101 275
   vertex 176.5 102 275
   vertex 176.5 102 276
  endloop
 endfacet
 facet normal 0.57735026918962584 0.57735026918962584 -0.57735026918962584
  outer loop
   vertex 177.5 101 276
   vertex 177 101 275.5
   vertex 177 101.5 276
  endloop
 endfacet
 facet normal -0.70710678118654746 0 -0.70710678118654746
  outer loop
   vertex 172 103 275.5
   vertex 172 102 275.5
   vertex 171.5 102 276
  endloop
 endfacet
 facet normal -0.70710678118654746 0 -0.70710678118654746
  outer loop
   vertex 171.5 103 276
   vertex 172 103 275.5
   vertex 171.5 102 276
  endloop
 endfacet
 facet normal -0.57735026918962584 -0.57735026918962584 -0.57735026918962584
  outer loop
   vertex 173 102.5 275
   vertex 172 103 275.5
   vertex 172.5 103 275
  endloop
 endfacet
 facet normal -0.57735026918962584 -0.57735026918962584 -0.57735026918962584
  outer loop
   vertex 173 102.5 275
   vertex 173 102 275.5
   vertex 172 103 275.5
  endloop
 endfacet
 facet normal 0 0 -1
  outer loop
   vertex 173 102 275.5
   vertex 172 102 275.5
   vertex 172 103 275.5
  endloop
 endfacet
 facet normal -0.57735026918962584 -0.57735026918962584 -0.57735026918962584
  outer loop
   vertex 173.5 102 275
   vertex 173 102 275.5
   vertex 173 102.5 275
  endloop
 endfacet
 facet normal 1 0 0
  outer loop
   vertex 176.5 102 275
   vertex 176.5 103 275
   vertex 176.5 102 276
  endloop
 endfacet
 facet normal 1 0 -0
  outer loop
   vertex 176.5 102 276
   vertex 176.5 103 275
   vertex 176.5 103 276
  endloop
 endfacet
 facet normal -0.57735026918962584 0.57735026918962584 -0.57735026918962584
  outer loop
   vertex 172 103 275.5
   vertex 171.5 103 276
   vertex 172 103.5 276
  endloop
 endfacet
 facet normal -0.57735026918962584 0.57735026918962584 -0.57735026918962584
  outer loop
   vertex 172 103.5 276
   vertex 172.5 103 275
   vertex 172 103 275.5
  endloop
 endfacet
 facet normal -0.57735026918962584 0.57735026918962584 -0.57735026918962584
  outer loop
   vertex 172 103.5 276
   vertex 172.5 104 276
   vertex 172.5 103 275
  endloop
 endfacet
 facet normal -1 0 0
  outer loop
   vertex 172.5 104 276
   vertex 172.5 104 275
   vertex 172.5 103 275
  endloop
 endfacet
 facet normal 1 0 0
  outer loop
   vertex 176.5 103 275
   vertex 176.5 104 275
   vertex 176.5 103 276
  endloop
 endfacet
 facet normal 1 0 -0
  outer loop
   vertex 176.5 103 276
   vertex 176.5 104 275
   vertex 176.5 104 276
  endloop
 endfacet
 facet normal -0.57735026918962584 0.57735026918962584 -0.57735026918962584
  outer loop
   vertex 173 105 275.5
   vertex 173 104.5 275
   vertex 172.5 104 275
  endloop
 endfacet
 facet normal -0.57735026918962584 0.57735026918962584 -0.57735026918962584
  outer loop
   vertex 173 105 275.5
   vertex 172.5 104 275
   vertex 172.5 105 276
  endloop
 endfacet
 facet normal -1 0 0
  outer loop
   vertex 172.5 105 276
   vertex 172.5 104 275
   vertex 172.5 104 276
  endloop
 endfacet
 facet normal -0.57735026918962584 0.57735026918962584 -0.57735026918962584
  outer loop
   vertex 173 104.5 275
   vertex 173 105 275.5
   vertex 173.5 105 275
  endloop
 endfacet
 facet normal 0.57735026918962584 -0.57735026918962584 -0.57735026918962584
  outer loop
   vertex 177 104.5 276
   vertex 176.5 105 275
   vertex 177 105 275.5
  endloop
 endfacet
 facet normal 0.57735026918962584 -0.57735026918962584 -0.57735026918962584
  outer loop
   vertex 177 104.5 276
   vertex 176.5 104 276
   vertex 176.5 105 275
  endloop
 endfacet
 facet normal 1 0 0
  outer loop
   vertex 176.5 104 276
   vertex 176.5 104 275
   vertex 176.5 105 275
  endloop
 endfacet
 facet normal 0.57735026918962584 -0.57735026918962584 -0.57735026918962584
  outer loop
   vertex 177 104.5 276
   vertex 177 105 275.5
   vertex 177.5 105 276
  endloop
 endfacet
 facet normal -0.57735026918962584 0.57735026918962584 -0.57735026918962584
  outer loop
   vertex 173 105 275.5
   vertex 172.5 105 276
   vertex 173 105.5 276
  endloop
 endfacet
 facet normal -0.57735026918962584 0.57735026918962584 -0.57735026918962584
  outer loop
   vertex 173 105.5 276
   vertex 173.5 105 275
   vertex 173 105 275.5
  endloop
 endfacet
 facet normal -0.57735026918962584 0.57735026918962584 -0.57735026918962584
  outer loop
   vertex 173 105.5 276
   vertex 173.5 106 276
   vertex 173.5 105 275
  endloop
 endfacet
 facet normal -1 0 0
  outer loop
   vertex 173.5 106 276
   vertex 173.5 106 275
   vertex 173.5 105 275
  endloop
 endfacet
 facet normal 0.70710678118654746 0 -0.70710678118654746
  outer loop
   vertex 177 105 275.5
   vertex 176.5 106 275
   vertex 177 106 275.5
  endloop
 endfacet
 facet normal 0.70710678118654746 0 -0.70710678118654746
  outer loop
   vertex 176.5 105 275
   vertex 176.5 106 275
   vertex 177 105 275.5
  endloop
 endfacet
 facet normal 0.70710678118654746 0 -0.70710678118654746
  outer loop
   vertex 177.5 106 276
   vertex 177.5 105 276
   vertex 177 105 275.5
  endloop
 endfacet
 facet normal 0.70710678118654746 0 -0.70710678118654746
  outer loop
   vertex 177 106 275.5
   vertex 177.5 106 276
   vertex 177 105 275.5
  endloop
 endfacet
 facet normal -0.70710678118654746 0.70710678118654746 0
  outer loop
   vertex 173.5 106 275
   vertex 173.5 106 276
   vertex 174 106.5 276
  endloop
 endfacet
 facet normal -0.70710678118654746 0.70710678118654746 0
  outer loop
   vertex 174 106.5 275
   vertex 173.5 106 275
   vertex 174 106.5 276
  endloop
 endfacet
 facet normal -0.70710678118654746 0.70710678118654746 0
  outer loop
   vertex 174 106.5 276
   vertex 174.5 107 275
   vertex 174 106.5 275
  endloop
 endfacet
 facet normal -0.70710678118654746 0.70710678118654746 0
  outer loop
   vertex 174.5 107 276
   vertex 174.5 107 275
   vertex 174 106.5 276
  endloop
 endfacet
 facet normal 0.57735026918962584 0.57735026918962584 -0.57735026918962584
  outer loop
   vertex 177 106 275.5
   vertex 176.5 107 276
   vertex 177 106.5 276
  endloop
 endfacet
 facet normal 0.57735026918962584 0.57735026918962584 -0.57735026918962584
  outer loop
   vertex 177 106 275.5
   vertex 176.5 106 275
   vertex 176.5 107 276
  endloop
 endfacet
 facet normal 1 0 -0
  outer loop
   vertex 176.5 106 275
   vertex 176.5 107 275
   vertex 176.5 107 276
  endloop
 endfacet
 facet normal 0.57735026918962584 0.57735026918962584 -0.57735026918962584
  outer loop
   vertex 177.5 106 276
   vertex 177 106 275.5
   vertex 177 106.5 276
  endloop
 endfacet
 facet normal -0.70710678118654746 0.70710678118654746 0
  outer loop
   vertex 174.5 107 275
   vertex 174.5 107 276
   vertex 175 107.5 276
  endloop
 endfacet
 facet normal -0.70710678118654746 0.70710678118654746 0
  outer loop
   vertex 175 107.5 275
   vertex 174.5 107 275
   vertex 175 107.5 276
  endloop
 endfacet
 facet normal 0 1 0
  outer loop
   vertex 176 107.5 275
   vertex 175 107.5 275
   vertex 176 107.5 276
  endloop
 endfacet
 facet normal -0 1 0
  outer loop
   vertex 175 107.5 275
   vertex 175 107.5 276
   vertex 176 107.5 276
  endloop
 endfacet
 facet normal 0.70710678118654746 0.70710678118654746 -0
  outer loop
   vertex 176.5 107 276
   vertex 176.5 107 275
   vertex 176 107.5 275
  endloop
 endfacet
 facet normal 0.70710678118654746 0.70710678118654746 0
  outer loop
   vertex 176 107.5 276
   vertex 176.5 107 276
   vertex 176 107.5 275
  endloop
 endfacet
 facet normal -0.57735026918962584 -0.57735026918962584 0.57735026918962584
  outer loop
   vertex 173 87.5 276
   vertex 173 88 276.5
   vertex 172.5 88 276
  endloop
 endfacet
 facet normal -0.57735026918962584 -0.57735026918962584 0.57735026918962584
  outer loop
   vertex 173.5 88 277
   vertex 173 88 276.5
   vertex 173 87.5 276
  endloop
 endfacet
 facet normal -0.57735026918962584 -0.57735026918962584 0.57735026918962584
  outer loop
   vertex 173.5 88 277
   vertex 173 87.5 276
   vertex 174 87.5 277
  endloop
 endfacet
 facet normal 0 -1 0
  outer loop
   vertex 174 87.5 277
   vertex 173 87.5 276
   vertex 174 87.5 276
  endloop
 endfacet
 facet normal 0.57735026918962584 -0.57735026918962584 0.57735026918962584
  outer loop
   vertex 175 88 276.5
   vertex 174.5 88 277
   vertex 174 87.5 277
  endloop
 endfacet
 facet normal 0.57735026918962584 -0.57735026918962584 0.57735026918962584
  outer loop
   vertex 175 88 276.5
   vertex 174 87.5 277
   vertex 175 87.5 276
  endloop
 endfacet
 facet normal 0 -1 0
  outer loop
   vertex 175 87.5 276
   vertex 174 87.5 277
   vertex 174 87.5 276
  endloop
 endfacet
 facet normal 0.57735026918962584 -0.57735026918962584 0.57735026918962584
  outer loop
   vertex 175 87.5 276
   vertex 175.5 88 276
   vertex 175 88 276.5
  endloop
 endfacet
 facet normal -0.70710678118654746 -0.70710678118654746 -0
  outer loop
   vertex 172 88.5 276
   vertex 172 88.5 277
   vertex 171.5 89 277
  endloop
 endfacet
 facet normal -0.70710678118654746 -0.70710678118654746 0
  outer loop
   vertex 171.5 89 276
   vertex 172 88.5 276
   vertex 171.5 89 277
  endloop
 endfacet
 facet normal -0.57735026918962584 -0.57735026918962584 0.57735026918962584
  outer loop
   vertex 173 88 276.5
   vertex 172 88.5 276
   vertex 172.5 88 276
  endloop
 endfacet
 facet normal -0.57735026918962584 -0.57735026918962584 0.57735026918962584
  outer loop
   vertex 173 88 276.5
   vertex 173 88.5 277
   vertex 172 88.5 276
  endloop
 endfacet
 facet normal 0 -1 0
  outer loop
   vertex 173 88.5 277
   vertex 172 88.5 277
   vertex 172 88.5 276
  endloop
 endfacet
 facet normal -0.57735026918962584 -0.57735026918962584 0.57735026918962584
  outer loop
   vertex 173.5 88 277
   vertex 173 88.5 277
   vertex 173 88 276.5
  endloop
 endfacet
 facet normal 0.57735026918962584 -0.57735026918962584 0.57735026918962584
  outer loop
   vertex 175 88 276.5
   vertex 175 88.5 277
   vertex 174.5 88 277
  endloop
 endfacet
 facet normal 0.57735026918962584 -0.57735026918962584 0.57735026918962584
  outer loop
   vertex 175.5 88 276
   vertex 175 88.5 277
   vertex 175 88 276.5
  endloop
 endfacet
 facet normal 0.57735026918962584 -0.57735026918962584 0.57735026918962584
  outer loop
   vertex 175.5 88 276
   vertex 176 88.5 276
   vertex 175 88.5 277
  endloop
 endfacet
 facet normal -0 -1 -0
  outer loop
   vertex 176 88.5 276
   vertex 176 88.5 277
   vertex 175 88.5 277
  endloop
 endfacet
 facet normal 0.70710678118654746 -0.70710678118654746 0
  outer loop
   vertex 176 88.5 277
   vertex 176 88.5 276
   vertex 176.5 89 276
  endloop
 endfacet
 facet normal 0.70710678118654746 -0.70710678118654746 0
  outer loop
   vertex 176.5 89 277
   vertex 176 88.5 277
   vertex 176.5 89 276
  endloop
 endfacet
 facet normal -0.57735026918962584 -0.57735026918962584 0.57735026918962584
  outer loop
   vertex 171 89.5 276
   vertex 171 90 276.5
   vertex 170.5 90 276
  endloop
 endfacet
 facet normal -0.57735026918962584 -0.57735026918962584 0.57735026918962584
  outer loop
   vertex 171 89.5 276
   vertex 171.5 90 277
   vertex 171 90 276.5
  endloop
 endfacet
 facet normal -0.57735026918962584 -0.57735026918962584 0.57735026918962584
  outer loop
   vertex 171 89.5 276
   vertex 171.5 89 276
   vertex 171.5 90 277
  endloop
 endfacet
 facet normal -1 0 0
  outer loop
   vertex 171.5 89 276
   vertex 171.5 89 277
   vertex 171.5 90 277
  endloop
 endfacet
 facet normal 0.70710678118654746 -0.70710678118654746 0
  outer loop
   vertex 176.5 89 276
   vertex 177 89.5 277
   vertex 176.5 89 277
  endloop
 endfacet
 facet normal 0.70710678118654746 -0.70710678118654746 0
  outer loop
   vertex 177 89.5 276
   vertex 177 89.5 277
   vertex 176.5 89 276
  endloop
 endfacet
 facet normal 0.70710678118654746 -0.70710678118654746 0
  outer loop
   vertex 177 89.5 277
   vertex 177 89.5 276
   vertex 177.5 90 276
  endloop
 endfacet
 facet normal 0.70710678118654746 -0.70710678118654746 0
  outer loop
   vertex 177.5 90 277
   vertex 177 89.5 277
   vertex 177.5 90 276
  endloop
 endfacet
 facet normal -0.57735026918962584 -0.57735026918962584 0.57735026918962584
  outer loop
   vertex 171 90 276.5
   vertex 171 90.5 277
   vertex 170.5 91 277
  endloop
 endfacet
 facet normal -0.57735026918962584 -0.57735026918962584 0.57735026918962584
  outer loop
   vertex 171 90 276.5
   vertex 170.5 91 277
   vertex 170.5 90 276
  endloop
 endfacet
 facet normal -1 0 -0
  outer loop
   vertex 170.5 90 276
   vertex 170.5 91 277
   vertex 170.5 91 276
  endloop
 endfacet
 facet normal -0.57735026918962584 -0.57735026918962584 0.57735026918962584
  outer loop
   vertex 171.5 90 277
   vertex 171 90.5 277
   vertex 171 90 276.5
  endloop
 endfacet
 facet normal 0.70710678118654746 -0.70710678118654746 0
  outer loop
   vertex 177.5 90 276
   vertex 178 90.5 277
   vertex 177.5 90 277
  endloop
 endfacet
 facet normal 0.70710678118654746 -0.70710678118654746 0
  outer loop
   vertex 178 90.5 276
   vertex 178 90.5 277
   vertex 177.5 90 276
  endloop
 endfacet
 facet normal 0.70710678118654746 -0.70710678118654746 0
  outer loop
   vertex 178 90.5 277
   vertex 178 90.5 276
   vertex 178.5 91 276
  endloop
 endfacet
 facet normal 0.70710678118654746 -0.70710678118654746 0
  outer loop
   vertex 178.5 91 277
   vertex 178 90.5 277
   vertex 178.5 91 276
  endloop
 endfacet
 facet normal -1 0 0
  outer loop
   vertex 170.5 91 276
   vertex 170.5 91 277
   vertex 170.5 92 276
  endloop
 endfacet
 facet normal -1 -0 -0
  outer loop
   vertex 170.5 91 277
   vertex 170.5 92 277
   vertex 170.5 92 276
  endloop
 endfacet
 facet normal 0.70710678118654746 -0.70710678118654746 0
  outer loop
   vertex 178.5 91 276
   vertex 179 91.5 277
   vertex 178.5 91 277
  endloop
 endfacet
 facet normal 0.70710678118654746 -0.70710678118654746 0
  outer loop
   vertex 179 91.5 276
   vertex 179 91.5 277
   vertex 178.5 91 276
  endloop
 endfacet
 facet normal 0.70710678118654746 -0.70710678118654746 0
  outer loop
   vertex 179 91.5 277
   vertex 179 91.5 276
   vertex 179.5 92 276
  endloop
 endfacet
 facet normal 0.70710678118654746 -0.70710678118654746 0
  outer loop
   vertex 179.5 92 277
   vertex 179 91.5 277
   vertex 179.5 92 276
  endloop
 endfacet
 facet normal -1 0 0
  outer loop
   vertex 170.5 92 276
   vertex 170.5 92 277
   vertex 170.5 93 276
  endloop
 endfacet
 facet normal -1 -0 -0
  outer loop
   vertex 170.5 92 277
   vertex 170.5 93 277
   vertex 170.5 93 276
  endloop
 endfacet
 facet normal 1 0 0
  outer loop
   vertex 179.5 92 276
   vertex 179.5 93 276
   vertex 179.5 92 277
  endloop
 endfacet
 facet normal 1 0 -0
  outer loop
   vertex 179.5 92 277
   vertex 179.5 93 276
   vertex 179.5 93 277
  endloop
 endfacet
 facet normal -1 0 0
  outer loop
   vertex 170.5 93 276
   vertex 170.5 93 277
   vertex 170.5 94 276
  endloop
 endfacet
 facet normal -1 -0 -0
  outer loop
   vertex 170.5 93 277
   vertex 170.5 94 277
   vertex 170.5 94 276
  endloop
 endfacet
 facet normal 0.57735026918962584 -0.57735026918962584 0.57735026918962584
  outer loop
   vertex 180 94 276.5
   vertex 179.5 93 276
   vertex 180 93.5 276
  endloop
 endfacet
 facet normal 0.57735026918962584 -0.57735026918962584 0.57735026918962584
  outer loop
   vertex 180 94 276.5
   vertex 179.5 94 277
   vertex 179.5 93 276
  endloop
 endfacet
 facet normal 1 -0 0
  outer loop
   vertex 179.5 94 277
   vertex 179.5 93 277
   vertex 179.5 93 276
  endloop
 endfacet
 facet normal 0.57735026918962584 -0.57735026918962584 0.57735026918962584
  outer loop
   vertex 180 93.5 276
   vertex 180.5 94 276
   vertex 180 94 276.5
  endloop
 endfacet
 facet normal -1 0 0
  outer loop
   vertex 170.5 94 276
   vertex 170.5 94 277
   vertex 170.5 95 276
  endloop
 endfacet
 facet normal -1 -0 -0
  outer loop
   vertex 170.5 94 277
   vertex 170.5 95 277
   vertex 170.5 95 276
  endloop
 endfacet
 facet normal 0.57735026918962584 -0.57735026918962584 0.57735026918962584
  outer loop
   vertex 180 94 276.5
   vertex 180 94.5 277
   vertex 179.5 94 277
  endloop
 endfacet
 facet normal 0.57735026918962584 -0.57735026918962584 0.57735026918962584
  outer loop
   vertex 180 94.5 277
   vertex 180 94 276.5
   vertex 180.5 94 276
  endloop
 endfacet
 facet normal 0.57735026918962584 -0.57735026918962584 0.57735026918962584
  outer loop
   vertex 180 94.5 277
   vertex 180.5 94 276
   vertex 180.5 95 277
  endloop
 endfacet
 facet normal 1 0 0
  outer loop
   vertex 180.5 95 277
   vertex 180.5 94 276
   vertex 180.5 95 276
  endloop
 endfacet
 facet normal -1 0 0
  outer loop
   vertex 170.5 95 276
   vertex 170.5 95 277
   vertex 170.5 96 276
  endloop
 endfacet
 facet normal -1 -0 -0
  outer loop
   vertex 170.5 95 277
   vertex 170.5 96 277
   vertex 170.5 96 276
  endloop
 endfacet
 facet normal 1 0 0
  outer loop
   vertex 180.5 95 276
   vertex 180.5 96 276
   vertex 180.5 95 277
  endloop
 endfacet
 facet normal 1 0 -0
  outer loop
   vertex 180.5 95 277
   vertex 180.5 96 276
   vertex 180.5 96 277
  endloop
 endfacet
 facet normal -1 0 0
  outer loop
   vertex 170.5 96 276
   vertex 170.5 96 277
   vertex 170.5 97 276
  endloop
 endfacet
 facet normal -1 -0 -0
  outer loop
   vertex 170.5 96 277
   vertex 170.5 97 277
   vertex 170.5 97 276
  endloop
 endfacet
 facet normal 1 0 0
  outer loop
   vertex 180.5 96 276
   vertex 180.5 97 276
   vertex 180.5 96 277
  endloop
 endfacet
 facet normal 1 0 -0
  outer loop
   vertex 180.5 96 277
   vertex 180.5 97 276
   vertex 180.5 97 277
  endloop
 endfacet
 facet normal -1 0 0
  outer loop
   vertex 170.5 97 276
   vertex 170.5 97 277
   vertex 170.5 98 276
  endloop
 endfacet
 facet normal -1 -0 -0
  outer loop
   vertex 170.5 97 277
   vertex 170.5 98 277
   vertex 170.5 98 276
  endloop
 endfacet
 facet normal 0.70710678118654746 0.70710678118654746 0
  outer loop
   vertex 180 97.5 276
   vertex 179.5 98 277
   vertex 180 97.5 277
  endloop
 endfacet
 facet normal 0.70710678118654746 0.70710678118654746 0
  outer loop
   vertex 179.5 98 276
   vertex 179.5 98 277
   vertex 180 97.5 276
  endloop
 endfacet
 facet normal 0.70710678118654746 0.70710678118654746 -0
  outer loop
   vertex 180.5 97 277
   vertex 180.5 97 276
   vertex 180 97.5 276
  endloop
 endfacet
 facet normal 0.70710678118654746 0.70710678118654746 0
  outer loop
   vertex 180 97.5 277
   vertex 180.5 97 277
   vertex 180 97.5 276
  endloop
 endfacet
 facet normal -1 0 0
  outer loop
   vertex 170.5 98 276
   vertex 170.5 98 277
   vertex 170.5 99 276
  endloop
 endfacet
 facet normal -1 -0 -0
  outer loop
   vertex 170.5 98 277
   vertex 170.5 99 277
   vertex 170.5 99 276
  endloop
 endfacet
 facet normal 1 0 0
  outer loop
   vertex 179.5 98 276
   vertex 179.5 99 276
   vertex 179.5 98 277
  endloop
 endfacet
 facet normal 1 0 -0
  outer loop
   vertex 179.5 98 277
   vertex 179.5 99 276
   vertex 179.5 99 277
  endloop
 endfacet
 facet normal -0.70710678118654746 0.70710678118654746 0
  outer loop
   vertex 170.5 99 276
   vertex 170.5 99 277
   vertex 171 99.5 277
  endloop
 endfacet
 facet normal -0.70710678118654746 0.70710678118654746 0
  outer loop
   vertex 171 99.5 276
   vertex 170.5 99 276
   vertex 171 99.5 277
  endloop
 endfacet
 facet normal -0.70710678118654746 0.70710678118654746 0
  outer loop
   vertex 171 99.5 277
   vertex 171.5 100 276
   vertex 171 99.5 276
  endloop
 endfacet
 facet normal -0.70710678118654746 0.70710678118654746 0
  outer loop
   vertex 171.5 100 277
   vertex 171.5 100 276
   vertex 171 99.5 277
  endloop
 endfacet
 facet normal 0.70710678118654746 0.70710678118654746 0
  outer loop
   vertex 179 99.5 276
   vertex 178.5 100 277
   vertex 179 99.5 277
  endloop
 endfacet
 facet normal 0.70710678118654746 0.70710678118654746 0
  outer loop
   vertex 178.5 100 276
   vertex 178.5 100 277
   vertex 179 99.5 276
  endloop
 endfacet
 facet normal 0.70710678118654746 0.70710678118654746 -0
  outer loop
   vertex 179.5 99 277
   vertex 179.5 99 276
   vertex 179 99.5 276
  endloop
 endfacet
 facet normal 0.70710678118654746 0.70710678118654746 0
  outer loop
   vertex 179 99.5 277
   vertex 179.5 99 277
   vertex 179 99.5 276
  endloop
 endfacet
 facet normal -1 0 0
  outer loop
   vertex 171.5 100 276
   vertex 171.5 100 277
   vertex 171.5 101 276
  endloop
 endfacet
 facet normal -1 -0 -0
  outer loop
   vertex 171.5 100 277
   vertex 171.5 101 277
   vertex 171.5 101 276
  endloop
 endfacet
 facet normal 0.70710678118654746 0.70710678118654746 0
  outer loop
   vertex 178 100.5 276
   vertex 177.5 101 277
   vertex 178 100.5 277
  endloop
 endfacet
 facet normal 0.70710678118654746 0.70710678118654746 0
  outer loop
   vertex 177.5 101 276
   vertex 177.5 101 277
   vertex 178 100.5 276
  endloop
 endfacet
 facet normal 0.70710678118654746 0.70710678118654746 -0
  outer loop
   vertex 178.5 100 277
   vertex 178.5 100 276
   vertex 178 100.5 276
  endloop
 endfacet
 facet normal 0.70710678118654746 0.70710678118654746 0
  outer loop
   vertex 178 100.5 277
   vertex 178.5 100 277
   vertex 178 100.5 276
  endloop
 endfacet
 facet normal -1 0 0
  outer loop
   vertex 171.5 101 276
   vertex 171.5 101 277
   vertex 171.5 102 276
  endloop
 endfacet
 facet normal -1 -0 -0
  outer loop
   vertex 171.5 101 277
   vertex 171.5 102 277
   vertex 171.5 102 276
  endloop
 endfacet
 facet normal 0.70710678118654746 0.70710678118654746 0
  outer loop
   vertex 177 101.5 276
   vertex 176.5 102 277
   vertex 177 101.5 277
  endloop
 endfacet
 facet normal 0.70710678118654746 0.70710678118654746 0
  outer loop
   vertex 176.5 102 276
   vertex 176.5 102 277
   vertex 177 101.5 276
  endloop
 endfacet
 facet normal 0.70710678118654746 0.70710678118654746 -0
  outer loop
   vertex 177.5 101 277
   vertex 177.5 101 276
   vertex 177 101.5 276
  endloop
 endfacet
 facet normal 0.70710678118654746 0.70710678118654746 0
  outer loop
   vertex 177 101.5 277
   vertex 177.5 101 277
   vertex 177 101.5 276
  endloop
 endfacet
 facet normal -1 0 0
  outer loop
   vertex 171.5 102 276
   vertex 171.5 102 277
   vertex 171.5 103 276
  endloop
 endfacet
 facet normal -1 -0 -0
  outer loop
   vertex 171.5 102 277
   vertex 171.5 103 277
   vertex 171.5 103 276
  endloop
 endfacet
 facet normal 0.57735026918962584 -0.57735026918962584 -0.57735026918962584
  outer loop
   vertex 177 102.5 277
   vertex 176.5 103 276
   vertex 177 103 276.5
  endloop
 endfacet
 facet normal 0.57735026918962584 -0.57735026918962584 -0.57735026918962584
  outer loop
   vertex 177 102.5 277
   vertex 176.5 102 277
   vertex 176.5 103 276
  endloop
 endfacet
 facet normal 1 0 0
  outer loop
   vertex 176.5 102 277
   vertex 176.5 102 276
   vertex 176.5 103 276
  endloop
 endfacet
 facet normal 0.57735026918962584 -0.57735026918962584 -0.57735026918962584
  outer loop
   vertex 177 102.5 277
   vertex 177 103 276.5
   vertex 177.5 103 277
  endloop
 endfacet
 facet normal -0.70710678118654746 0.70710678118654746 0
  outer loop
   vertex 171.5 103 276
   vertex 171.5 103 277
   vertex 172 103.5 277
  endloop
 endfacet
 facet normal -0.70710678118654746 0.70710678118654746 0
  outer loop
   vertex 172 103.5 276
   vertex 171.5 103 276
   vertex 172 103.5 277
  endloop
 endfacet
 facet normal -0.70710678118654746 0.70710678118654746 0
  outer loop
   vertex 172 103.5 277
   vertex 172.5 104 276
   vertex 172 103.5 276
  endloop
 endfacet
 facet normal -0.70710678118654746 0.70710678118654746 0
  outer loop
   vertex 172.5 104 277
   vertex 172.5 104 276
   vertex 172 103.5 277
  endloop
 endfacet
 facet normal 0.70710678118654746 0 -0.70710678118654746
  outer loop
   vertex 177 103 276.5
   vertex 176.5 104 276
   vertex 177 104 276.5
  endloop
 endfacet
 facet normal 0.70710678118654746 0 -0.70710678118654746
  outer loop
   vertex 176.5 103 276
   vertex 176.5 104 276
   vertex 177 103 276.5
  endloop
 endfacet
 facet normal 0.70710678118654746 0 -0.70710678118654746
  outer loop
   vertex 177.5 104 277
   vertex 177.5 103 277
   vertex 177 103 276.5
  endloop
 endfacet
 facet normal 0.70710678118654746 0 -0.70710678118654746
  outer loop
   vertex 177 104 276.5
   vertex 177.5 104 277
   vertex 177 103 276.5
  endloop
 endfacet
 facet normal -1 0 0
  outer loop
   vertex 172.5 104 276
   vertex 172.5 104 277
   vertex 172.5 105 276
  endloop
 endfacet
 facet normal -1 -0 -0
  outer loop
   vertex 172.5 104 277
   vertex 172.5 105 277
   vertex 172.5 105 276
  endloop
 endfacet
 facet normal 0.57735026918962584 -0.57735026918962584 -0.57735026918962584
  outer loop
   vertex 176.5 104 276
   vertex 177 104.5 276
   vertex 177 104 276.5
  endloop
 endfacet
 facet normal 0.57735026918962584 -0.57735026918962584 -0.57735026918962584
  outer loop
   vertex 177 104 276.5
   vertex 177 104.5 276
   vertex 177.5 105 276
  endloop
 endfacet
 facet normal 0.57735026918962584 -0.57735026918962584 -0.57735026918962584
  outer loop
   vertex 177 104 276.5
   vertex 177.5 105 276
   vertex 177.5 104 277
  endloop
 endfacet
 facet normal 1 0 -0
  outer loop
   vertex 177.5 104 277
   vertex 177.5 105 276
   vertex 177.5 105 277
  endloop
 endfacet
 facet normal -0.70710678118654746 0.70710678118654746 0
  outer loop
   vertex 172.5 105 276
   vertex 172.5 105 277
   vertex 173 105.5 277
  endloop
 endfacet
 facet normal -0.70710678118654746 0.70710678118654746 0
  outer loop
   vertex 173 105.5 276
   vertex 172.5 105 276
   vertex 173 105.5 277
  endloop
 endfacet
 facet normal -0.70710678118654746 0.70710678118654746 0
  outer loop
   vertex 173 105.5 277
   vertex 173.5 106 276
   vertex 173 105.5 276
  endloop
 endfacet
 facet normal -0.70710678118654746 0.70710678118654746 0
  outer loop
   vertex 173.5 106 277
   vertex 173.5 106 276
   vertex 173 105.5 277
  endloop
 endfacet
 facet normal 1 0 0
  outer loop
   vertex 177.5 105 276
   vertex 177.5 106 276
   vertex 177.5 105 277
  endloop
 endfacet
 facet normal 1 0 -0
  outer loop
   vertex 177.5 105 277
   vertex 177.5 106 276
   vertex 177.5 106 277
  endloop
 endfacet
 facet normal -0.70710678118654746 0.70710678118654746 0
  outer loop
   vertex 173.5 106 276
   vertex 173.5 106 277
   vertex 174 106.5 277
  endloop
 endfacet
 facet normal -0.70710678118654746 0.70710678118654746 0
  outer loop
   vertex 174 106.5 276
   vertex 173.5 106 276
   vertex 174 106.5 277
  endloop
 endfacet
 facet normal -0.70710678118654746 0.70710678118654746 0
  outer loop
   vertex 174 106.5 277
   vertex 174.5 107 276
   vertex 174 106.5 276
  endloop
 endfacet
 facet normal -0.70710678118654746 0.70710678118654746 0
  outer loop
   vertex 174.5 107 277
   vertex 174.5 107 276
   vertex 174 106.5 277
  endloop
 endfacet
 facet normal 0.70710678118654746 0.70710678118654746 0
  outer loop
   vertex 177 106.5 276
   vertex 176.5 107 277
   vertex 177 106.5 277
  endloop
 endfacet
 facet normal 0.70710678118654746 0.70710678118654746 0
  outer loop
   vertex 176.5 107 276
   vertex 176.5 107 277
   vertex 177 106.5 276
  endloop
 endfacet
 facet normal 0.70710678118654746 0.70710678118654746 -0
  outer loop
   vertex 177.5 106 277
   vertex 177.5 106 276
   vertex 177 106.5 276
  endloop
 endfacet
 facet normal 0.70710678118654746 0.70710678118654746 0
  outer loop
   vertex 177 106.5 277
   vertex 177.5 106 277
   vertex 177 106.5 276
  endloop
 endfacet
 facet normal -0.70710678118654746 0.70710678118654746 0
  outer loop
   vertex 174.5 107 276
   vertex 174.5 107 277
   vertex 175 107.5 277
  endloop
 endfacet
 facet normal -0.70710678118654746 0.70710678118654746 0
  outer loop
   vertex 175 107.5 276
   vertex 174.5 107 276
   vertex 175 107.5 277
  endloop
 endfacet
 facet normal 0 1 0
  outer loop
   vertex 176 107.5 276
   vertex 175 107.5 276
   vertex 176 107.5 277
  endloop
 endfacet
 facet normal -0 1 0
  outer loop
   vertex 175 107.5 276
   vertex 175 107.5 277
   vertex 176 107.5 277
  endloop
 endfacet
 facet normal 0.70710678118654746 0.70710678118654746 -0
  outer loop
   vertex 176.5 107 277
   vertex 176.5 107 276
   vertex 176 107.5 276
  endloop
 endfacet
 facet normal 0.70710678118654746 0.70710678118654746 0
  outer loop
   vertex 176 107.5 277
   vertex 176.5 107 277
   vertex 176 107.5 276
  endloop
 endfacet
 facet normal -0.57735026918962584 -0.57735026918962584 0.57735026918962584
  outer loop
   vertex 174 87.5 277
   vertex 174 88 277.5
   vertex 173.5 88 277
  endloop
 endfacet
 facet normal 0.57735026918962584 -0.57735026918962584 0.57735026918962584
  outer loop
   vertex 174 87.5 277
   vertex 174.5 88 277
   vertex 174 88 277.5
  endloop
 endfacet
 facet normal -0.57735026918962584 -0.57735026918962584 0.57735026918962584
  outer loop
   vertex 172 88.5 277
   vertex 172 89 277.5
   vertex 171.5 89 277
  endloop
 endfacet
 facet normal -0.57735026918962584 -0.57735026918962584 0.57735026918962584
  outer loop
   vertex 172.5 89 278
   vertex 172 89 277.5
   vertex 172 88.5 277
  endloop
 endfacet
 facet normal -0.57735026918962584 -0.57735026918962584 0.57735026918962584
  outer loop
   vertex 172.5 89 278
   vertex 172 88.5 277
   vertex 173 88.5 278
  endloop
 endfacet
 facet normal 0 -1 0
  outer loop
   vertex 173 88.5 278
   vertex 172 88.5 277
   vertex 173 88.5 277
  endloop
 endfacet
 facet normal -0.57735026918962584 -0.57735026918962584 0.57735026918962584
  outer loop
   vertex 174 88 277.5
   vertex 173 88.5 277
   vertex 173.5 88 277
  endloop
 endfacet
 facet normal -0.57735026918962584 -0.57735026918962584 0.57735026918962584
  outer loop
   vertex 174 88 277.5
   vertex 174 88.5 278
   vertex 173 88.5 277
  endloop
 endfacet
 facet normal 0 -1 0
  outer loop
   vertex 174 88.5 278
   vertex 173 88.5 278
   vertex 173 88.5 277
  endloop
 endfacet
 facet normal 0.57735026918962584 -0.57735026918962584 0.57735026918962584
  outer loop
   vertex 174.5 88 277
   vertex 174 88.5 278
   vertex 174 88 277.5
  endloop
 endfacet
 facet normal 0.57735026918962584 -0.57735026918962584 0.57735026918962584
  outer loop
   vertex 174.5 88 277
   vertex 175 88.5 277
   vertex 174 88.5 278
  endloop
 endfacet
 facet normal -0 -1 -0
  outer loop
   vertex 175 88.5 277
   vertex 175 88.5 278
   vertex 174 88.5 278
  endloop
 endfacet
 facet normal 0.57735026918962584 -0.57735026918962584 0.57735026918962584
  outer loop
   vertex 176 89 277.5
   vertex 175.5 89 278
   vertex 175 88.5 278
  endloop
 endfacet
 facet normal 0.57735026918962584 -0.57735026918962584 0.57735026918962584
  outer loop
   vertex 176 89 277.5
   vertex 175 88.5 278
   vertex 176 88.5 277
  endloop
 endfacet
 facet normal 0 -1 0
  outer loop
   vertex 176 88.5 277
   vertex 175 88.5 278
   vertex 175 88.5 277
  endloop
 endfacet
 facet normal 0.57735026918962584 -0.57735026918962584 0.57735026918962584
  outer loop
   vertex 176 88.5 277
   vertex 176.5 89 277
   vertex 176 89 277.5
  endloop
 endfacet
 facet normal -0.57735026918962584 -0.57735026918962584 0.57735026918962584
  outer loop
   vertex 172 89 277.5
   vertex 172 89.5 278
   vertex 171.5 90 278
  endloop
 endfacet
 facet normal -0.57735026918962584 -0.57735026918962584 0.57735026918962584
  outer loop
   vertex 172 89 277.5
   vertex 171.5 90 278
   vertex 171.5 89 277
  endloop
 endfacet
 facet normal -1 0 -0
  outer loop
   vertex 171.5 89 277
   vertex 171.5 90 278
   vertex 171.5 90 277
  endloop
 endfacet
 facet normal -0.57735026918962584 -0.57735026918962584 0.57735026918962584
  outer loop
   vertex 172.5 89 278
   vertex 172 89.5 278
   vertex 172 89 277.5
  endloop
 endfacet
 facet normal 0.57735026918962584 -0.57735026918962584 0.57735026918962584
  outer loop
   vertex 176 89 277.5
   vertex 176 89.5 278
   vertex 175.5 89 278
  endloop
 endfacet
 facet normal 0.57735026918962584 -0.57735026918962584 0.57735026918962584
  outer loop
   vertex 177 90 277.5
   vertex 176.5 90 278
   vertex 176 89.5 278
  endloop
 endfacet
 facet normal 0.57735026918962584 -0.57735026918962584 0.57735026918962584
  outer loop
   vertex 177 89.5 277
   vertex 177 90 277.5
   vertex 176 89.5 278
  endloop
 endfacet
 facet normal 0.57735026918962584 -0.57735026918962584 0.57735026918962584
  outer loop
   vertex 177 89.5 277
   vertex 176 89.5 278
   vertex 176 89 277.5
  endloop
 endfacet
 facet normal 0.57735026918962584 -0.57735026918962584 0.57735026918962584
  outer loop
   vertex 177 89.5 277
   vertex 176 89 277.5
   vertex 176.5 89 277
  endloop
 endfacet
 facet normal 0.57735026918962584 -0.57735026918962584 0.57735026918962584
  outer loop
   vertex 177 89.5 277
   vertex 177.5 90 277
   vertex 177 90 277.5
  endloop
 endfacet
 facet normal -0.70710678118654746 -0.70710678118654746 -0
  outer loop
   vertex 171 90.5 277
   vertex 171 90.5 278
   vertex 170.5 91 278
  endloop
 endfacet
 facet normal -0.70710678118654746 -0.70710678118654746 0
  outer loop
   vertex 170.5 91 277
   vertex 171 90.5 277
   vertex 170.5 91 278
  endloop
 endfacet
 facet normal -0.70710678118654746 -0.70710678118654746 0
  outer loop
   vertex 171.5 90 278
   vertex 171 90.5 277
   vertex 171.5 90 277
  endloop
 endfacet
 facet normal -0.70710678118654746 -0.70710678118654746 0
  outer loop
   vertex 171 90.5 278
   vertex 171 90.5 277
   vertex 171.5 90 278
  endloop
 endfacet
 facet normal 0.57735026918962584 -0.57735026918962584 0.57735026918962584
  outer loop
   vertex 177 90 277.5
   vertex 177 90.5 278
   vertex 176.5 90 278
  endloop
 endfacet
 facet normal 0.57735026918962584 -0.57735026918962584 0.57735026918962584
  outer loop
   vertex 178 91 277.5
   vertex 177.5 91 278
   vertex 177 90.5 278
  endloop
 endfacet
 facet normal 0.57735026918962584 -0.57735026918962584 0.57735026918962584
  outer loop
   vertex 178 90.5 277
   vertex 178 91 277.5
   vertex 177 90.5 278
  endloop
 endfacet
 facet normal 0.57735026918962584 -0.57735026918962584 0.57735026918962584
  outer loop
   vertex 178 90.5 277
   vertex 177 90.5 278
   vertex 177 90 277.5
  endloop
 endfacet
 facet normal 0.57735026918962584 -0.57735026918962584 0.57735026918962584
  outer loop
   vertex 178 90.5 277
   vertex 177 90 277.5
   vertex 177.5 90 277
  endloop
 endfacet
 facet normal 0.57735026918962584 -0.57735026918962584 0.57735026918962584
  outer loop
   vertex 178 90.5 277
   vertex 178.5 91 277
   vertex 178 91 277.5
  endloop
 endfacet
 facet normal -1 0 0
  outer loop
   vertex 170.5 91 277
   vertex 170.5 91 278
   vertex 170.5 92 277
  endloop
 endfacet
 facet normal -1 -0 -0
  outer loop
   vertex 170.5 91 278
   vertex 170.5 92 278
   vertex 170.5 92 277
  endloop
 endfacet
 facet normal 0.57735026918962584 -0.57735026918962584 0.57735026918962584
  outer loop
   vertex 178 91 277.5
   vertex 178 91.5 278
   vertex 177.5 91 278
  endloop
 endfacet
 facet normal 0.57735026918962584 -0.57735026918962584 0.57735026918962584
  outer loop
   vertex 179 92 277.5
   vertex 178.5 92 278
   vertex 178 91.5 278
  endloop
 endfacet
 facet normal 0.57735026918962584 -0.57735026918962584 0.57735026918962584
  outer loop
   vertex 179 91.5 277
   vertex 179 92 277.5
   vertex 178 91.5 278
  endloop
 endfacet
 facet normal 0.57735026918962584 -0.57735026918962584 0.57735026918962584
  outer loop
   vertex 179 91.5 277
   vertex 178 91.5 278
   vertex 178 91 277.5
  endloop
 endfacet
 facet normal 0.57735026918962584 -0.57735026918962584 0.57735026918962584
  outer loop
   vertex 179 91.5 277
   vertex 178 91 277.5
   vertex 178.5 91 277
  endloop
 endfacet
 facet normal 0.57735026918962584 -0.57735026918962584 0.57735026918962584
  outer loop
   vertex 179 91.5 277
   vertex 179.5 92 277
   vertex 179 92 277.5
  endloop
 endfacet
 facet normal -1 0 0
  outer loop
   vertex 170.5 92 277
   vertex 170.5 92 278
   vertex 170.5 93 277
  endloop
 endfacet
 facet normal -1 -0 -0
  outer loop
   vertex 170.5 92 278
   vertex 170.5 93 278
   vertex 170.5 93 277
  endloop
 endfacet
 facet normal 0.57735026918962584 -0.57735026918962584 0.57735026918962584
  outer loop
   vertex 179 92 277.5
   vertex 179 92.5 278
   vertex 178.5 92 278
  endloop
 endfacet
 facet normal 0.57735026918962584 -0.57735026918962584 0.57735026918962584
  outer loop
   vertex 179 92.5 278
   vertex 179 92 277.5
   vertex 179.5 92 277
  endloop
 endfacet
 facet normal 0.57735026918962584 -0.57735026918962584 0.57735026918962584
  outer loop
   vertex 179 92.5 278
   vertex 179.5 92 277
   vertex 179.5 93 278
  endloop
 endfacet
 facet normal 1 0 0
  outer loop
   vertex 179.5 93 278
   vertex 179.5 92 277
   vertex 179.5 93 277
  endloop
 endfacet
 facet normal -1 0 0
  outer loop
   vertex 170.5 93 277
   vertex 170.5 93 278
   vertex 170.5 94 277
  endloop
 endfacet
 facet normal -1 -0 -0
  outer loop
   vertex 170.5 93 278
   vertex 170.5 94 278
   vertex 170.5 94 277
  endloop
 endfacet
 facet normal 1 0 0
  outer loop
   vertex 179.5 93 277
   vertex 179.5 94 277
   vertex 179.5 93 278
  endloop
 endfacet
 facet normal 1 0 -0
  outer loop
   vertex 179.5 93 278
   vertex 179.5 94 277
   vertex 179.5 94 278
  endloop
 endfacet
 facet normal -1 0 0
  outer loop
   vertex 170.5 94 277
   vertex 170.5 94 278
   vertex 170.5 95 277
  endloop
 endfacet
 facet normal -1 -0 -0
  outer loop
   vertex 170.5 94 278
   vertex 170.5 95 278
   vertex 170.5 95 277
  endloop
 endfacet
 facet normal 0.57735026918962584 -0.57735026918962584 0.57735026918962584
  outer loop
   vertex 180 95 277.5
   vertex 179.5 94 277
   vertex 180 94.5 277
  endloop
 endfacet
 facet normal 0.57735026918962584 -0.57735026918962584 0.57735026918962584
  outer loop
   vertex 180 95 277.5
   vertex 179.5 95 278
   vertex 179.5 94 277
  endloop
 endfacet
 facet normal 1 -0 0
  outer loop
   vertex 179.5 95 278
   vertex 179.5 94 278
   vertex 179.5 94 277
  endloop
 endfacet
 facet normal 0.57735026918962584 -0.57735026918962584 0.57735026918962584
  outer loop
   vertex 180 94.5 277
   vertex 180.5 95 277
   vertex 180 95 277.5
  endloop
 endfacet
 facet normal -1 0 0
  outer loop
   vertex 170.5 95 277
   vertex 170.5 95 278
   vertex 170.5 96 277
  endloop
 endfacet
 facet normal -1 -0 -0
  outer loop
   vertex 170.5 95 278
   vertex 170.5 96 278
   vertex 170.5 96 277
  endloop
 endfacet
 facet normal 0.70710678118654746 0 0.70710678118654746
  outer loop
   vertex 180 96 277.5
   vertex 179.5 95 278
   vertex 180 95 277.5
  endloop
 endfacet
 facet normal 0.70710678118654746 -0 0.70710678118654746
  outer loop
   vertex 179.5 96 278
   vertex 179.5 95 278
   vertex 180 96 277.5
  endloop
 endfacet
 facet normal 0.70710678118654746 0 0.70710678118654746
  outer loop
   vertex 180.5 95 277
   vertex 180.5 96 277
   vertex 180 96 277.5
  endloop
 endfacet
 facet normal 0.70710678118654746 0 0.70710678118654746
  outer loop
   vertex 180 95 277.5
   vertex 180.5 95 277
   vertex 180 96 277.5
  endloop
 endfacet
 facet normal -1 0 0
  outer loop
   vertex 170.5 96 277
   vertex 170.5 96 278
   vertex 170.5 97 277
  endloop
 endfacet
 facet normal -1 -0 -0
  outer loop
   vertex 170.5 96 278
   vertex 170.5 97 278
   vertex 170.5 97 277
  endloop
 endfacet
 facet normal 0.70710678118654746 0 0.70710678118654746
  outer loop
   vertex 180 97 277.5
   vertex 179.5 96 278
   vertex 180 96 277.5
  endloop
 endfacet
 facet normal 0.70710678118654746 -0 0.70710678118654746
  outer loop
   vertex 179.5 97 278
   vertex 179.5 96 278
   vertex 180 97 277.5
  endloop
 endfacet
 facet normal 0.70710678118654746 0 0.70710678118654746
  outer loop
   vertex 180.5 96 277
   vertex 180.5 97 277
   vertex 180 97 277.5
  endloop
 endfacet
 facet normal 0.70710678118654746 0 0.70710678118654746
  outer loop
   vertex 180 96 277.5
   vertex 180.5 96 277
   vertex 180 97 277.5
  endloop
 endfacet
 facet normal -1 0 0
  outer loop
   vertex 170.5 97 277
   vertex 170.5 97 278
   vertex 170.5 98 277
  endloop
 endfacet
 facet normal -1 -0 -0
  outer loop
   vertex 170.5 97 278
   vertex 170.5 98 278
   vertex 170.5 98 277
  endloop
 endfacet
 facet normal 0.57735026918962584 0.57735026918962584 0.57735026918962584
  outer loop
   vertex 180 97.5 277
   vertex 179.5 97 278
   vertex 180 97 277.5
  endloop
 endfacet
 facet normal 0.57735026918962584 0.57735026918962584 0.57735026918962584
  outer loop
   vertex 180 97.5 277
   vertex 179.5 98 277
   vertex 179.5 97 278
  endloop
 endfacet
 facet normal 1 0 0
  outer loop
   vertex 179.5 98 277
   vertex 179.5 98 278
   vertex 179.5 97 278
  endloop
 endfacet
 facet normal 0.57735026918962584 0.57735026918962584 0.57735026918962584
  outer loop
   vertex 180.5 97 277
   vertex 180 97.5 277
   vertex 180 97 277.5
  endloop
 endfacet
 facet normal -1 0 0
  outer loop
   vertex 170.5 98 277
   vertex 170.5 98 278
   vertex 170.5 99 277
  endloop
 endfacet
 facet normal -1 -0 -0
  outer loop
   vertex 170.5 98 278
   vertex 170.5 99 278
   vertex 170.5 99 277
  endloop
 endfacet
 facet normal 1 0 0
  outer loop
   vertex 179.5 98 277
   vertex 179.5 99 277
   vertex 179.5 98 278
  endloop
 endfacet
 facet normal 1 0 -0
  outer loop
   vertex 179.5 98 278
   vertex 179.5 99 277
   vertex 179.5 99 278
  endloop
 endfacet
 facet normal -0.70710678118654746 0.70710678118654746 0
  outer loop
   vertex 170.5 99 277
   vertex 170.5 99 278
   vertex 171 99.5 278
  endloop
 endfacet
 facet normal -0.70710678118654746 0.70710678118654746 0
  outer loop
   vertex 171 99.5 277
   vertex 170.5 99 277
   vertex 171 99.5 278
  endloop
 endfacet
 facet normal -0.70710678118654746 0.70710678118654746 0
  outer loop
   vertex 171 99.5 278
   vertex 171.5 100 277
   vertex 171 99.5 277
  endloop
 endfacet
 facet normal -0.70710678118654746 0.70710678118654746 0
  outer loop
   vertex 171.5 100 278
   vertex 171.5 100 277
   vertex 171 99.5 278
  endloop
 endfacet
 facet normal 0.70710678118654746 0.70710678118654746 0
  outer loop
   vertex 179 99.5 277
   vertex 178.5 100 278
   vertex 179 99.5 278
  endloop
 endfacet
 facet normal 0.70710678118654746 0.70710678118654746 0
  outer loop
   vertex 178.5 100 277
   vertex 178.5 100 278
   vertex 179 99.5 277
  endloop
 endfacet
 facet normal 0.70710678118654746 0.70710678118654746 -0
  outer loop
   vertex 179.5 99 278
   vertex 179.5 99 277
   vertex 179 99.5 277
  endloop
 endfacet
 facet normal 0.70710678118654746 0.70710678118654746 0
  outer loop
   vertex 179 99.5 278
   vertex 179.5 99 278
   vertex 179 99.5 277
  endloop
 endfacet
 facet normal -1 0 0
  outer loop
   vertex 171.5 100 277
   vertex 171.5 100 278
   vertex 171.5 101 277
  endloop
 endfacet
 facet normal -1 -0 -0
  outer loop
   vertex 171.5 100 278
   vertex 171.5 101 278
   vertex 171.5 101 277
  endloop
 endfacet
 facet normal 0.70710678118654746 0.70710678118654746 0
  outer loop
   vertex 178 100.5 277
   vertex 177.5 101 278
   vertex 178 100.5 278
  endloop
 endfacet
 facet normal 0.70710678118654746 0.70710678118654746 0
  outer loop
   vertex 177.5 101 277
   vertex 177.5 101 278
   vertex 178 100.5 277
  endloop
 endfacet
 facet normal 0.70710678118654746 0.70710678118654746 -0
  outer loop
   vertex 178.5 100 278
   vertex 178.5 100 277
   vertex 178 100.5 277
  endloop
 endfacet
 facet normal 0.70710678118654746 0.70710678118654746 0
  outer loop
   vertex 178 100.5 278
   vertex 178.5 100 278
   vertex 178 100.5 277
  endloop
 endfacet
 facet normal -1 0 0
  outer loop
   vertex 171.5 101 277
   vertex 171.5 101 278
   vertex 171.5 102 277
  endloop
 endfacet
 facet normal -1 -0 -0
  outer loop
   vertex 171.5 101 278
   vertex 171.5 102 278
   vertex 171.5 102 277
  endloop
 endfacet
 facet normal 0.57735026918962584 0.57735026918962584 -0.57735026918962584
  outer loop
   vertex 177 101.5 277
   vertex 176.5 102 277
   vertex 177 102 277.5
  endloop
 endfacet
 facet normal 0.57735026918962584 0.57735026918962584 -0.57735026918962584
  outer loop
   vertex 177 101.5 277
   vertex 177 102 277.5
   vertex 177.5 102 278
  endloop
 endfacet
 facet normal 0.57735026918962584 0.57735026918962584 -0.57735026918962584
  outer loop
   vertex 177 101.5 277
   vertex 177.5 102 278
   vertex 177.5 101 277
  endloop
 endfacet
 facet normal 1 0 0
  outer loop
   vertex 177.5 101 277
   vertex 177.5 102 278
   vertex 177.5 101 278
  endloop
 endfacet
 facet normal -0.57735026918962584 0.57735026918962584 0.57735026918962584
  outer loop
   vertex 172 102.5 278
   vertex 172 103 277.5
   vertex 171.5 103 277
  endloop
 endfacet
 facet normal -0.57735026918962584 0.57735026918962584 0.57735026918962584
  outer loop
   vertex 172 102.5 278
   vertex 171.5 103 277
   vertex 171.5 102 278
  endloop
 endfacet
 facet normal -1 0 0
  outer loop
   vertex 171.5 102 278
   vertex 171.5 103 277
   vertex 171.5 102 277
  endloop
 endfacet
 facet normal -0.57735026918962584 0.57735026918962584 0.57735026918962584
  outer loop
   vertex 172 102.5 278
   vertex 172.5 103 278
   vertex 172 103 277.5
  endloop
 endfacet
 facet normal 0.57735026918962584 -0.57735026918962584 -0.57735026918962584
  outer loop
   vertex 176.5 102 277
   vertex 177 102.5 277
   vertex 177 102 277.5
  endloop
 endfacet
 facet normal 0.57735026918962584 -0.57735026918962584 -0.57735026918962584
  outer loop
   vertex 177 102 277.5
   vertex 177 102.5 277
   vertex 177.5 103 277
  endloop
 endfacet
 facet normal 0.57735026918962584 -0.57735026918962584 -0.57735026918962584
  outer loop
   vertex 177 102 277.5
   vertex 177.5 103 277
   vertex 177.5 102 278
  endloop
 endfacet
 facet normal 1 0 -0
  outer loop
   vertex 177.5 102 278
   vertex 177.5 103 277
   vertex 177.5 103 278
  endloop
 endfacet
 facet normal -0.57735026918962584 0.57735026918962584 0.57735026918962584
  outer loop
   vertex 171.5 103 277
   vertex 172 103 277.5
   vertex 172 103.5 277
  endloop
 endfacet
 facet normal -0.57735026918962584 0.57735026918962584 0.57735026918962584
  outer loop
   vertex 172 103 277.5
   vertex 172.5 104 277
   vertex 172 103.5 277
  endloop
 endfacet
 facet normal -0.57735026918962584 0.57735026918962584 0.57735026918962584
  outer loop
   vertex 172 103 277.5
   vertex 172.5 103 278
   vertex 172.5 104 277
  endloop
 endfacet
 facet normal -1 -0 -0
  outer loop
   vertex 172.5 103 278
   vertex 172.5 104 278
   vertex 172.5 104 277
  endloop
 endfacet
 facet normal 1 0 0
  outer loop
   vertex 177.5 103 277
   vertex 177.5 104 277
   vertex 177.5 103 278
  endloop
 endfacet
 facet normal 1 0 -0
  outer loop
   vertex 177.5 103 278
   vertex 177.5 104 277
   vertex 177.5 104 278
  endloop
 endfacet
 facet normal -0.57735026918962584 0.57735026918962584 0.57735026918962584
  outer loop
   vertex 173 104.5 278
   vertex 173 105 277.5
   vertex 172.5 105 277
  endloop
 endfacet
 facet normal -0.57735026918962584 0.57735026918962584 0.57735026918962584
  outer loop
   vertex 173 104.5 278
   vertex 172.5 105 277
   vertex 172.5 104 278
  endloop
 endfacet
 facet normal -1 0 0
  outer loop
   vertex 172.5 104 278
   vertex 172.5 105 277
   vertex 172.5 104 277
  endloop
 endfacet
 facet normal -0.57735026918962584 0.57735026918962584 0.57735026918962584
  outer loop
   vertex 173 104.5 278
   vertex 173.5 105 278
   vertex 173 105 277.5
  endloop
 endfacet
 facet normal 1 0 0
  outer loop
   vertex 177.5 104 277
   vertex 177.5 105 277
   vertex 177.5 104 278
  endloop
 endfacet
 facet normal 1 0 -0
  outer loop
   vertex 177.5 104 278
   vertex 177.5 105 277
   vertex 177.5 105 278
  endloop
 endfacet
 facet normal -0.57735026918962584 0.57735026918962584 0.57735026918962584
  outer loop
   vertex 172.5 105 277
   vertex 173 105 277.5
   vertex 173 105.5 277
  endloop
 endfacet
 facet normal -0.57735026918962584 0.57735026918962584 0.57735026918962584
  outer loop
   vertex 173.5 106 277
   vertex 174 105.5 278
   vertex 174 106 277.5
  endloop
 endfacet
 facet normal -0.57735026918962584 0.57735026918962584 0.57735026918962584
  outer loop
   vertex 173 105.5 277
   vertex 174 105.5 278
   vertex 173.5 106 277
  endloop
 endfacet
 facet normal -0.57735026918962584 0.57735026918962584 0.57735026918962584
  outer loop
   vertex 173 105.5 277
   vertex 173.5 105 278
   vertex 174 105.5 278
  endloop
 endfacet
 facet normal -0.57735026918962584 0.57735026918962584 0.57735026918962584
  outer loop
   vertex 173 105.5 277
   vertex 173 105 277.5
   vertex 173.5 105 278
  endloop
 endfacet
 facet normal -0.57735026918962584 0.57735026918962584 0.57735026918962584
  outer loop
   vertex 174 105.5 278
   vertex 174.5 106 278
   vertex 174 106 277.5
  endloop
 endfacet
 facet normal 1 0 0
  outer loop
   vertex 177.5 105 277
   vertex 177.5 106 277
   vertex 177.5 105 278
  endloop
 endfacet
 facet normal 1 0 -0
  outer loop
   vertex 177.5 105 278
   vertex 177.5 106 277
   vertex 177.5 106 278
  endloop
 endfacet
 facet normal -0.57735026918962584 0.57735026918962584 0.57735026918962584
  outer loop
   vertex 173.5 106 277
   vertex 174 106 277.5
   vertex 174 106.5 277
  endloop
 endfacet
 facet normal -0.57735026918962584 0.57735026918962584 0.57735026918962584
  outer loop
   vertex 174.5 107 277
   vertex 175 106.5 278
   vertex 175 107 277.5
  endloop
 endfacet
 facet normal -0.57735026918962584 0.57735026918962584 0.57735026918962584
  outer loop
   vertex 174 106.5 277
   vertex 175 106.5 278
   vertex 174.5 107 277
  endloop
 endfacet
 facet normal -0.57735026918962584 0.57735026918962584 0.57735026918962584
  outer loop
   vertex 174 106.5 277
   vertex 174.5 106 278
   vertex 175 106.5 278
  endloop
 endfacet
 facet normal -0.57735026918962584 0.57735026918962584 0.57735026918962584
  outer loop
   vertex 174 106.5 277
   vertex 174 106 277.5
   vertex 174.5 106 278
  endloop
 endfacet
 facet normal -0.57735026918962584 0.57735026918962584 0.57735026918962584
  outer loop
   vertex 175 106.5 278
   vertex 175.5 107 278
   vertex 175 107 277.5
  endloop
 endfacet
 facet normal 0.70710678118654746 0.70710678118654746 0
  outer loop
   vertex 177 106.5 277
   vertex 176.5 107 278
   vertex 177 106.5 278
  endloop
 endfacet
 facet normal 0.70710678118654746 0.70710678118654746 0
  outer loop
   vertex 176.5 107 277
   vertex 176.5 107 278
   vertex 177 106.5 277
  endloop
 endfacet
 facet normal 0.70710678118654746 0.70710678118654746 -0
  outer loop
   vertex 177.5 106 278
   vertex 177.5 106 277
   vertex 177 106.5 277
  endloop
 endfacet
 facet normal 0.70710678118654746 0.70710678118654746 0
  outer loop
   vertex 177 106.5 278
   vertex 177.5 106 278
   vertex 177 106.5 277
  endloop
 endfacet
 facet normal -0.57735026918962584 0.57735026918962584 0.57735026918962584
  outer loop
   vertex 174.5 107 277
   vertex 175 107 277.5
   vertex 175 107.5 277
  endloop
 endfacet
 facet normal -0.57735026918962584 0.57735026918962584 0.57735026918962584
  outer loop
   vertex 175 107 277.5
   vertex 175.5 107 278
   vertex 176 107.5 278
  endloop
 endfacet
 facet normal -0.57735026918962584 0.57735026918962584 0.57735026918962584
  outer loop
   vertex 175 107 277.5
   vertex 176 107.5 278
   vertex 175 107.5 277
  endloop
 endfacet
 facet normal 0 1 0
  outer loop
   vertex 175 107.5 277
   vertex 176 107.5 278
   vertex 176 107.5 277
  endloop
 endfacet
 facet normal 0.70710678118654746 0.70710678118654746 -0
  outer loop
   vertex 176.5 107 278
   vertex 176.5 107 277
   vertex 176 107.5 277
  endloop
 endfacet
 facet normal 0.70710678118654746 0.70710678118654746 0
  outer loop
   vertex 176 107.5 278
   vertex 176.5 107 278
   vertex 176 107.5 277
  endloop
 endfacet
 facet normal -0.57735026918962584 -0.57735026918962584 0.57735026918962584
  outer loop
   vertex 173 88.5 278
   vertex 173 89 278.5
   vertex 172.5 89 278
  endloop
 endfacet
 facet normal 0 -0.70710678118654746 0.70710678118654746
  outer loop
   vertex 173 88.5 278
   vertex 174 88.5 278
   vertex 174 89 278.5
  endloop
 endfacet
 facet normal 0 -0.70710678118654746 0.70710678118654746
  outer loop
   vertex 173 89 278.5
   vertex 173 88.5 278
   vertex 174 89 278.5
  endloop
 endfacet
 facet normal 0 -0.70710678118654746 0.70710678118654746
  outer loop
   vertex 174 88.5 278
   vertex 175 88.5 278
   vertex 175 89 278.5
  endloop
 endfacet
 facet normal 0 -0.70710678118654746 0.70710678118654746
  outer loop
   vertex 174 89 278.5
   vertex 174 88.5 278
   vertex 175 89 278.5
  endloop
 endfacet
 facet normal 0.57735026918962584 -0.57735026918962584 0.57735026918962584
  outer loop
   vertex 175 88.5 278
   vertex 175.5 89 278
   vertex 175 89 278.5
  endloop
 endfacet
 facet normal -0.57735026918962584 -0.57735026918962584 0.57735026918962584
  outer loop
   vertex 172 89.5 278
   vertex 172 90 278.5
   vertex 171.5 90 278
  endloop
 endfacet
 facet normal -0.57735026918962584 -0.57735026918962584 0.57735026918962584
  outer loop
   vertex 172 89.5 278
   vertex 172.5 90 279
   vertex 172 90 278.5
  endloop
 endfacet
 facet normal -0.57735026918962584 -0.57735026918962584 0.57735026918962584
  outer loop
   vertex 172.5 89 278
   vertex 172.5 90 279
   vertex 172 89.5 278
  endloop
 endfacet
 facet normal -0.57735026918962584 -0.57735026918962584 0.57735026918962584
  outer loop
   vertex 172.5 89 278
   vertex 173 89.5 279
   vertex 172.5 90 279
  endloop
 endfacet
 facet normal -0.57735026918962584 -0.57735026918962584 0.57735026918962584
  outer loop
   vertex 172.5 89 278
   vertex 173 89 278.5
   vertex 173 89.5 279
  endloop
 endfacet
 facet normal 0 -0.70710678118654746 0.70710678118654746
  outer loop
   vertex 174 89 278.5
   vertex 173 89.5 279
   vertex 173 89 278.5
  endloop
 endfacet
 facet normal 0 -0.70710678118654746 0.70710678118654746
  outer loop
   vertex 174 89.5 279
   vertex 173 89.5 279
   vertex 174 89 278.5
  endloop
 endfacet
 facet normal 0 -0.70710678118654746 0.70710678118654746
  outer loop
   vertex 175 89 278.5
   vertex 174 89.5 279
   vertex 174 89 278.5
  endloop
 endfacet
 facet normal 0 -0.70710678118654746 0.70710678118654746
  outer loop
   vertex 175 89.5 279
   vertex 174 89.5 279
   vertex 175 89 278.5
  endloop
 endfacet
 facet normal 0.57735026918962584 -0.57735026918962584 0.57735026918962584
  outer loop
   vertex 175.5 89 278
   vertex 175 89.5 279
   vertex 175 89 278.5
  endloop
 endfacet
 facet normal 0.57735026918962584 -0.57735026918962584 0.57735026918962584
  outer loop
   vertex 175.5 89 278
   vertex 176 89.5 278
   vertex 175 89.5 279
  endloop
 endfacet
 facet normal -0 -1 -0
  outer loop
   vertex 176 89.5 278
   vertex 176 89.5 279
   vertex 175 89.5 279
  endloop
 endfacet
 facet normal 0.70710678118654746 -0.70710678118654746 0
  outer loop
   vertex 176 89.5 279
   vertex 176 89.5 278
   vertex 176.5 90 278
  endloop
 endfacet
 facet normal 0.70710678118654746 -0.70710678118654746 0
  outer loop
   vertex 176.5 90 279
   vertex 176 89.5 279
   vertex 176.5 90 278
  endloop
 endfacet
 facet normal -0.57735026918962584 -0.57735026918962584 0.57735026918962584
  outer loop
   vertex 171 90.5 278
   vertex 171 91 278.5
   vertex 170.5 91 278
  endloop
 endfacet
 facet normal -0.57735026918962584 -0.57735026918962584 0.57735026918962584
  outer loop
   vertex 171 90.5 278
   vertex 171.5 91 279
   vertex 171 91 278.5
  endloop
 endfacet
 facet normal -0.57735026918962584 -0.57735026918962584 0.57735026918962584
  outer loop
   vertex 171.5 90 278
   vertex 171.5 91 279
   vertex 171 90.5 278
  endloop
 endfacet
 facet normal -0.57735026918962584 -0.57735026918962584 0.57735026918962584
  outer loop
   vertex 171.5 90 278
   vertex 172 90.5 279
   vertex 171.5 91 279
  endloop
 endfacet
 facet normal -0.57735026918962584 -0.57735026918962584 0.57735026918962584
  outer loop
   vertex 171.5 90 278
   vertex 172 90 278.5
   vertex 172 90.5 279
  endloop
 endfacet
 facet normal -0.57735026918962584 -0.57735026918962584 0.57735026918962584
  outer loop
   vertex 172.5 90 279
   vertex 172 90.5 279
   vertex 172 90 278.5
  endloop
 endfacet
 facet normal 0.70710678118654746 -0.70710678118654746 0
  outer loop
   vertex 176.5 90 278
   vertex 177 90.5 279
   vertex 176.5 90 279
  endloop
 endfacet
 facet normal 0.70710678118654746 -0.70710678118654746 0
  outer loop
   vertex 177 90.5 278
   vertex 177 90.5 279
   vertex 176.5 90 278
  endloop
 endfacet
 facet normal 0.70710678118654746 -0.70710678118654746 0
  outer loop
   vertex 177 90.5 279
   vertex 177 90.5 278
   vertex 177.5 91 278
  endloop
 endfacet
 facet normal 0.70710678118654746 -0.70710678118654746 0
  outer loop
   vertex 177.5 91 279
   vertex 177 90.5 279
   vertex 177.5 91 278
  endloop
 endfacet
 facet normal -0.57735026918962584 -0.57735026918962584 0.57735026918962584
  outer loop
   vertex 171 91 278.5
   vertex 171 91.5 279
   vertex 170.5 92 279
  endloop
 endfacet
 facet normal -0.57735026918962584 -0.57735026918962584 0.57735026918962584
  outer loop
   vertex 171 91 278.5
   vertex 170.5 92 279
   vertex 170.5 91 278
  endloop
 endfacet
 facet normal -1 0 -0
  outer loop
   vertex 170.5 91 278
   vertex 170.5 92 279
   vertex 170.5 92 278
  endloop
 endfacet
 facet normal -0.57735026918962584 -0.57735026918962584 0.57735026918962584
  outer loop
   vertex 171.5 91 279
   vertex 171 91.5 279
   vertex 171 91 278.5
  endloop
 endfacet
 facet normal 0.70710678118654746 -0.70710678118654746 0
  outer loop
   vertex 177.5 91 278
   vertex 178 91.5 279
   vertex 177.5 91 279
  endloop
 endfacet
 facet normal 0.70710678118654746 -0.70710678118654746 0
  outer loop
   vertex 178 91.5 278
   vertex 178 91.5 279
   vertex 177.5 91 278
  endloop
 endfacet
 facet normal 0.70710678118654746 -0.70710678118654746 0
  outer loop
   vertex 178 91.5 279
   vertex 178 91.5 278
   vertex 178.5 92 278
  endloop
 endfacet
 facet normal 0.70710678118654746 -0.70710678118654746 0
  outer loop
   vertex 178.5 92 279
   vertex 178 91.5 279
   vertex 178.5 92 278
  endloop
 endfacet
 facet normal -1 0 0
  outer loop
   vertex 170.5 92 278
   vertex 170.5 92 279
   vertex 170.5 93 278
  endloop
 endfacet
 facet normal -1 -0 -0
  outer loop
   vertex 170.5 92 279
   vertex 170.5 93 279
   vertex 170.5 93 278
  endloop
 endfacet
 facet normal 0.57735026918962584 -0.57735026918962584 0.57735026918962584
  outer loop
   vertex 179 93 278.5
   vertex 178.5 92 278
   vertex 179 92.5 278
  endloop
 endfacet
 facet normal 0.57735026918962584 -0.57735026918962584 0.57735026918962584
  outer loop
   vertex 179 93 278.5
   vertex 178.5 93 279
   vertex 178.5 92 278
  endloop
 endfacet
 facet normal 1 -0 0
  outer loop
   vertex 178.5 93 279
   vertex 178.5 92 279
   vertex 178.5 92 278
  endloop
 endfacet
 facet normal 0.57735026918962584 -0.57735026918962584 0.57735026918962584
  outer loop
   vertex 179 92.5 278
   vertex 179.5 93 278
   vertex 179 93 278.5
  endloop
 endfacet
 facet normal -1 0 0
  outer loop
   vertex 170.5 93 278
   vertex 170.5 93 279
   vertex 170.5 94 278
  endloop
 endfacet
 facet normal -1 -0 -0
  outer loop
   vertex 170.5 93 279
   vertex 170.5 94 279
   vertex 170.5 94 278
  endloop
 endfacet
 facet normal 0.57735026918962584 -0.57735026918962584 0.57735026918962584
  outer loop
   vertex 179 93 278.5
   vertex 179 93.5 279
   vertex 178.5 93 279
  endloop
 endfacet
 facet normal 0.57735026918962584 -0.57735026918962584 0.57735026918962584
  outer loop
   vertex 179 93.5 279
   vertex 179 93 278.5
   vertex 179.5 93 278
  endloop
 endfacet
 facet normal 0.57735026918962584 -0.57735026918962584 0.57735026918962584
  outer loop
   vertex 179 93.5 279
   vertex 179.5 93 278
   vertex 179.5 94 279
  endloop
 endfacet
 facet normal 1 0 0
  outer loop
   vertex 179.5 94 279
   vertex 179.5 93 278
   vertex 179.5 94 278
  endloop
 endfacet
 facet normal -1 0 0
  outer loop
   vertex 170.5 94 278
   vertex 170.5 94 279
   vertex 170.5 95 278
  endloop
 endfacet
 facet normal -1 -0 -0
  outer loop
   vertex 170.5 94 279
   vertex 170.5 95 279
   vertex 170.5 95 278
  endloop
 endfacet
 facet normal 1 0 0
  outer loop
   vertex 179.5 94 278
   vertex 179.5 95 278
   vertex 179.5 94 279
  endloop
 endfacet
 facet normal 1 0 -0
  outer loop
   vertex 179.5 94 279
   vertex 179.5 95 278
   vertex 179.5 95 279
  endloop
 endfacet
 facet normal -1 0 0
  outer loop
   vertex 170.5 95 278
   vertex 170.5 95 279
   vertex 170.5 96 278
  endloop
 endfacet
 facet normal -1 -0 -0
  outer loop
   vertex 170.5 95 279
   vertex 170.5 96 279
   vertex 170.5 96 278
  endloop
 endfacet
 facet normal 1 0 0
  outer loop
   vertex 179.5 95 278
   vertex 179.5 96 278
   vertex 179.5 95 279
  endloop
 endfacet
 facet normal 1 0 -0
  outer loop
   vertex 179.5 95 279
   vertex 179.5 96 278
   vertex 179.5 96 279
  endloop
 endfacet
 facet normal -1 0 0
  outer loop
   vertex 170.5 96 278
   vertex 170.5 96 279
   vertex 170.5 97 278
  endloop
 endfacet
 facet normal -1 -0 -0
  outer loop
   vertex 170.5 96 279
   vertex 170.5 97 279
   vertex 170.5 97 278
  endloop
 endfacet
 facet normal 1 0 0
  outer loop
   vertex 179.5 96 278
   vertex 179.5 97 278
   vertex 179.5 96 279
  endloop
 endfacet
 facet normal 1 0 -0
  outer loop
   vertex 179.5 96 279
   vertex 179.5 97 278
   vertex 179.5 97 279
  endloop
 endfacet
 facet normal -1 0 0
  outer loop
   vertex 170.5 97 278
   vertex 170.5 97 279
   vertex 170.5 98 278
  endloop
 endfacet
 facet normal -1 -0 -0
  outer loop
   vertex 170.5 97 279
   vertex 170.5 98 279
   vertex 170.5 98 278
  endloop
 endfacet
 facet normal 1 0 0
  outer loop
   vertex 179.5 97 278
   vertex 179.5 98 278
   vertex 179.5 97 279
  endloop
 endfacet
 facet normal 1 0 -0
  outer loop
   vertex 179.5 97 279
   vertex 179.5 98 278
   vertex 179.5 98 279
  endloop
 endfacet
 facet normal -1 0 0
  outer loop
   vertex 170.5 98 278
   vertex 170.5 98 279
   vertex 170.5 99 278
  endloop
 endfacet
 facet normal -1 -0 -0
  outer loop
   vertex 170.5 98 279
   vertex 170.5 99 279
   vertex 170.5 99 278
  endloop
 endfacet
 facet normal 1 0 0
  outer loop
   vertex 179.5 98 278
   vertex 179.5 99 278
   vertex 179.5 98 279
  endloop
 endfacet
 facet normal 1 0 -0
  outer loop
   vertex 179.5 98 279
   vertex 179.5 99 278
   vertex 179.5 99 279
  endloop
 endfacet
 facet normal -0.70710678118654746 0.70710678118654746 0
  outer loop
   vertex 170.5 99 278
   vertex 170.5 99 279
   vertex 171 99.5 279
  endloop
 endfacet
 facet normal -0.70710678118654746 0.70710678118654746 0
  outer loop
   vertex 171 99.5 278
   vertex 170.5 99 278
   vertex 171 99.5 279
  endloop
 endfacet
 facet normal -0.70710678118654746 0.70710678118654746 0
  outer loop
   vertex 171 99.5 279
   vertex 171.5 100 278
   vertex 171 99.5 278
  endloop
 endfacet
 facet normal -0.70710678118654746 0.70710678118654746 0
  outer loop
   vertex 171.5 100 279
   vertex 171.5 100 278
   vertex 171 99.5 279
  endloop
 endfacet
 facet normal 0.70710678118654746 0.70710678118654746 0
  outer loop
   vertex 179 99.5 278
   vertex 178.5 100 279
   vertex 179 99.5 279
  endloop
 endfacet
 facet normal 0.70710678118654746 0.70710678118654746 0
  outer loop
   vertex 178.5 100 278
   vertex 178.5 100 279
   vertex 179 99.5 278
  endloop
 endfacet
 facet normal 0.70710678118654746 0.70710678118654746 -0
  outer loop
   vertex 179.5 99 279
   vertex 179.5 99 278
   vertex 179 99.5 278
  endloop
 endfacet
 facet normal 0.70710678118654746 0.70710678118654746 0
  outer loop
   vertex 179 99.5 279
   vertex 179.5 99 279
   vertex 179 99.5 278
  endloop
 endfacet
 facet normal -1 0 0
  outer loop
   vertex 171.5 100 278
   vertex 171.5 100 279
   vertex 171.5 101 278
  endloop
 endfacet
 facet normal -1 -0 -0
  outer loop
   vertex 171.5 100 279
   vertex 171.5 101 279
   vertex 171.5 101 278
  endloop
 endfacet
 facet normal 0.70710678118654746 0.70710678118654746 0
  outer loop
   vertex 178 100.5 278
   vertex 177.5 101 279
   vertex 178 100.5 279
  endloop
 endfacet
 facet normal 0.70710678118654746 0.70710678118654746 0
  outer loop
   vertex 177.5 101 278
   vertex 177.5 101 279
   vertex 178 100.5 278
  endloop
 endfacet
 facet normal 0.70710678118654746 0.70710678118654746 -0
  outer loop
   vertex 178.5 100 279
   vertex 178.5 100 278
   vertex 178 100.5 278
  endloop
 endfacet
 facet normal 0.70710678118654746 0.70710678118654746 0
  outer loop
   vertex 178 100.5 279
   vertex 178.5 100 279
   vertex 178 100.5 278
  endloop
 endfacet
 facet normal -0.57735026918962584 0.57735026918962584 0.57735026918962584
  outer loop
   vertex 172 101.5 279
   vertex 172 102 278.5
   vertex 171.5 102 278
  endloop
 endfacet
 facet normal -0.57735026918962584 0.57735026918962584 0.57735026918962584
  outer loop
   vertex 172 101.5 279
   vertex 171.5 102 278
   vertex 171.5 101 279
  endloop
 endfacet
 facet normal -1 0 0
  outer loop
   vertex 171.5 101 279
   vertex 171.5 102 278
   vertex 171.5 101 278
  endloop
 endfacet
 facet normal -0.57735026918962584 0.57735026918962584 0.57735026918962584
  outer loop
   vertex 172 101.5 279
   vertex 172.5 102 279
   vertex 172 102 278.5
  endloop
 endfacet
 facet normal 1 0 0
  outer loop
   vertex 177.5 101 278
   vertex 177.5 102 278
   vertex 177.5 101 279
  endloop
 endfacet
 facet normal 1 0 -0
  outer loop
   vertex 177.5 101 279
   vertex 177.5 102 278
   vertex 177.5 102 279
  endloop
 endfacet
 facet normal -0.57735026918962584 0.57735026918962584 0.57735026918962584
  outer loop
   vertex 171.5 102 278
   vertex 172 102 278.5
   vertex 172 102.5 278
  endloop
 endfacet
 facet normal -0.57735026918962584 0.57735026918962584 0.57735026918962584
  outer loop
   vertex 172 102 278.5
   vertex 172.5 103 278
   vertex 172 102.5 278
  endloop
 endfacet
 facet normal -0.57735026918962584 0.57735026918962584 0.57735026918962584
  outer loop
   vertex 172 102 278.5
   vertex 172.5 102 279
   vertex 172.5 103 278
  endloop
 endfacet
 facet normal -1 -0 -0
  outer loop
   vertex 172.5 102 279
   vertex 172.5 103 279
   vertex 172.5 103 278
  endloop
 endfacet
 facet normal 1 0 0
  outer loop
   vertex 177.5 102 278
   vertex 177.5 103 278
   vertex 177.5 102 279
  endloop
 endfacet
 facet normal 1 0 -0
  outer loop
   vertex 177.5 102 279
   vertex 177.5 103 278
   vertex 177.5 103 279
  endloop
 endfacet
 facet normal -1 0 0
  outer loop
   vertex 172.5 103 278
   vertex 172.5 103 279
   vertex 172.5 104 278
  endloop
 endfacet
 facet normal -1 -0 -0
  outer loop
   vertex 172.5 103 279
   vertex 172.5 104 279
   vertex 172.5 104 278
  endloop
 endfacet
 facet normal 1 0 0
  outer loop
   vertex 177.5 103 278
   vertex 177.5 104 278
   vertex 177.5 103 279
  endloop
 endfacet
 facet normal 1 0 -0
  outer loop
   vertex 177.5 103 279
   vertex 177.5 104 278
   vertex 177.5 104 279
  endloop
 endfacet
 facet normal -0.70710678118654746 0.70710678118654746 0
  outer loop
   vertex 172.5 104 278
   vertex 172.5 104 279
   vertex 173 104.5 279
  endloop
 endfacet
 facet normal -0.70710678118654746 0.70710678118654746 0
  outer loop
   vertex 173 104.5 278
   vertex 172.5 104 278
   vertex 173 104.5 279
  endloop
 endfacet
 facet normal -0.70710678118654746 0.70710678118654746 0
  outer loop
   vertex 173 104.5 279
   vertex 173.5 105 278
   vertex 173 104.5 278
  endloop
 endfacet
 facet normal -0.70710678118654746 0.70710678118654746 0
  outer loop
   vertex 173.5 105 279
   vertex 173.5 105 278
   vertex 173 104.5 279
  endloop
 endfacet
 facet normal 1 0 0
  outer loop
   vertex 177.5 104 278
   vertex 177.5 105 278
   vertex 177.5 104 279
  endloop
 endfacet
 facet normal 1 0 -0
  outer loop
   vertex 177.5 104 279
   vertex 177.5 105 278
   vertex 177.5 105 279
  endloop
 endfacet
 facet normal -0.70710678118654746 0.70710678118654746 0
  outer loop
   vertex 173.5 105 278
   vertex 173.5 105 279
   vertex 174 105.5 279
  endloop
 endfacet
 facet normal -0.70710678118654746 0.70710678118654746 0
  outer loop
   vertex 174 105.5 278
   vertex 173.5 105 278
   vertex 174 105.5 279
  endloop
 endfacet
 facet normal -0.70710678118654746 0.70710678118654746 0
  outer loop
   vertex 174 105.5 279
   vertex 174.5 106 278
   vertex 174 105.5 278
  endloop
 endfacet
 facet normal -0.70710678118654746 0.70710678118654746 0
  outer loop
   vertex 174.5 106 279
   vertex 174.5 106 278
   vertex 174 105.5 279
  endloop
 endfacet
 facet normal 0.57735026918962584 0.57735026918962584 0.57735026918962584
  outer loop
   vertex 177 106 278.5
   vertex 176.5 106 279
   vertex 177 105.5 279
  endloop
 endfacet
 facet normal 0.57735026918962584 0.57735026918962584 0.57735026918962584
  outer loop
   vertex 177 106 278.5
   vertex 177 105.5 279
   vertex 177.5 105 279
  endloop
 endfacet
 facet normal 0.57735026918962584 0.57735026918962584 0.57735026918962584
  outer loop
   vertex 177 106 278.5
   vertex 177.5 105 279
   vertex 177.5 106 278
  endloop
 endfacet
 facet normal 1 0 0
  outer loop
   vertex 177.5 106 278
   vertex 177.5 105 279
   vertex 177.5 105 278
  endloop
 endfacet
 facet normal -0.70710678118654746 0.70710678118654746 0
  outer loop
   vertex 174.5 106 278
   vertex 174.5 106 279
   vertex 175 106.5 279
  endloop
 endfacet
 facet normal -0.70710678118654746 0.70710678118654746 0
  outer loop
   vertex 175 106.5 278
   vertex 174.5 106 278
   vertex 175 106.5 279
  endloop
 endfacet
 facet normal -0.57735026918962584 0.57735026918962584 0.57735026918962584
  outer loop
   vertex 175.5 107 278
   vertex 176 106.5 279
   vertex 176 107 278.5
  endloop
 endfacet
 facet normal -0.57735026918962584 0.57735026918962584 0.57735026918962584
  outer loop
   vertex 175.5 107 278
   vertex 175 106.5 278
   vertex 176 106.5 279
  endloop
 endfacet
 facet normal -0 1 0
  outer loop
   vertex 175 106.5 278
   vertex 175 106.5 279
   vertex 176 106.5 279
  endloop
 endfacet
 facet normal 0.57735026918962584 0.57735026918962584 0.57735026918962584
  outer loop
   vertex 176.5 106 279
   vertex 176 107 278.5
   vertex 176 106.5 279
  endloop
 endfacet
 facet normal 0.57735026918962584 0.57735026918962584 0.57735026918962584
  outer loop
   vertex 177 106 278.5
   vertex 176 107 278.5
   vertex 176.5 106 279
  endloop
 endfacet
 facet normal 0.57735026918962584 0.57735026918962584 0.57735026918962584
  outer loop
   vertex 177 106 278.5
   vertex 176.5 107 278
   vertex 176 107 278.5
  endloop
 endfacet
 facet normal 0.57735026918962584 0.57735026918962584 0.57735026918962584
  outer loop
   vertex 177 106 278.5
   vertex 177 106.5 278
   vertex 176.5 107 278
  endloop
 endfacet
 facet normal 0.57735026918962584 0.57735026918962584 0.57735026918962584
  outer loop
   vertex 177.5 106 278
   vertex 177 106.5 278
   vertex 177 106 278.5
  endloop
 endfacet
 facet normal -0.57735026918962584 0.57735026918962584 0.57735026918962584
  outer loop
   vertex 175.5 107 278
   vertex 176 107 278.5
   vertex 176 107.5 278
  endloop
 endfacet
 facet normal 0.57735026918962584 0.57735026918962584 0.57735026918962584
  outer loop
   vertex 176.5 107 278
   vertex 176 107.5 278
   vertex 176 107 278.5
  endloop
 endfacet
 facet normal -0.57735026918962584 -0.57735026918962584 0.57735026918962584
  outer loop
   vertex 173 89.5 279
   vertex 173 90 279.5
   vertex 172.5 90 279
  endloop
 endfacet
 facet normal -0.57735026918962584 -0.57735026918962584 0.57735026918962584
  outer loop
   vertex 173.5 90 280
   vertex 173 90 279.5
   vertex 173 89.5 279
  endloop
 endfacet
 facet normal -0.57735026918962584 -0.57735026918962584 0.57735026918962584
  outer loop
   vertex 173.5 90 280
   vertex 173 89.5 279
   vertex 174 89.5 280
  endloop
 endfacet
 facet normal 0 -1 0
  outer loop
   vertex 174 89.5 280
   vertex 173 89.5 279
   vertex 174 89.5 279
  endloop
 endfacet
 facet normal 0 -1 -0
  outer loop
   vertex 175 89.5 279
   vertex 175 89.5 280
   vertex 174 89.5 279
  endloop
 endfacet
 facet normal -0 -1 0
  outer loop
   vertex 174 89.5 279
   vertex 175 89.5 280
   vertex 174 89.5 280
  endloop
 endfacet
 facet normal 0.57735026918962584 -0.57735026918962584 0.57735026918962584
  outer loop
   vertex 176 90 279.5
   vertex 175.5 90 280
   vertex 175 89.5 280
  endloop
 endfacet
 facet normal 0.57735026918962584 -0.57735026918962584 0.57735026918962584
  outer loop
   vertex 176 90 279.5
   vertex 175 89.5 280
   vertex 176 89.5 279
  endloop
 endfacet
 facet normal 0 -1 0
  outer loop
   vertex 176 89.5 279
   vertex 175 89.5 280
   vertex 175 89.5 279
  endloop
 endfacet
 facet normal 0.57735026918962584 -0.57735026918962584 0.57735026918962584
  outer loop
   vertex 176 89.5 279
   vertex 176.5 90 279
   vertex 176 90 279.5
  endloop
 endfacet
 facet normal -0.57735026918962584 -0.57735026918962584 0.57735026918962584
  outer loop
   vertex 172 90.5 279
   vertex 172 91 279.5
   vertex 171.5 91 279
  endloop
 endfacet
 facet normal -0.57735026918962584 -0.57735026918962584 0.57735026918962584
  outer loop
   vertex 172 90.5 279
   vertex 172.5 91 280
   vertex 172 91 279.5
  endloop
 endfacet
 facet normal -0.57735026918962584 -0.57735026918962584 0.57735026918962584
  outer loop
   vertex 172.5 90 279
   vertex 172.5 91 280
   vertex 172 90.5 279
  endloop
 endfacet
 facet normal -0.57735026918962584 -0.57735026918962584 0.57735026918962584
  outer loop
   vertex 172.5 90 279
   vertex 173 90.5 280
   vertex 172.5 91 280
  endloop
 endfacet
 facet normal -0.57735026918962584 -0.57735026918962584 0.57735026918962584
  outer loop
   vertex 172.5 90 279
   vertex 173 90 279.5
   vertex 173 90.5 280
  endloop
 endfacet
 facet normal -0.57735026918962584 -0.57735026918962584 0.57735026918962584
  outer loop
   vertex 173.5 90 280
   vertex 173 90.5 280
   vertex 173 90 279.5
  endloop
 endfacet
 facet normal 0.57735026918962584 -0.57735026918962584 0.57735026918962584
  outer loop
   vertex 176 90 279.5
   vertex 176 90.5 280
   vertex 175.5 90 280
  endloop
 endfacet
 facet normal 0.57735026918962584 -0.57735026918962584 0.57735026918962584
  outer loop
   vertex 177 91 279.5
   vertex 176.5 91 280
   vertex 176 90.5 280
  endloop
 endfacet
 facet normal 0.57735026918962584 -0.57735026918962584 0.57735026918962584
  outer loop
   vertex 177 90.5 279
   vertex 177 91 279.5
   vertex 176 90.5 280
  endloop
 endfacet
 facet normal 0.57735026918962584 -0.57735026918962584 0.57735026918962584
  outer loop
   vertex 177 90.5 279
   vertex 176 90.5 280
   vertex 176 90 279.5
  endloop
 endfacet
 facet normal 0.57735026918962584 -0.57735026918962584 0.57735026918962584
  outer loop
   vertex 177 90.5 279
   vertex 176 90 279.5
   vertex 176.5 90 279
  endloop
 endfacet
 facet normal 0.57735026918962584 -0.57735026918962584 0.57735026918962584
  outer loop
   vertex 177 90.5 279
   vertex 177.5 91 279
   vertex 177 91 279.5
  endloop
 endfacet
 facet normal -0.57735026918962584 -0.57735026918962584 0.57735026918962584
  outer loop
   vertex 171 91.5 279
   vertex 171 92 279.5
   vertex 170.5 92 279
  endloop
 endfacet
 facet normal -0.57735026918962584 -0.57735026918962584 0.57735026918962584
  outer loop
   vertex 171 91.5 279
   vertex 171.5 92 280
   vertex 171 92 279.5
  endloop
 endfacet
 facet normal -0.57735026918962584 -0.57735026918962584 0.57735026918962584
  outer loop
   vertex 171.5 91 279
   vertex 171.5 92 280
   vertex 171 91.5 279
  endloop
 endfacet
 facet normal -0.57735026918962584 -0.57735026918962584 0.57735026918962584
  outer loop
   vertex 171.5 91 279
   vertex 172 91.5 280
   vertex 171.5 92 280
  endloop
 endfacet
 facet normal -0.57735026918962584 -0.57735026918962584 0.57735026918962584
  outer loop
   vertex 171.5 91 279
   vertex 172 91 279.5
   vertex 172 91.5 280
  endloop
 endfacet
 facet normal -0.57735026918962584 -0.57735026918962584 0.57735026918962584
  outer loop
   vertex 172.5 91 280
   vertex 172 91.5 280
   vertex 172 91 279.5
  endloop
 endfacet
 facet normal 0.57735026918962584 -0.57735026918962584 0.57735026918962584
  outer loop
   vertex 177 91 279.5
   vertex 177 91.5 280
   vertex 176.5 91 280
  endloop
 endfacet
 facet normal 0.57735026918962584 -0.57735026918962584 0.57735026918962584
  outer loop
   vertex 178 92 279.5
   vertex 177.5 92 280
   vertex 177 91.5 280
  endloop
 endfacet
 facet normal 0.57735026918962584 -0.57735026918962584 0.57735026918962584
  outer loop
   vertex 178 91.5 279
   vertex 178 92 279.5
   vertex 177 91.5 280
  endloop
 endfacet
 facet normal 0.57735026918962584 -0.57735026918962584 0.57735026918962584
  outer loop
   vertex 178 91.5 279
   vertex 177 91.5 280
   vertex 177 91 279.5
  endloop
 endfacet
 facet normal 0.57735026918962584 -0.57735026918962584 0.57735026918962584
  outer loop
   vertex 178 91.5 279
   vertex 177 91 279.5
   vertex 177.5 91 279
  endloop
 endfacet
 facet normal 0.57735026918962584 -0.57735026918962584 0.57735026918962584
  outer loop
   vertex 178 91.5 279
   vertex 178.5 92 279
   vertex 178 92 279.5
  endloop
 endfacet
 facet normal -0.57735026918962584 -0.57735026918962584 0.57735026918962584
  outer loop
   vertex 171 92 279.5
   vertex 171 92.5 280
   vertex 170.5 93 280
  endloop
 endfacet
 facet normal -0.57735026918962584 -0.57735026918962584 0.57735026918962584
  outer loop
   vertex 171 92 279.5
   vertex 170.5 93 280
   vertex 170.5 92 279
  endloop
 endfacet
 facet normal -1 0 -0
  outer loop
   vertex 170.5 92 279
   vertex 170.5 93 280
   vertex 170.5 93 279
  endloop
 endfacet
 facet normal -0.57735026918962584 -0.57735026918962584 0.57735026918962584
  outer loop
   vertex 171.5 92 280
   vertex 171 92.5 280
   vertex 171 92 279.5
  endloop
 endfacet
 facet normal 0.57735026918962584 -0.57735026918962584 0.57735026918962584
  outer loop
   vertex 178 92 279.5
   vertex 178 92.5 280
   vertex 177.5 92 280
  endloop
 endfacet
 facet normal 0.57735026918962584 -0.57735026918962584 0.57735026918962584
  outer loop
   vertex 178 92.5 280
   vertex 178 92 279.5
   vertex 178.5 92 279
  endloop
 endfacet
 facet normal 0.57735026918962584 -0.57735026918962584 0.57735026918962584
  outer loop
   vertex 178 92.5 280
   vertex 178.5 92 279
   vertex 178.5 93 280
  endloop
 endfacet
 facet normal 1 0 0
  outer loop
   vertex 178.5 93 280
   vertex 178.5 92 279
   vertex 178.5 93 279
  endloop
 endfacet
 facet normal -1 0 0
  outer loop
   vertex 170.5 93 279
   vertex 170.5 93 280
   vertex 170.5 94 279
  endloop
 endfacet
 facet normal -1 -0 -0
  outer loop
   vertex 170.5 93 280
   vertex 170.5 94 280
   vertex 170.5 94 279
  endloop
 endfacet
 facet normal 0.57735026918962584 -0.57735026918962584 0.57735026918962584
  outer loop
   vertex 179 94 279.5
   vertex 178.5 93 279
   vertex 179 93.5 279
  endloop
 endfacet
 facet normal 0.57735026918962584 -0.57735026918962584 0.57735026918962584
  outer loop
   vertex 179 94 279.5
   vertex 178.5 94 280
   vertex 178.5 93 279
  endloop
 endfacet
 facet normal 1 -0 0
  outer loop
   vertex 178.5 94 280
   vertex 178.5 93 280
   vertex 178.5 93 279
  endloop
 endfacet
 facet normal 0.57735026918962584 -0.57735026918962584 0.57735026918962584
  outer loop
   vertex 179 93.5 279
   vertex 179.5 94 279
   vertex 179 94 279.5
  endloop
 endfacet
 facet normal -1 0 0
  outer loop
   vertex 170.5 94 279
   vertex 170.5 94 280
   vertex 170.5 95 279
  endloop
 endfacet
 facet normal -1 -0 -0
  outer loop
   vertex 170.5 94 280
   vertex 170.5 95 280
   vertex 170.5 95 279
  endloop
 endfacet
 facet normal 0.57735026918962584 -0.57735026918962584 0.57735026918962584
  outer loop
   vertex 179 94 279.5
   vertex 179 94.5 280
   vertex 178.5 94 280
  endloop
 endfacet
 facet normal 0.57735026918962584 -0.57735026918962584 0.57735026918962584
  outer loop
   vertex 179 94.5 280
   vertex 179 94 279.5
   vertex 179.5 94 279
  endloop
 endfacet
 facet normal 0.57735026918962584 -0.57735026918962584 0.57735026918962584
  outer loop
   vertex 179 94.5 280
   vertex 179.5 94 279
   vertex 179.5 95 280
  endloop
 endfacet
 facet normal 1 0 0
  outer loop
   vertex 179.5 95 280
   vertex 179.5 94 279
   vertex 179.5 95 279
  endloop
 endfacet
 facet normal -1 0 0
  outer loop
   vertex 170.5 95 279
   vertex 170.5 95 280
   vertex 170.5 96 279
  endloop
 endfacet
 facet normal -1 -0 -0
  outer loop
   vertex 170.5 95 280
   vertex 170.5 96 280
   vertex 170.5 96 279
  endloop
 endfacet
 facet normal 1 0 0
  outer loop
   vertex 179.5 95 279
   vertex 179.5 96 279
   vertex 179.5 95 280
  endloop
 endfacet
 facet normal 1 0 -0
  outer loop
   vertex 179.5 95 280
   vertex 179.5 96 279
   vertex 179.5 96 280
  endloop
 endfacet
 facet normal -1 0 0
  outer loop
   vertex 170.5 96 279
   vertex 170.5 96 280
   vertex 170.5 97 279
  endloop
 endfacet
 facet normal -1 -0 -0
  outer loop
   vertex 170.5 96 280
   vertex 170.5 97 280
   vertex 170.5 97 279
  endloop
 endfacet
 facet normal 1 0 0
  outer loop
   vertex 179.5 96 279
   vertex 179.5 97 279
   vertex 179.5 96 280
  endloop
 endfacet
 facet normal 1 0 -0
  outer loop
   vertex 179.5 96 280
   vertex 179.5 97 279
   vertex 179.5 97 280
  endloop
 endfacet
 facet normal -1 0 0
  outer loop
   vertex 170.5 97 279
   vertex 170.5 97 280
   vertex 170.5 98 279
  endloop
 endfacet
 facet normal -1 -0 -0
  outer loop
   vertex 170.5 97 280
   vertex 170.5 98 280
   vertex 170.5 98 279
  endloop
 endfacet
 facet normal 1 0 0
  outer loop
   vertex 179.5 97 279
   vertex 179.5 98 279
   vertex 179.5 97 280
  endloop
 endfacet
 facet normal 1 0 -0
  outer loop
   vertex 179.5 97 280
   vertex 179.5 98 279
   vertex 179.5 98 280
  endloop
 endfacet
 facet normal -0.57735026918962584 0.57735026918962584 0.57735026918962584
  outer loop
   vertex 171 98.5 280
   vertex 171 99 279.5
   vertex 170.5 99 279
  endloop
 endfacet
 facet normal -0.57735026918962584 0.57735026918962584 0.57735026918962584
  outer loop
   vertex 171 98.5 280
   vertex 170.5 99 279
   vertex 170.5 98 280
  endloop
 endfacet
 facet normal -1 0 0
  outer loop
   vertex 170.5 98 280
   vertex 170.5 99 279
   vertex 170.5 98 279
  endloop
 endfacet
 facet normal -0.57735026918962584 0.57735026918962584 0.57735026918962584
  outer loop
   vertex 171 98.5 280
   vertex 171.5 99 280
   vertex 171 99 279.5
  endloop
 endfacet
 facet normal 1 0 0
  outer loop
   vertex 179.5 98 279
   vertex 179.5 99 279
   vertex 179.5 98 280
  endloop
 endfacet
 facet normal 1 0 -0
  outer loop
   vertex 179.5 98 280
   vertex 179.5 99 279
   vertex 179.5 99 280
  endloop
 endfacet
 facet normal -0.57735026918962584 0.57735026918962584 0.57735026918962584
  outer loop
   vertex 170.5 99 279
   vertex 171 99 279.5
   vertex 171 99.5 279
  endloop
 endfacet
 facet normal -0.57735026918962584 0.57735026918962584 0.57735026918962584
  outer loop
   vertex 171 99 279.5
   vertex 171.5 100 279
   vertex 171 99.5 279
  endloop
 endfacet
 facet normal -0.57735026918962584 0.57735026918962584 0.57735026918962584
  outer loop
   vertex 171 99 279.5
   vertex 171.5 99 280
   vertex 171.5 100 279
  endloop
 endfacet
 facet normal -1 -0 -0
  outer loop
   vertex 171.5 99 280
   vertex 171.5 100 280
   vertex 171.5 100 279
  endloop
 endfacet
 facet normal 0.70710678118654746 0.70710678118654746 0
  outer loop
   vertex 179 99.5 279
   vertex 178.5 100 280
   vertex 179 99.5 280
  endloop
 endfacet
 facet normal 0.70710678118654746 0.70710678118654746 0
  outer loop
   vertex 178.5 100 279
   vertex 178.5 100 280
   vertex 179 99.5 279
  endloop
 endfacet
 facet normal 0.70710678118654746 0.70710678118654746 -0
  outer loop
   vertex 179.5 99 280
   vertex 179.5 99 279
   vertex 179 99.5 279
  endloop
 endfacet
 facet normal 0.70710678118654746 0.70710678118654746 0
  outer loop
   vertex 179 99.5 280
   vertex 179.5 99 280
   vertex 179 99.5 279
  endloop
 endfacet
 facet normal -1 0 0
  outer loop
   vertex 171.5 100 279
   vertex 171.5 100 280
   vertex 171.5 101 279
  endloop
 endfacet
 facet normal -1 -0 -0
  outer loop
   vertex 171.5 100 280
   vertex 171.5 101 280
   vertex 171.5 101 279
  endloop
 endfacet
 facet normal 0.70710678118654746 0.70710678118654746 0
  outer loop
   vertex 178 100.5 279
   vertex 177.5 101 280
   vertex 178 100.5 280
  endloop
 endfacet
 facet normal 0.70710678118654746 0.70710678118654746 0
  outer loop
   vertex 177.5 101 279
   vertex 177.5 101 280
   vertex 178 100.5 279
  endloop
 endfacet
 facet normal 0.70710678118654746 0.70710678118654746 -0
  outer loop
   vertex 178.5 100 280
   vertex 178.5 100 279
   vertex 178 100.5 279
  endloop
 endfacet
 facet normal 0.70710678118654746 0.70710678118654746 0
  outer loop
   vertex 178 100.5 280
   vertex 178.5 100 280
   vertex 178 100.5 279
  endloop
 endfacet
 facet normal -0.70710678118654746 0.70710678118654746 0
  outer loop
   vertex 171.5 101 279
   vertex 171.5 101 280
   vertex 172 101.5 280
  endloop
 endfacet
 facet normal -0.70710678118654746 0.70710678118654746 0
  outer loop
   vertex 172 101.5 279
   vertex 171.5 101 279
   vertex 172 101.5 280
  endloop
 endfacet
 facet normal -0.70710678118654746 0.70710678118654746 0
  outer loop
   vertex 172 101.5 280
   vertex 172.5 102 279
   vertex 172 101.5 279
  endloop
 endfacet
 facet normal -0.70710678118654746 0.70710678118654746 0
  outer loop
   vertex 172.5 102 280
   vertex 172.5 102 279
   vertex 172 101.5 280
  endloop
 endfacet
 facet normal 1 0 0
  outer loop
   vertex 177.5 101 279
   vertex 177.5 102 279
   vertex 177.5 101 280
  endloop
 endfacet
 facet normal 1 0 -0
  outer loop
   vertex 177.5 101 280
   vertex 177.5 102 279
   vertex 177.5 102 280
  endloop
 endfacet
 facet normal -1 0 0
  outer loop
   vertex 172.5 102 279
   vertex 172.5 102 280
   vertex 172.5 103 279
  endloop
 endfacet
 facet normal -1 -0 -0
  outer loop
   vertex 172.5 102 280
   vertex 172.5 103 280
   vertex 172.5 103 279
  endloop
 endfacet
 facet normal 1 0 0
  outer loop
   vertex 177.5 102 279
   vertex 177.5 103 279
   vertex 177.5 102 280
  endloop
 endfacet
 facet normal 1 0 -0
  outer loop
   vertex 177.5 102 280
   vertex 177.5 103 279
   vertex 177.5 103 280
  endloop
 endfacet
 facet normal -0.57735026918962584 0.57735026918962584 0.57735026918962584
  outer loop
   vertex 173 103.5 280
   vertex 173 104 279.5
   vertex 172.5 104 279
  endloop
 endfacet
 facet normal -0.57735026918962584 0.57735026918962584 0.57735026918962584
  outer loop
   vertex 173 103.5 280
   vertex 172.5 104 279
   vertex 172.5 103 280
  endloop
 endfacet
 facet normal -1 0 0
  outer loop
   vertex 172.5 103 280
   vertex 172.5 104 279
   vertex 172.5 103 279
  endloop
 endfacet
 facet normal -0.57735026918962584 0.57735026918962584 0.57735026918962584
  outer loop
   vertex 173 103.5 280
   vertex 173.5 104 280
   vertex 173 104 279.5
  endloop
 endfacet
 facet normal 1 0 0
  outer loop
   vertex 177.5 103 279
   vertex 177.5 104 279
   vertex 177.5 103 280
  endloop
 endfacet
 facet normal 1 0 -0
  outer loop
   vertex 177.5 103 280
   vertex 177.5 104 279
   vertex 177.5 104 280
  endloop
 endfacet
 facet normal -0.57735026918962584 0.57735026918962584 0.57735026918962584
  outer loop
   vertex 172.5 104 279
   vertex 173 104 279.5
   vertex 173 104.5 279
  endloop
 endfacet
 facet normal -0.57735026918962584 0.57735026918962584 0.57735026918962584
  outer loop
   vertex 173 104 279.5
   vertex 173.5 105 279
   vertex 173 104.5 279
  endloop
 endfacet
 facet normal -0.57735026918962584 0.57735026918962584 0.57735026918962584
  outer loop
   vertex 173 104 279.5
   vertex 173.5 104 280
   vertex 173.5 105 279
  endloop
 endfacet
 facet normal -1 -0 -0
  outer loop
   vertex 173.5 104 280
   vertex 173.5 105 280
   vertex 173.5 105 279
  endloop
 endfacet
 facet normal 1 0 0
  outer loop
   vertex 177.5 104 279
   vertex 177.5 105 279
   vertex 177.5 104 280
  endloop
 endfacet
 facet normal 1 0 -0
  outer loop
   vertex 177.5 104 280
   vertex 177.5 105 279
   vertex 177.5 105 280
  endloop
 endfacet
 facet normal -0.70710678118654746 0.70710678118654746 0
  outer loop
   vertex 173.5 105 279
   vertex 173.5 105 280
   vertex 174 105.5 280
  endloop
 endfacet
 facet normal -0.70710678118654746 0.70710678118654746 0
  outer loop
   vertex 174 105.5 279
   vertex 173.5 105 279
   vertex 174 105.5 280
  endloop
 endfacet
 facet normal -0.57735026918962584 0.57735026918962584 0.57735026918962584
  outer loop
   vertex 174.5 106 279
   vertex 175 105.5 280
   vertex 175 106 279.5
  endloop
 endfacet
 facet normal -0.57735026918962584 0.57735026918962584 0.57735026918962584
  outer loop
   vertex 174.5 106 279
   vertex 174 105.5 279
   vertex 175 105.5 280
  endloop
 endfacet
 facet normal -0 1 0
  outer loop
   vertex 174 105.5 279
   vertex 174 105.5 280
   vertex 175 105.5 280
  endloop
 endfacet
 facet normal 0 0.70710678118654746 0.70710678118654746
  outer loop
   vertex 175 106 279.5
   vertex 176 105.5 280
   vertex 176 106 279.5
  endloop
 endfacet
 facet normal 0 0.70710678118654746 0.70710678118654746
  outer loop
   vertex 175 105.5 280
   vertex 176 105.5 280
   vertex 175 106 279.5
  endloop
 endfacet
 facet normal 0.57735026918962584 0.57735026918962584 0.57735026918962584
  outer loop
   vertex 176 106 279.5
   vertex 177 105.5 279
   vertex 176.5 106 279
  endloop
 endfacet
 facet normal 0.57735026918962584 0.57735026918962584 0.57735026918962584
  outer loop
   vertex 176 106 279.5
   vertex 176 105.5 280
   vertex 177 105.5 279
  endloop
 endfacet
 facet normal 0 1 0
  outer loop
   vertex 176 105.5 280
   vertex 177 105.5 280
   vertex 177 105.5 279
  endloop
 endfacet
 facet normal 0.70710678118654746 0.70710678118654746 -0
  outer loop
   vertex 177.5 105 280
   vertex 177.5 105 279
   vertex 177 105.5 279
  endloop
 endfacet
 facet normal 0.70710678118654746 0.70710678118654746 0
  outer loop
   vertex 177 105.5 280
   vertex 177.5 105 280
   vertex 177 105.5 279
  endloop
 endfacet
 facet normal -0.57735026918962584 0.57735026918962584 0.57735026918962584
  outer loop
   vertex 174.5 106 279
   vertex 175 106 279.5
   vertex 175 106.5 279
  endloop
 endfacet
 facet normal -0 0.70710678118654746 0.70710678118654746
  outer loop
   vertex 176 106.5 279
   vertex 175 106.5 279
   vertex 175 106 279.5
  endloop
 endfacet
 facet normal 0 0.70710678118654746 0.70710678118654746
  outer loop
   vertex 176 106 279.5
   vertex 176 106.5 279
   vertex 175 106 279.5
  endloop
 endfacet
 facet normal 0.57735026918962584 0.57735026918962584 0.57735026918962584
  outer loop
   vertex 176.5 106 279
   vertex 176 106.5 279
   vertex 176 106 279.5
  endloop
 endfacet
 facet normal -0.57735026918962584 -0.57735026918962584 0.57735026918962584
  outer loop
   vertex 174 89.5 280
   vertex 174 90 280.5
   vertex 173.5 90 280
  endloop
 endfacet
 facet normal 0 -0.70710678118654746 0.70710678118654746
  outer loop
   vertex 174 89.5 280
   vertex 175 89.5 280
   vertex 175 90 280.5
  endloop
 endfacet
 facet normal 0 -0.70710678118654746 0.70710678118654746
  outer loop
   vertex 174 90 280.5
   vertex 174 89.5 280
   vertex 175 90 280.5
  endloop
 endfacet
 facet normal 0.57735026918962584 -0.57735026918962584 0.57735026918962584
  outer loop
   vertex 175 89.5 280
   vertex 175.5 90 280
   vertex 175 90 280.5
  endloop
 endfacet
 facet normal -0.57735026918962584 -0.57735026918962584 0.57735026918962584
  outer loop
   vertex 173 90.5 280
   vertex 173 91 280.5
   vertex 172.5 91 280
  endloop
 endfacet
 facet normal -0.57735026918962584 -0.57735026918962584 0.57735026918962584
  outer loop
   vertex 173 90.5 280
   vertex 173.5 91 281
   vertex 173 91 280.5
  endloop
 endfacet
 facet normal -0.57735026918962584 -0.57735026918962584 0.57735026918962584
  outer loop
   vertex 173.5 90 280
   vertex 173.5 91 281
   vertex 173 90.5 280
  endloop
 endfacet
 facet normal -0.57735026918962584 -0.57735026918962584 0.57735026918962584
  outer loop
   vertex 173.5 90 280
   vertex 174 90.5 281
   vertex 173.5 91 281
  endloop
 endfacet
 facet normal -0.57735026918962584 -0.57735026918962584 0.57735026918962584
  outer loop
   vertex 173.5 90 280
   vertex 174 90 280.5
   vertex 174 90.5 281
  endloop
 endfacet
 facet normal 0 -0.70710678118654746 0.70710678118654746
  outer loop
   vertex 175 90 280.5
   vertex 174 90.5 281
   vertex 174 90 280.5
  endloop
 endfacet
 facet normal 0 -0.70710678118654746 0.70710678118654746
  outer loop
   vertex 175 90.5 281
   vertex 174 90.5 281
   vertex 175 90 280.5
  endloop
 endfacet
 facet normal 0.57735026918962584 -0.57735026918962584 0.57735026918962584
  outer loop
   vertex 175.5 90 280
   vertex 175 90.5 281
   vertex 175 90 280.5
  endloop
 endfacet
 facet normal 0.57735026918962584 -0.57735026918962584 0.57735026918962584
  outer loop
   vertex 175.5 90 280
   vertex 176 90.5 280
   vertex 175 90.5 281
  endloop
 endfacet
 facet normal -0 -1 -0
  outer loop
   vertex 176 90.5 280
   vertex 176 90.5 281
   vertex 175 90.5 281
  endloop
 endfacet
 facet normal 0.70710678118654746 -0.70710678118654746 0
  outer loop
   vertex 176 90.5 281
   vertex 176 90.5 280
   vertex 176.5 91 280
  endloop
 endfacet
 facet normal 0.70710678118654746 -0.70710678118654746 0
  outer loop
   vertex 176.5 91 281
   vertex 176 90.5 281
   vertex 176.5 91 280
  endloop
 endfacet
 facet normal -0.70710678118654746 -0.70710678118654746 -0
  outer loop
   vertex 172 91.5 280
   vertex 172 91.5 281
   vertex 171.5 92 281
  endloop
 endfacet
 facet normal -0.70710678118654746 -0.70710678118654746 0
  outer loop
   vertex 171.5 92 280
   vertex 172 91.5 280
   vertex 171.5 92 281
  endloop
 endfacet
 facet normal -0.57735026918962584 -0.57735026918962584 0.57735026918962584
  outer loop
   vertex 173 91 280.5
   vertex 172 91.5 280
   vertex 172.5 91 280
  endloop
 endfacet
 facet normal -0.57735026918962584 -0.57735026918962584 0.57735026918962584
  outer loop
   vertex 173 91 280.5
   vertex 173 91.5 281
   vertex 172 91.5 280
  endloop
 endfacet
 facet normal 0 -1 0
  outer loop
   vertex 173 91.5 281
   vertex 172 91.5 281
   vertex 172 91.5 280
  endloop
 endfacet
 facet normal -0.57735026918962584 -0.57735026918962584 0.57735026918962584
  outer loop
   vertex 173.5 91 281
   vertex 173 91.5 281
   vertex 173 91 280.5
  endloop
 endfacet
 facet normal 0.70710678118654746 -0.70710678118654746 0
  outer loop
   vertex 176.5 91 280
   vertex 177 91.5 281
   vertex 176.5 91 281
  endloop
 endfacet
 facet normal 0.70710678118654746 -0.70710678118654746 0
  outer loop
   vertex 177 91.5 280
   vertex 177 91.5 281
   vertex 176.5 91 280
  endloop
 endfacet
 facet normal 0.70710678118654746 -0.70710678118654746 0
  outer loop
   vertex 177 91.5 281
   vertex 177 91.5 280
   vertex 177.5 92 280
  endloop
 endfacet
 facet normal 0.70710678118654746 -0.70710678118654746 0
  outer loop
   vertex 177.5 92 281
   vertex 177 91.5 281
   vertex 177.5 92 280
  endloop
 endfacet
 facet normal -0.57735026918962584 -0.57735026918962584 0.57735026918962584
  outer loop
   vertex 171 92.5 280
   vertex 171 93 280.5
   vertex 170.5 93 280
  endloop
 endfacet
 facet normal -0.57735026918962584 -0.57735026918962584 0.57735026918962584
  outer loop
   vertex 171 92.5 280
   vertex 171.5 93 281
   vertex 171 93 280.5
  endloop
 endfacet
 facet normal -0.57735026918962584 -0.57735026918962584 0.57735026918962584
  outer loop
   vertex 171 92.5 280
   vertex 171.5 92 280
   vertex 171.5 93 281
  endloop
 endfacet
 facet normal -1 0 0
  outer loop
   vertex 171.5 92 280
   vertex 171.5 92 281
   vertex 171.5 93 281
  endloop
 endfacet
 facet normal 0.57735026918962584 -0.57735026918962584 0.57735026918962584
  outer loop
   vertex 178 93 280.5
   vertex 177.5 92 280
   vertex 178 92.5 280
  endloop
 endfacet
 facet normal 0.57735026918962584 -0.57735026918962584 0.57735026918962584
  outer loop
   vertex 178 93 280.5
   vertex 177.5 93 281
   vertex 177.5 92 280
  endloop
 endfacet
 facet normal 1 -0 0
  outer loop
   vertex 177.5 93 281
   vertex 177.5 92 281
   vertex 177.5 92 280
  endloop
 endfacet
 facet normal 0.57735026918962584 -0.57735026918962584 0.57735026918962584
  outer loop
   vertex 178 92.5 280
   vertex 178.5 93 280
   vertex 178 93 280.5
  endloop
 endfacet
 facet normal -0.57735026918962584 -0.57735026918962584 0.57735026918962584
  outer loop
   vertex 171 93 280.5
   vertex 171 93.5 281
   vertex 170.5 94 281
  endloop
 endfacet
 facet normal -0.57735026918962584 -0.57735026918962584 0.57735026918962584
  outer loop
   vertex 171 93 280.5
   vertex 170.5 94 281
   vertex 170.5 93 280
  endloop
 endfacet
 facet normal -1 0 -0
  outer loop
   vertex 170.5 93 280
   vertex 170.5 94 281
   vertex 170.5 94 280
  endloop
 endfacet
 facet normal -0.57735026918962584 -0.57735026918962584 0.57735026918962584
  outer loop
   vertex 171.5 93 281
   vertex 171 93.5 281
   vertex 171 93 280.5
  endloop
 endfacet
 facet normal 0.57735026918962584 -0.57735026918962584 0.57735026918962584
  outer loop
   vertex 178 93 280.5
   vertex 178 93.5 281
   vertex 177.5 93 281
  endloop
 endfacet
 facet normal 0.57735026918962584 -0.57735026918962584 0.57735026918962584
  outer loop
   vertex 178 93.5 281
   vertex 178 93 280.5
   vertex 178.5 93 280
  endloop
 endfacet
 facet normal 0.57735026918962584 -0.57735026918962584 0.57735026918962584
  outer loop
   vertex 178 93.5 281
   vertex 178.5 93 280
   vertex 178.5 94 281
  endloop
 endfacet
 facet normal 1 0 0
  outer loop
   vertex 178.5 94 281
   vertex 178.5 93 280
   vertex 178.5 94 280
  endloop
 endfacet
 facet normal -1 0 0
  outer loop
   vertex 170.5 94 280
   vertex 170.5 94 281
   vertex 170.5 95 280
  endloop
 endfacet
 facet normal -1 -0 -0
  outer loop
   vertex 170.5 94 281
   vertex 170.5 95 281
   vertex 170.5 95 280
  endloop
 endfacet
 facet normal 0.57735026918962584 -0.57735026918962584 0.57735026918962584
  outer loop
   vertex 179 95 280.5
   vertex 178.5 94 280
   vertex 179 94.5 280
  endloop
 endfacet
 facet normal 0.57735026918962584 -0.57735026918962584 0.57735026918962584
  outer loop
   vertex 179 95 280.5
   vertex 178.5 95 281
   vertex 178.5 94 280
  endloop
 endfacet
 facet normal 1 -0 0
  outer loop
   vertex 178.5 95 281
   vertex 178.5 94 281
   vertex 178.5 94 280
  endloop
 endfacet
 facet normal 0.57735026918962584 -0.57735026918962584 0.57735026918962584
  outer loop
   vertex 179 94.5 280
   vertex 179.5 95 280
   vertex 179 95 280.5
  endloop
 endfacet
 facet normal -1 0 0
  outer loop
   vertex 170.5 95 280
   vertex 170.5 95 281
   vertex 170.5 96 280
  endloop
 endfacet
 facet normal -1 -0 -0
  outer loop
   vertex 170.5 95 281
   vertex 170.5 96 281
   vertex 170.5 96 280
  endloop
 endfacet
 facet normal 0.57735026918962584 -0.57735026918962584 0.57735026918962584
  outer loop
   vertex 179 95 280.5
   vertex 179 95.5 281
   vertex 178.5 95 281
  endloop
 endfacet
 facet normal 0.57735026918962584 -0.57735026918962584 0.57735026918962584
  outer loop
   vertex 179 95.5 281
   vertex 179 95 280.5
   vertex 179.5 95 280
  endloop
 endfacet
 facet normal 0.57735026918962584 -0.57735026918962584 0.57735026918962584
  outer loop
   vertex 179 95.5 281
   vertex 179.5 95 280
   vertex 179.5 96 281
  endloop
 endfacet
 facet normal 1 0 0
  outer loop
   vertex 179.5 96 281
   vertex 179.5 95 280
   vertex 179.5 96 280
  endloop
 endfacet
 facet normal -1 0 0
  outer loop
   vertex 170.5 96 280
   vertex 170.5 96 281
   vertex 170.5 97 280
  endloop
 endfacet
 facet normal -1 -0 -0
  outer loop
   vertex 170.5 96 281
   vertex 170.5 97 281
   vertex 170.5 97 280
  endloop
 endfacet
 facet normal 1 0 0
  outer loop
   vertex 179.5 96 280
   vertex 179.5 97 280
   vertex 179.5 96 281
  endloop
 endfacet
 facet normal 1 0 -0
  outer loop
   vertex 179.5 96 281
   vertex 179.5 97 280
   vertex 179.5 97 281
  endloop
 endfacet
 facet normal -0.57735026918962584 0.57735026918962584 0.57735026918962584
  outer loop
   vertex 171 97.5 281
   vertex 171 98 280.5
   vertex 170.5 98 280
  endloop
 endfacet
 facet normal -0.57735026918962584 0.57735026918962584 0.57735026918962584
  outer loop
   vertex 171 97.5 281
   vertex 170.5 98 280
   vertex 170.5 97 281
  endloop
 endfacet
 facet normal -1 0 0
  outer loop
   vertex 170.5 97 281
   vertex 170.5 98 280
   vertex 170.5 97 280
  endloop
 endfacet
 facet normal -0.57735026918962584 0.57735026918962584 0.57735026918962584
  outer loop
   vertex 171 97.5 281
   vertex 171.5 98 281
   vertex 171 98 280.5
  endloop
 endfacet
 facet normal 1 0 0
  outer loop
   vertex 179.5 97 280
   vertex 179.5 98 280
   vertex 179.5 97 281
  endloop
 endfacet
 facet normal 1 0 -0
  outer loop
   vertex 179.5 97 281
   vertex 179.5 98 280
   vertex 179.5 98 281
  endloop
 endfacet
 facet normal -0.57735026918962584 0.57735026918962584 0.57735026918962584
  outer loop
   vertex 170.5 98 280
   vertex 171 98 280.5
   vertex 171 98.5 280
  endloop
 endfacet
 facet normal -0.57735026918962584 0.57735026918962584 0.57735026918962584
  outer loop
   vertex 171 98 280.5
   vertex 171.5 99 280
   vertex 171 98.5 280
  endloop
 endfacet
 facet normal -0.57735026918962584 0.57735026918962584 0.57735026918962584
  outer loop
   vertex 171 98 280.5
   vertex 171.5 98 281
   vertex 171.5 99 280
  endloop
 endfacet
 facet normal -1 -0 -0
  outer loop
   vertex 171.5 98 281
   vertex 171.5 99 281
   vertex 171.5 99 280
  endloop
 endfacet
 facet normal 1 0 0
  outer loop
   vertex 179.5 98 280
   vertex 179.5 99 280
   vertex 179.5 98 281
  endloop
 endfacet
 facet normal 1 0 -0
  outer loop
   vertex 179.5 98 281
   vertex 179.5 99 280
   vertex 179.5 99 281
  endloop
 endfacet
 facet normal -1 0 0
  outer loop
   vertex 171.5 99 280
   vertex 171.5 99 281
   vertex 171.5 100 280
  endloop
 endfacet
 facet normal -1 -0 -0
  outer loop
   vertex 171.5 99 281
   vertex 171.5 100 281
   vertex 171.5 100 280
  endloop
 endfacet
 facet normal 0.70710678118654746 0.70710678118654746 0
  outer loop
   vertex 179 99.5 280
   vertex 178.5 100 281
   vertex 179 99.5 281
  endloop
 endfacet
 facet normal 0.70710678118654746 0.70710678118654746 0
  outer loop
   vertex 178.5 100 280
   vertex 178.5 100 281
   vertex 179 99.5 280
  endloop
 endfacet
 facet normal 0.70710678118654746 0.70710678118654746 -0
  outer loop
   vertex 179.5 99 281
   vertex 179.5 99 280
   vertex 179 99.5 280
  endloop
 endfacet
 facet normal 0.70710678118654746 0.70710678118654746 0
  outer loop
   vertex 179 99.5 281
   vertex 179.5 99 281
   vertex 179 99.5 280
  endloop
 endfacet
 facet normal -0.57735026918962584 0.57735026918962584 0.57735026918962584
  outer loop
   vertex 172 100.5 281
   vertex 172 101 280.5
   vertex 171.5 101 280
  endloop
 endfacet
 facet normal -0.57735026918962584 0.57735026918962584 0.57735026918962584
  outer loop
   vertex 172 100.5 281
   vertex 171.5 101 280
   vertex 171.5 100 281
  endloop
 endfacet
 facet normal -1 0 0
  outer loop
   vertex 171.5 100 281
   vertex 171.5 101 280
   vertex 171.5 100 280
  endloop
 endfacet
 facet normal -0.57735026918962584 0.57735026918962584 0.57735026918962584
  outer loop
   vertex 172 100.5 281
   vertex 172.5 101 281
   vertex 172 101 280.5
  endloop
 endfacet
 facet normal 0.70710678118654746 0.70710678118654746 0
  outer loop
   vertex 178 100.5 280
   vertex 177.5 101 281
   vertex 178 100.5 281
  endloop
 endfacet
 facet normal 0.70710678118654746 0.70710678118654746 0
  outer loop
   vertex 177.5 101 280
   vertex 177.5 101 281
   vertex 178 100.5 280
  endloop
 endfacet
 facet normal 0.70710678118654746 0.70710678118654746 -0
  outer loop
   vertex 178.5 100 281
   vertex 178.5 100 280
   vertex 178 100.5 280
  endloop
 endfacet
 facet normal 0.70710678118654746 0.70710678118654746 0
  outer loop
   vertex 178 100.5 281
   vertex 178.5 100 281
   vertex 178 100.5 280
  endloop
 endfacet
 facet normal -0.57735026918962584 0.57735026918962584 0.57735026918962584
  outer loop
   vertex 171.5 101 280
   vertex 172 101 280.5
   vertex 172 101.5 280
  endloop
 endfacet
 facet normal -0.57735026918962584 0.57735026918962584 0.57735026918962584
  outer loop
   vertex 172 101 280.5
   vertex 172.5 102 280
   vertex 172 101.5 280
  endloop
 endfacet
 facet normal -0.57735026918962584 0.57735026918962584 0.57735026918962584
  outer loop
   vertex 172 101 280.5
   vertex 172.5 101 281
   vertex 172.5 102 280
  endloop
 endfacet
 facet normal -1 -0 -0
  outer loop
   vertex 172.5 101 281
   vertex 172.5 102 281
   vertex 172.5 102 280
  endloop
 endfacet
 facet normal 1 0 0
  outer loop
   vertex 177.5 101 280
   vertex 177.5 102 280
   vertex 177.5 101 281
  endloop
 endfacet
 facet normal 1 0 -0
  outer loop
   vertex 177.5 101 281
   vertex 177.5 102 280
   vertex 177.5 102 281
  endloop
 endfacet
 facet normal -0.57735026918962584 0.57735026918962584 0.57735026918962584
  outer loop
   vertex 173 102.5 281
   vertex 173 103 280.5
   vertex 172.5 103 280
  endloop
 endfacet
 facet normal -0.57735026918962584 0.57735026918962584 0.57735026918962584
  outer loop
   vertex 173 102.5 281
   vertex 172.5 103 280
   vertex 172.5 102 281
  endloop
 endfacet
 facet normal -1 0 0
  outer loop
   vertex 172.5 102 281
   vertex 172.5 103 280
   vertex 172.5 102 280
  endloop
 endfacet
 facet normal -0.57735026918962584 0.57735026918962584 0.57735026918962584
  outer loop
   vertex 173 102.5 281
   vertex 173.5 103 281
   vertex 173 103 280.5
  endloop
 endfacet
 facet normal 1 0 0
  outer loop
   vertex 177.5 102 280
   vertex 177.5 103 280
   vertex 177.5 102 281
  endloop
 endfacet
 facet normal 1 0 -0
  outer loop
   vertex 177.5 102 281
   vertex 177.5 103 280
   vertex 177.5 103 281
  endloop
 endfacet
 facet normal -0.57735026918962584 0.57735026918962584 0.57735026918962584
  outer loop
   vertex 172.5 103 280
   vertex 173 103 280.5
   vertex 173 103.5 280
  endloop
 endfacet
 facet normal -0.57735026918962584 0.57735026918962584 0.57735026918962584
  outer loop
   vertex 173 103 280.5
   vertex 173.5 104 280
   vertex 173 103.5 280
  endloop
 endfacet
 facet normal -0.57735026918962584 0.57735026918962584 0.57735026918962584
  outer loop
   vertex 173 103 280.5
   vertex 173.5 103 281
   vertex 173.5 104 280
  endloop
 endfacet
 facet normal -1 -0 -0
  outer loop
   vertex 173.5 103 281
   vertex 173.5 104 281
   vertex 173.5 104 280
  endloop
 endfacet
 facet normal 1 0 0
  outer loop
   vertex 177.5 103 280
   vertex 177.5 104 280
   vertex 177.5 103 281
  endloop
 endfacet
 facet normal 1 0 -0
  outer loop
   vertex 177.5 103 281
   vertex 177.5 104 280
   vertex 177.5 104 281
  endloop
 endfacet
 facet normal -0.57735026918962584 0.57735026918962584 0.57735026918962584
  outer loop
   vertex 174 104.5 281
   vertex 174 105 280.5
   vertex 173.5 105 280
  endloop
 endfacet
 facet normal -0.57735026918962584 0.57735026918962584 0.57735026918962584
  outer loop
   vertex 174 104.5 281
   vertex 173.5 105 280
   vertex 173.5 104 281
  endloop
 endfacet
 facet normal -1 0 0
  outer loop
   vertex 173.5 104 281
   vertex 173.5 105 280
   vertex 173.5 104 280
  endloop
 endfacet
 facet normal -0.57735026918962584 0.57735026918962584 0.57735026918962584
  outer loop
   vertex 174 104.5 281
   vertex 174.5 105 281
   vertex 174 105 280.5
  endloop
 endfacet
 facet normal 0.57735026918962584 0.57735026918962584 0.57735026918962584
  outer loop
   vertex 177 105 280.5
   vertex 176.5 105 281
   vertex 177 104.5 281
  endloop
 endfacet
 facet normal 0.57735026918962584 0.57735026918962584 0.57735026918962584
  outer loop
   vertex 177 105 280.5
   vertex 177 104.5 281
   vertex 177.5 104 281
  endloop
 endfacet
 facet normal 0.57735026918962584 0.57735026918962584 0.57735026918962584
  outer loop
   vertex 177 105 280.5
   vertex 177.5 104 281
   vertex 177.5 105 280
  endloop
 endfacet
 facet normal 1 0 0
  outer loop
   vertex 177.5 105 280
   vertex 177.5 104 281
   vertex 177.5 104 280
  endloop
 endfacet
 facet normal -0.57735026918962584 0.57735026918962584 0.57735026918962584
  outer loop
   vertex 173.5 105 280
   vertex 174 105 280.5
   vertex 174 105.5 280
  endloop
 endfacet
 facet normal -0.57735026918962584 0.57735026918962584 0.57735026918962584
  outer loop
   vertex 174 105 280.5
   vertex 174.5 105 281
   vertex 175 105.5 281
  endloop
 endfacet
 facet normal -0.57735026918962584 0.57735026918962584 0.57735026918962584
  outer loop
   vertex 174 105 280.5
   vertex 175 105.5 281
   vertex 174 105.5 280
  endloop
 endfacet
 facet normal 0 1 0
  outer loop
   vertex 174 105.5 280
   vertex 175 105.5 281
   vertex 175 105.5 280
  endloop
 endfacet
 facet normal 0 1 0
  outer loop
   vertex 176 105.5 280
   vertex 175 105.5 280
   vertex 176 105.5 281
  endloop
 endfacet
 facet normal -0 1 0
  outer loop
   vertex 175 105.5 280
   vertex 175 105.5 281
   vertex 176 105.5 281
  endloop
 endfacet
 facet normal 0.57735026918962584 0.57735026918962584 0.57735026918962584
  outer loop
   vertex 176.5 105 281
   vertex 177 105 280.5
   vertex 177 105.5 280
  endloop
 endfacet
 facet normal 0.57735026918962584 0.57735026918962584 0.57735026918962584
  outer loop
   vertex 176.5 105 281
   vertex 177 105.5 280
   vertex 176 105.5 281
  endloop
 endfacet
 facet normal 0 1 0
  outer loop
   vertex 176 105.5 281
   vertex 177 105.5 280
   vertex 176 105.5 280
  endloop
 endfacet
 facet normal 0.57735026918962584 0.57735026918962584 0.57735026918962584
  outer loop
   vertex 177.5 105 280
   vertex 177 105.5 280
   vertex 177 105 280.5
  endloop
 endfacet
 facet normal -0.70710678118654746 -0.70710678118654746 -0
  outer loop
   vertex 174 90.5 281
   vertex 174 90.5 282
   vertex 173.5 91 282
  endloop
 endfacet
 facet normal -0.70710678118654746 -0.70710678118654746 0
  outer loop
   vertex 173.5 91 281
   vertex 174 90.5 281
   vertex 173.5 91 282
  endloop
 endfacet
 facet normal 0 -1 -0
  outer loop
   vertex 175 90.5 281
   vertex 175 90.5 282
   vertex 174 90.5 281
  endloop
 endfacet
 facet normal -0 -1 0
  outer loop
   vertex 174 90.5 281
   vertex 175 90.5 282
   vertex 174 90.5 282
  endloop
 endfacet
 facet normal 0.57735026918962584 -0.57735026918962584 0.57735026918962584
  outer loop
   vertex 176 91 281.5
   vertex 175.5 91 282
   vertex 175 90.5 282
  endloop
 endfacet
 facet normal 0.57735026918962584 -0.57735026918962584 0.57735026918962584
  outer loop
   vertex 176 91 281.5
   vertex 175 90.5 282
   vertex 176 90.5 281
  endloop
 endfacet
 facet normal 0 -1 0
  outer loop
   vertex 176 90.5 281
   vertex 175 90.5 282
   vertex 175 90.5 281
  endloop
 endfacet
 facet normal 0.57735026918962584 -0.57735026918962584 0.57735026918962584
  outer loop
   vertex 176 90.5 281
   vertex 176.5 91 281
   vertex 176 91 281.5
  endloop
 endfacet
 facet normal -0.57735026918962584 -0.57735026918962584 0.57735026918962584
  outer loop
   vertex 172 91.5 281
   vertex 172 92 281.5
   vertex 171.5 92 281
  endloop
 endfacet
 facet normal 0 -0.70710678118654746 0.70710678118654746
  outer loop
   vertex 172 91.5 281
   vertex 173 91.5 281
   vertex 173 92 281.5
  endloop
 endfacet
 facet normal 0 -0.70710678118654746 0.70710678118654746
  outer loop
   vertex 172 92 281.5
   vertex 172 91.5 281
   vertex 173 92 281.5
  endloop
 endfacet
 facet normal -0.57735026918962584 -0.57735026918962584 0.57735026918962584
  outer loop
   vertex 173 91.5 281
   vertex 173.5 92 282
   vertex 173 92 281.5
  endloop
 endfacet
 facet normal -0.57735026918962584 -0.57735026918962584 0.57735026918962584
  outer loop
   vertex 173 91.5 281
   vertex 173.5 91 281
   vertex 173.5 92 282
  endloop
 endfacet
 facet normal -1 0 0
  outer loop
   vertex 173.5 91 281
   vertex 173.5 91 282
   vertex 173.5 92 282
  endloop
 endfacet
 facet normal 0.57735026918962584 -0.57735026918962584 0.57735026918962584
  outer loop
   vertex 176 91 281.5
   vertex 176 91.5 282
   vertex 175.5 91 282
  endloop
 endfacet
 facet normal 0.57735026918962584 -0.57735026918962584 0.57735026918962584
  outer loop
   vertex 177 92 281.5
   vertex 176.5 92 282
   vertex 176 91.5 282
  endloop
 endfacet
 facet normal 0.57735026918962584 -0.57735026918962584 0.57735026918962584
  outer loop
   vertex 177 91.5 281
   vertex 177 92 281.5
   vertex 176 91.5 282
  endloop
 endfacet
 facet normal 0.57735026918962584 -0.57735026918962584 0.57735026918962584
  outer loop
   vertex 177 91.5 281
   vertex 176 91.5 282
   vertex 176 91 281.5
  endloop
 endfacet
 facet normal 0.57735026918962584 -0.57735026918962584 0.57735026918962584
  outer loop
   vertex 177 91.5 281
   vertex 176 91 281.5
   vertex 176.5 91 281
  endloop
 endfacet
 facet normal 0.57735026918962584 -0.57735026918962584 0.57735026918962584
  outer loop
   vertex 177 91.5 281
   vertex 177.5 92 281
   vertex 177 92 281.5
  endloop
 endfacet
 facet normal -0.70710678118654746 0 0.70710678118654746
  outer loop
   vertex 172 92 281.5
   vertex 172 93 281.5
   vertex 171.5 93 281
  endloop
 endfacet
 facet normal -0.70710678118654746 0 0.70710678118654746
  outer loop
   vertex 171.5 92 281
   vertex 172 92 281.5
   vertex 171.5 93 281
  endloop
 endfacet
 facet normal -0.57735026918962584 -0.57735026918962584 0.57735026918962584
  outer loop
   vertex 172.5 93 282
   vertex 173 92 281.5
   vertex 173 92.5 282
  endloop
 endfacet
 facet normal -0.57735026918962584 -0.57735026918962584 0.57735026918962584
  outer loop
   vertex 172.5 93 282
   vertex 172 93 281.5
   vertex 173 92 281.5
  endloop
 endfacet
 facet normal 0 0 1
  outer loop
   vertex 172 93 281.5
   vertex 172 92 281.5
   vertex 173 92 281.5
  endloop
 endfacet
 facet normal -0.57735026918962584 -0.57735026918962584 0.57735026918962584
  outer loop
   vertex 173.5 92 282
   vertex 173 92.5 282
   vertex 173 92 281.5
  endloop
 endfacet
 facet normal 0.57735026918962584 -0.57735026918962584 0.57735026918962584
  outer loop
   vertex 177 92 281.5
   vertex 177 92.5 282
   vertex 176.5 92 282
  endloop
 endfacet
 facet normal 0.57735026918962584 -0.57735026918962584 0.57735026918962584
  outer loop
   vertex 177 92.5 282
   vertex 177 92 281.5
   vertex 177.5 92 281
  endloop
 endfacet
 facet normal 0.57735026918962584 -0.57735026918962584 0.57735026918962584
  outer loop
   vertex 177 92.5 282
   vertex 177.5 92 281
   vertex 177.5 93 282
  endloop
 endfacet
 facet normal 1 0 0
  outer loop
   vertex 177.5 93 282
   vertex 177.5 92 281
   vertex 177.5 93 281
  endloop
 endfacet
 facet normal -0.57735026918962584 -0.57735026918962584 0.57735026918962584
  outer loop
   vertex 171 93.5 281
   vertex 171 94 281.5
   vertex 170.5 94 281
  endloop
 endfacet
 facet normal -0.57735026918962584 -0.57735026918962584 0.57735026918962584
  outer loop
   vertex 171 93.5 281
   vertex 171.5 94 282
   vertex 171 94 281.5
  endloop
 endfacet
 facet normal -0.57735026918962584 -0.57735026918962584 0.57735026918962584
  outer loop
   vertex 171.5 93 281
   vertex 171.5 94 282
   vertex 171 93.5 281
  endloop
 endfacet
 facet normal -0.57735026918962584 -0.57735026918962584 0.57735026918962584
  outer loop
   vertex 171.5 93 281
   vertex 172 93.5 282
   vertex 171.5 94 282
  endloop
 endfacet
 facet normal -0.57735026918962584 -0.57735026918962584 0.57735026918962584
  outer loop
   vertex 171.5 93 281
   vertex 172 93 281.5
   vertex 172 93.5 282
  endloop
 endfacet
 facet normal -0.57735026918962584 -0.57735026918962584 0.57735026918962584
  outer loop
   vertex 172.5 93 282
   vertex 172 93.5 282
   vertex 172 93 281.5
  endloop
 endfacet
 facet normal 0.57735026918962584 -0.57735026918962584 0.57735026918962584
  outer loop
   vertex 178 94 281.5
   vertex 177.5 93 281
   vertex 178 93.5 281
  endloop
 endfacet
 facet normal 0.57735026918962584 -0.57735026918962584 0.57735026918962584
  outer loop
   vertex 178 94 281.5
   vertex 177.5 94 282
   vertex 177.5 93 281
  endloop
 endfacet
 facet normal 1 -0 0
  outer loop
   vertex 177.5 94 282
   vertex 177.5 93 282
   vertex 177.5 93 281
  endloop
 endfacet
 facet normal 0.57735026918962584 -0.57735026918962584 0.57735026918962584
  outer loop
   vertex 178 93.5 281
   vertex 178.5 94 281
   vertex 178 94 281.5
  endloop
 endfacet
 facet normal -0.70710678118654746 0 0.70710678118654746
  outer loop
   vertex 171 94 281.5
   vertex 171 95 281.5
   vertex 170.5 95 281
  endloop
 endfacet
 facet normal -0.70710678118654746 0 0.70710678118654746
  outer loop
   vertex 170.5 94 281
   vertex 171 94 281.5
   vertex 170.5 95 281
  endloop
 endfacet
 facet normal -0.70710678118654746 0 0.70710678118654746
  outer loop
   vertex 171.5 95 282
   vertex 171 94 281.5
   vertex 171.5 94 282
  endloop
 endfacet
 facet normal -0.70710678118654746 0 0.70710678118654746
  outer loop
   vertex 171 95 281.5
   vertex 171 94 281.5
   vertex 171.5 95 282
  endloop
 endfacet
 facet normal 0.57735026918962584 -0.57735026918962584 0.57735026918962584
  outer loop
   vertex 178 94 281.5
   vertex 178 94.5 282
   vertex 177.5 94 282
  endloop
 endfacet
 facet normal 0.57735026918962584 -0.57735026918962584 0.57735026918962584
  outer loop
   vertex 178 94.5 282
   vertex 178 94 281.5
   vertex 178.5 94 281
  endloop
 endfacet
 facet normal 0.57735026918962584 -0.57735026918962584 0.57735026918962584
  outer loop
   vertex 178 94.5 282
   vertex 178.5 94 281
   vertex 178.5 95 282
  endloop
 endfacet
 facet normal 1 0 0
  outer loop
   vertex 178.5 95 282
   vertex 178.5 94 281
   vertex 178.5 95 281
  endloop
 endfacet
 facet normal -0.70710678118654746 0 0.70710678118654746
  outer loop
   vertex 171 95 281.5
   vertex 171 96 281.5
   vertex 170.5 96 281
  endloop
 endfacet
 facet normal -0.70710678118654746 0 0.70710678118654746
  outer loop
   vertex 170.5 95 281
   vertex 171 95 281.5
   vertex 170.5 96 281
  endloop
 endfacet
 facet normal -0.70710678118654746 0 0.70710678118654746
  outer loop
   vertex 171.5 96 282
   vertex 171 95 281.5
   vertex 171.5 95 282
  endloop
 endfacet
 facet normal -0.70710678118654746 0 0.70710678118654746
  outer loop
   vertex 171 96 281.5
   vertex 171 95 281.5
   vertex 171.5 96 282
  endloop
 endfacet
 facet normal 0.57735026918962584 -0.57735026918962584 0.57735026918962584
  outer loop
   vertex 179 96 281.5
   vertex 178.5 95 281
   vertex 179 95.5 281
  endloop
 endfacet
 facet normal 0.57735026918962584 -0.57735026918962584 0.57735026918962584
  outer loop
   vertex 179 96 281.5
   vertex 178.5 96 282
   vertex 178.5 95 281
  endloop
 endfacet
 facet normal 1 -0 0
  outer loop
   vertex 178.5 96 282
   vertex 178.5 95 282
   vertex 178.5 95 281
  endloop
 endfacet
 facet normal 0.57735026918962584 -0.57735026918962584 0.57735026918962584
  outer loop
   vertex 179 95.5 281
   vertex 179.5 96 281
   vertex 179 96 281.5
  endloop
 endfacet
 facet normal -0.70710678118654746 0 0.70710678118654746
  outer loop
   vertex 171 96 281.5
   vertex 171 97 281.5
   vertex 170.5 97 281
  endloop
 endfacet
 facet normal -0.70710678118654746 0 0.70710678118654746
  outer loop
   vertex 170.5 96 281
   vertex 171 96 281.5
   vertex 170.5 97 281
  endloop
 endfacet
 facet normal -0.70710678118654746 0 0.70710678118654746
  outer loop
   vertex 171.5 97 282
   vertex 171 96 281.5
   vertex 171.5 96 282
  endloop
 endfacet
 facet normal -0.70710678118654746 0 0.70710678118654746
  outer loop
   vertex 171 97 281.5
   vertex 171 96 281.5
   vertex 171.5 97 282
  endloop
 endfacet
 facet normal 0.57735026918962584 -0.57735026918962584 0.57735026918962584
  outer loop
   vertex 179 96 281.5
   vertex 179 96.5 282
   vertex 178.5 96 282
  endloop
 endfacet
 facet normal 0.57735026918962584 -0.57735026918962584 0.57735026918962584
  outer loop
   vertex 179 96.5 282
   vertex 179 96 281.5
   vertex 179.5 96 281
  endloop
 endfacet
 facet normal 0.57735026918962584 -0.57735026918962584 0.57735026918962584
  outer loop
   vertex 179 96.5 282
   vertex 179.5 96 281
   vertex 179.5 97 282
  endloop
 endfacet
 facet normal 1 0 0
  outer loop
   vertex 179.5 97 282
   vertex 179.5 96 281
   vertex 179.5 97 281
  endloop
 endfacet
 facet normal -0.57735026918962584 0.57735026918962584 0.57735026918962584
  outer loop
   vertex 170.5 97 281
   vertex 171 97 281.5
   vertex 171 97.5 281
  endloop
 endfacet
 facet normal -0.57735026918962584 0.57735026918962584 0.57735026918962584
  outer loop
   vertex 171 97 281.5
   vertex 171.5 98 281
   vertex 171 97.5 281
  endloop
 endfacet
 facet normal -0.57735026918962584 0.57735026918962584 0.57735026918962584
  outer loop
   vertex 171 97 281.5
   vertex 171.5 97 282
   vertex 171.5 98 281
  endloop
 endfacet
 facet normal -1 -0 -0
  outer loop
   vertex 171.5 97 282
   vertex 171.5 98 282
   vertex 171.5 98 281
  endloop
 endfacet
 facet normal 1 0 0
  outer loop
   vertex 179.5 97 281
   vertex 179.5 98 281
   vertex 179.5 97 282
  endloop
 endfacet
 facet normal 1 0 -0
  outer loop
   vertex 179.5 97 282
   vertex 179.5 98 281
   vertex 179.5 98 282
  endloop
 endfacet
 facet normal -1 0 0
  outer loop
   vertex 171.5 98 281
   vertex 171.5 98 282
   vertex 171.5 99 281
  endloop
 endfacet
 facet normal -1 -0 -0
  outer loop
   vertex 171.5 98 282
   vertex 171.5 99 282
   vertex 171.5 99 281
  endloop
 endfacet
 facet normal 1 0 0
  outer loop
   vertex 179.5 98 281
   vertex 179.5 99 281
   vertex 179.5 98 282
  endloop
 endfacet
 facet normal 1 0 -0
  outer loop
   vertex 179.5 98 282
   vertex 179.5 99 281
   vertex 179.5 99 282
  endloop
 endfacet
 facet normal -1 0 0
  outer loop
   vertex 171.5 99 281
   vertex 171.5 99 282
   vertex 171.5 100 281
  endloop
 endfacet
 facet normal -1 -0 -0
  outer loop
   vertex 171.5 99 282
   vertex 171.5 100 282
   vertex 171.5 100 281
  endloop
 endfacet
 facet normal 0.70710678118654746 0.70710678118654746 0
  outer loop
   vertex 179 99.5 281
   vertex 178.5 100 282
   vertex 179 99.5 282
  endloop
 endfacet
 facet normal 0.70710678118654746 0.70710678118654746 0
  outer loop
   vertex 178.5 100 281
   vertex 178.5 100 282
   vertex 179 99.5 281
  endloop
 endfacet
 facet normal 0.70710678118654746 0.70710678118654746 -0
  outer loop
   vertex 179.5 99 282
   vertex 179.5 99 281
   vertex 179 99.5 281
  endloop
 endfacet
 facet normal 0.70710678118654746 0.70710678118654746 0
  outer loop
   vertex 179 99.5 282
   vertex 179.5 99 282
   vertex 179 99.5 281
  endloop
 endfacet
 facet normal -0.70710678118654746 0.70710678118654746 0
  outer loop
   vertex 171.5 100 281
   vertex 171.5 100 282
   vertex 172 100.5 282
  endloop
 endfacet
 facet normal -0.70710678118654746 0.70710678118654746 0
  outer loop
   vertex 172 100.5 281
   vertex 171.5 100 281
   vertex 172 100.5 282
  endloop
 endfacet
 facet normal -0.70710678118654746 0.70710678118654746 0
  outer loop
   vertex 172 100.5 282
   vertex 172.5 101 281
   vertex 172 100.5 281
  endloop
 endfacet
 facet normal -0.70710678118654746 0.70710678118654746 0
  outer loop
   vertex 172.5 101 282
   vertex 172.5 101 281
   vertex 172 100.5 282
  endloop
 endfacet
 facet normal 0.70710678118654746 0.70710678118654746 0
  outer loop
   vertex 178 100.5 281
   vertex 177.5 101 282
   vertex 178 100.5 282
  endloop
 endfacet
 facet normal 0.70710678118654746 0.70710678118654746 0
  outer loop
   vertex 177.5 101 281
   vertex 177.5 101 282
   vertex 178 100.5 281
  endloop
 endfacet
 facet normal 0.70710678118654746 0.70710678118654746 -0
  outer loop
   vertex 178.5 100 282
   vertex 178.5 100 281
   vertex 178 100.5 281
  endloop
 endfacet
 facet normal 0.70710678118654746 0.70710678118654746 0
  outer loop
   vertex 178 100.5 282
   vertex 178.5 100 282
   vertex 178 100.5 281
  endloop
 endfacet
 facet normal -1 0 0
  outer loop
   vertex 172.5 101 281
   vertex 172.5 101 282
   vertex 172.5 102 281
  endloop
 endfacet
 facet normal -1 -0 -0
  outer loop
   vertex 172.5 101 282
   vertex 172.5 102 282
   vertex 172.5 102 281
  endloop
 endfacet
 facet normal 1 0 0
  outer loop
   vertex 177.5 101 281
   vertex 177.5 102 281
   vertex 177.5 101 282
  endloop
 endfacet
 facet normal 1 0 -0
  outer loop
   vertex 177.5 101 282
   vertex 177.5 102 281
   vertex 177.5 102 282
  endloop
 endfacet
 facet normal -0.70710678118654746 0.70710678118654746 0
  outer loop
   vertex 172.5 102 281
   vertex 172.5 102 282
   vertex 173 102.5 282
  endloop
 endfacet
 facet normal -0.70710678118654746 0.70710678118654746 0
  outer loop
   vertex 173 102.5 281
   vertex 172.5 102 281
   vertex 173 102.5 282
  endloop
 endfacet
 facet normal -0.70710678118654746 0.70710678118654746 0
  outer loop
   vertex 173 102.5 282
   vertex 173.5 103 281
   vertex 173 102.5 281
  endloop
 endfacet
 facet normal -0.70710678118654746 0.70710678118654746 0
  outer loop
   vertex 173.5 103 282
   vertex 173.5 103 281
   vertex 173 102.5 282
  endloop
 endfacet
 facet normal 1 0 0
  outer loop
   vertex 177.5 102 281
   vertex 177.5 103 281
   vertex 177.5 102 282
  endloop
 endfacet
 facet normal 1 0 -0
  outer loop
   vertex 177.5 102 282
   vertex 177.5 103 281
   vertex 177.5 103 282
  endloop
 endfacet
 facet normal -1 0 0
  outer loop
   vertex 173.5 103 281
   vertex 173.5 103 282
   vertex 173.5 104 281
  endloop
 endfacet
 facet normal -1 -0 -0
  outer loop
   vertex 173.5 103 282
   vertex 173.5 104 282
   vertex 173.5 104 281
  endloop
 endfacet
 facet normal 1 0 0
  outer loop
   vertex 177.5 103 281
   vertex 177.5 104 281
   vertex 177.5 103 282
  endloop
 endfacet
 facet normal 1 0 -0
  outer loop
   vertex 177.5 103 282
   vertex 177.5 104 281
   vertex 177.5 104 282
  endloop
 endfacet
 facet normal -0.70710678118654746 0.70710678118654746 0
  outer loop
   vertex 173.5 104 281
   vertex 173.5 104 282
   vertex 174 104.5 282
  endloop
 endfacet
 facet normal -0.70710678118654746 0.70710678118654746 0
  outer loop
   vertex 174 104.5 281
   vertex 173.5 104 281
   vertex 174 104.5 282
  endloop
 endfacet
 facet normal -0.57735026918962584 0.57735026918962584 0.57735026918962584
  outer loop
   vertex 174.5 105 281
   vertex 175 104.5 282
   vertex 175 105 281.5
  endloop
 endfacet
 facet normal -0.57735026918962584 0.57735026918962584 0.57735026918962584
  outer loop
   vertex 174.5 105 281
   vertex 174 104.5 281
   vertex 175 104.5 282
  endloop
 endfacet
 facet normal -0 1 0
  outer loop
   vertex 174 104.5 281
   vertex 174 104.5 282
   vertex 175 104.5 282
  endloop
 endfacet
 facet normal -0.57735026918962584 0.57735026918962584 0.57735026918962584
  outer loop
   vertex 175 104.5 282
   vertex 175.5 105 282
   vertex 175 105 281.5
  endloop
 endfacet
 facet normal 0.70710678118654746 0.70710678118654746 0
  outer loop
   vertex 177 104.5 281
   vertex 176.5 105 282
   vertex 177 104.5 282
  endloop
 endfacet
 facet normal 0.70710678118654746 0.70710678118654746 0
  outer loop
   vertex 176.5 105 281
   vertex 176.5 105 282
   vertex 177 104.5 281
  endloop
 endfacet
 facet normal 0.70710678118654746 0.70710678118654746 -0
  outer loop
   vertex 177.5 104 282
   vertex 177.5 104 281
   vertex 177 104.5 281
  endloop
 endfacet
 facet normal 0.70710678118654746 0.70710678118654746 0
  outer loop
   vertex 177 104.5 282
   vertex 177.5 104 282
   vertex 177 104.5 281
  endloop
 endfacet
 facet normal -0.57735026918962584 0.57735026918962584 0.57735026918962584
  outer loop
   vertex 174.5 105 281
   vertex 175 105 281.5
   vertex 175 105.5 281
  endloop
 endfacet
 facet normal -0.57735026918962584 0.57735026918962584 0.57735026918962584
  outer loop
   vertex 175 105 281.5
   vertex 175.5 105 282
   vertex 176 105.5 282
  endloop
 endfacet
 facet normal -0.57735026918962584 0.57735026918962584 0.57735026918962584
  outer loop
   vertex 175 105 281.5
   vertex 176 105.5 282
   vertex 175 105.5 281
  endloop
 endfacet
 facet normal 0 1 0
  outer loop
   vertex 175 105.5 281
   vertex 176 105.5 282
   vertex 176 105.5 281
  endloop
 endfacet
 facet normal 0.70710678118654746 0.70710678118654746 -0
  outer loop
   vertex 176.5 105 282
   vertex 176.5 105 281
   vertex 176 105.5 281
  endloop
 endfacet
 facet normal 0.70710678118654746 0.70710678118654746 0
  outer loop
   vertex 176 105.5 282
   vertex 176.5 105 282
   vertex 176 105.5 281
  endloop
 endfacet
 facet normal -0.57735026918962584 -0.57735026918962584 0.57735026918962584
  outer loop
   vertex 174 90.5 282
   vertex 174 91 282.5
   vertex 173.5 91 282
  endloop
 endfacet
 facet normal 0 -0.70710678118654746 0.70710678118654746
  outer loop
   vertex 174 90.5 282
   vertex 175 90.5 282
   vertex 175 91 282.5
  endloop
 endfacet
 facet normal 0 -0.70710678118654746 0.70710678118654746
  outer loop
   vertex 174 91 282.5
   vertex 174 90.5 282
   vertex 175 91 282.5
  endloop
 endfacet
 facet normal 0.57735026918962584 -0.57735026918962584 0.57735026918962584
  outer loop
   vertex 175 90.5 282
   vertex 175.5 91 282
   vertex 175 91 282.5
  endloop
 endfacet
 facet normal -0.57735026918962584 -0.57735026918962584 0.57735026918962584
  outer loop
   vertex 174 91 282.5
   vertex 174 91.5 283
   vertex 173.5 92 283
  endloop
 endfacet
 facet normal -0.57735026918962584 -0.57735026918962584 0.57735026918962584
  outer loop
   vertex 174 91 282.5
   vertex 173.5 92 283
   vertex 173.5 91 282
  endloop
 endfacet
 facet normal -1 0 -0
  outer loop
   vertex 173.5 91 282
   vertex 173.5 92 283
   vertex 173.5 92 282
  endloop
 endfacet
 facet normal 0 -0.70710678118654746 0.70710678118654746
  outer loop
   vertex 175 91 282.5
   vertex 174 91.5 283
   vertex 174 91 282.5
  endloop
 endfacet
 facet normal 0 -0.70710678118654746 0.70710678118654746
  outer loop
   vertex 175 91.5 283
   vertex 174 91.5 283
   vertex 175 91 282.5
  endloop
 endfacet
 facet normal 0.57735026918962584 -0.57735026918962584 0.57735026918962584
  outer loop
   vertex 176 92 282.5
   vertex 175.5 92 283
   vertex 175 91.5 283
  endloop
 endfacet
 facet normal 0.57735026918962584 -0.57735026918962584 0.57735026918962584
  outer loop
   vertex 176 91.5 282
   vertex 176 92 282.5
   vertex 175 91.5 283
  endloop
 endfacet
 facet normal 0.57735026918962584 -0.57735026918962584 0.57735026918962584
  outer loop
   vertex 176 91.5 282
   vertex 175 91.5 283
   vertex 175 91 282.5
  endloop
 endfacet
 facet normal 0.57735026918962584 -0.57735026918962584 0.57735026918962584
  outer loop
   vertex 176 91.5 282
   vertex 175 91 282.5
   vertex 175.5 91 282
  endloop
 endfacet
 facet normal 0.57735026918962584 -0.57735026918962584 0.57735026918962584
  outer loop
   vertex 176 91.5 282
   vertex 176.5 92 282
   vertex 176 92 282.5
  endloop
 endfacet
 facet normal -0.57735026918962584 -0.57735026918962584 0.57735026918962584
  outer loop
   vertex 173 92.5 282
   vertex 173 93 282.5
   vertex 172.5 93 282
  endloop
 endfacet
 facet normal -0.57735026918962584 -0.57735026918962584 0.57735026918962584
  outer loop
   vertex 173 92.5 282
   vertex 173.5 93 283
   vertex 173 93 282.5
  endloop
 endfacet
 facet normal -0.57735026918962584 -0.57735026918962584 0.57735026918962584
  outer loop
   vertex 173 92.5 282
   vertex 173.5 92 282
   vertex 173.5 93 283
  endloop
 endfacet
 facet normal -1 0 0
  outer loop
   vertex 173.5 92 282
   vertex 173.5 92 283
   vertex 173.5 93 283
  endloop
 endfacet
 facet normal 0.57735026918962584 -0.57735026918962584 0.57735026918962584
  outer loop
   vertex 176 92 282.5
   vertex 176 92.5 283
   vertex 175.5 92 283
  endloop
 endfacet
 facet normal 0.57735026918962584 -0.57735026918962584 0.57735026918962584
  outer loop
   vertex 177 93 282.5
   vertex 176.5 93 283
   vertex 176 92.5 283
  endloop
 endfacet
 facet normal 0.57735026918962584 -0.57735026918962584 0.57735026918962584
  outer loop
   vertex 177 92.5 282
   vertex 177 93 282.5
   vertex 176 92.5 283
  endloop
 endfacet
 facet normal 0.57735026918962584 -0.57735026918962584 0.57735026918962584
  outer loop
   vertex 177 92.5 282
   vertex 176 92.5 283
   vertex 176 92 282.5
  endloop
 endfacet
 facet normal 0.57735026918962584 -0.57735026918962584 0.57735026918962584
  outer loop
   vertex 177 92.5 282
   vertex 176 92 282.5
   vertex 176.5 92 282
  endloop
 endfacet
 facet normal 0.57735026918962584 -0.57735026918962584 0.57735026918962584
  outer loop
   vertex 177 92.5 282
   vertex 177.5 93 282
   vertex 177 93 282.5
  endloop
 endfacet
 facet normal -0.57735026918962584 -0.57735026918962584 0.57735026918962584
  outer loop
   vertex 172 93.5 282
   vertex 172 94 282.5
   vertex 171.5 94 282
  endloop
 endfacet
 facet normal -0.57735026918962584 -0.57735026918962584 0.57735026918962584
  outer loop
   vertex 172 93.5 282
   vertex 172.5 94 283
   vertex 172 94 282.5
  endloop
 endfacet
 facet normal -0.57735026918962584 -0.57735026918962584 0.57735026918962584
  outer loop
   vertex 172.5 93 282
   vertex 172.5 94 283
   vertex 172 93.5 282
  endloop
 endfacet
 facet normal -0.57735026918962584 -0.57735026918962584 0.57735026918962584
  outer loop
   vertex 172.5 93 282
   vertex 173 93.5 283
   vertex 172.5 94 283
  endloop
 endfacet
 facet normal -0.57735026918962584 -0.57735026918962584 0.57735026918962584
  outer loop
   vertex 172.5 93 282
   vertex 173 93 282.5
   vertex 173 93.5 283
  endloop
 endfacet
 facet normal -0.57735026918962584 -0.57735026918962584 0.57735026918962584
  outer loop
   vertex 173.5 93 283
   vertex 173 93.5 283
   vertex 173 93 282.5
  endloop
 endfacet
 facet normal 0.57735026918962584 -0.57735026918962584 0.57735026918962584
  outer loop
   vertex 177 93 282.5
   vertex 177 93.5 283
   vertex 176.5 93 283
  endloop
 endfacet
 facet normal 0.57735026918962584 -0.57735026918962584 0.57735026918962584
  outer loop
   vertex 177 93.5 283
   vertex 177 93 282.5
   vertex 177.5 93 282
  endloop
 endfacet
 facet normal 0.57735026918962584 -0.57735026918962584 0.57735026918962584
  outer loop
   vertex 177 93.5 283
   vertex 177.5 93 282
   vertex 177.5 94 283
  endloop
 endfacet
 facet normal 1 0 0
  outer loop
   vertex 177.5 94 283
   vertex 177.5 93 282
   vertex 177.5 94 282
  endloop
 endfacet
 facet normal -0.57735026918962584 -0.57735026918962584 0.57735026918962584
  outer loop
   vertex 172 94 282.5
   vertex 172 94.5 283
   vertex 171.5 95 283
  endloop
 endfacet
 facet normal -0.57735026918962584 -0.57735026918962584 0.57735026918962584
  outer loop
   vertex 172 94 282.5
   vertex 171.5 95 283
   vertex 171.5 94 282
  endloop
 endfacet
 facet normal -1 0 -0
  outer loop
   vertex 171.5 94 282
   vertex 171.5 95 283
   vertex 171.5 95 282
  endloop
 endfacet
 facet normal -0.57735026918962584 -0.57735026918962584 0.57735026918962584
  outer loop
   vertex 172.5 94 283
   vertex 172 94.5 283
   vertex 172 94 282.5
  endloop
 endfacet
 facet normal 0.57735026918962584 -0.57735026918962584 0.57735026918962584
  outer loop
   vertex 178 95 282.5
   vertex 177.5 94 282
   vertex 178 94.5 282
  endloop
 endfacet
 facet normal 0.57735026918962584 -0.57735026918962584 0.57735026918962584
  outer loop
   vertex 178 95 282.5
   vertex 177.5 95 283
   vertex 177.5 94 282
  endloop
 endfacet
 facet normal 1 -0 0
  outer loop
   vertex 177.5 95 283
   vertex 177.5 94 283
   vertex 177.5 94 282
  endloop
 endfacet
 facet normal 0.57735026918962584 -0.57735026918962584 0.57735026918962584
  outer loop
   vertex 178 94.5 282
   vertex 178.5 95 282
   vertex 178 95 282.5
  endloop
 endfacet
 facet normal -1 0 0
  outer loop
   vertex 171.5 95 282
   vertex 171.5 95 283
   vertex 171.5 96 282
  endloop
 endfacet
 facet normal -1 -0 -0
  outer loop
   vertex 171.5 95 283
   vertex 171.5 96 283
   vertex 171.5 96 282
  endloop
 endfacet
 facet normal 0.57735026918962584 -0.57735026918962584 0.57735026918962584
  outer loop
   vertex 178 95 282.5
   vertex 178 95.5 283
   vertex 177.5 95 283
  endloop
 endfacet
 facet normal 0.57735026918962584 -0.57735026918962584 0.57735026918962584
  outer loop
   vertex 178 95.5 283
   vertex 178 95 282.5
   vertex 178.5 95 282
  endloop
 endfacet
 facet normal 0.57735026918962584 -0.57735026918962584 0.57735026918962584
  outer loop
   vertex 178 95.5 283
   vertex 178.5 95 282
   vertex 178.5 96 283
  endloop
 endfacet
 facet normal 1 0 0
  outer loop
   vertex 178.5 96 283
   vertex 178.5 95 282
   vertex 178.5 96 282
  endloop
 endfacet
 facet normal -1 0 0
  outer loop
   vertex 171.5 96 282
   vertex 171.5 96 283
   vertex 171.5 97 282
  endloop
 endfacet
 facet normal -1 -0 -0
  outer loop
   vertex 171.5 96 283
   vertex 171.5 97 283
   vertex 171.5 97 282
  endloop
 endfacet
 facet normal 0.57735026918962584 -0.57735026918962584 0.57735026918962584
  outer loop
   vertex 179 97 282.5
   vertex 178.5 96 282
   vertex 179 96.5 282
  endloop
 endfacet
 facet normal 0.57735026918962584 -0.57735026918962584 0.57735026918962584
  outer loop
   vertex 179 97 282.5
   vertex 178.5 97 283
   vertex 178.5 96 282
  endloop
 endfacet
 facet normal 1 -0 0
  outer loop
   vertex 178.5 97 283
   vertex 178.5 96 283
   vertex 178.5 96 282
  endloop
 endfacet
 facet normal 0.57735026918962584 -0.57735026918962584 0.57735026918962584
  outer loop
   vertex 179 96.5 282
   vertex 179.5 97 282
   vertex 179 97 282.5
  endloop
 endfacet
 facet normal -1 0 0
  outer loop
   vertex 171.5 97 282
   vertex 171.5 97 283
   vertex 171.5 98 282
  endloop
 endfacet
 facet normal -1 -0 -0
  outer loop
   vertex 171.5 97 283
   vertex 171.5 98 283
   vertex 171.5 98 282
  endloop
 endfacet
 facet normal 0.57735026918962584 -0.57735026918962584 0.57735026918962584
  outer loop
   vertex 179 97 282.5
   vertex 179 97.5 283
   vertex 178.5 97 283
  endloop
 endfacet
 facet normal 0.57735026918962584 -0.57735026918962584 0.57735026918962584
  outer loop
   vertex 179 97.5 283
   vertex 179 97 282.5
   vertex 179.5 97 282
  endloop
 endfacet
 facet normal 0.57735026918962584 -0.57735026918962584 0.57735026918962584
  outer loop
   vertex 179 97.5 283
   vertex 179.5 97 282
   vertex 179.5 98 283
  endloop
 endfacet
 facet normal 1 0 0
  outer loop
   vertex 179.5 98 283
   vertex 179.5 97 282
   vertex 179.5 98 282
  endloop
 endfacet
 facet normal -1 0 0
  outer loop
   vertex 171.5 98 282
   vertex 171.5 98 283
   vertex 171.5 99 282
  endloop
 endfacet
 facet normal -1 -0 -0
  outer loop
   vertex 171.5 98 283
   vertex 171.5 99 283
   vertex 171.5 99 282
  endloop
 endfacet
 facet normal 0.57735026918962584 0.57735026918962584 0.57735026918962584
  outer loop
   vertex 179 99 282.5
   vertex 178.5 99 283
   vertex 179 98.5 283
  endloop
 endfacet
 facet normal 0.57735026918962584 0.57735026918962584 0.57735026918962584
  outer loop
   vertex 179 99 282.5
   vertex 179 98.5 283
   vertex 179.5 98 283
  endloop
 endfacet
 facet normal 0.57735026918962584 0.57735026918962584 0.57735026918962584
  outer loop
   vertex 179 99 282.5
   vertex 179.5 98 283
   vertex 179.5 99 282
  endloop
 endfacet
 facet normal 1 0 0
  outer loop
   vertex 179.5 99 282
   vertex 179.5 98 283
   vertex 179.5 98 282
  endloop
 endfacet
 facet normal -0.57735026918962584 0.57735026918962584 0.57735026918962584
  outer loop
   vertex 172 99.5 283
   vertex 172 100 282.5
   vertex 171.5 100 282
  endloop
 endfacet
 facet normal -0.57735026918962584 0.57735026918962584 0.57735026918962584
  outer loop
   vertex 172 99.5 283
   vertex 171.5 100 282
   vertex 171.5 99 283
  endloop
 endfacet
 facet normal -1 0 0
  outer loop
   vertex 171.5 99 283
   vertex 171.5 100 282
   vertex 171.5 99 282
  endloop
 endfacet
 facet normal -0.57735026918962584 0.57735026918962584 0.57735026918962584
  outer loop
   vertex 172 99.5 283
   vertex 172.5 100 283
   vertex 172 100 282.5
  endloop
 endfacet
 facet normal 0.57735026918962584 0.57735026918962584 0.57735026918962584
  outer loop
   vertex 179 99.5 282
   vertex 178.5 99 283
   vertex 179 99 282.5
  endloop
 endfacet
 facet normal 0.57735026918962584 0.57735026918962584 0.57735026918962584
  outer loop
   vertex 179 99.5 282
   vertex 178.5 100 282
   vertex 178.5 99 283
  endloop
 endfacet
 facet normal 1 0 0
  outer loop
   vertex 178.5 100 282
   vertex 178.5 100 283
   vertex 178.5 99 283
  endloop
 endfacet
 facet normal 0.57735026918962584 0.57735026918962584 0.57735026918962584
  outer loop
   vertex 179.5 99 282
   vertex 179 99.5 282
   vertex 179 99 282.5
  endloop
 endfacet
 facet normal -0.57735026918962584 0.57735026918962584 0.57735026918962584
  outer loop
   vertex 171.5 100 282
   vertex 172 100 282.5
   vertex 172 100.5 282
  endloop
 endfacet
 facet normal -0.57735026918962584 0.57735026918962584 0.57735026918962584
  outer loop
   vertex 172 100 282.5
   vertex 172.5 101 282
   vertex 172 100.5 282
  endloop
 endfacet
 facet normal -0.57735026918962584 0.57735026918962584 0.57735026918962584
  outer loop
   vertex 172 100 282.5
   vertex 172.5 100 283
   vertex 172.5 101 282
  endloop
 endfacet
 facet normal -1 -0 -0
  outer loop
   vertex 172.5 100 283
   vertex 172.5 101 283
   vertex 172.5 101 282
  endloop
 endfacet
 facet normal 0.57735026918962584 0.57735026918962584 -0.57735026918962584
  outer loop
   vertex 178 100.5 282
   vertex 177.5 101 282
   vertex 178 101 282.5
  endloop
 endfacet
 facet normal 0.57735026918962584 0.57735026918962584 -0.57735026918962584
  outer loop
   vertex 178 100.5 282
   vertex 178 101 282.5
   vertex 178.5 101 283
  endloop
 endfacet
 facet normal 0.57735026918962584 0.57735026918962584 -0.57735026918962584
  outer loop
   vertex 178 100.5 282
   vertex 178.5 101 283
   vertex 178.5 100 282
  endloop
 endfacet
 facet normal 1 0 0
  outer loop
   vertex 178.5 100 282
   vertex 178.5 101 283
   vertex 178.5 100 283
  endloop
 endfacet
 facet normal -0.57735026918962584 0.57735026918962584 0.57735026918962584
  outer loop
   vertex 173 101.5 283
   vertex 173 102 282.5
   vertex 172.5 102 282
  endloop
 endfacet
 facet normal -0.57735026918962584 0.57735026918962584 0.57735026918962584
  outer loop
   vertex 173 101.5 283
   vertex 172.5 102 282
   vertex 172.5 101 283
  endloop
 endfacet
 facet normal -1 0 0
  outer loop
   vertex 172.5 101 283
   vertex 172.5 102 282
   vertex 172.5 101 282
  endloop
 endfacet
 facet normal -0.57735026918962584 0.57735026918962584 0.57735026918962584
  outer loop
   vertex 173 101.5 283
   vertex 173.5 102 283
   vertex 173 102 282.5
  endloop
 endfacet
 facet normal 0.57735026918962584 0.57735026918962584 -0.57735026918962584
  outer loop
   vertex 178 101 282.5
   vertex 177.5 102 283
   vertex 178 101.5 283
  endloop
 endfacet
 facet normal 0.57735026918962584 0.57735026918962584 -0.57735026918962584
  outer loop
   vertex 178 101 282.5
   vertex 177.5 101 282
   vertex 177.5 102 283
  endloop
 endfacet
 facet normal 1 0 -0
  outer loop
   vertex 177.5 101 282
   vertex 177.5 102 282
   vertex 177.5 102 283
  endloop
 endfacet
 facet normal 0.57735026918962584 0.57735026918962584 -0.57735026918962584
  outer loop
   vertex 178.5 101 283
   vertex 178 101 282.5
   vertex 178 101.5 283
  endloop
 endfacet
 facet normal -0.57735026918962584 0.57735026918962584 0.57735026918962584
  outer loop
   vertex 172.5 102 282
   vertex 173 102 282.5
   vertex 173 102.5 282
  endloop
 endfacet
 facet normal -0.57735026918962584 0.57735026918962584 0.57735026918962584
  outer loop
   vertex 173 102 282.5
   vertex 173.5 103 282
   vertex 173 102.5 282
  endloop
 endfacet
 facet normal -0.57735026918962584 0.57735026918962584 0.57735026918962584
  outer loop
   vertex 173 102 282.5
   vertex 173.5 102 283
   vertex 173.5 103 282
  endloop
 endfacet
 facet normal -1 -0 -0
  outer loop
   vertex 173.5 102 283
   vertex 173.5 103 283
   vertex 173.5 103 282
  endloop
 endfacet
 facet normal 1 0 0
  outer loop
   vertex 177.5 102 282
   vertex 177.5 103 282
   vertex 177.5 102 283
  endloop
 endfacet
 facet normal 1 0 -0
  outer loop
   vertex 177.5 102 283
   vertex 177.5 103 282
   vertex 177.5 103 283
  endloop
 endfacet
 facet normal -0.57735026918962584 0.57735026918962584 0.57735026918962584
  outer loop
   vertex 174 103.5 283
   vertex 174 104 282.5
   vertex 173.5 104 282
  endloop
 endfacet
 facet normal -0.57735026918962584 0.57735026918962584 0.57735026918962584
  outer loop
   vertex 174 103.5 283
   vertex 173.5 104 282
   vertex 173.5 103 283
  endloop
 endfacet
 facet normal -1 0 0
  outer loop
   vertex 173.5 103 283
   vertex 173.5 104 282
   vertex 173.5 103 282
  endloop
 endfacet
 facet normal -0.57735026918962584 0.57735026918962584 0.57735026918962584
  outer loop
   vertex 174 103.5 283
   vertex 174.5 104 283
   vertex 174 104 282.5
  endloop
 endfacet
 facet normal 1 0 0
  outer loop
   vertex 177.5 103 282
   vertex 177.5 104 282
   vertex 177.5 103 283
  endloop
 endfacet
 facet normal 1 0 -0
  outer loop
   vertex 177.5 103 283
   vertex 177.5 104 282
   vertex 177.5 104 283
  endloop
 endfacet
 facet normal -0.57735026918962584 0.57735026918962584 0.57735026918962584
  outer loop
   vertex 173.5 104 282
   vertex 174 104 282.5
   vertex 174 104.5 282
  endloop
 endfacet
 facet normal -0.57735026918962584 0.57735026918962584 0.57735026918962584
  outer loop
   vertex 174 104 282.5
   vertex 174.5 104 283
   vertex 175 104.5 283
  endloop
 endfacet
 facet normal -0.57735026918962584 0.57735026918962584 0.57735026918962584
  outer loop
   vertex 174 104 282.5
   vertex 175 104.5 283
   vertex 174 104.5 282
  endloop
 endfacet
 facet normal 0 1 0
  outer loop
   vertex 174 104.5 282
   vertex 175 104.5 283
   vertex 175 104.5 282
  endloop
 endfacet
 facet normal -0.57735026918962584 0.57735026918962584 0.57735026918962584
  outer loop
   vertex 175.5 105 282
   vertex 176 104.5 283
   vertex 176 105 282.5
  endloop
 endfacet
 facet normal -0.57735026918962584 0.57735026918962584 0.57735026918962584
  outer loop
   vertex 175.5 105 282
   vertex 175 104.5 282
   vertex 176 104.5 283
  endloop
 endfacet
 facet normal -0 1 0
  outer loop
   vertex 175 104.5 282
   vertex 175 104.5 283
   vertex 176 104.5 283
  endloop
 endfacet
 facet normal 0.57735026918962584 0.57735026918962584 0.57735026918962584
  outer loop
   vertex 176 105 282.5
   vertex 177 104.5 282
   vertex 176.5 105 282
  endloop
 endfacet
 facet normal 0.57735026918962584 0.57735026918962584 0.57735026918962584
  outer loop
   vertex 176 105 282.5
   vertex 176 104.5 283
   vertex 177 104.5 282
  endloop
 endfacet
 facet normal 0 1 0
  outer loop
   vertex 176 104.5 283
   vertex 177 104.5 283
   vertex 177 104.5 282
  endloop
 endfacet
 facet normal 0.70710678118654746 0.70710678118654746 -0
  outer loop
   vertex 177.5 104 283
   vertex 177.5 104 282
   vertex 177 104.5 282
  endloop
 endfacet
 facet normal 0.70710678118654746 0.70710678118654746 0
  outer loop
   vertex 177 104.5 283
   vertex 177.5 104 283
   vertex 177 104.5 282
  endloop
 endfacet
 facet normal -0.57735026918962584 0.57735026918962584 0.57735026918962584
  outer loop
   vertex 175.5 105 282
   vertex 176 105 282.5
   vertex 176 105.5 282
  endloop
 endfacet
 facet normal 0.57735026918962584 0.57735026918962584 0.57735026918962584
  outer loop
   vertex 176.5 105 282
   vertex 176 105.5 282
   vertex 176 105 282.5
  endloop
 endfacet
 facet normal -0.57735026918962584 -0.57735026918962584 0.57735026918962584
  outer loop
   vertex 174 91.5 283
   vertex 174 92 283.5
   vertex 173.5 92 283
  endloop
 endfacet
 facet normal 0 -0.70710678118654746 0.70710678118654746
  outer loop
   vertex 174 91.5 283
   vertex 175 91.5 283
   vertex 175 92 283.5
  endloop
 endfacet
 facet normal 0 -0.70710678118654746 0.70710678118654746
  outer loop
   vertex 174 92 283.5
   vertex 174 91.5 283
   vertex 175 92 283.5
  endloop
 endfacet
 facet normal 0.57735026918962584 -0.57735026918962584 0.57735026918962584
  outer loop
   vertex 175 91.5 283
   vertex 175.5 92 283
   vertex 175 92 283.5
  endloop
 endfacet
 facet normal -0.57735026918962584 -0.57735026918962584 0.57735026918962584
  outer loop
   vertex 174 92 283.5
   vertex 174 92.5 284
   vertex 173.5 93 284
  endloop
 endfacet
 facet normal -0.57735026918962584 -0.57735026918962584 0.57735026918962584
  outer loop
   vertex 174 92 283.5
   vertex 173.5 93 284
   vertex 173.5 92 283
  endloop
 endfacet
 facet normal -1 0 -0
  outer loop
   vertex 173.5 92 283
   vertex 173.5 93 284
   vertex 173.5 93 283
  endloop
 endfacet
 facet normal 0 -0.70710678118654746 0.70710678118654746
  outer loop
   vertex 175 92 283.5
   vertex 174 92.5 284
   vertex 174 92 283.5
  endloop
 endfacet
 facet normal 0 -0.70710678118654746 0.70710678118654746
  outer loop
   vertex 175 92.5 284
   vertex 174 92.5 284
   vertex 175 92 283.5
  endloop
 endfacet
 facet normal 0.57735026918962584 -0.57735026918962584 0.57735026918962584
  outer loop
   vertex 176 93 283.5
   vertex 175.5 93 284
   vertex 175 92.5 284
  endloop
 endfacet
 facet normal 0.57735026918962584 -0.57735026918962584 0.57735026918962584
  outer loop
   vertex 176 92.5 283
   vertex 176 93 283.5
   vertex 175 92.5 284
  endloop
 endfacet
 facet normal 0.57735026918962584 -0.57735026918962584 0.57735026918962584
  outer loop
   vertex 176 92.5 283
   vertex 175 92.5 284
   vertex 175 92 283.5
  endloop
 endfacet
 facet normal 0.57735026918962584 -0.57735026918962584 0.57735026918962584
  outer loop
   vertex 176 92.5 283
   vertex 175 92 283.5
   vertex 175.5 92 283
  endloop
 endfacet
 facet normal 0.57735026918962584 -0.57735026918962584 0.57735026918962584
  outer loop
   vertex 176 92.5 283
   vertex 176.5 93 283
   vertex 176 93 283.5
  endloop
 endfacet
 facet normal -0.57735026918962584 -0.57735026918962584 0.57735026918962584
  outer loop
   vertex 173 93.5 283
   vertex 173 94 283.5
   vertex 172.5 94 283
  endloop
 endfacet
 facet normal -0.57735026918962584 -0.57735026918962584 0.57735026918962584
  outer loop
   vertex 173 93.5 283
   vertex 173.5 94 284
   vertex 173 94 283.5
  endloop
 endfacet
 facet normal -0.57735026918962584 -0.57735026918962584 0.57735026918962584
  outer loop
   vertex 173 93.5 283
   vertex 173.5 93 283
   vertex 173.5 94 284
  endloop
 endfacet
 facet normal -1 0 0
  outer loop
   vertex 173.5 93 283
   vertex 173.5 93 284
   vertex 173.5 94 284
  endloop
 endfacet
 facet normal 0.57735026918962584 -0.57735026918962584 0.57735026918962584
  outer loop
   vertex 176 93 283.5
   vertex 176 93.5 284
   vertex 175.5 93 284
  endloop
 endfacet
 facet normal 0.57735026918962584 -0.57735026918962584 0.57735026918962584
  outer loop
   vertex 177 94 283.5
   vertex 176.5 94 284
   vertex 176 93.5 284
  endloop
 endfacet
 facet normal 0.57735026918962584 -0.57735026918962584 0.57735026918962584
  outer loop
   vertex 177 93.5 283
   vertex 177 94 283.5
   vertex 176 93.5 284
  endloop
 endfacet
 facet normal 0.57735026918962584 -0.57735026918962584 0.57735026918962584
  outer loop
   vertex 177 93.5 283
   vertex 176 93.5 284
   vertex 176 93 283.5
  endloop
 endfacet
 facet normal 0.57735026918962584 -0.57735026918962584 0.57735026918962584
  outer loop
   vertex 177 93.5 283
   vertex 176 93 283.5
   vertex 176.5 93 283
  endloop
 endfacet
 facet normal 0.57735026918962584 -0.57735026918962584 0.57735026918962584
  outer loop
   vertex 177 93.5 283
   vertex 177.5 94 283
   vertex 177 94 283.5
  endloop
 endfacet
 facet normal -0.57735026918962584 -0.57735026918962584 0.57735026918962584
  outer loop
   vertex 172 94.5 283
   vertex 172 95 283.5
   vertex 171.5 95 283
  endloop
 endfacet
 facet normal -0.57735026918962584 -0.57735026918962584 0.57735026918962584
  outer loop
   vertex 172 94.5 283
   vertex 172.5 95 284
   vertex 172 95 283.5
  endloop
 endfacet
 facet normal -0.57735026918962584 -0.57735026918962584 0.57735026918962584
  outer loop
   vertex 172.5 94 283
   vertex 172.5 95 284
   vertex 172 94.5 283
  endloop
 endfacet
 facet normal -0.57735026918962584 -0.57735026918962584 0.57735026918962584
  outer loop
   vertex 172.5 94 283
   vertex 173 94.5 284
   vertex 172.5 95 284
  endloop
 endfacet
 facet normal -0.57735026918962584 -0.57735026918962584 0.57735026918962584
  outer loop
   vertex 172.5 94 283
   vertex 173 94 283.5
   vertex 173 94.5 284
  endloop
 endfacet
 facet normal -0.57735026918962584 -0.57735026918962584 0.57735026918962584
  outer loop
   vertex 173.5 94 284
   vertex 173 94.5 284
   vertex 173 94 283.5
  endloop
 endfacet
 facet normal 0.57735026918962584 -0.57735026918962584 0.57735026918962584
  outer loop
   vertex 177 94 283.5
   vertex 177 94.5 284
   vertex 176.5 94 284
  endloop
 endfacet
 facet normal 0.57735026918962584 -0.57735026918962584 0.57735026918962584
  outer loop
   vertex 177 94.5 284
   vertex 177 94 283.5
   vertex 177.5 94 283
  endloop
 endfacet
 facet normal 0.57735026918962584 -0.57735026918962584 0.57735026918962584
  outer loop
   vertex 177 94.5 284
   vertex 177.5 94 283
   vertex 177.5 95 284
  endloop
 endfacet
 facet normal 1 0 0
  outer loop
   vertex 177.5 95 284
   vertex 177.5 94 283
   vertex 177.5 95 283
  endloop
 endfacet
 facet normal -0.70710678118654746 0 0.70710678118654746
  outer loop
   vertex 172 95 283.5
   vertex 172 96 283.5
   vertex 171.5 96 283
  endloop
 endfacet
 facet normal -0.70710678118654746 0 0.70710678118654746
  outer loop
   vertex 171.5 95 283
   vertex 172 95 283.5
   vertex 171.5 96 283
  endloop
 endfacet
 facet normal -0.70710678118654746 0 0.70710678118654746
  outer loop
   vertex 172.5 96 284
   vertex 172 95 283.5
   vertex 172.5 95 284
  endloop
 endfacet
 facet normal -0.70710678118654746 0 0.70710678118654746
  outer loop
   vertex 172 96 283.5
   vertex 172 95 283.5
   vertex 172.5 96 284
  endloop
 endfacet
 facet normal 0.57735026918962584 -0.57735026918962584 0.57735026918962584
  outer loop
   vertex 178 96 283.5
   vertex 177.5 95 283
   vertex 178 95.5 283
  endloop
 endfacet
 facet normal 0.57735026918962584 -0.57735026918962584 0.57735026918962584
  outer loop
   vertex 178 96 283.5
   vertex 177.5 96 284
   vertex 177.5 95 283
  endloop
 endfacet
 facet normal 1 -0 0
  outer loop
   vertex 177.5 96 284
   vertex 177.5 95 284
   vertex 177.5 95 283
  endloop
 endfacet
 facet normal 0.57735026918962584 -0.57735026918962584 0.57735026918962584
  outer loop
   vertex 178 95.5 283
   vertex 178.5 96 283
   vertex 178 96 283.5
  endloop
 endfacet
 facet normal -0.70710678118654746 0 0.70710678118654746
  outer loop
   vertex 172 96 283.5
   vertex 172 97 283.5
   vertex 171.5 97 283
  endloop
 endfacet
 facet normal -0.70710678118654746 0 0.70710678118654746
  outer loop
   vertex 171.5 96 283
   vertex 172 96 283.5
   vertex 171.5 97 283
  endloop
 endfacet
 facet normal -0.70710678118654746 0 0.70710678118654746
  outer loop
   vertex 172.5 97 284
   vertex 172 96 283.5
   vertex 172.5 96 284
  endloop
 endfacet
 facet normal -0.70710678118654746 0 0.70710678118654746
  outer loop
   vertex 172 97 283.5
   vertex 172 96 283.5
   vertex 172.5 97 284
  endloop
 endfacet
 facet normal 0.57735026918962584 -0.57735026918962584 0.57735026918962584
  outer loop
   vertex 178 96 283.5
   vertex 178 96.5 284
   vertex 177.5 96 284
  endloop
 endfacet
 facet normal 0.57735026918962584 -0.57735026918962584 0.57735026918962584
  outer loop
   vertex 178 96.5 284
   vertex 178 96 283.5
   vertex 178.5 96 283
  endloop
 endfacet
 facet normal 0.57735026918962584 -0.57735026918962584 0.57735026918962584
  outer loop
   vertex 178 96.5 284
   vertex 178.5 96 283
   vertex 178.5 97 284
  endloop
 endfacet
 facet normal 1 0 0
  outer loop
   vertex 178.5 97 284
   vertex 178.5 96 283
   vertex 178.5 97 283
  endloop
 endfacet
 facet normal -0.70710678118654746 0 0.70710678118654746
  outer loop
   vertex 172 97 283.5
   vertex 172 98 283.5
   vertex 171.5 98 283
  endloop
 endfacet
 facet normal -0.70710678118654746 0 0.70710678118654746
  outer loop
   vertex 171.5 97 283
   vertex 172 97 283.5
   vertex 171.5 98 283
  endloop
 endfacet
 facet normal -0.70710678118654746 0 0.70710678118654746
  outer loop
   vertex 172.5 98 284
   vertex 172 97 283.5
   vertex 172.5 97 284
  endloop
 endfacet
 facet normal -0.70710678118654746 0 0.70710678118654746
  outer loop
   vertex 172 98 283.5
   vertex 172 97 283.5
   vertex 172.5 98 284
  endloop
 endfacet
 facet normal 0.57735026918962584 -0.57735026918962584 0.57735026918962584
  outer loop
   vertex 179 98 283.5
   vertex 178.5 97 283
   vertex 179 97.5 283
  endloop
 endfacet
 facet normal 0.57735026918962584 -0.57735026918962584 0.57735026918962584
  outer loop
   vertex 179 98 283.5
   vertex 178.5 98 284
   vertex 178.5 97 283
  endloop
 endfacet
 facet normal 1 -0 0
  outer loop
   vertex 178.5 98 284
   vertex 178.5 97 284
   vertex 178.5 97 283
  endloop
 endfacet
 facet normal 0.57735026918962584 -0.57735026918962584 0.57735026918962584
  outer loop
   vertex 179 97.5 283
   vertex 179.5 98 283
   vertex 179 98 283.5
  endloop
 endfacet
 facet normal -0.70710678118654746 0 0.70710678118654746
  outer loop
   vertex 172 98 283.5
   vertex 172 99 283.5
   vertex 171.5 99 283
  endloop
 endfacet
 facet normal -0.70710678118654746 0 0.70710678118654746
  outer loop
   vertex 171.5 98 283
   vertex 172 98 283.5
   vertex 171.5 99 283
  endloop
 endfacet
 facet normal -0.70710678118654746 0 0.70710678118654746
  outer loop
   vertex 172.5 99 284
   vertex 172 98 283.5
   vertex 172.5 98 284
  endloop
 endfacet
 facet normal -0.70710678118654746 0 0.70710678118654746
  outer loop
   vertex 172 99 283.5
   vertex 172 98 283.5
   vertex 172.5 99 284
  endloop
 endfacet
 facet normal 0.57735026918962584 0.57735026918962584 0.57735026918962584
  outer loop
   vertex 179 98.5 283
   vertex 178.5 98 284
   vertex 179 98 283.5
  endloop
 endfacet
 facet normal 0.57735026918962584 0.57735026918962584 0.57735026918962584
  outer loop
   vertex 179 98.5 283
   vertex 178.5 99 283
   vertex 178.5 98 284
  endloop
 endfacet
 facet normal 1 0 0
  outer loop
   vertex 178.5 99 283
   vertex 178.5 99 284
   vertex 178.5 98 284
  endloop
 endfacet
 facet normal 0.57735026918962584 0.57735026918962584 0.57735026918962584
  outer loop
   vertex 179.5 98 283
   vertex 179 98.5 283
   vertex 179 98 283.5
  endloop
 endfacet
 facet normal -0.57735026918962584 0.57735026918962584 0.57735026918962584
  outer loop
   vertex 171.5 99 283
   vertex 172 99 283.5
   vertex 172 99.5 283
  endloop
 endfacet
 facet normal -0.57735026918962584 0.57735026918962584 0.57735026918962584
  outer loop
   vertex 172 99 283.5
   vertex 172.5 100 283
   vertex 172 99.5 283
  endloop
 endfacet
 facet normal -0.57735026918962584 0.57735026918962584 0.57735026918962584
  outer loop
   vertex 172 99 283.5
   vertex 172.5 99 284
   vertex 172.5 100 283
  endloop
 endfacet
 facet normal -1 -0 -0
  outer loop
   vertex 172.5 99 284
   vertex 172.5 100 284
   vertex 172.5 100 283
  endloop
 endfacet
 facet normal 1 0 0
  outer loop
   vertex 178.5 99 283
   vertex 178.5 100 283
   vertex 178.5 99 284
  endloop
 endfacet
 facet normal 1 0 -0
  outer loop
   vertex 178.5 99 284
   vertex 178.5 100 283
   vertex 178.5 100 284
  endloop
 endfacet
 facet normal -1 0 0
  outer loop
   vertex 172.5 100 283
   vertex 172.5 100 284
   vertex 172.5 101 283
  endloop
 endfacet
 facet normal -1 -0 -0
  outer loop
   vertex 172.5 100 284
   vertex 172.5 101 284
   vertex 172.5 101 283
  endloop
 endfacet
 facet normal 1 0 0
  outer loop
   vertex 178.5 100 283
   vertex 178.5 101 283
   vertex 178.5 100 284
  endloop
 endfacet
 facet normal 1 0 -0
  outer loop
   vertex 178.5 100 284
   vertex 178.5 101 283
   vertex 178.5 101 284
  endloop
 endfacet
 facet normal -0.70710678118654746 0.70710678118654746 0
  outer loop
   vertex 172.5 101 283
   vertex 172.5 101 284
   vertex 173 101.5 284
  endloop
 endfacet
 facet normal -0.70710678118654746 0.70710678118654746 0
  outer loop
   vertex 173 101.5 283
   vertex 172.5 101 283
   vertex 173 101.5 284
  endloop
 endfacet
 facet normal -0.70710678118654746 0.70710678118654746 0
  outer loop
   vertex 173 101.5 284
   vertex 173.5 102 283
   vertex 173 101.5 283
  endloop
 endfacet
 facet normal -0.70710678118654746 0.70710678118654746 0
  outer loop
   vertex 173.5 102 284
   vertex 173.5 102 283
   vertex 173 101.5 284
  endloop
 endfacet
 facet normal 0.70710678118654746 0.70710678118654746 0
  outer loop
   vertex 178 101.5 283
   vertex 177.5 102 284
   vertex 178 101.5 284
  endloop
 endfacet
 facet normal 0.70710678118654746 0.70710678118654746 0
  outer loop
   vertex 177.5 102 283
   vertex 177.5 102 284
   vertex 178 101.5 283
  endloop
 endfacet
 facet normal 0.70710678118654746 0.70710678118654746 -0
  outer loop
   vertex 178.5 101 284
   vertex 178.5 101 283
   vertex 178 101.5 283
  endloop
 endfacet
 facet normal 0.70710678118654746 0.70710678118654746 0
  outer loop
   vertex 178 101.5 284
   vertex 178.5 101 284
   vertex 178 101.5 283
  endloop
 endfacet
 facet normal -1 0 0
  outer loop
   vertex 173.5 102 283
   vertex 173.5 102 284
   vertex 173.5 103 283
  endloop
 endfacet
 facet normal -1 -0 -0
  outer loop
   vertex 173.5 102 284
   vertex 173.5 103 284
   vertex 173.5 103 283
  endloop
 endfacet
 facet normal 1 0 0
  outer loop
   vertex 177.5 102 283
   vertex 177.5 103 283
   vertex 177.5 102 284
  endloop
 endfacet
 facet normal 1 0 -0
  outer loop
   vertex 177.5 102 284
   vertex 177.5 103 283
   vertex 177.5 103 284
  endloop
 endfacet
 facet normal -0.70710678118654746 0.70710678118654746 0
  outer loop
   vertex 173.5 103 283
   vertex 173.5 103 284
   vertex 174 103.5 284
  endloop
 endfacet
 facet normal -0.70710678118654746 0.70710678118654746 0
  outer loop
   vertex 174 103.5 283
   vertex 173.5 103 283
   vertex 174 103.5 284
  endloop
 endfacet
 facet normal -0.70710678118654746 0.70710678118654746 0
  outer loop
   vertex 174 103.5 284
   vertex 174.5 104 283
   vertex 174 103.5 283
  endloop
 endfacet
 facet normal -0.70710678118654746 0.70710678118654746 0
  outer loop
   vertex 174.5 104 284
   vertex 174.5 104 283
   vertex 174 103.5 284
  endloop
 endfacet
 facet normal 1 0 0
  outer loop
   vertex 177.5 103 283
   vertex 177.5 104 283
   vertex 177.5 103 284
  endloop
 endfacet
 facet normal 1 0 -0
  outer loop
   vertex 177.5 103 284
   vertex 177.5 104 283
   vertex 177.5 104 284
  endloop
 endfacet
 facet normal -0.70710678118654746 0.70710678118654746 0
  outer loop
   vertex 174.5 104 283
   vertex 174.5 104 284
   vertex 175 104.5 284
  endloop
 endfacet
 facet normal -0.70710678118654746 0.70710678118654746 0
  outer loop
   vertex 175 104.5 283
   vertex 174.5 104 283
   vertex 175 104.5 284
  endloop
 endfacet
 facet normal 0 1 0
  outer loop
   vertex 176 104.5 283
   vertex 175 104.5 283
   vertex 176 104.5 284
  endloop
 endfacet
 facet normal -0 1 0
  outer loop
   vertex 175 104.5 283
   vertex 175 104.5 284
   vertex 176 104.5 284
  endloop
 endfacet
 facet normal 0 1 0
  outer loop
   vertex 177 104.5 283
   vertex 176 104.5 283
   vertex 177 104.5 284
  endloop
 endfacet
 facet normal -0 1 0
  outer loop
   vertex 176 104.5 283
   vertex 176 104.5 284
   vertex 177 104.5 284
  endloop
 endfacet
 facet normal 0.70710678118654746 0.70710678118654746 -0
  outer loop
   vertex 177.5 104 284
   vertex 177.5 104 283
   vertex 177 104.5 283
  endloop
 endfacet
 facet normal 0.70710678118654746 0.70710678118654746 0
  outer loop
   vertex 177 104.5 284
   vertex 177.5 104 284
   vertex 177 104.5 283
  endloop
 endfacet
 facet normal -0.57735026918962584 -0.57735026918962584 0.57735026918962584
  outer loop
   vertex 174 92.5 284
   vertex 174 93 284.5
   vertex 173.5 93 284
  endloop
 endfacet
 facet normal 0 -0.70710678118654746 0.70710678118654746
  outer loop
   vertex 174 92.5 284
   vertex 175 92.5 284
   vertex 175 93 284.5
  endloop
 endfacet
 facet normal 0 -0.70710678118654746 0.70710678118654746
  outer loop
   vertex 174 93 284.5
   vertex 174 92.5 284
   vertex 175 93 284.5
  endloop
 endfacet
 facet normal 0.57735026918962584 -0.57735026918962584 0.57735026918962584
  outer loop
   vertex 175 92.5 284
   vertex 175.5 93 284
   vertex 175 93 284.5
  endloop
 endfacet
 facet normal -0.57735026918962584 -0.57735026918962584 0.57735026918962584
  outer loop
   vertex 174 93 284.5
   vertex 174 93.5 285
   vertex 173.5 94 285
  endloop
 endfacet
 facet normal -0.57735026918962584 -0.57735026918962584 0.57735026918962584
  outer loop
   vertex 174 93 284.5
   vertex 173.5 94 285
   vertex 173.5 93 284
  endloop
 endfacet
 facet normal -1 0 -0
  outer loop
   vertex 173.5 93 284
   vertex 173.5 94 285
   vertex 173.5 94 284
  endloop
 endfacet
 facet normal 0 -0.70710678118654746 0.70710678118654746
  outer loop
   vertex 175 93 284.5
   vertex 174 93.5 285
   vertex 174 93 284.5
  endloop
 endfacet
 facet normal 0 -0.70710678118654746 0.70710678118654746
  outer loop
   vertex 175 93.5 285
   vertex 174 93.5 285
   vertex 175 93 284.5
  endloop
 endfacet
 facet normal 0.57735026918962584 -0.57735026918962584 0.57735026918962584
  outer loop
   vertex 176 94 284.5
   vertex 175.5 94 285
   vertex 175 93.5 285
  endloop
 endfacet
 facet normal 0.57735026918962584 -0.57735026918962584 0.57735026918962584
  outer loop
   vertex 176 93.5 284
   vertex 176 94 284.5
   vertex 175 93.5 285
  endloop
 endfacet
 facet normal 0.57735026918962584 -0.57735026918962584 0.57735026918962584
  outer loop
   vertex 176 93.5 284
   vertex 175 93.5 285
   vertex 175 93 284.5
  endloop
 endfacet
 facet normal 0.57735026918962584 -0.57735026918962584 0.57735026918962584
  outer loop
   vertex 176 93.5 284
   vertex 175 93 284.5
   vertex 175.5 93 284
  endloop
 endfacet
 facet normal 0.57735026918962584 -0.57735026918962584 0.57735026918962584
  outer loop
   vertex 176 93.5 284
   vertex 176.5 94 284
   vertex 176 94 284.5
  endloop
 endfacet
 facet normal -0.57735026918962584 -0.57735026918962584 0.57735026918962584
  outer loop
   vertex 173 94.5 284
   vertex 173 95 284.5
   vertex 172.5 95 284
  endloop
 endfacet
 facet normal -0.57735026918962584 -0.57735026918962584 0.57735026918962584
  outer loop
   vertex 173 94.5 284
   vertex 173.5 95 285
   vertex 173 95 284.5
  endloop
 endfacet
 facet normal -0.57735026918962584 -0.57735026918962584 0.57735026918962584
  outer loop
   vertex 173 94.5 284
   vertex 173.5 94 284
   vertex 173.5 95 285
  endloop
 endfacet
 facet normal -1 0 0
  outer loop
   vertex 173.5 94 284
   vertex 173.5 94 285
   vertex 173.5 95 285
  endloop
 endfacet
 facet normal 0.57735026918962584 -0.57735026918962584 0.57735026918962584
  outer loop
   vertex 176 94 284.5
   vertex 176 94.5 285
   vertex 175.5 94 285
  endloop
 endfacet
 facet normal 0.57735026918962584 -0.57735026918962584 0.57735026918962584
  outer loop
   vertex 177 95 284.5
   vertex 176.5 95 285
   vertex 176 94.5 285
  endloop
 endfacet
 facet normal 0.57735026918962584 -0.57735026918962584 0.57735026918962584
  outer loop
   vertex 177 94.5 284
   vertex 177 95 284.5
   vertex 176 94.5 285
  endloop
 endfacet
 facet normal 0.57735026918962584 -0.57735026918962584 0.57735026918962584
  outer loop
   vertex 177 94.5 284
   vertex 176 94.5 285
   vertex 176 94 284.5
  endloop
 endfacet
 facet normal 0.57735026918962584 -0.57735026918962584 0.57735026918962584
  outer loop
   vertex 177 94.5 284
   vertex 176 94 284.5
   vertex 176.5 94 284
  endloop
 endfacet
 facet normal 0.57735026918962584 -0.57735026918962584 0.57735026918962584
  outer loop
   vertex 177 94.5 284
   vertex 177.5 95 284
   vertex 177 95 284.5
  endloop
 endfacet
 facet normal -0.57735026918962584 -0.57735026918962584 0.57735026918962584
  outer loop
   vertex 173 95 284.5
   vertex 173 95.5 285
   vertex 172.5 96 285
  endloop
 endfacet
 facet normal -0.57735026918962584 -0.57735026918962584 0.57735026918962584
  outer loop
   vertex 173 95 284.5
   vertex 172.5 96 285
   vertex 172.5 95 284
  endloop
 endfacet
 facet normal -1 0 -0
  outer loop
   vertex 172.5 95 284
   vertex 172.5 96 285
   vertex 172.5 96 284
  endloop
 endfacet
 facet normal -0.57735026918962584 -0.57735026918962584 0.57735026918962584
  outer loop
   vertex 173.5 95 285
   vertex 173 95.5 285
   vertex 173 95 284.5
  endloop
 endfacet
 facet normal 0.70710678118654746 0 0.70710678118654746
  outer loop
   vertex 177 96 284.5
   vertex 176.5 95 285
   vertex 177 95 284.5
  endloop
 endfacet
 facet normal 0.70710678118654746 -0 0.70710678118654746
  outer loop
   vertex 176.5 96 285
   vertex 176.5 95 285
   vertex 177 96 284.5
  endloop
 endfacet
 facet normal 0.70710678118654746 0 0.70710678118654746
  outer loop
   vertex 177.5 95 284
   vertex 177.5 96 284
   vertex 177 96 284.5
  endloop
 endfacet
 facet normal 0.70710678118654746 0 0.70710678118654746
  outer loop
   vertex 177 95 284.5
   vertex 177.5 95 284
   vertex 177 96 284.5
  endloop
 endfacet
 facet normal -1 0 0
  outer loop
   vertex 172.5 96 284
   vertex 172.5 96 285
   vertex 172.5 97 284
  endloop
 endfacet
 facet normal -1 -0 -0
  outer loop
   vertex 172.5 96 285
   vertex 172.5 97 285
   vertex 172.5 97 284
  endloop
 endfacet
 facet normal 0.57735026918962584 -0.57735026918962584 0.57735026918962584
  outer loop
   vertex 177 96 284.5
   vertex 177 96.5 285
   vertex 176.5 96 285
  endloop
 endfacet
 facet normal 0.57735026918962584 -0.57735026918962584 0.57735026918962584
  outer loop
   vertex 178 97 284.5
   vertex 177.5 97 285
   vertex 177 96.5 285
  endloop
 endfacet
 facet normal 0.57735026918962584 -0.57735026918962584 0.57735026918962584
  outer loop
   vertex 178 96.5 284
   vertex 178 97 284.5
   vertex 177 96.5 285
  endloop
 endfacet
 facet normal 0.57735026918962584 -0.57735026918962584 0.57735026918962584
  outer loop
   vertex 178 96.5 284
   vertex 177 96.5 285
   vertex 177 96 284.5
  endloop
 endfacet
 facet normal 0.57735026918962584 -0.57735026918962584 0.57735026918962584
  outer loop
   vertex 178 96.5 284
   vertex 177 96 284.5
   vertex 177.5 96 284
  endloop
 endfacet
 facet normal 0.57735026918962584 -0.57735026918962584 0.57735026918962584
  outer loop
   vertex 178 96.5 284
   vertex 178.5 97 284
   vertex 178 97 284.5
  endloop
 endfacet
 facet normal -1 0 0
  outer loop
   vertex 172.5 97 284
   vertex 172.5 97 285
   vertex 172.5 98 284
  endloop
 endfacet
 facet normal -1 -0 -0
  outer loop
   vertex 172.5 97 285
   vertex 172.5 98 285
   vertex 172.5 98 284
  endloop
 endfacet
 facet normal 0.57735026918962584 -0.57735026918962584 0.57735026918962584
  outer loop
   vertex 178 97 284.5
   vertex 178 97.5 285
   vertex 177.5 97 285
  endloop
 endfacet
 facet normal 0.57735026918962584 -0.57735026918962584 0.57735026918962584
  outer loop
   vertex 178 97.5 285
   vertex 178 97 284.5
   vertex 178.5 97 284
  endloop
 endfacet
 facet normal 0.57735026918962584 -0.57735026918962584 0.57735026918962584
  outer loop
   vertex 178 97.5 285
   vertex 178.5 97 284
   vertex 178.5 98 285
  endloop
 endfacet
 facet normal 1 0 0
  outer loop
   vertex 178.5 98 285
   vertex 178.5 97 284
   vertex 178.5 98 284
  endloop
 endfacet
 facet normal -1 0 0
  outer loop
   vertex 172.5 98 284
   vertex 172.5 98 285
   vertex 172.5 99 284
  endloop
 endfacet
 facet normal -1 -0 -0
  outer loop
   vertex 172.5 98 285
   vertex 172.5 99 285
   vertex 172.5 99 284
  endloop
 endfacet
 facet normal 1 0 0
  outer loop
   vertex 178.5 98 284
   vertex 178.5 99 284
   vertex 178.5 98 285
  endloop
 endfacet
 facet normal 1 0 -0
  outer loop
   vertex 178.5 98 285
   vertex 178.5 99 284
   vertex 178.5 99 285
  endloop
 endfacet
 facet normal -0.57735026918962584 0.57735026918962584 0.57735026918962584
  outer loop
   vertex 173 99.5 285
   vertex 173 100 284.5
   vertex 172.5 100 284
  endloop
 endfacet
 facet normal -0.57735026918962584 0.57735026918962584 0.57735026918962584
  outer loop
   vertex 173 99.5 285
   vertex 172.5 100 284
   vertex 172.5 99 285
  endloop
 endfacet
 facet normal -1 0 0
  outer loop
   vertex 172.5 99 285
   vertex 172.5 100 284
   vertex 172.5 99 284
  endloop
 endfacet
 facet normal -0.57735026918962584 0.57735026918962584 0.57735026918962584
  outer loop
   vertex 173 99.5 285
   vertex 173.5 100 285
   vertex 173 100 284.5
  endloop
 endfacet
 facet normal 1 0 0
  outer loop
   vertex 178.5 99 284
   vertex 178.5 100 284
   vertex 178.5 99 285
  endloop
 endfacet
 facet normal 1 0 -0
  outer loop
   vertex 178.5 99 285
   vertex 178.5 100 284
   vertex 178.5 100 285
  endloop
 endfacet
 facet normal -0.70710678118654746 0 0.70710678118654746
  outer loop
   vertex 173 100 284.5
   vertex 173 101 284.5
   vertex 172.5 101 284
  endloop
 endfacet
 facet normal -0.70710678118654746 0 0.70710678118654746
  outer loop
   vertex 172.5 100 284
   vertex 173 100 284.5
   vertex 172.5 101 284
  endloop
 endfacet
 facet normal -0.70710678118654746 0 0.70710678118654746
  outer loop
   vertex 173.5 101 285
   vertex 173 100 284.5
   vertex 173.5 100 285
  endloop
 endfacet
 facet normal -0.70710678118654746 0 0.70710678118654746
  outer loop
   vertex 173 101 284.5
   vertex 173 100 284.5
   vertex 173.5 101 285
  endloop
 endfacet
 facet normal 0.57735026918962584 0.57735026918962584 0.57735026918962584
  outer loop
   vertex 178 101 284.5
   vertex 177.5 101 285
   vertex 178 100.5 285
  endloop
 endfacet
 facet normal 0.57735026918962584 0.57735026918962584 0.57735026918962584
  outer loop
   vertex 178 101 284.5
   vertex 178 100.5 285
   vertex 178.5 100 285
  endloop
 endfacet
 facet normal 0.57735026918962584 0.57735026918962584 0.57735026918962584
  outer loop
   vertex 178 101 284.5
   vertex 178.5 100 285
   vertex 178.5 101 284
  endloop
 endfacet
 facet normal 1 0 0
  outer loop
   vertex 178.5 101 284
   vertex 178.5 100 285
   vertex 178.5 100 284
  endloop
 endfacet
 facet normal -0.57735026918962584 0.57735026918962584 0.57735026918962584
  outer loop
   vertex 172.5 101 284
   vertex 173 101 284.5
   vertex 173 101.5 284
  endloop
 endfacet
 facet normal -0.57735026918962584 0.57735026918962584 0.57735026918962584
  outer loop
   vertex 173 101 284.5
   vertex 173.5 102 284
   vertex 173 101.5 284
  endloop
 endfacet
 facet normal -0.57735026918962584 0.57735026918962584 0.57735026918962584
  outer loop
   vertex 173 101 284.5
   vertex 173.5 101 285
   vertex 173.5 102 284
  endloop
 endfacet
 facet normal -1 -0 -0
  outer loop
   vertex 173.5 101 285
   vertex 173.5 102 285
   vertex 173.5 102 284
  endloop
 endfacet
 facet normal 0.57735026918962584 0.57735026918962584 0.57735026918962584
  outer loop
   vertex 178 101.5 284
   vertex 177.5 101 285
   vertex 178 101 284.5
  endloop
 endfacet
 facet normal 0.57735026918962584 0.57735026918962584 0.57735026918962584
  outer loop
   vertex 178 101.5 284
   vertex 177.5 102 284
   vertex 177.5 101 285
  endloop
 endfacet
 facet normal 1 0 0
  outer loop
   vertex 177.5 102 284
   vertex 177.5 102 285
   vertex 177.5 101 285
  endloop
 endfacet
 facet normal 0.57735026918962584 0.57735026918962584 0.57735026918962584
  outer loop
   vertex 178.5 101 284
   vertex 178 101.5 284
   vertex 178 101 284.5
  endloop
 endfacet
 facet normal -1 0 0
  outer loop
   vertex 173.5 102 284
   vertex 173.5 102 285
   vertex 173.5 103 284
  endloop
 endfacet
 facet normal -1 -0 -0
  outer loop
   vertex 173.5 102 285
   vertex 173.5 103 285
   vertex 173.5 103 284
  endloop
 endfacet
 facet normal 1 0 0
  outer loop
   vertex 177.5 102 284
   vertex 177.5 103 284
   vertex 177.5 102 285
  endloop
 endfacet
 facet normal 1 0 -0
  outer loop
   vertex 177.5 102 285
   vertex 177.5 103 284
   vertex 177.5 103 285
  endloop
 endfacet
 facet normal -0.70710678118654746 0.70710678118654746 0
  outer loop
   vertex 173.5 103 284
   vertex 173.5 103 285
   vertex 174 103.5 285
  endloop
 endfacet
 facet normal -0.70710678118654746 0.70710678118654746 0
  outer loop
   vertex 174 103.5 284
   vertex 173.5 103 284
   vertex 174 103.5 285
  endloop
 endfacet
 facet normal -0.70710678118654746 0.70710678118654746 0
  outer loop
   vertex 174 103.5 285
   vertex 174.5 104 284
   vertex 174 103.5 284
  endloop
 endfacet
 facet normal -0.70710678118654746 0.70710678118654746 0
  outer loop
   vertex 174.5 104 285
   vertex 174.5 104 284
   vertex 174 103.5 285
  endloop
 endfacet
 facet normal 0.57735026918962584 0.57735026918962584 0.57735026918962584
  outer loop
   vertex 177 104 284.5
   vertex 176.5 104 285
   vertex 177 103.5 285
  endloop
 endfacet
 facet normal 0.57735026918962584 0.57735026918962584 0.57735026918962584
  outer loop
   vertex 177 104 284.5
   vertex 177 103.5 285
   vertex 177.5 103 285
  endloop
 endfacet
 facet normal 0.57735026918962584 0.57735026918962584 0.57735026918962584
  outer loop
   vertex 177 104 284.5
   vertex 177.5 103 285
   vertex 177.5 104 284
  endloop
 endfacet
 facet normal 1 0 0
  outer loop
   vertex 177.5 104 284
   vertex 177.5 103 285
   vertex 177.5 103 284
  endloop
 endfacet
 facet normal -0.70710678118654746 0.70710678118654746 0
  outer loop
   vertex 174.5 104 284
   vertex 174.5 104 285
   vertex 175 104.5 285
  endloop
 endfacet
 facet normal -0.70710678118654746 0.70710678118654746 0
  outer loop
   vertex 175 104.5 284
   vertex 174.5 104 284
   vertex 175 104.5 285
  endloop
 endfacet
 facet normal 0 1 0
  outer loop
   vertex 176 104.5 284
   vertex 175 104.5 284
   vertex 176 104.5 285
  endloop
 endfacet
 facet normal -0 1 0
  outer loop
   vertex 175 104.5 284
   vertex 175 104.5 285
   vertex 176 104.5 285
  endloop
 endfacet
 facet normal 0.57735026918962584 0.57735026918962584 0.57735026918962584
  outer loop
   vertex 176.5 104 285
   vertex 177 104 284.5
   vertex 177 104.5 284
  endloop
 endfacet
 facet normal 0.57735026918962584 0.57735026918962584 0.57735026918962584
  outer loop
   vertex 176.5 104 285
   vertex 177 104.5 284
   vertex 176 104.5 285
  endloop
 endfacet
 facet normal 0 1 0
  outer loop
   vertex 176 104.5 285
   vertex 177 104.5 284
   vertex 176 104.5 284
  endloop
 endfacet
 facet normal 0.57735026918962584 0.57735026918962584 0.57735026918962584
  outer loop
   vertex 177.5 104 284
   vertex 177 104.5 284
   vertex 177 104 284.5
  endloop
 endfacet
 facet normal -0.57735026918962584 -0.57735026918962584 0.57735026918962584
  outer loop
   vertex 174 93.5 285
   vertex 174 94 285.5
   vertex 173.5 94 285
  endloop
 endfacet
 facet normal 0 -0.70710678118654746 0.70710678118654746
  outer loop
   vertex 174 93.5 285
   vertex 175 93.5 285
   vertex 175 94 285.5
  endloop
 endfacet
 facet normal 0 -0.70710678118654746 0.70710678118654746
  outer loop
   vertex 174 94 285.5
   vertex 174 93.5 285
   vertex 175 94 285.5
  endloop
 endfacet
 facet normal 0.57735026918962584 -0.57735026918962584 0.57735026918962584
  outer loop
   vertex 175 93.5 285
   vertex 175.5 94 285
   vertex 175 94 285.5
  endloop
 endfacet
 facet normal -0.70710678118654746 0 0.70710678118654746
  outer loop
   vertex 174 94 285.5
   vertex 174 95 285.5
   vertex 173.5 95 285
  endloop
 endfacet
 facet normal -0.70710678118654746 0 0.70710678118654746
  outer loop
   vertex 173.5 94 285
   vertex 174 94 285.5
   vertex 173.5 95 285
  endloop
 endfacet
 facet normal -0.57735026918962584 -0.57735026918962584 0.57735026918962584
  outer loop
   vertex 174.5 95 286
   vertex 175 94 285.5
   vertex 175 94.5 286
  endloop
 endfacet
 facet normal -0.57735026918962584 -0.57735026918962584 0.57735026918962584
  outer loop
   vertex 174.5 95 286
   vertex 174 95 285.5
   vertex 175 94 285.5
  endloop
 endfacet
 facet normal 0 0 1
  outer loop
   vertex 174 95 285.5
   vertex 174 94 285.5
   vertex 175 94 285.5
  endloop
 endfacet
 facet normal 0.57735026918962584 -0.57735026918962584 0.57735026918962584
  outer loop
   vertex 176 95 285.5
   vertex 175.5 95 286
   vertex 175 94.5 286
  endloop
 endfacet
 facet normal 0.57735026918962584 -0.57735026918962584 0.57735026918962584
  outer loop
   vertex 176 94.5 285
   vertex 176 95 285.5
   vertex 175 94.5 286
  endloop
 endfacet
 facet normal 0.57735026918962584 -0.57735026918962584 0.57735026918962584
  outer loop
   vertex 176 94.5 285
   vertex 175 94.5 286
   vertex 175 94 285.5
  endloop
 endfacet
 facet normal 0.57735026918962584 -0.57735026918962584 0.57735026918962584
  outer loop
   vertex 176 94.5 285
   vertex 175 94 285.5
   vertex 175.5 94 285
  endloop
 endfacet
 facet normal 0.57735026918962584 -0.57735026918962584 0.57735026918962584
  outer loop
   vertex 176 94.5 285
   vertex 176.5 95 285
   vertex 176 95 285.5
  endloop
 endfacet
 facet normal -0.57735026918962584 -0.57735026918962584 0.57735026918962584
  outer loop
   vertex 173 95.5 285
   vertex 173 96 285.5
   vertex 172.5 96 285
  endloop
 endfacet
 facet normal -0.57735026918962584 -0.57735026918962584 0.57735026918962584
  outer loop
   vertex 173 95.5 285
   vertex 173.5 96 286
   vertex 173 96 285.5
  endloop
 endfacet
 facet normal -0.57735026918962584 -0.57735026918962584 0.57735026918962584
  outer loop
   vertex 173.5 95 285
   vertex 173.5 96 286
   vertex 173 95.5 285
  endloop
 endfacet
 facet normal -0.57735026918962584 -0.57735026918962584 0.57735026918962584
  outer loop
   vertex 173.5 95 285
   vertex 174 95.5 286
   vertex 173.5 96 286
  endloop
 endfacet
 facet normal -0.57735026918962584 -0.57735026918962584 0.57735026918962584
  outer loop
   vertex 173.5 95 285
   vertex 174 95 285.5
   vertex 174 95.5 286
  endloop
 endfacet
 facet normal -0.57735026918962584 -0.57735026918962584 0.57735026918962584
  outer loop
   vertex 174.5 95 286
   vertex 174 95.5 286
   vertex 174 95 285.5
  endloop
 endfacet
 facet normal 0.57735026918962584 -0.57735026918962584 0.57735026918962584
  outer loop
   vertex 176 95 285.5
   vertex 176 95.5 286
   vertex 175.5 95 286
  endloop
 endfacet
 facet normal 0.57735026918962584 -0.57735026918962584 0.57735026918962584
  outer loop
   vertex 176 95.5 286
   vertex 176 95 285.5
   vertex 176.5 95 285
  endloop
 endfacet
 facet normal 0.57735026918962584 -0.57735026918962584 0.57735026918962584
  outer loop
   vertex 176 95.5 286
   vertex 176.5 95 285
   vertex 176.5 96 286
  endloop
 endfacet
 facet normal 1 0 0
  outer loop
   vertex 176.5 96 286
   vertex 176.5 95 285
   vertex 176.5 96 285
  endloop
 endfacet
 facet normal -0.70710678118654746 0 0.70710678118654746
  outer loop
   vertex 173 96 285.5
   vertex 173 97 285.5
   vertex 172.5 97 285
  endloop
 endfacet
 facet normal -0.70710678118654746 0 0.70710678118654746
  outer loop
   vertex 172.5 96 285
   vertex 173 96 285.5
   vertex 172.5 97 285
  endloop
 endfacet
 facet normal -0.70710678118654746 0 0.70710678118654746
  outer loop
   vertex 173.5 97 286
   vertex 173 96 285.5
   vertex 173.5 96 286
  endloop
 endfacet
 facet normal -0.70710678118654746 0 0.70710678118654746
  outer loop
   vertex 173 97 285.5
   vertex 173 96 285.5
   vertex 173.5 97 286
  endloop
 endfacet
 facet normal 0.57735026918962584 -0.57735026918962584 0.57735026918962584
  outer loop
   vertex 177 97 285.5
   vertex 176.5 96 285
   vertex 177 96.5 285
  endloop
 endfacet
 facet normal 0.57735026918962584 -0.57735026918962584 0.57735026918962584
  outer loop
   vertex 177 97 285.5
   vertex 176.5 97 286
   vertex 176.5 96 285
  endloop
 endfacet
 facet normal 1 -0 0
  outer loop
   vertex 176.5 97 286
   vertex 176.5 96 286
   vertex 176.5 96 285
  endloop
 endfacet
 facet normal 0.57735026918962584 -0.57735026918962584 0.57735026918962584
  outer loop
   vertex 177 96.5 285
   vertex 177.5 97 285
   vertex 177 97 285.5
  endloop
 endfacet
 facet normal -0.70710678118654746 0 0.70710678118654746
  outer loop
   vertex 173 97 285.5
   vertex 173 98 285.5
   vertex 172.5 98 285
  endloop
 endfacet
 facet normal -0.70710678118654746 0 0.70710678118654746
  outer loop
   vertex 172.5 97 285
   vertex 173 97 285.5
   vertex 172.5 98 285
  endloop
 endfacet
 facet normal -0.70710678118654746 0 0.70710678118654746
  outer loop
   vertex 173.5 98 286
   vertex 173 97 285.5
   vertex 173.5 97 286
  endloop
 endfacet
 facet normal -0.70710678118654746 0 0.70710678118654746
  outer loop
   vertex 173 98 285.5
   vertex 173 97 285.5
   vertex 173.5 98 286
  endloop
 endfacet
 facet normal 0.57735026918962584 -0.57735026918962584 0.57735026918962584
  outer loop
   vertex 177 97 285.5
   vertex 177 97.5 286
   vertex 176.5 97 286
  endloop
 endfacet
 facet normal 0.57735026918962584 -0.57735026918962584 0.57735026918962584
  outer loop
   vertex 178 98 285.5
   vertex 177.5 98 286
   vertex 177 97.5 286
  endloop
 endfacet
 facet normal 0.57735026918962584 -0.57735026918962584 0.57735026918962584
  outer loop
   vertex 178 97.5 285
   vertex 178 98 285.5
   vertex 177 97.5 286
  endloop
 endfacet
 facet normal 0.57735026918962584 -0.57735026918962584 0.57735026918962584
  outer loop
   vertex 178 97.5 285
   vertex 177 97.5 286
   vertex 177 97 285.5
  endloop
 endfacet
 facet normal 0.57735026918962584 -0.57735026918962584 0.57735026918962584
  outer loop
   vertex 178 97.5 285
   vertex 177 97 285.5
   vertex 177.5 97 285
  endloop
 endfacet
 facet normal 0.57735026918962584 -0.57735026918962584 0.57735026918962584
  outer loop
   vertex 178 97.5 285
   vertex 178.5 98 285
   vertex 178 98 285.5
  endloop
 endfacet
 facet normal -0.70710678118654746 0 0.70710678118654746
  outer loop
   vertex 173 98 285.5
   vertex 173 99 285.5
   vertex 172.5 99 285
  endloop
 endfacet
 facet normal -0.70710678118654746 0 0.70710678118654746
  outer loop
   vertex 172.5 98 285
   vertex 173 98 285.5
   vertex 172.5 99 285
  endloop
 endfacet
 facet normal -0.70710678118654746 0 0.70710678118654746
  outer loop
   vertex 173.5 99 286
   vertex 173 98 285.5
   vertex 173.5 98 286
  endloop
 endfacet
 facet normal -0.70710678118654746 0 0.70710678118654746
  outer loop
   vertex 173 99 285.5
   vertex 173 98 285.5
   vertex 173.5 99 286
  endloop
 endfacet
 facet normal 0.70710678118654746 0 0.70710678118654746
  outer loop
   vertex 178 99 285.5
   vertex 177.5 98 286
   vertex 178 98 285.5
  endloop
 endfacet
 facet normal 0.70710678118654746 -0 0.70710678118654746
  outer loop
   vertex 177.5 99 286
   vertex 177.5 98 286
   vertex 178 99 285.5
  endloop
 endfacet
 facet normal 0.70710678118654746 0 0.70710678118654746
  outer loop
   vertex 178.5 98 285
   vertex 178.5 99 285
   vertex 178 99 285.5
  endloop
 endfacet
 facet normal 0.70710678118654746 0 0.70710678118654746
  outer loop
   vertex 178 98 285.5
   vertex 178.5 98 285
   vertex 178 99 285.5
  endloop
 endfacet
 facet normal -0.57735026918962584 0.57735026918962584 0.57735026918962584
  outer loop
   vertex 172.5 99 285
   vertex 173 99 285.5
   vertex 173 99.5 285
  endloop
 endfacet
 facet normal -0.57735026918962584 0.57735026918962584 0.57735026918962584
  outer loop
   vertex 173 99 285.5
   vertex 173.5 100 285
   vertex 173 99.5 285
  endloop
 endfacet
 facet normal -0.57735026918962584 0.57735026918962584 0.57735026918962584
  outer loop
   vertex 173 99 285.5
   vertex 173.5 99 286
   vertex 173.5 100 285
  endloop
 endfacet
 facet normal -1 -0 -0
  outer loop
   vertex 173.5 99 286
   vertex 173.5 100 286
   vertex 173.5 100 285
  endloop
 endfacet
 facet normal 0.70710678118654746 0 0.70710678118654746
  outer loop
   vertex 178 100 285.5
   vertex 177.5 99 286
   vertex 178 99 285.5
  endloop
 endfacet
 facet normal 0.70710678118654746 -0 0.70710678118654746
  outer loop
   vertex 177.5 100 286
   vertex 177.5 99 286
   vertex 178 100 285.5
  endloop
 endfacet
 facet normal 0.70710678118654746 0 0.70710678118654746
  outer loop
   vertex 178.5 99 285
   vertex 178.5 100 285
   vertex 178 100 285.5
  endloop
 endfacet
 facet normal 0.70710678118654746 0 0.70710678118654746
  outer loop
   vertex 178 99 285.5
   vertex 178.5 99 285
   vertex 178 100 285.5
  endloop
 endfacet
 facet normal -1 0 0
  outer loop
   vertex 173.5 100 285
   vertex 173.5 100 286
   vertex 173.5 101 285
  endloop
 endfacet
 facet normal -1 -0 -0
  outer loop
   vertex 173.5 100 286
   vertex 173.5 101 286
   vertex 173.5 101 285
  endloop
 endfacet
 facet normal 0.57735026918962584 0.57735026918962584 0.57735026918962584
  outer loop
   vertex 178 100.5 285
   vertex 177.5 100 286
   vertex 178 100 285.5
  endloop
 endfacet
 facet normal 0.57735026918962584 0.57735026918962584 0.57735026918962584
  outer loop
   vertex 178 100.5 285
   vertex 177.5 101 285
   vertex 177.5 100 286
  endloop
 endfacet
 facet normal 1 0 0
  outer loop
   vertex 177.5 101 285
   vertex 177.5 101 286
   vertex 177.5 100 286
  endloop
 endfacet
 facet normal 0.57735026918962584 0.57735026918962584 0.57735026918962584
  outer loop
   vertex 178.5 100 285
   vertex 178 100.5 285
   vertex 178 100 285.5
  endloop
 endfacet
 facet normal -1 0 0
  outer loop
   vertex 173.5 101 285
   vertex 173.5 101 286
   vertex 173.5 102 285
  endloop
 endfacet
 facet normal -1 -0 -0
  outer loop
   vertex 173.5 101 286
   vertex 173.5 102 286
   vertex 173.5 102 285
  endloop
 endfacet
 facet normal 1 0 0
  outer loop
   vertex 177.5 101 285
   vertex 177.5 102 285
   vertex 177.5 101 286
  endloop
 endfacet
 facet normal 1 0 -0
  outer loop
   vertex 177.5 101 286
   vertex 177.5 102 285
   vertex 177.5 102 286
  endloop
 endfacet
 facet normal -1 0 0
  outer loop
   vertex 173.5 102 285
   vertex 173.5 102 286
   vertex 173.5 103 285
  endloop
 endfacet
 facet normal -1 -0 -0
  outer loop
   vertex 173.5 102 286
   vertex 173.5 103 286
   vertex 173.5 103 285
  endloop
 endfacet
 facet normal 0.57735026918962584 0.57735026918962584 0.57735026918962584
  outer loop
   vertex 177 103 285.5
   vertex 176.5 103 286
   vertex 177 102.5 286
  endloop
 endfacet
 facet normal 0.57735026918962584 0.57735026918962584 0.57735026918962584
  outer loop
   vertex 177 103 285.5
   vertex 177 102.5 286
   vertex 177.5 102 286
  endloop
 endfacet
 facet normal 0.57735026918962584 0.57735026918962584 0.57735026918962584
  outer loop
   vertex 177 103 285.5
   vertex 177.5 102 286
   vertex 177.5 103 285
  endloop
 endfacet
 facet normal 1 0 0
  outer loop
   vertex 177.5 103 285
   vertex 177.5 102 286
   vertex 177.5 102 285
  endloop
 endfacet
 facet normal -0.70710678118654746 0.70710678118654746 0
  outer loop
   vertex 173.5 103 285
   vertex 173.5 103 286
   vertex 174 103.5 286
  endloop
 endfacet
 facet normal -0.70710678118654746 0.70710678118654746 0
  outer loop
   vertex 174 103.5 285
   vertex 173.5 103 285
   vertex 174 103.5 286
  endloop
 endfacet
 facet normal -0.70710678118654746 0.70710678118654746 0
  outer loop
   vertex 174 103.5 286
   vertex 174.5 104 285
   vertex 174 103.5 285
  endloop
 endfacet
 facet normal -0.70710678118654746 0.70710678118654746 0
  outer loop
   vertex 174.5 104 286
   vertex 174.5 104 285
   vertex 174 103.5 286
  endloop
 endfacet
 facet normal 0.57735026918962584 0.57735026918962584 0.57735026918962584
  outer loop
   vertex 177 103.5 285
   vertex 176.5 103 286
   vertex 177 103 285.5
  endloop
 endfacet
 facet normal 0.57735026918962584 0.57735026918962584 0.57735026918962584
  outer loop
   vertex 177 103.5 285
   vertex 176.5 104 285
   vertex 176.5 103 286
  endloop
 endfacet
 facet normal 1 0 0
  outer loop
   vertex 176.5 104 285
   vertex 176.5 104 286
   vertex 176.5 103 286
  endloop
 endfacet
 facet normal 0.57735026918962584 0.57735026918962584 0.57735026918962584
  outer loop
   vertex 177.5 103 285
   vertex 177 103.5 285
   vertex 177 103 285.5
  endloop
 endfacet
 facet normal -0.70710678118654746 0.70710678118654746 0
  outer loop
   vertex 174.5 104 285
   vertex 174.5 104 286
   vertex 175 104.5 286
  endloop
 endfacet
 facet normal -0.70710678118654746 0.70710678118654746 0
  outer loop
   vertex 175 104.5 285
   vertex 174.5 104 285
   vertex 175 104.5 286
  endloop
 endfacet
 facet normal 0 1 0
  outer loop
   vertex 176 104.5 285
   vertex 175 104.5 285
   vertex 176 104.5 286
  endloop
 endfacet
 facet normal -0 1 0
  outer loop
   vertex 175 104.5 285
   vertex 175 104.5 286
   vertex 176 104.5 286
  endloop
 endfacet
 facet normal 0.70710678118654746 0.70710678118654746 -0
  outer loop
   vertex 176.5 104 286
   vertex 176.5 104 285
   vertex 176 104.5 285
  endloop
 endfacet
 facet normal 0.70710678118654746 0.70710678118654746 0
  outer loop
   vertex 176 104.5 286
   vertex 176.5 104 286
   vertex 176 104.5 285
  endloop
 endfacet
 facet normal -0.57735026918962584 -0.57735026918962584 0.57735026918962584
  outer loop
   vertex 175 94.5 286
   vertex 175 95 286.5
   vertex 174.5 95 286
  endloop
 endfacet
 facet normal 0.57735026918962584 -0.57735026918962584 0.57735026918962584
  outer loop
   vertex 175 94.5 286
   vertex 175.5 95 286
   vertex 175 95 286.5
  endloop
 endfacet
 facet normal -0.57735026918962584 -0.57735026918962584 0.57735026918962584
  outer loop
   vertex 174 95.5 286
   vertex 174 96 286.5
   vertex 173.5 96 286
  endloop
 endfacet
 facet normal -0.57735026918962584 -0.57735026918962584 0.57735026918962584
  outer loop
   vertex 174 95.5 286
   vertex 174.5 95 286
   vertex 175 95 286.5
  endloop
 endfacet
 facet normal -0.57735026918962584 -0.57735026918962584 0.57735026918962584
  outer loop
   vertex 174 95.5 286
   vertex 175 95 286.5
   vertex 174 96 286.5
  endloop
 endfacet
 facet normal 0 -0 1
  outer loop
   vertex 174 96 286.5
   vertex 175 95 286.5
   vertex 175 96 286.5
  endloop
 endfacet
 facet normal 0.57735026918962584 -0.57735026918962584 0.57735026918962584
  outer loop
   vertex 175.5 95 286
   vertex 176 95.5 286
   vertex 176 96 286.5
  endloop
 endfacet
 facet normal 0.57735026918962584 -0.57735026918962584 0.57735026918962584
  outer loop
   vertex 175.5 95 286
   vertex 176 96 286.5
   vertex 175 95 286.5
  endloop
 endfacet
 facet normal 0 0 1
  outer loop
   vertex 175 95 286.5
   vertex 176 96 286.5
   vertex 175 96 286.5
  endloop
 endfacet
 facet normal 0.57735026918962584 -0.57735026918962584 0.57735026918962584
  outer loop
   vertex 176 95.5 286
   vertex 176.5 96 286
   vertex 176 96 286.5
  endloop
 endfacet
 facet normal -0.70710678118654746 0 0.70710678118654746
  outer loop
   vertex 174 96 286.5
   vertex 174 97 286.5
   vertex 173.5 97 286
  endloop
 endfacet
 facet normal -0.70710678118654746 0 0.70710678118654746
  outer loop
   vertex 173.5 96 286
   vertex 174 96 286.5
   vertex 173.5 97 286
  endloop
 endfacet
 facet normal -0.57735026918962584 -0.57735026918962584 0.57735026918962584
  outer loop
   vertex 174.5 97 287
   vertex 175 96 286.5
   vertex 175 96.5 287
  endloop
 endfacet
 facet normal -0.57735026918962584 -0.57735026918962584 0.57735026918962584
  outer loop
   vertex 174.5 97 287
   vertex 174 97 286.5
   vertex 175 96 286.5
  endloop
 endfacet
 facet normal 0 0 1
  outer loop
   vertex 174 97 286.5
   vertex 174 96 286.5
   vertex 175 96 286.5
  endloop
 endfacet
 facet normal 0.57735026918962584 -0.57735026918962584 0.57735026918962584
  outer loop
   vertex 175 96.5 287
   vertex 176 97 286.5
   vertex 175.5 97 287
  endloop
 endfacet
 facet normal 0.57735026918962584 -0.57735026918962584 0.57735026918962584
  outer loop
   vertex 175 96.5 287
   vertex 175 96 286.5
   vertex 176 97 286.5
  endloop
 endfacet
 facet normal 0 -0 1
  outer loop
   vertex 175 96 286.5
   vertex 176 96 286.5
   vertex 176 97 286.5
  endloop
 endfacet
 facet normal 0.70710678118654746 0 0.70710678118654746
  outer loop
   vertex 176.5 96 286
   vertex 176.5 97 286
   vertex 176 97 286.5
  endloop
 endfacet
 facet normal 0.70710678118654746 0 0.70710678118654746
  outer loop
   vertex 176 96 286.5
   vertex 176.5 96 286
   vertex 176 97 286.5
  endloop
 endfacet
 facet normal -0.57735026918962584 -0.57735026918962584 0.57735026918962584
  outer loop
   vertex 174 97 286.5
   vertex 174 97.5 287
   vertex 173.5 98 287
  endloop
 endfacet
 facet normal -0.57735026918962584 -0.57735026918962584 0.57735026918962584
  outer loop
   vertex 174 97 286.5
   vertex 173.5 98 287
   vertex 173.5 97 286
  endloop
 endfacet
 facet normal -1 0 -0
  outer loop
   vertex 173.5 97 286
   vertex 173.5 98 287
   vertex 173.5 98 286
  endloop
 endfacet
 facet normal -0.57735026918962584 -0.57735026918962584 0.57735026918962584
  outer loop
   vertex 174.5 97 287
   vertex 174 97.5 287
   vertex 174 97 286.5
  endloop
 endfacet
 facet normal 0.57735026918962584 -0.57735026918962584 0.57735026918962584
  outer loop
   vertex 176 97 286.5
   vertex 176 97.5 287
   vertex 175.5 97 287
  endloop
 endfacet
 facet normal 0.57735026918962584 -0.57735026918962584 0.57735026918962584
  outer loop
   vertex 177 98 286.5
   vertex 176.5 98 287
   vertex 176 97.5 287
  endloop
 endfacet
 facet normal 0.57735026918962584 -0.57735026918962584 0.57735026918962584
  outer loop
   vertex 177 97.5 286
   vertex 177 98 286.5
   vertex 176 97.5 287
  endloop
 endfacet
 facet normal 0.57735026918962584 -0.57735026918962584 0.57735026918962584
  outer loop
   vertex 177 97.5 286
   vertex 176 97.5 287
   vertex 176 97 286.5
  endloop
 endfacet
 facet normal 0.57735026918962584 -0.57735026918962584 0.57735026918962584
  outer loop
   vertex 177 97.5 286
   vertex 176 97 286.5
   vertex 176.5 97 286
  endloop
 endfacet
 facet normal 0.57735026918962584 -0.57735026918962584 0.57735026918962584
  outer loop
   vertex 177 97.5 286
   vertex 177.5 98 286
   vertex 177 98 286.5
  endloop
 endfacet
 facet normal -1 0 0
  outer loop
   vertex 173.5 98 286
   vertex 173.5 98 287
   vertex 173.5 99 286
  endloop
 endfacet
 facet normal -1 -0 -0
  outer loop
   vertex 173.5 98 287
   vertex 173.5 99 287
   vertex 173.5 99 286
  endloop
 endfacet
 facet normal 0.70710678118654746 0 0.70710678118654746
  outer loop
   vertex 177 99 286.5
   vertex 176.5 98 287
   vertex 177 98 286.5
  endloop
 endfacet
 facet normal 0.70710678118654746 -0 0.70710678118654746
  outer loop
   vertex 176.5 99 287
   vertex 176.5 98 287
   vertex 177 99 286.5
  endloop
 endfacet
 facet normal 0.70710678118654746 0 0.70710678118654746
  outer loop
   vertex 177.5 98 286
   vertex 177.5 99 286
   vertex 177 99 286.5
  endloop
 endfacet
 facet normal 0.70710678118654746 0 0.70710678118654746
  outer loop
   vertex 177 98 286.5
   vertex 177.5 98 286
   vertex 177 99 286.5
  endloop
 endfacet
 facet normal -1 0 0
  outer loop
   vertex 173.5 99 286
   vertex 173.5 99 287
   vertex 173.5 100 286
  endloop
 endfacet
 facet normal -1 -0 -0
  outer loop
   vertex 173.5 99 287
   vertex 173.5 100 287
   vertex 173.5 100 286
  endloop
 endfacet
 facet normal 0.70710678118654746 0 0.70710678118654746
  outer loop
   vertex 177 100 286.5
   vertex 176.5 99 287
   vertex 177 99 286.5
  endloop
 endfacet
 facet normal 0.70710678118654746 -0 0.70710678118654746
  outer loop
   vertex 176.5 100 287
   vertex 176.5 99 287
   vertex 177 100 286.5
  endloop
 endfacet
 facet normal 0.70710678118654746 0 0.70710678118654746
  outer loop
   vertex 177.5 99 286
   vertex 177.5 100 286
   vertex 177 100 286.5
  endloop
 endfacet
 facet normal 0.70710678118654746 0 0.70710678118654746
  outer loop
   vertex 177 99 286.5
   vertex 177.5 99 286
   vertex 177 100 286.5
  endloop
 endfacet
 facet normal -1 0 0
  outer loop
   vertex 173.5 100 286
   vertex 173.5 100 287
   vertex 173.5 101 286
  endloop
 endfacet
 facet normal -1 -0 -0
  outer loop
   vertex 173.5 100 287
   vertex 173.5 101 287
   vertex 173.5 101 286
  endloop
 endfacet
 facet normal 0.70710678118654746 0 0.70710678118654746
  outer loop
   vertex 177 101 286.5
   vertex 176.5 100 287
   vertex 177 100 286.5
  endloop
 endfacet
 facet normal 0.70710678118654746 -0 0.70710678118654746
  outer loop
   vertex 176.5 101 287
   vertex 176.5 100 287
   vertex 177 101 286.5
  endloop
 endfacet
 facet normal 0.70710678118654746 0 0.70710678118654746
  outer loop
   vertex 177.5 100 286
   vertex 177.5 101 286
   vertex 177 101 286.5
  endloop
 endfacet
 facet normal 0.70710678118654746 0 0.70710678118654746
  outer loop
   vertex 177 100 286.5
   vertex 177.5 100 286
   vertex 177 101 286.5
  endloop
 endfacet
 facet normal -0.57735026918962584 0.57735026918962584 0.57735026918962584
  outer loop
   vertex 174 101.5 287
   vertex 174 102 286.5
   vertex 173.5 102 286
  endloop
 endfacet
 facet normal -0.57735026918962584 0.57735026918962584 0.57735026918962584
  outer loop
   vertex 174 101.5 287
   vertex 173.5 102 286
   vertex 173.5 101 287
  endloop
 endfacet
 facet normal -1 0 0
  outer loop
   vertex 173.5 101 287
   vertex 173.5 102 286
   vertex 173.5 101 286
  endloop
 endfacet
 facet normal -0.57735026918962584 0.57735026918962584 0.57735026918962584
  outer loop
   vertex 174 101.5 287
   vertex 174.5 102 287
   vertex 174 102 286.5
  endloop
 endfacet
 facet normal 0.70710678118654746 0 0.70710678118654746
  outer loop
   vertex 177 102 286.5
   vertex 176.5 101 287
   vertex 177 101 286.5
  endloop
 endfacet
 facet normal 0.70710678118654746 -0 0.70710678118654746
  outer loop
   vertex 176.5 102 287
   vertex 176.5 101 287
   vertex 177 102 286.5
  endloop
 endfacet
 facet normal 0.70710678118654746 0 0.70710678118654746
  outer loop
   vertex 177.5 101 286
   vertex 177.5 102 286
   vertex 177 102 286.5
  endloop
 endfacet
 facet normal 0.70710678118654746 0 0.70710678118654746
  outer loop
   vertex 177 101 286.5
   vertex 177.5 101 286
   vertex 177 102 286.5
  endloop
 endfacet
 facet normal -0.70710678118654746 0 0.70710678118654746
  outer loop
   vertex 174 102 286.5
   vertex 174 103 286.5
   vertex 173.5 103 286
  endloop
 endfacet
 facet normal -0.70710678118654746 0 0.70710678118654746
  outer loop
   vertex 173.5 102 286
   vertex 174 102 286.5
   vertex 173.5 103 286
  endloop
 endfacet
 facet normal -0.70710678118654746 0 0.70710678118654746
  outer loop
   vertex 174.5 103 287
   vertex 174 102 286.5
   vertex 174.5 102 287
  endloop
 endfacet
 facet normal -0.70710678118654746 0 0.70710678118654746
  outer loop
   vertex 174 103 286.5
   vertex 174 102 286.5
   vertex 174.5 103 287
  endloop
 endfacet
 facet normal 0.57735026918962584 0.57735026918962584 0.57735026918962584
  outer loop
   vertex 177 102.5 286
   vertex 176.5 102 287
   vertex 177 102 286.5
  endloop
 endfacet
 facet normal 0.57735026918962584 0.57735026918962584 0.57735026918962584
  outer loop
   vertex 177 102.5 286
   vertex 176.5 103 286
   vertex 176.5 102 287
  endloop
 endfacet
 facet normal 1 0 0
  outer loop
   vertex 176.5 103 286
   vertex 176.5 103 287
   vertex 176.5 102 287
  endloop
 endfacet
 facet normal 0.57735026918962584 0.57735026918962584 0.57735026918962584
  outer loop
   vertex 177.5 102 286
   vertex 177 102.5 286
   vertex 177 102 286.5
  endloop
 endfacet
 facet normal -0.57735026918962584 0.57735026918962584 0.57735026918962584
  outer loop
   vertex 173.5 103 286
   vertex 174 103 286.5
   vertex 174 103.5 286
  endloop
 endfacet
 facet normal -0.57735026918962584 0.57735026918962584 0.57735026918962584
  outer loop
   vertex 174.5 104 286
   vertex 175 103.5 287
   vertex 175 104 286.5
  endloop
 endfacet
 facet normal -0.57735026918962584 0.57735026918962584 0.57735026918962584
  outer loop
   vertex 174 103.5 286
   vertex 175 103.5 287
   vertex 174.5 104 286
  endloop
 endfacet
 facet normal -0.57735026918962584 0.57735026918962584 0.57735026918962584
  outer loop
   vertex 174 103.5 286
   vertex 174.5 103 287
   vertex 175 103.5 287
  endloop
 endfacet
 facet normal -0.57735026918962584 0.57735026918962584 0.57735026918962584
  outer loop
   vertex 174 103.5 286
   vertex 174 103 286.5
   vertex 174.5 103 287
  endloop
 endfacet
 facet normal 0 0.70710678118654746 0.70710678118654746
  outer loop
   vertex 175 104 286.5
   vertex 176 103.5 287
   vertex 176 104 286.5
  endloop
 endfacet
 facet normal 0 0.70710678118654746 0.70710678118654746
  outer loop
   vertex 175 103.5 287
   vertex 176 103.5 287
   vertex 175 104 286.5
  endloop
 endfacet
 facet normal 0.57735026918962584 0.57735026918962584 0.57735026918962584
  outer loop
   vertex 176 104 286.5
   vertex 176 103.5 287
   vertex 176.5 103 287
  endloop
 endfacet
 facet normal 0.57735026918962584 0.57735026918962584 0.57735026918962584
  outer loop
   vertex 176 104 286.5
   vertex 176.5 103 287
   vertex 176.5 104 286
  endloop
 endfacet
 facet normal 1 0 0
  outer loop
   vertex 176.5 104 286
   vertex 176.5 103 287
   vertex 176.5 103 286
  endloop
 endfacet
 facet normal -0.57735026918962584 0.57735026918962584 0.57735026918962584
  outer loop
   vertex 174.5 104 286
   vertex 175 104 286.5
   vertex 175 104.5 286
  endloop
 endfacet
 facet normal -0 0.70710678118654746 0.70710678118654746
  outer loop
   vertex 176 104.5 286
   vertex 175 104.5 286
   vertex 175 104 286.5
  endloop
 endfacet
 facet normal 0 0.70710678118654746 0.70710678118654746
  outer loop
   vertex 176 104 286.5
   vertex 176 104.5 286
   vertex 175 104 286.5
  endloop
 endfacet
 facet normal 0.57735026918962584 0.57735026918962584 0.57735026918962584
  outer loop
   vertex 176.5 104 286
   vertex 176 104.5 286
   vertex 176 104 286.5
  endloop
 endfacet
 facet normal -0.57735026918962584 -0.57735026918962584 0.57735026918962584
  outer loop
   vertex 175 96.5 287
   vertex 175 97 287.5
   vertex 174.5 97 287
  endloop
 endfacet
 facet normal 0.57735026918962584 -0.57735026918962584 0.57735026918962584
  outer loop
   vertex 175 96.5 287
   vertex 175.5 97 287
   vertex 175 97 287.5
  endloop
 endfacet
 facet normal -0.57735026918962584 -0.57735026918962584 0.57735026918962584
  outer loop
   vertex 174 97.5 287
   vertex 174 98 287.5
   vertex 173.5 98 287
  endloop
 endfacet
 facet normal -0.57735026918962584 -0.57735026918962584 0.57735026918962584
  outer loop
   vertex 174 97.5 287
   vertex 174.5 97 287
   vertex 175 97 287.5
  endloop
 endfacet
 facet normal -0.57735026918962584 -0.57735026918962584 0.57735026918962584
  outer loop
   vertex 174 97.5 287
   vertex 175 97 287.5
   vertex 174 98 287.5
  endloop
 endfacet
 facet normal 0 -0 1
  outer loop
   vertex 174 98 287.5
   vertex 175 97 287.5
   vertex 175 98 287.5
  endloop
 endfacet
 facet normal 0.57735026918962584 -0.57735026918962584 0.57735026918962584
  outer loop
   vertex 175.5 97 287
   vertex 176 97.5 287
   vertex 176 98 287.5
  endloop
 endfacet
 facet normal 0.57735026918962584 -0.57735026918962584 0.57735026918962584
  outer loop
   vertex 175.5 97 287
   vertex 176 98 287.5
   vertex 175 97 287.5
  endloop
 endfacet
 facet normal 0 0 1
  outer loop
   vertex 175 97 287.5
   vertex 176 98 287.5
   vertex 175 98 287.5
  endloop
 endfacet
 facet normal 0.57735026918962584 -0.57735026918962584 0.57735026918962584
  outer loop
   vertex 176 97.5 287
   vertex 176.5 98 287
   vertex 176 98 287.5
  endloop
 endfacet
 facet normal -0.70710678118654746 0 0.70710678118654746
  outer loop
   vertex 174 98 287.5
   vertex 174 99 287.5
   vertex 173.5 99 287
  endloop
 endfacet
 facet normal -0.70710678118654746 0 0.70710678118654746
  outer loop
   vertex 173.5 98 287
   vertex 174 98 287.5
   vertex 173.5 99 287
  endloop
 endfacet
 facet normal 0 0 1
  outer loop
   vertex 175 98 287.5
   vertex 175 99 287.5
   vertex 174 98 287.5
  endloop
 endfacet
 facet normal -0 0 1
  outer loop
   vertex 175 99 287.5
   vertex 174 99 287.5
   vertex 174 98 287.5
  endloop
 endfacet
 facet normal 0 0 1
  outer loop
   vertex 176 98 287.5
   vertex 176 99 287.5
   vertex 175 98 287.5
  endloop
 endfacet
 facet normal -0 0 1
  outer loop
   vertex 176 99 287.5
   vertex 175 99 287.5
   vertex 175 98 287.5
  endloop
 endfacet
 facet normal 0.70710678118654746 0 0.70710678118654746
  outer loop
   vertex 176.5 98 287
   vertex 176.5 99 287
   vertex 176 99 287.5
  endloop
 endfacet
 facet normal 0.70710678118654746 0 0.70710678118654746
  outer loop
   vertex 176 98 287.5
   vertex 176.5 98 287
   vertex 176 99 287.5
  endloop
 endfacet
 facet normal -0.70710678118654746 0 0.70710678118654746
  outer loop
   vertex 174 99 287.5
   vertex 174 100 287.5
   vertex 173.5 100 287
  endloop
 endfacet
 facet normal -0.70710678118654746 0 0.70710678118654746
  outer loop
   vertex 173.5 99 287
   vertex 174 99 287.5
   vertex 173.5 100 287
  endloop
 endfacet
 facet normal 0 0 1
  outer loop
   vertex 175 99 287.5
   vertex 175 100 287.5
   vertex 174 99 287.5
  endloop
 endfacet
 facet normal -0 0 1
  outer loop
   vertex 175 100 287.5
   vertex 174 100 287.5
   vertex 174 99 287.5
  endloop
 endfacet
 facet normal 0 0 1
  outer loop
   vertex 176 99 287.5
   vertex 176 100 287.5
   vertex 175 99 287.5
  endloop
 endfacet
 facet normal -0 0 1
  outer loop
   vertex 176 100 287.5
   vertex 175 100 287.5
   vertex 175 99 287.5
  endloop
 endfacet
 facet normal 0.70710678118654746 0 0.70710678118654746
  outer loop
   vertex 176.5 99 287
   vertex 176.5 100 287
   vertex 176 100 287.5
  endloop
 endfacet
 facet normal 0.70710678118654746 0 0.70710678118654746
  outer loop
   vertex 176 99 287.5
   vertex 176.5 99 287
   vertex 176 100 287.5
  endloop
 endfacet
 facet normal -0.70710678118654746 0 0.70710678118654746
  outer loop
   vertex 174 100 287.5
   vertex 174 101 287.5
   vertex 173.5 101 287
  endloop
 endfacet
 facet normal -0.70710678118654746 0 0.70710678118654746
  outer loop
   vertex 173.5 100 287
   vertex 174 100 287.5
   vertex 173.5 101 287
  endloop
 endfacet
 facet normal 0 0 1
  outer loop
   vertex 175 100 287.5
   vertex 175 101 287.5
   vertex 174 100 287.5
  endloop
 endfacet
 facet normal -0 0 1
  outer loop
   vertex 175 101 287.5
   vertex 174 101 287.5
   vertex 174 100 287.5
  endloop
 endfacet
 facet normal 0 0 1
  outer loop
   vertex 176 100 287.5
   vertex 176 101 287.5
   vertex 175 100 287.5
  endloop
 endfacet
 facet normal -0 0 1
  outer loop
   vertex 176 101 287.5
   vertex 175 101 287.5
   vertex 175 100 287.5
  endloop
 endfacet
 facet normal 0.70710678118654746 0 0.70710678118654746
  outer loop
   vertex 176.5 100 287
   vertex 176.5 101 287
   vertex 176 101 287.5
  endloop
 endfacet
 facet normal 0.70710678118654746 0 0.70710678118654746
  outer loop
   vertex 176 100 287.5
   vertex 176.5 100 287
   vertex 176 101 287.5
  endloop
 endfacet
 facet normal -0.57735026918962584 0.57735026918962584 0.57735026918962584
  outer loop
   vertex 173.5 101 287
   vertex 174 101 287.5
   vertex 174 101.5 287
  endloop
 endfacet
 facet normal -0.57735026918962584 0.57735026918962584 0.57735026918962584
  outer loop
   vertex 174.5 102 287
   vertex 174 101.5 287
   vertex 174 101 287.5
  endloop
 endfacet
 facet normal -0.57735026918962584 0.57735026918962584 0.57735026918962584
  outer loop
   vertex 174.5 102 287
   vertex 174 101 287.5
   vertex 175 102 287.5
  endloop
 endfacet
 facet normal 0 0 1
  outer loop
   vertex 175 102 287.5
   vertex 174 101 287.5
   vertex 175 101 287.5
  endloop
 endfacet
 facet normal 0 0 1
  outer loop
   vertex 176 101 287.5
   vertex 176 102 287.5
   vertex 175 101 287.5
  endloop
 endfacet
 facet normal -0 0 1
  outer loop
   vertex 176 102 287.5
   vertex 175 102 287.5
   vertex 175 101 287.5
  endloop
 endfacet
 facet normal 0.70710678118654746 0 0.70710678118654746
  outer loop
   vertex 176.5 101 287
   vertex 176.5 102 287
   vertex 176 102 287.5
  endloop
 endfacet
 facet normal 0.70710678118654746 0 0.70710678118654746
  outer loop
   vertex 176 101 287.5
   vertex 176.5 101 287
   vertex 176 102 287.5
  endloop
 endfacet
 facet normal -0.70710678118654746 0 0.70710678118654746
  outer loop
   vertex 175 102 287.5
   vertex 175 103 287.5
   vertex 174.5 103 287
  endloop
 endfacet
 facet normal -0.70710678118654746 0 0.70710678118654746
  outer loop
   vertex 174.5 102 287
   vertex 175 102 287.5
   vertex 174.5 103 287
  endloop
 endfacet
 facet normal 0 0 1
  outer loop
   vertex 176 102 287.5
   vertex 176 103 287.5
   vertex 175 102 287.5
  endloop
 endfacet
 facet normal -0 0 1
  outer loop
   vertex 176 103 287.5
   vertex 175 103 287.5
   vertex 175 102 287.5
  endloop
 endfacet
 facet normal 0.70710678118654746 0 0.70710678118654746
  outer loop
   vertex 176.5 102 287
   vertex 176.5 103 287
   vertex 176 103 287.5
  endloop
 endfacet
 facet normal 0.70710678118654746 0 0.70710678118654746
  outer loop
   vertex 176 102 287.5
   vertex 176.5 102 287
   vertex 176 103 287.5
  endloop
 endfacet
 facet normal -0.57735026918962584 0.57735026918962584 0.57735026918962584
  outer loop
   vertex 174.5 103 287
   vertex 175 103 287.5
   vertex 175 103.5 287
  endloop
 endfacet
 facet normal -0 0.70710678118654746 0.70710678118654746
  outer loop
   vertex 176 103.5 287
   vertex 175 103.5 287
   vertex 175 103 287.5
  endloop
 endfacet
 facet normal 0 0.70710678118654746 0.70710678118654746
  outer loop
   vertex 176 103 287.5
   vertex 176 103.5 287
   vertex 175 103 287.5
  endloop
 endfacet
 facet normal 0.57735026918962584 0.57735026918962584 0.57735026918962584
  outer loop
   vertex 176.5 103 287
   vertex 176 103.5 287
   vertex 176 103 287.5
  endloop
 endfacet
endsolid
