solid Visualization Toolkit generated SLA File
 facet normal -0.57735026918962584 -0.57735026918962584 -0.57735026918962584
  outer loop
   vertex 132 146 231.5
   vertex 132 145.5 232
   vertex 131.5 146 232
  endloop
 endfacet
 facet normal 0.57735026918962584 -0.57735026918962584 -0.57735026918962584
  outer loop
   vertex 132 145.5 232
   vertex 132 146 231.5
   vertex 132.5 146 232
  endloop
 endfacet
 facet normal -0.57735026918962584 -0.57735026918962584 -0.57735026918962584
  outer loop
   vertex 131 147 231.5
   vertex 131 146.5 232
   vertex 130.5 147 232
  endloop
 endfacet
 facet normal -0.57735026918962584 -0.57735026918962584 -0.57735026918962584
  outer loop
   vertex 131.5 146 232
   vertex 131 146.5 232
   vertex 131 147 231.5
  endloop
 endfacet
 facet normal -0.57735026918962584 -0.57735026918962584 -0.57735026918962584
  outer loop
   vertex 131.5 146 232
   vertex 131 147 231.5
   vertex 132 146 231.5
  endloop
 endfacet
 facet normal 0 0 -1
  outer loop
   vertex 132 146 231.5
   vertex 131 147 231.5
   vertex 132 147 231.5
  endloop
 endfacet
 facet normal 0.70710678118654746 0 -0.70710678118654746
  outer loop
   vertex 132.5 147 232
   vertex 132.5 146 232
   vertex 132 146 231.5
  endloop
 endfacet
 facet normal 0.70710678118654746 0 -0.70710678118654746
  outer loop
   vertex 132 147 231.5
   vertex 132.5 147 232
   vertex 132 146 231.5
  endloop
 endfacet
 facet normal -0.57735026918962584 0.57735026918962584 -0.57735026918962584
  outer loop
   vertex 131 147 231.5
   vertex 130.5 147 232
   vertex 131 147.5 232
  endloop
 endfacet
 facet normal -0.57735026918962584 0.57735026918962584 -0.57735026918962584
  outer loop
   vertex 131 147.5 232
   vertex 131.5 148 232
   vertex 132 148 231.5
  endloop
 endfacet
 facet normal -0.57735026918962584 0.57735026918962584 -0.57735026918962584
  outer loop
   vertex 131 147.5 232
   vertex 132 148 231.5
   vertex 131 147 231.5
  endloop
 endfacet
 facet normal 0 -0 -1
  outer loop
   vertex 131 147 231.5
   vertex 132 148 231.5
   vertex 132 147 231.5
  endloop
 endfacet
 facet normal 0.70710678118654746 0 -0.70710678118654746
  outer loop
   vertex 132.5 148 232
   vertex 132.5 147 232
   vertex 132 147 231.5
  endloop
 endfacet
 facet normal 0.70710678118654746 0 -0.70710678118654746
  outer loop
   vertex 132 148 231.5
   vertex 132.5 148 232
   vertex 132 147 231.5
  endloop
 endfacet
 facet normal -0.70710678118654746 0 -0.70710678118654746
  outer loop
   vertex 132 149 231.5
   vertex 132 148 231.5
   vertex 131.5 148 232
  endloop
 endfacet
 facet normal -0.70710678118654746 0 -0.70710678118654746
  outer loop
   vertex 131.5 149 232
   vertex 132 149 231.5
   vertex 131.5 148 232
  endloop
 endfacet
 facet normal 0.57735026918962584 -0.57735026918962584 -0.57735026918962584
  outer loop
   vertex 133 148.5 232
   vertex 132.5 148 232
   vertex 132 148 231.5
  endloop
 endfacet
 facet normal 0.57735026918962584 -0.57735026918962584 -0.57735026918962584
  outer loop
   vertex 133 148.5 232
   vertex 132 148 231.5
   vertex 133 149 231.5
  endloop
 endfacet
 facet normal 0 0 -1
  outer loop
   vertex 133 149 231.5
   vertex 132 148 231.5
   vertex 132 149 231.5
  endloop
 endfacet
 facet normal 0.57735026918962584 -0.57735026918962584 -0.57735026918962584
  outer loop
   vertex 133 148.5 232
   vertex 133 149 231.5
   vertex 133.5 149 232
  endloop
 endfacet
 facet normal -0.70710678118654746 0 -0.70710678118654746
  outer loop
   vertex 132 150 231.5
   vertex 132 149 231.5
   vertex 131.5 149 232
  endloop
 endfacet
 facet normal -0.70710678118654746 0 -0.70710678118654746
  outer loop
   vertex 131.5 150 232
   vertex 132 150 231.5
   vertex 131.5 149 232
  endloop
 endfacet
 facet normal 0.57735026918962584 0.57735026918962584 -0.57735026918962584
  outer loop
   vertex 132.5 150 232
   vertex 133 149.5 232
   vertex 133 149 231.5
  endloop
 endfacet
 facet normal 0.57735026918962584 0.57735026918962584 -0.57735026918962584
  outer loop
   vertex 132.5 150 232
   vertex 133 149 231.5
   vertex 132 150 231.5
  endloop
 endfacet
 facet normal 0 0 -1
  outer loop
   vertex 132 150 231.5
   vertex 133 149 231.5
   vertex 132 149 231.5
  endloop
 endfacet
 facet normal 0.57735026918962584 0.57735026918962584 -0.57735026918962584
  outer loop
   vertex 133.5 149 232
   vertex 133 149 231.5
   vertex 133 149.5 232
  endloop
 endfacet
 facet normal -0.57735026918962584 0.57735026918962584 -0.57735026918962584
  outer loop
   vertex 132 150 231.5
   vertex 131.5 150 232
   vertex 132 150.5 232
  endloop
 endfacet
 facet normal 0.57735026918962584 0.57735026918962584 -0.57735026918962584
  outer loop
   vertex 132.5 150 232
   vertex 132 150 231.5
   vertex 132 150.5 232
  endloop
 endfacet
 facet normal -0.57735026918962584 -0.57735026918962584 -0.57735026918962584
  outer loop
   vertex 131 143 232.5
   vertex 131 142.5 233
   vertex 130.5 143 233
  endloop
 endfacet
 facet normal -0 -0.70710678118654746 -0.70710678118654746
  outer loop
   vertex 131 143 232.5
   vertex 132 143 232.5
   vertex 132 142.5 233
  endloop
 endfacet
 facet normal 0 -0.70710678118654746 -0.70710678118654746
  outer loop
   vertex 131 142.5 233
   vertex 131 143 232.5
   vertex 132 142.5 233
  endloop
 endfacet
 facet normal -0 -0.70710678118654746 -0.70710678118654746
  outer loop
   vertex 132 143 232.5
   vertex 133 143 232.5
   vertex 133 142.5 233
  endloop
 endfacet
 facet normal 0 -0.70710678118654746 -0.70710678118654746
  outer loop
   vertex 132 142.5 233
   vertex 132 143 232.5
   vertex 133 142.5 233
  endloop
 endfacet
 facet normal -0 -0.70710678118654746 -0.70710678118654746
  outer loop
   vertex 133 143 232.5
   vertex 134 143 232.5
   vertex 134 142.5 233
  endloop
 endfacet
 facet normal 0 -0.70710678118654746 -0.70710678118654746
  outer loop
   vertex 133 142.5 233
   vertex 133 143 232.5
   vertex 134 142.5 233
  endloop
 endfacet
 facet normal 0.57735026918962584 -0.57735026918962584 -0.57735026918962584
  outer loop
   vertex 134 142.5 233
   vertex 134 143 232.5
   vertex 134.5 143 233
  endloop
 endfacet
 facet normal -0.70710678118654746 0 -0.70710678118654746
  outer loop
   vertex 131 144 232.5
   vertex 131 143 232.5
   vertex 130.5 143 233
  endloop
 endfacet
 facet normal -0.70710678118654746 0 -0.70710678118654746
  outer loop
   vertex 130.5 144 233
   vertex 131 144 232.5
   vertex 130.5 143 233
  endloop
 endfacet
 facet normal 0 0 -1
  outer loop
   vertex 132 143 232.5
   vertex 131 143 232.5
   vertex 132 144 232.5
  endloop
 endfacet
 facet normal 0 0 -1
  outer loop
   vertex 132 144 232.5
   vertex 131 143 232.5
   vertex 131 144 232.5
  endloop
 endfacet
 facet normal 0 0 -1
  outer loop
   vertex 133 143 232.5
   vertex 132 143 232.5
   vertex 133 144 232.5
  endloop
 endfacet
 facet normal 0 0 -1
  outer loop
   vertex 133 144 232.5
   vertex 132 143 232.5
   vertex 132 144 232.5
  endloop
 endfacet
 facet normal 0 0 -1
  outer loop
   vertex 134 143 232.5
   vertex 133 143 232.5
   vertex 134 144 232.5
  endloop
 endfacet
 facet normal 0 0 -1
  outer loop
   vertex 134 144 232.5
   vertex 133 143 232.5
   vertex 133 144 232.5
  endloop
 endfacet
 facet normal 0.70710678118654746 0 -0.70710678118654746
  outer loop
   vertex 134.5 144 233
   vertex 134.5 143 233
   vertex 134 143 232.5
  endloop
 endfacet
 facet normal 0.70710678118654746 0 -0.70710678118654746
  outer loop
   vertex 134 144 232.5
   vertex 134.5 144 233
   vertex 134 143 232.5
  endloop
 endfacet
 facet normal -0.70710678118654746 0 -0.70710678118654746
  outer loop
   vertex 131 145 232.5
   vertex 131 144 232.5
   vertex 130.5 144 233
  endloop
 endfacet
 facet normal -0.70710678118654746 0 -0.70710678118654746
  outer loop
   vertex 130.5 145 233
   vertex 131 145 232.5
   vertex 130.5 144 233
  endloop
 endfacet
 facet normal 0 0 -1
  outer loop
   vertex 132 144 232.5
   vertex 131 144 232.5
   vertex 132 145 232.5
  endloop
 endfacet
 facet normal 0 0 -1
  outer loop
   vertex 132 145 232.5
   vertex 131 144 232.5
   vertex 131 145 232.5
  endloop
 endfacet
 facet normal 0 0 -1
  outer loop
   vertex 133 144 232.5
   vertex 132 144 232.5
   vertex 133 145 232.5
  endloop
 endfacet
 facet normal 0 0 -1
  outer loop
   vertex 133 145 232.5
   vertex 132 144 232.5
   vertex 132 145 232.5
  endloop
 endfacet
 facet normal 0 0 -1
  outer loop
   vertex 134 144 232.5
   vertex 133 144 232.5
   vertex 134 145 232.5
  endloop
 endfacet
 facet normal 0 0 -1
  outer loop
   vertex 134 145 232.5
   vertex 133 144 232.5
   vertex 133 145 232.5
  endloop
 endfacet
 facet normal 0.70710678118654746 0 -0.70710678118654746
  outer loop
   vertex 134.5 145 233
   vertex 134.5 144 233
   vertex 134 144 232.5
  endloop
 endfacet
 facet normal 0.70710678118654746 0 -0.70710678118654746
  outer loop
   vertex 134 145 232.5
   vertex 134.5 145 233
   vertex 134 144 232.5
  endloop
 endfacet
 facet normal -0.70710678118654746 0 -0.70710678118654746
  outer loop
   vertex 131 146 232.5
   vertex 131 145 232.5
   vertex 130.5 145 233
  endloop
 endfacet
 facet normal -0.70710678118654746 0 -0.70710678118654746
  outer loop
   vertex 130.5 146 233
   vertex 131 146 232.5
   vertex 130.5 145 233
  endloop
 endfacet
 facet normal -0.57735026918962584 -0.57735026918962584 -0.57735026918962584
  outer loop
   vertex 132 145.5 232
   vertex 131 146 232.5
   vertex 131.5 146 232
  endloop
 endfacet
 facet normal -0.57735026918962584 -0.57735026918962584 -0.57735026918962584
  outer loop
   vertex 132 145.5 232
   vertex 132 145 232.5
   vertex 131 146 232.5
  endloop
 endfacet
 facet normal 0 0 -1
  outer loop
   vertex 132 145 232.5
   vertex 131 145 232.5
   vertex 131 146 232.5
  endloop
 endfacet
 facet normal 0.57735026918962584 -0.57735026918962584 -0.57735026918962584
  outer loop
   vertex 132.5 146 232
   vertex 132 145 232.5
   vertex 132 145.5 232
  endloop
 endfacet
 facet normal 0.57735026918962584 -0.57735026918962584 -0.57735026918962584
  outer loop
   vertex 132.5 146 232
   vertex 133 146 232.5
   vertex 132 145 232.5
  endloop
 endfacet
 facet normal 0 0 -1
  outer loop
   vertex 133 146 232.5
   vertex 133 145 232.5
   vertex 132 145 232.5
  endloop
 endfacet
 facet normal 0 0 -1
  outer loop
   vertex 134 145 232.5
   vertex 133 145 232.5
   vertex 134 146 232.5
  endloop
 endfacet
 facet normal 0 0 -1
  outer loop
   vertex 134 146 232.5
   vertex 133 145 232.5
   vertex 133 146 232.5
  endloop
 endfacet
 facet normal 0.70710678118654746 0 -0.70710678118654746
  outer loop
   vertex 134.5 146 233
   vertex 134.5 145 233
   vertex 134 145 232.5
  endloop
 endfacet
 facet normal 0.70710678118654746 0 -0.70710678118654746
  outer loop
   vertex 134 146 232.5
   vertex 134.5 146 233
   vertex 134 145 232.5
  endloop
 endfacet
 facet normal -0.57735026918962584 -0.57735026918962584 -0.57735026918962584
  outer loop
   vertex 131 146.5 232
   vertex 131 146 232.5
   vertex 130.5 146 233
  endloop
 endfacet
 facet normal -0.57735026918962584 -0.57735026918962584 -0.57735026918962584
  outer loop
   vertex 131 146.5 232
   vertex 130.5 146 233
   vertex 130.5 147 232
  endloop
 endfacet
 facet normal -1 0 0
  outer loop
   vertex 130.5 147 232
   vertex 130.5 146 233
   vertex 130.5 147 233
  endloop
 endfacet
 facet normal -0.57735026918962584 -0.57735026918962584 -0.57735026918962584
  outer loop
   vertex 131.5 146 232
   vertex 131 146 232.5
   vertex 131 146.5 232
  endloop
 endfacet
 facet normal 0.70710678118654746 0 -0.70710678118654746
  outer loop
   vertex 133 146 232.5
   vertex 132.5 147 232
   vertex 133 147 232.5
  endloop
 endfacet
 facet normal 0.70710678118654746 0 -0.70710678118654746
  outer loop
   vertex 132.5 146 232
   vertex 132.5 147 232
   vertex 133 146 232.5
  endloop
 endfacet
 facet normal 0 0 -1
  outer loop
   vertex 134 146 232.5
   vertex 133 146 232.5
   vertex 134 147 232.5
  endloop
 endfacet
 facet normal 0 0 -1
  outer loop
   vertex 134 147 232.5
   vertex 133 146 232.5
   vertex 133 147 232.5
  endloop
 endfacet
 facet normal 0.70710678118654746 0 -0.70710678118654746
  outer loop
   vertex 134.5 147 233
   vertex 134.5 146 233
   vertex 134 146 232.5
  endloop
 endfacet
 facet normal 0.70710678118654746 0 -0.70710678118654746
  outer loop
   vertex 134 147 232.5
   vertex 134.5 147 233
   vertex 134 146 232.5
  endloop
 endfacet
 facet normal -0.57735026918962584 0.57735026918962584 -0.57735026918962584
  outer loop
   vertex 131 148 232.5
   vertex 131 147.5 232
   vertex 130.5 147 232
  endloop
 endfacet
 facet normal -0.57735026918962584 0.57735026918962584 -0.57735026918962584
  outer loop
   vertex 131 148 232.5
   vertex 130.5 147 232
   vertex 130.5 148 233
  endloop
 endfacet
 facet normal -1 0 0
  outer loop
   vertex 130.5 148 233
   vertex 130.5 147 232
   vertex 130.5 147 233
  endloop
 endfacet
 facet normal -0.57735026918962584 0.57735026918962584 -0.57735026918962584
  outer loop
   vertex 131 147.5 232
   vertex 131 148 232.5
   vertex 131.5 148 232
  endloop
 endfacet
 facet normal 0.70710678118654746 0 -0.70710678118654746
  outer loop
   vertex 133 147 232.5
   vertex 132.5 148 232
   vertex 133 148 232.5
  endloop
 endfacet
 facet normal 0.70710678118654746 0 -0.70710678118654746
  outer loop
   vertex 132.5 147 232
   vertex 132.5 148 232
   vertex 133 147 232.5
  endloop
 endfacet
 facet normal 0 0 -1
  outer loop
   vertex 134 147 232.5
   vertex 133 147 232.5
   vertex 134 148 232.5
  endloop
 endfacet
 facet normal 0 0 -1
  outer loop
   vertex 134 148 232.5
   vertex 133 147 232.5
   vertex 133 148 232.5
  endloop
 endfacet
 facet normal 0.57735026918962584 -0.57735026918962584 -0.57735026918962584
  outer loop
   vertex 135 147.5 233
   vertex 134.5 147 233
   vertex 134 147 232.5
  endloop
 endfacet
 facet normal 0.57735026918962584 -0.57735026918962584 -0.57735026918962584
  outer loop
   vertex 135 147.5 233
   vertex 134 147 232.5
   vertex 135 148 232.5
  endloop
 endfacet
 facet normal 0 0 -1
  outer loop
   vertex 135 148 232.5
   vertex 134 147 232.5
   vertex 134 148 232.5
  endloop
 endfacet
 facet normal 0.57735026918962584 -0.57735026918962584 -0.57735026918962584
  outer loop
   vertex 135 147.5 233
   vertex 135 148 232.5
   vertex 135.5 148 233
  endloop
 endfacet
 facet normal -0.57735026918962584 0.57735026918962584 -0.57735026918962584
  outer loop
   vertex 131 148 232.5
   vertex 130.5 148 233
   vertex 131 148.5 233
  endloop
 endfacet
 facet normal -0.57735026918962584 0.57735026918962584 -0.57735026918962584
  outer loop
   vertex 131 148.5 233
   vertex 131.5 148 232
   vertex 131 148 232.5
  endloop
 endfacet
 facet normal -0.57735026918962584 0.57735026918962584 -0.57735026918962584
  outer loop
   vertex 131 148.5 233
   vertex 131.5 149 233
   vertex 131.5 148 232
  endloop
 endfacet
 facet normal -1 0 0
  outer loop
   vertex 131.5 149 233
   vertex 131.5 149 232
   vertex 131.5 148 232
  endloop
 endfacet
 facet normal 0.57735026918962584 -0.57735026918962584 -0.57735026918962584
  outer loop
   vertex 132.5 148 232
   vertex 133 148.5 232
   vertex 133 148 232.5
  endloop
 endfacet
 facet normal 0.57735026918962584 -0.57735026918962584 -0.57735026918962584
  outer loop
   vertex 133.5 149 232
   vertex 133 148 232.5
   vertex 133 148.5 232
  endloop
 endfacet
 facet normal 0.57735026918962584 -0.57735026918962584 -0.57735026918962584
  outer loop
   vertex 133.5 149 232
   vertex 134 149 232.5
   vertex 133 148 232.5
  endloop
 endfacet
 facet normal 0 0 -1
  outer loop
   vertex 134 149 232.5
   vertex 134 148 232.5
   vertex 133 148 232.5
  endloop
 endfacet
 facet normal 0.57735026918962584 0.57735026918962584 -0.57735026918962584
  outer loop
   vertex 134.5 149 233
   vertex 135 148.5 233
   vertex 135 148 232.5
  endloop
 endfacet
 facet normal 0.57735026918962584 0.57735026918962584 -0.57735026918962584
  outer loop
   vertex 134.5 149 233
   vertex 135 148 232.5
   vertex 134 149 232.5
  endloop
 endfacet
 facet normal 0 0 -1
  outer loop
   vertex 134 149 232.5
   vertex 135 148 232.5
   vertex 134 148 232.5
  endloop
 endfacet
 facet normal 0.57735026918962584 0.57735026918962584 -0.57735026918962584
  outer loop
   vertex 135.5 148 233
   vertex 135 148 232.5
   vertex 135 148.5 233
  endloop
 endfacet
 facet normal -1 0 0
  outer loop
   vertex 131.5 149 232
   vertex 131.5 149 233
   vertex 131.5 150 232
  endloop
 endfacet
 facet normal -1 -0 -0
  outer loop
   vertex 131.5 149 233
   vertex 131.5 150 233
   vertex 131.5 150 232
  endloop
 endfacet
 facet normal 0.57735026918962584 0.57735026918962584 -0.57735026918962584
  outer loop
   vertex 133 149.5 232
   vertex 132.5 150 232
   vertex 133 150 232.5
  endloop
 endfacet
 facet normal 0.57735026918962584 0.57735026918962584 -0.57735026918962584
  outer loop
   vertex 133 149.5 232
   vertex 134 149 232.5
   vertex 133.5 149 232
  endloop
 endfacet
 facet normal 0.57735026918962584 0.57735026918962584 -0.57735026918962584
  outer loop
   vertex 133 149.5 232
   vertex 133 150 232.5
   vertex 134 149 232.5
  endloop
 endfacet
 facet normal -0 -0 -1
  outer loop
   vertex 133 150 232.5
   vertex 134 150 232.5
   vertex 134 149 232.5
  endloop
 endfacet
 facet normal 0.70710678118654746 0 -0.70710678118654746
  outer loop
   vertex 134.5 150 233
   vertex 134.5 149 233
   vertex 134 149 232.5
  endloop
 endfacet
 facet normal 0.70710678118654746 0 -0.70710678118654746
  outer loop
   vertex 134 150 232.5
   vertex 134.5 150 233
   vertex 134 149 232.5
  endloop
 endfacet
 facet normal -0.70710678118654746 0.70710678118654746 0
  outer loop
   vertex 131.5 150 232
   vertex 131.5 150 233
   vertex 132 150.5 233
  endloop
 endfacet
 facet normal -0.70710678118654746 0.70710678118654746 0
  outer loop
   vertex 132 150.5 232
   vertex 131.5 150 232
   vertex 132 150.5 233
  endloop
 endfacet
 facet normal 0.70710678118654746 0.70710678118654746 -0
  outer loop
   vertex 132.5 150 232
   vertex 132 150.5 232
   vertex 132 150.5 233
  endloop
 endfacet
 facet normal -0.57735026918962573 0.57735026918962573 -0.57735026918962573
  outer loop
   vertex 132.5 150 232
   vertex 132 150.5 233
   vertex 133 151 232.5
  endloop
 endfacet
 facet normal 0.70710678118654746 0 -0.70710678118654746
  outer loop
   vertex 132.5 150 232
   vertex 133 151 232.5
   vertex 133 150 232.5
  endloop
 endfacet
 facet normal -0.57735026918962584 0.57735026918962584 -0.57735026918962584
  outer loop
   vertex 132.5 151 233
   vertex 133 151 232.5
   vertex 132 150.5 233
  endloop
 endfacet
 facet normal 0.57735026918962584 0.57735026918962584 -0.57735026918962584
  outer loop
   vertex 133.5 151 233
   vertex 134 150.5 233
   vertex 134 150 232.5
  endloop
 endfacet
 facet normal 0.57735026918962584 0.57735026918962584 -0.57735026918962584
  outer loop
   vertex 133.5 151 233
   vertex 134 150 232.5
   vertex 133 151 232.5
  endloop
 endfacet
 facet normal 0 0 -1
  outer loop
   vertex 133 151 232.5
   vertex 134 150 232.5
   vertex 133 150 232.5
  endloop
 endfacet
 facet normal 0.57735026918962584 0.57735026918962584 -0.57735026918962584
  outer loop
   vertex 134.5 150 233
   vertex 134 150 232.5
   vertex 134 150.5 233
  endloop
 endfacet
 facet normal -0.57735026918962584 0.57735026918962584 -0.57735026918962584
  outer loop
   vertex 133 151 232.5
   vertex 132.5 151 233
   vertex 133 151.5 233
  endloop
 endfacet
 facet normal 0.57735026918962584 0.57735026918962584 -0.57735026918962584
  outer loop
   vertex 133.5 151 233
   vertex 133 151 232.5
   vertex 133 151.5 233
  endloop
 endfacet
 facet normal -0.57735026918962584 -0.57735026918962584 -0.57735026918962584
  outer loop
   vertex 132 141 233.5
   vertex 132 140.5 234
   vertex 131.5 141 234
  endloop
 endfacet
 facet normal -0 -0.70710678118654746 -0.70710678118654746
  outer loop
   vertex 132 141 233.5
   vertex 133 141 233.5
   vertex 133 140.5 234
  endloop
 endfacet
 facet normal 0 -0.70710678118654746 -0.70710678118654746
  outer loop
   vertex 132 140.5 234
   vertex 132 141 233.5
   vertex 133 140.5 234
  endloop
 endfacet
 facet normal -0 -0.70710678118654746 -0.70710678118654746
  outer loop
   vertex 133 141 233.5
   vertex 134 141 233.5
   vertex 134 140.5 234
  endloop
 endfacet
 facet normal 0 -0.70710678118654746 -0.70710678118654746
  outer loop
   vertex 133 140.5 234
   vertex 133 141 233.5
   vertex 134 140.5 234
  endloop
 endfacet
 facet normal 0.57735026918962584 -0.57735026918962584 -0.57735026918962584
  outer loop
   vertex 134 140.5 234
   vertex 134 141 233.5
   vertex 134.5 141 234
  endloop
 endfacet
 facet normal -0.57735026918962584 -0.57735026918962584 -0.57735026918962584
  outer loop
   vertex 131 142 233.5
   vertex 131 141.5 234
   vertex 130.5 142 234
  endloop
 endfacet
 facet normal -0.57735026918962584 -0.57735026918962584 -0.57735026918962584
  outer loop
   vertex 131.5 141 234
   vertex 131 141.5 234
   vertex 131 142 233.5
  endloop
 endfacet
 facet normal -0.57735026918962584 -0.57735026918962584 -0.57735026918962584
  outer loop
   vertex 131.5 141 234
   vertex 131 142 233.5
   vertex 132 141 233.5
  endloop
 endfacet
 facet normal 0 0 -1
  outer loop
   vertex 132 141 233.5
   vertex 131 142 233.5
   vertex 132 142 233.5
  endloop
 endfacet
 facet normal 0 0 -1
  outer loop
   vertex 133 141 233.5
   vertex 132 141 233.5
   vertex 133 142 233.5
  endloop
 endfacet
 facet normal 0 0 -1
  outer loop
   vertex 133 142 233.5
   vertex 132 141 233.5
   vertex 132 142 233.5
  endloop
 endfacet
 facet normal 0 0 -1
  outer loop
   vertex 134 141 233.5
   vertex 133 141 233.5
   vertex 134 142 233.5
  endloop
 endfacet
 facet normal 0 0 -1
  outer loop
   vertex 134 142 233.5
   vertex 133 141 233.5
   vertex 133 142 233.5
  endloop
 endfacet
 facet normal 0.57735026918962584 -0.57735026918962584 -0.57735026918962584
  outer loop
   vertex 135 141.5 234
   vertex 134.5 141 234
   vertex 134 141 233.5
  endloop
 endfacet
 facet normal 0.57735026918962584 -0.57735026918962584 -0.57735026918962584
  outer loop
   vertex 135 141.5 234
   vertex 134 141 233.5
   vertex 135 142 233.5
  endloop
 endfacet
 facet normal 0 0 -1
  outer loop
   vertex 135 142 233.5
   vertex 134 141 233.5
   vertex 134 142 233.5
  endloop
 endfacet
 facet normal 0.57735026918962584 -0.57735026918962584 -0.57735026918962584
  outer loop
   vertex 135 141.5 234
   vertex 135 142 233.5
   vertex 135.5 142 234
  endloop
 endfacet
 facet normal -0.57735026918962584 -0.57735026918962584 -0.57735026918962584
  outer loop
   vertex 131 142.5 233
   vertex 131 142 233.5
   vertex 130.5 142 234
  endloop
 endfacet
 facet normal -0.57735026918962584 -0.57735026918962584 -0.57735026918962584
  outer loop
   vertex 131 142.5 233
   vertex 130.5 142 234
   vertex 130.5 143 233
  endloop
 endfacet
 facet normal -1 0 0
  outer loop
   vertex 130.5 143 233
   vertex 130.5 142 234
   vertex 130.5 143 234
  endloop
 endfacet
 facet normal 0 -0.70710678118654746 -0.70710678118654746
  outer loop
   vertex 132 142.5 233
   vertex 131 142 233.5
   vertex 131 142.5 233
  endloop
 endfacet
 facet normal 0 -0.70710678118654746 -0.70710678118654746
  outer loop
   vertex 132 142 233.5
   vertex 131 142 233.5
   vertex 132 142.5 233
  endloop
 endfacet
 facet normal 0 -0.70710678118654746 -0.70710678118654746
  outer loop
   vertex 133 142.5 233
   vertex 132 142 233.5
   vertex 132 142.5 233
  endloop
 endfacet
 facet normal 0 -0.70710678118654746 -0.70710678118654746
  outer loop
   vertex 133 142 233.5
   vertex 132 142 233.5
   vertex 133 142.5 233
  endloop
 endfacet
 facet normal 0 -0.70710678118654746 -0.70710678118654746
  outer loop
   vertex 134 142.5 233
   vertex 133 142 233.5
   vertex 133 142.5 233
  endloop
 endfacet
 facet normal 0 -0.70710678118654746 -0.70710678118654746
  outer loop
   vertex 134 142 233.5
   vertex 133 142 233.5
   vertex 134 142.5 233
  endloop
 endfacet
 facet normal 0.57735026918962584 -0.57735026918962584 -0.57735026918962584
  outer loop
   vertex 134.5 143 233
   vertex 134 142 233.5
   vertex 134 142.5 233
  endloop
 endfacet
 facet normal 0.57735026918962584 -0.57735026918962584 -0.57735026918962584
  outer loop
   vertex 134.5 143 233
   vertex 135 143 233.5
   vertex 134 142 233.5
  endloop
 endfacet
 facet normal 0 0 -1
  outer loop
   vertex 135 143 233.5
   vertex 135 142 233.5
   vertex 134 142 233.5
  endloop
 endfacet
 facet normal 0.70710678118654746 0 -0.70710678118654746
  outer loop
   vertex 135.5 143 234
   vertex 135.5 142 234
   vertex 135 142 233.5
  endloop
 endfacet
 facet normal 0.70710678118654746 0 -0.70710678118654746
  outer loop
   vertex 135 143 233.5
   vertex 135.5 143 234
   vertex 135 142 233.5
  endloop
 endfacet
 facet normal -1 0 0
  outer loop
   vertex 130.5 143 233
   vertex 130.5 143 234
   vertex 130.5 144 233
  endloop
 endfacet
 facet normal -1 -0 -0
  outer loop
   vertex 130.5 143 234
   vertex 130.5 144 234
   vertex 130.5 144 233
  endloop
 endfacet
 facet normal 0.70710678118654746 0 -0.70710678118654746
  outer loop
   vertex 135 143 233.5
   vertex 134.5 144 233
   vertex 135 144 233.5
  endloop
 endfacet
 facet normal 0.70710678118654746 0 -0.70710678118654746
  outer loop
   vertex 134.5 143 233
   vertex 134.5 144 233
   vertex 135 143 233.5
  endloop
 endfacet
 facet normal 0.57735026918962584 -0.57735026918962584 -0.57735026918962584
  outer loop
   vertex 136 143.5 234
   vertex 135.5 143 234
   vertex 135 143 233.5
  endloop
 endfacet
 facet normal 0.57735026918962584 -0.57735026918962584 -0.57735026918962584
  outer loop
   vertex 136 143.5 234
   vertex 135 143 233.5
   vertex 136 144 233.5
  endloop
 endfacet
 facet normal 0 0 -1
  outer loop
   vertex 136 144 233.5
   vertex 135 143 233.5
   vertex 135 144 233.5
  endloop
 endfacet
 facet normal 0.57735026918962584 -0.57735026918962584 -0.57735026918962584
  outer loop
   vertex 136 143.5 234
   vertex 136 144 233.5
   vertex 136.5 144 234
  endloop
 endfacet
 facet normal -1 0 0
  outer loop
   vertex 130.5 144 233
   vertex 130.5 144 234
   vertex 130.5 145 233
  endloop
 endfacet
 facet normal -1 -0 -0
  outer loop
   vertex 130.5 144 234
   vertex 130.5 145 234
   vertex 130.5 145 233
  endloop
 endfacet
 facet normal 0.70710678118654746 0 -0.70710678118654746
  outer loop
   vertex 135 144 233.5
   vertex 134.5 145 233
   vertex 135 145 233.5
  endloop
 endfacet
 facet normal 0.70710678118654746 0 -0.70710678118654746
  outer loop
   vertex 134.5 144 233
   vertex 134.5 145 233
   vertex 135 144 233.5
  endloop
 endfacet
 facet normal 0 0 -1
  outer loop
   vertex 136 144 233.5
   vertex 135 144 233.5
   vertex 136 145 233.5
  endloop
 endfacet
 facet normal 0 0 -1
  outer loop
   vertex 136 145 233.5
   vertex 135 144 233.5
   vertex 135 145 233.5
  endloop
 endfacet
 facet normal 0.70710678118654746 0 -0.70710678118654746
  outer loop
   vertex 136.5 145 234
   vertex 136.5 144 234
   vertex 136 144 233.5
  endloop
 endfacet
 facet normal 0.70710678118654746 0 -0.70710678118654746
  outer loop
   vertex 136 145 233.5
   vertex 136.5 145 234
   vertex 136 144 233.5
  endloop
 endfacet
 facet normal -1 0 0
  outer loop
   vertex 130.5 145 233
   vertex 130.5 145 234
   vertex 130.5 146 233
  endloop
 endfacet
 facet normal -1 -0 -0
  outer loop
   vertex 130.5 145 234
   vertex 130.5 146 234
   vertex 130.5 146 233
  endloop
 endfacet
 facet normal 0.70710678118654746 0 -0.70710678118654746
  outer loop
   vertex 135 145 233.5
   vertex 134.5 146 233
   vertex 135 146 233.5
  endloop
 endfacet
 facet normal 0.70710678118654746 0 -0.70710678118654746
  outer loop
   vertex 134.5 145 233
   vertex 134.5 146 233
   vertex 135 145 233.5
  endloop
 endfacet
 facet normal 0 0 -1
  outer loop
   vertex 136 145 233.5
   vertex 135 145 233.5
   vertex 136 146 233.5
  endloop
 endfacet
 facet normal 0 0 -1
  outer loop
   vertex 136 146 233.5
   vertex 135 145 233.5
   vertex 135 146 233.5
  endloop
 endfacet
 facet normal 0.70710678118654746 0 -0.70710678118654746
  outer loop
   vertex 136.5 146 234
   vertex 136.5 145 234
   vertex 136 145 233.5
  endloop
 endfacet
 facet normal 0.70710678118654746 0 -0.70710678118654746
  outer loop
   vertex 136 146 233.5
   vertex 136.5 146 234
   vertex 136 145 233.5
  endloop
 endfacet
 facet normal -0.57735026918962584 0.57735026918962584 0.57735026918962584
  outer loop
   vertex 131 146.5 234
   vertex 131 147 233.5
   vertex 130.5 147 233
  endloop
 endfacet
 facet normal -0.57735026918962584 0.57735026918962584 0.57735026918962584
  outer loop
   vertex 131 146.5 234
   vertex 130.5 147 233
   vertex 130.5 146 234
  endloop
 endfacet
 facet normal -1 0 0
  outer loop
   vertex 130.5 146 234
   vertex 130.5 147 233
   vertex 130.5 146 233
  endloop
 endfacet
 facet normal -0.57735026918962584 0.57735026918962584 0.57735026918962584
  outer loop
   vertex 131 146.5 234
   vertex 131.5 147 234
   vertex 131 147 233.5
  endloop
 endfacet
 facet normal 0.70710678118654746 0 -0.70710678118654746
  outer loop
   vertex 135 146 233.5
   vertex 134.5 147 233
   vertex 135 147 233.5
  endloop
 endfacet
 facet normal 0.70710678118654746 0 -0.70710678118654746
  outer loop
   vertex 134.5 146 233
   vertex 134.5 147 233
   vertex 135 146 233.5
  endloop
 endfacet
 facet normal 0 0 -1
  outer loop
   vertex 136 146 233.5
   vertex 135 146 233.5
   vertex 136 147 233.5
  endloop
 endfacet
 facet normal 0 0 -1
  outer loop
   vertex 136 147 233.5
   vertex 135 146 233.5
   vertex 135 147 233.5
  endloop
 endfacet
 facet normal 0.70710678118654746 0 -0.70710678118654746
  outer loop
   vertex 136.5 147 234
   vertex 136.5 146 234
   vertex 136 146 233.5
  endloop
 endfacet
 facet normal 0.70710678118654746 0 -0.70710678118654746
  outer loop
   vertex 136 147 233.5
   vertex 136.5 147 234
   vertex 136 146 233.5
  endloop
 endfacet
 facet normal -0.70710678118654746 0 0.70710678118654746
  outer loop
   vertex 131 147 233.5
   vertex 131 148 233.5
   vertex 130.5 148 233
  endloop
 endfacet
 facet normal -0.70710678118654746 0 0.70710678118654746
  outer loop
   vertex 130.5 147 233
   vertex 131 147 233.5
   vertex 130.5 148 233
  endloop
 endfacet
 facet normal -0.70710678118654746 0 0.70710678118654746
  outer loop
   vertex 131.5 148 234
   vertex 131 147 233.5
   vertex 131.5 147 234
  endloop
 endfacet
 facet normal -0.70710678118654746 0 0.70710678118654746
  outer loop
   vertex 131 148 233.5
   vertex 131 147 233.5
   vertex 131.5 148 234
  endloop
 endfacet
 facet normal 0.57735026918962584 -0.57735026918962584 -0.57735026918962584
  outer loop
   vertex 134.5 147 233
   vertex 135 147.5 233
   vertex 135 147 233.5
  endloop
 endfacet
 facet normal 0.57735026918962584 -0.57735026918962584 -0.57735026918962584
  outer loop
   vertex 135.5 148 233
   vertex 135 147 233.5
   vertex 135 147.5 233
  endloop
 endfacet
 facet normal 0.57735026918962584 -0.57735026918962584 -0.57735026918962584
  outer loop
   vertex 135.5 148 233
   vertex 136 148 233.5
   vertex 135 147 233.5
  endloop
 endfacet
 facet normal 0 0 -1
  outer loop
   vertex 136 148 233.5
   vertex 136 147 233.5
   vertex 135 147 233.5
  endloop
 endfacet
 facet normal 0.70710678118654746 0 -0.70710678118654746
  outer loop
   vertex 136.5 148 234
   vertex 136.5 147 234
   vertex 136 147 233.5
  endloop
 endfacet
 facet normal 0.70710678118654746 0 -0.70710678118654746
  outer loop
   vertex 136 148 233.5
   vertex 136.5 148 234
   vertex 136 147 233.5
  endloop
 endfacet
 facet normal -0.57735026918962584 0.57735026918962584 0.57735026918962584
  outer loop
   vertex 130.5 148 233
   vertex 131 148 233.5
   vertex 131 148.5 233
  endloop
 endfacet
 facet normal -0.57735026918962584 0.57735026918962584 0.57735026918962584
  outer loop
   vertex 131.5 149 233
   vertex 132 148.5 234
   vertex 132 149 233.5
  endloop
 endfacet
 facet normal -0.57735026918962584 0.57735026918962584 0.57735026918962584
  outer loop
   vertex 131 148.5 233
   vertex 132 148.5 234
   vertex 131.5 149 233
  endloop
 endfacet
 facet normal -0.57735026918962584 0.57735026918962584 0.57735026918962584
  outer loop
   vertex 131 148.5 233
   vertex 131.5 148 234
   vertex 132 148.5 234
  endloop
 endfacet
 facet normal -0.57735026918962584 0.57735026918962584 0.57735026918962584
  outer loop
   vertex 131 148.5 233
   vertex 131 148 233.5
   vertex 131.5 148 234
  endloop
 endfacet
 facet normal -0.57735026918962584 0.57735026918962584 0.57735026918962584
  outer loop
   vertex 132 148.5 234
   vertex 132.5 149 234
   vertex 132 149 233.5
  endloop
 endfacet
 facet normal 0.57735026918962584 0.57735026918962584 -0.57735026918962584
  outer loop
   vertex 135 148.5 233
   vertex 134.5 149 233
   vertex 135 149 233.5
  endloop
 endfacet
 facet normal 0.57735026918962584 0.57735026918962584 -0.57735026918962584
  outer loop
   vertex 135 148.5 233
   vertex 135 149 233.5
   vertex 135.5 149 234
  endloop
 endfacet
 facet normal 0.57735026918962584 0.57735026918962584 -0.57735026918962584
  outer loop
   vertex 135.5 148 233
   vertex 135 148.5 233
   vertex 135.5 149 234
  endloop
 endfacet
 facet normal 0.57735026918962584 0.57735026918962584 -0.57735026918962584
  outer loop
   vertex 135.5 148 233
   vertex 135.5 149 234
   vertex 136 148.5 234
  endloop
 endfacet
 facet normal 0.57735026918962584 0.57735026918962584 -0.57735026918962584
  outer loop
   vertex 135.5 148 233
   vertex 136 148.5 234
   vertex 136 148 233.5
  endloop
 endfacet
 facet normal 0.57735026918962584 0.57735026918962584 -0.57735026918962584
  outer loop
   vertex 136.5 148 234
   vertex 136 148 233.5
   vertex 136 148.5 234
  endloop
 endfacet
 facet normal -0.70710678118654746 0 0.70710678118654746
  outer loop
   vertex 132 149 233.5
   vertex 132 150 233.5
   vertex 131.5 150 233
  endloop
 endfacet
 facet normal -0.70710678118654746 0 0.70710678118654746
  outer loop
   vertex 131.5 149 233
   vertex 132 149 233.5
   vertex 131.5 150 233
  endloop
 endfacet
 facet normal -0.70710678118654746 0 0.70710678118654746
  outer loop
   vertex 132.5 150 234
   vertex 132 149 233.5
   vertex 132.5 149 234
  endloop
 endfacet
 facet normal -0.70710678118654746 0 0.70710678118654746
  outer loop
   vertex 132 150 233.5
   vertex 132 149 233.5
   vertex 132.5 150 234
  endloop
 endfacet
 facet normal 0.57735026918962584 0.57735026918962584 -0.57735026918962584
  outer loop
   vertex 135 149 233.5
   vertex 134.5 150 234
   vertex 135 149.5 234
  endloop
 endfacet
 facet normal 0.57735026918962584 0.57735026918962584 -0.57735026918962584
  outer loop
   vertex 135 149 233.5
   vertex 134.5 149 233
   vertex 134.5 150 234
  endloop
 endfacet
 facet normal 1 0 -0
  outer loop
   vertex 134.5 149 233
   vertex 134.5 150 233
   vertex 134.5 150 234
  endloop
 endfacet
 facet normal 0.57735026918962584 0.57735026918962584 -0.57735026918962584
  outer loop
   vertex 135.5 149 234
   vertex 135 149 233.5
   vertex 135 149.5 234
  endloop
 endfacet
 facet normal -0.57735026918962584 0.57735026918962584 0.57735026918962584
  outer loop
   vertex 131.5 150 233
   vertex 132 150 233.5
   vertex 132 150.5 233
  endloop
 endfacet
 facet normal -0.57735026918962584 0.57735026918962584 0.57735026918962584
  outer loop
   vertex 132.5 151 233
   vertex 133 150.5 234
   vertex 133 151 233.5
  endloop
 endfacet
 facet normal -0.57735026918962584 0.57735026918962584 0.57735026918962584
  outer loop
   vertex 132 150.5 233
   vertex 133 150.5 234
   vertex 132.5 151 233
  endloop
 endfacet
 facet normal -0.57735026918962584 0.57735026918962584 0.57735026918962584
  outer loop
   vertex 132 150.5 233
   vertex 132.5 150 234
   vertex 133 150.5 234
  endloop
 endfacet
 facet normal -0.57735026918962584 0.57735026918962584 0.57735026918962584
  outer loop
   vertex 132 150.5 233
   vertex 132 150 233.5
   vertex 132.5 150 234
  endloop
 endfacet
 facet normal 0.57735026918962584 0.57735026918962584 0.57735026918962584
  outer loop
   vertex 133 151 233.5
   vertex 134 150.5 233
   vertex 133.5 151 233
  endloop
 endfacet
 facet normal 0.57735026918962584 0.57735026918962584 0.57735026918962584
  outer loop
   vertex 133 151 233.5
   vertex 133 150.5 234
   vertex 134 150.5 233
  endloop
 endfacet
 facet normal 0 1 0
  outer loop
   vertex 133 150.5 234
   vertex 134 150.5 234
   vertex 134 150.5 233
  endloop
 endfacet
 facet normal 0.70710678118654746 0.70710678118654746 -0
  outer loop
   vertex 134.5 150 234
   vertex 134.5 150 233
   vertex 134 150.5 233
  endloop
 endfacet
 facet normal 0.70710678118654746 0.70710678118654746 0
  outer loop
   vertex 134 150.5 234
   vertex 134.5 150 234
   vertex 134 150.5 233
  endloop
 endfacet
 facet normal -0.57735026918962584 0.57735026918962584 0.57735026918962584
  outer loop
   vertex 132.5 151 233
   vertex 133 151 233.5
   vertex 133 151.5 233
  endloop
 endfacet
 facet normal 0.57735026918962584 0.57735026918962584 0.57735026918962584
  outer loop
   vertex 133.5 151 233
   vertex 133 151.5 233
   vertex 133 151 233.5
  endloop
 endfacet
 facet normal -0.57735026918962584 -0.57735026918962584 -0.57735026918962584
  outer loop
   vertex 133 139 234.5
   vertex 133 138.5 235
   vertex 132.5 139 235
  endloop
 endfacet
 facet normal -0 -0.70710678118654746 -0.70710678118654746
  outer loop
   vertex 133 139 234.5
   vertex 134 139 234.5
   vertex 134 138.5 235
  endloop
 endfacet
 facet normal 0 -0.70710678118654746 -0.70710678118654746
  outer loop
   vertex 133 138.5 235
   vertex 133 139 234.5
   vertex 134 138.5 235
  endloop
 endfacet
 facet normal -0 -0.70710678118654746 -0.70710678118654746
  outer loop
   vertex 134 139 234.5
   vertex 135 139 234.5
   vertex 135 138.5 235
  endloop
 endfacet
 facet normal 0 -0.70710678118654746 -0.70710678118654746
  outer loop
   vertex 134 138.5 235
   vertex 134 139 234.5
   vertex 135 138.5 235
  endloop
 endfacet
 facet normal 0.57735026918962584 -0.57735026918962584 -0.57735026918962584
  outer loop
   vertex 135 138.5 235
   vertex 135 139 234.5
   vertex 135.5 139 235
  endloop
 endfacet
 facet normal -0.57735026918962584 -0.57735026918962584 -0.57735026918962584
  outer loop
   vertex 132 140 234.5
   vertex 132 139.5 235
   vertex 131.5 140 235
  endloop
 endfacet
 facet normal -0.57735026918962584 -0.57735026918962584 -0.57735026918962584
  outer loop
   vertex 132.5 139 235
   vertex 132 139.5 235
   vertex 132 140 234.5
  endloop
 endfacet
 facet normal -0.57735026918962584 -0.57735026918962584 -0.57735026918962584
  outer loop
   vertex 132.5 139 235
   vertex 132 140 234.5
   vertex 133 139 234.5
  endloop
 endfacet
 facet normal 0 0 -1
  outer loop
   vertex 133 139 234.5
   vertex 132 140 234.5
   vertex 133 140 234.5
  endloop
 endfacet
 facet normal 0 0 -1
  outer loop
   vertex 134 139 234.5
   vertex 133 139 234.5
   vertex 134 140 234.5
  endloop
 endfacet
 facet normal 0 0 -1
  outer loop
   vertex 134 140 234.5
   vertex 133 139 234.5
   vertex 133 140 234.5
  endloop
 endfacet
 facet normal 0 0 -1
  outer loop
   vertex 135 139 234.5
   vertex 134 139 234.5
   vertex 135 140 234.5
  endloop
 endfacet
 facet normal 0 0 -1
  outer loop
   vertex 135 140 234.5
   vertex 134 139 234.5
   vertex 134 140 234.5
  endloop
 endfacet
 facet normal 0.57735026918962584 -0.57735026918962584 -0.57735026918962584
  outer loop
   vertex 136 139.5 235
   vertex 135.5 139 235
   vertex 135 139 234.5
  endloop
 endfacet
 facet normal 0.57735026918962584 -0.57735026918962584 -0.57735026918962584
  outer loop
   vertex 136 139.5 235
   vertex 135 139 234.5
   vertex 136 140 234.5
  endloop
 endfacet
 facet normal 0 0 -1
  outer loop
   vertex 136 140 234.5
   vertex 135 139 234.5
   vertex 135 140 234.5
  endloop
 endfacet
 facet normal 0.57735026918962584 -0.57735026918962584 -0.57735026918962584
  outer loop
   vertex 136 139.5 235
   vertex 136 140 234.5
   vertex 136.5 140 235
  endloop
 endfacet
 facet normal -0.57735026918962584 -0.57735026918962584 -0.57735026918962584
  outer loop
   vertex 131 141 234.5
   vertex 131 140.5 235
   vertex 130.5 141 235
  endloop
 endfacet
 facet normal -0.57735026918962584 -0.57735026918962584 -0.57735026918962584
  outer loop
   vertex 131.5 140 235
   vertex 131 140.5 235
   vertex 131 141 234.5
  endloop
 endfacet
 facet normal -0.57735026918962584 -0.57735026918962584 -0.57735026918962584
  outer loop
   vertex 132 140 234.5
   vertex 131.5 140 235
   vertex 131 141 234.5
  endloop
 endfacet
 facet normal -0.57735026918962584 -0.57735026918962584 -0.57735026918962584
  outer loop
   vertex 132 140 234.5
   vertex 131 141 234.5
   vertex 131.5 141 234
  endloop
 endfacet
 facet normal -0.57735026918962584 -0.57735026918962584 -0.57735026918962584
  outer loop
   vertex 132 140 234.5
   vertex 131.5 141 234
   vertex 132 140.5 234
  endloop
 endfacet
 facet normal 0 -0.70710678118654746 -0.70710678118654746
  outer loop
   vertex 133 140.5 234
   vertex 132 140 234.5
   vertex 132 140.5 234
  endloop
 endfacet
 facet normal 0 -0.70710678118654746 -0.70710678118654746
  outer loop
   vertex 133 140 234.5
   vertex 132 140 234.5
   vertex 133 140.5 234
  endloop
 endfacet
 facet normal 0 -0.70710678118654746 -0.70710678118654746
  outer loop
   vertex 134 140.5 234
   vertex 133 140 234.5
   vertex 133 140.5 234
  endloop
 endfacet
 facet normal 0 -0.70710678118654746 -0.70710678118654746
  outer loop
   vertex 134 140 234.5
   vertex 133 140 234.5
   vertex 134 140.5 234
  endloop
 endfacet
 facet normal 0.57735026918962584 -0.57735026918962584 -0.57735026918962584
  outer loop
   vertex 134.5 141 234
   vertex 134 140 234.5
   vertex 134 140.5 234
  endloop
 endfacet
 facet normal 0.57735026918962584 -0.57735026918962584 -0.57735026918962584
  outer loop
   vertex 134.5 141 234
   vertex 135 141 234.5
   vertex 134 140 234.5
  endloop
 endfacet
 facet normal 0 0 -1
  outer loop
   vertex 135 141 234.5
   vertex 135 140 234.5
   vertex 134 140 234.5
  endloop
 endfacet
 facet normal 0 0 -1
  outer loop
   vertex 136 140 234.5
   vertex 135 140 234.5
   vertex 136 141 234.5
  endloop
 endfacet
 facet normal 0 0 -1
  outer loop
   vertex 136 141 234.5
   vertex 135 140 234.5
   vertex 135 141 234.5
  endloop
 endfacet
 facet normal 0.57735026918962584 -0.57735026918962584 -0.57735026918962584
  outer loop
   vertex 137 140.5 235
   vertex 136.5 140 235
   vertex 136 140 234.5
  endloop
 endfacet
 facet normal 0.57735026918962584 -0.57735026918962584 -0.57735026918962584
  outer loop
   vertex 137 140.5 235
   vertex 136 140 234.5
   vertex 137 141 234.5
  endloop
 endfacet
 facet normal 0 0 -1
  outer loop
   vertex 137 141 234.5
   vertex 136 140 234.5
   vertex 136 141 234.5
  endloop
 endfacet
 facet normal 0.57735026918962584 -0.57735026918962584 -0.57735026918962584
  outer loop
   vertex 137 140.5 235
   vertex 137 141 234.5
   vertex 137.5 141 235
  endloop
 endfacet
 facet normal -0.57735026918962584 -0.57735026918962584 -0.57735026918962584
  outer loop
   vertex 131 141.5 234
   vertex 131 141 234.5
   vertex 130.5 141 235
  endloop
 endfacet
 facet normal -0.57735026918962584 -0.57735026918962584 -0.57735026918962584
  outer loop
   vertex 131 141.5 234
   vertex 130.5 141 235
   vertex 130.5 142 234
  endloop
 endfacet
 facet normal -1 0 0
  outer loop
   vertex 130.5 142 234
   vertex 130.5 141 235
   vertex 130.5 142 235
  endloop
 endfacet
 facet normal -0.57735026918962584 -0.57735026918962584 -0.57735026918962584
  outer loop
   vertex 131.5 141 234
   vertex 131 141 234.5
   vertex 131 141.5 234
  endloop
 endfacet
 facet normal 0.57735026918962584 -0.57735026918962584 -0.57735026918962584
  outer loop
   vertex 134.5 141 234
   vertex 135 141.5 234
   vertex 135 141 234.5
  endloop
 endfacet
 facet normal 0.57735026918962584 -0.57735026918962584 -0.57735026918962584
  outer loop
   vertex 135.5 142 234
   vertex 135 141 234.5
   vertex 135 141.5 234
  endloop
 endfacet
 facet normal 0.57735026918962584 -0.57735026918962584 -0.57735026918962584
  outer loop
   vertex 135.5 142 234
   vertex 136 142 234.5
   vertex 135 141 234.5
  endloop
 endfacet
 facet normal 0 0 -1
  outer loop
   vertex 136 142 234.5
   vertex 136 141 234.5
   vertex 135 141 234.5
  endloop
 endfacet
 facet normal 0 0 -1
  outer loop
   vertex 137 141 234.5
   vertex 136 141 234.5
   vertex 137 142 234.5
  endloop
 endfacet
 facet normal 0 0 -1
  outer loop
   vertex 137 142 234.5
   vertex 136 141 234.5
   vertex 136 142 234.5
  endloop
 endfacet
 facet normal 0.70710678118654746 0 -0.70710678118654746
  outer loop
   vertex 137.5 142 235
   vertex 137.5 141 235
   vertex 137 141 234.5
  endloop
 endfacet
 facet normal 0.70710678118654746 0 -0.70710678118654746
  outer loop
   vertex 137 142 234.5
   vertex 137.5 142 235
   vertex 137 141 234.5
  endloop
 endfacet
 facet normal -1 0 0
  outer loop
   vertex 130.5 142 234
   vertex 130.5 142 235
   vertex 130.5 143 234
  endloop
 endfacet
 facet normal -1 -0 -0
  outer loop
   vertex 130.5 142 235
   vertex 130.5 143 235
   vertex 130.5 143 234
  endloop
 endfacet
 facet normal 0.70710678118654746 0 -0.70710678118654746
  outer loop
   vertex 136 142 234.5
   vertex 135.5 143 234
   vertex 136 143 234.5
  endloop
 endfacet
 facet normal 0.70710678118654746 0 -0.70710678118654746
  outer loop
   vertex 135.5 142 234
   vertex 135.5 143 234
   vertex 136 142 234.5
  endloop
 endfacet
 facet normal 0 0 -1
  outer loop
   vertex 137 142 234.5
   vertex 136 142 234.5
   vertex 137 143 234.5
  endloop
 endfacet
 facet normal 0 0 -1
  outer loop
   vertex 137 143 234.5
   vertex 136 142 234.5
   vertex 136 143 234.5
  endloop
 endfacet
 facet normal 0.70710678118654746 0 -0.70710678118654746
  outer loop
   vertex 137.5 143 235
   vertex 137.5 142 235
   vertex 137 142 234.5
  endloop
 endfacet
 facet normal 0.70710678118654746 0 -0.70710678118654746
  outer loop
   vertex 137 143 234.5
   vertex 137.5 143 235
   vertex 137 142 234.5
  endloop
 endfacet
 facet normal -1 0 0
  outer loop
   vertex 130.5 143 234
   vertex 130.5 143 235
   vertex 130.5 144 234
  endloop
 endfacet
 facet normal -1 -0 -0
  outer loop
   vertex 130.5 143 235
   vertex 130.5 144 235
   vertex 130.5 144 234
  endloop
 endfacet
 facet normal 0.57735026918962584 -0.57735026918962584 -0.57735026918962584
  outer loop
   vertex 135.5 143 234
   vertex 136 143.5 234
   vertex 136 143 234.5
  endloop
 endfacet
 facet normal 0.57735026918962584 -0.57735026918962584 -0.57735026918962584
  outer loop
   vertex 136.5 144 234
   vertex 136 143 234.5
   vertex 136 143.5 234
  endloop
 endfacet
 facet normal 0.57735026918962584 -0.57735026918962584 -0.57735026918962584
  outer loop
   vertex 136.5 144 234
   vertex 137 144 234.5
   vertex 136 143 234.5
  endloop
 endfacet
 facet normal 0 0 -1
  outer loop
   vertex 137 144 234.5
   vertex 137 143 234.5
   vertex 136 143 234.5
  endloop
 endfacet
 facet normal 0.70710678118654746 0 -0.70710678118654746
  outer loop
   vertex 137.5 144 235
   vertex 137.5 143 235
   vertex 137 143 234.5
  endloop
 endfacet
 facet normal 0.70710678118654746 0 -0.70710678118654746
  outer loop
   vertex 137 144 234.5
   vertex 137.5 144 235
   vertex 137 143 234.5
  endloop
 endfacet
 facet normal -0.57735026918962584 0.57735026918962584 0.57735026918962584
  outer loop
   vertex 131 144.5 235
   vertex 131 145 234.5
   vertex 130.5 145 234
  endloop
 endfacet
 facet normal -0.57735026918962584 0.57735026918962584 0.57735026918962584
  outer loop
   vertex 131 144.5 235
   vertex 130.5 145 234
   vertex 130.5 144 235
  endloop
 endfacet
 facet normal -1 0 0
  outer loop
   vertex 130.5 144 235
   vertex 130.5 145 234
   vertex 130.5 144 234
  endloop
 endfacet
 facet normal -0.57735026918962584 0.57735026918962584 0.57735026918962584
  outer loop
   vertex 131 144.5 235
   vertex 131.5 145 235
   vertex 131 145 234.5
  endloop
 endfacet
 facet normal 0.70710678118654746 0 -0.70710678118654746
  outer loop
   vertex 137 144 234.5
   vertex 136.5 145 234
   vertex 137 145 234.5
  endloop
 endfacet
 facet normal 0.70710678118654746 0 -0.70710678118654746
  outer loop
   vertex 136.5 144 234
   vertex 136.5 145 234
   vertex 137 144 234.5
  endloop
 endfacet
 facet normal 0.70710678118654746 0 -0.70710678118654746
  outer loop
   vertex 137.5 145 235
   vertex 137.5 144 235
   vertex 137 144 234.5
  endloop
 endfacet
 facet normal 0.70710678118654746 0 -0.70710678118654746
  outer loop
   vertex 137 145 234.5
   vertex 137.5 145 235
   vertex 137 144 234.5
  endloop
 endfacet
 facet normal -0.70710678118654746 0 0.70710678118654746
  outer loop
   vertex 131 145 234.5
   vertex 131 146 234.5
   vertex 130.5 146 234
  endloop
 endfacet
 facet normal -0.70710678118654746 0 0.70710678118654746
  outer loop
   vertex 130.5 145 234
   vertex 131 145 234.5
   vertex 130.5 146 234
  endloop
 endfacet
 facet normal -0.70710678118654746 0 0.70710678118654746
  outer loop
   vertex 131.5 146 235
   vertex 131 145 234.5
   vertex 131.5 145 235
  endloop
 endfacet
 facet normal -0.70710678118654746 0 0.70710678118654746
  outer loop
   vertex 131 146 234.5
   vertex 131 145 234.5
   vertex 131.5 146 235
  endloop
 endfacet
 facet normal 0.70710678118654746 0 -0.70710678118654746
  outer loop
   vertex 137 145 234.5
   vertex 136.5 146 234
   vertex 137 146 234.5
  endloop
 endfacet
 facet normal 0.70710678118654746 0 -0.70710678118654746
  outer loop
   vertex 136.5 145 234
   vertex 136.5 146 234
   vertex 137 145 234.5
  endloop
 endfacet
 facet normal 0.70710678118654746 0 -0.70710678118654746
  outer loop
   vertex 137.5 146 235
   vertex 137.5 145 235
   vertex 137 145 234.5
  endloop
 endfacet
 facet normal 0.70710678118654746 0 -0.70710678118654746
  outer loop
   vertex 137 146 234.5
   vertex 137.5 146 235
   vertex 137 145 234.5
  endloop
 endfacet
 facet normal -0.57735026918962584 0.57735026918962584 0.57735026918962584
  outer loop
   vertex 130.5 146 234
   vertex 131 146 234.5
   vertex 131 146.5 234
  endloop
 endfacet
 facet normal -0.57735026918962584 0.57735026918962584 0.57735026918962584
  outer loop
   vertex 131 146 234.5
   vertex 131.5 147 234
   vertex 131 146.5 234
  endloop
 endfacet
 facet normal -0.57735026918962584 0.57735026918962584 0.57735026918962584
  outer loop
   vertex 131 146 234.5
   vertex 131.5 146 235
   vertex 131.5 147 234
  endloop
 endfacet
 facet normal -1 -0 -0
  outer loop
   vertex 131.5 146 235
   vertex 131.5 147 235
   vertex 131.5 147 234
  endloop
 endfacet
 facet normal 0.70710678118654746 0 -0.70710678118654746
  outer loop
   vertex 137 146 234.5
   vertex 136.5 147 234
   vertex 137 147 234.5
  endloop
 endfacet
 facet normal 0.70710678118654746 0 -0.70710678118654746
  outer loop
   vertex 136.5 146 234
   vertex 136.5 147 234
   vertex 137 146 234.5
  endloop
 endfacet
 facet normal 0.70710678118654746 0 -0.70710678118654746
  outer loop
   vertex 137.5 147 235
   vertex 137.5 146 235
   vertex 137 146 234.5
  endloop
 endfacet
 facet normal 0.70710678118654746 0 -0.70710678118654746
  outer loop
   vertex 137 147 234.5
   vertex 137.5 147 235
   vertex 137 146 234.5
  endloop
 endfacet
 facet normal -0.57735026918962584 0.57735026918962584 0.57735026918962584
  outer loop
   vertex 132 147.5 235
   vertex 132 148 234.5
   vertex 131.5 148 234
  endloop
 endfacet
 facet normal -0.57735026918962584 0.57735026918962584 0.57735026918962584
  outer loop
   vertex 132 147.5 235
   vertex 131.5 148 234
   vertex 131.5 147 235
  endloop
 endfacet
 facet normal -1 0 0
  outer loop
   vertex 131.5 147 235
   vertex 131.5 148 234
   vertex 131.5 147 234
  endloop
 endfacet
 facet normal -0.57735026918962584 0.57735026918962584 0.57735026918962584
  outer loop
   vertex 132 147.5 235
   vertex 132.5 148 235
   vertex 132 148 234.5
  endloop
 endfacet
 facet normal 0.57735026918962584 0.57735026918962584 -0.57735026918962584
  outer loop
   vertex 137 147 234.5
   vertex 136.5 148 235
   vertex 137 147.5 235
  endloop
 endfacet
 facet normal 0.57735026918962584 0.57735026918962584 -0.57735026918962584
  outer loop
   vertex 137 147 234.5
   vertex 136.5 147 234
   vertex 136.5 148 235
  endloop
 endfacet
 facet normal 1 0 -0
  outer loop
   vertex 136.5 147 234
   vertex 136.5 148 234
   vertex 136.5 148 235
  endloop
 endfacet
 facet normal 0.57735026918962584 0.57735026918962584 -0.57735026918962584
  outer loop
   vertex 137.5 147 235
   vertex 137 147 234.5
   vertex 137 147.5 235
  endloop
 endfacet
 facet normal -0.57735026918962584 0.57735026918962584 0.57735026918962584
  outer loop
   vertex 131.5 148 234
   vertex 132 148 234.5
   vertex 132 148.5 234
  endloop
 endfacet
 facet normal -0.57735026918962584 0.57735026918962584 0.57735026918962584
  outer loop
   vertex 132.5 149 234
   vertex 133 148.5 235
   vertex 133 149 234.5
  endloop
 endfacet
 facet normal -0.57735026918962584 0.57735026918962584 0.57735026918962584
  outer loop
   vertex 132 148.5 234
   vertex 133 148.5 235
   vertex 132.5 149 234
  endloop
 endfacet
 facet normal -0.57735026918962584 0.57735026918962584 0.57735026918962584
  outer loop
   vertex 132 148.5 234
   vertex 132.5 148 235
   vertex 133 148.5 235
  endloop
 endfacet
 facet normal -0.57735026918962584 0.57735026918962584 0.57735026918962584
  outer loop
   vertex 132 148.5 234
   vertex 132 148 234.5
   vertex 132.5 148 235
  endloop
 endfacet
 facet normal 0 0.70710678118654746 0.70710678118654746
  outer loop
   vertex 133 149 234.5
   vertex 134 148.5 235
   vertex 134 149 234.5
  endloop
 endfacet
 facet normal 0 0.70710678118654746 0.70710678118654746
  outer loop
   vertex 133 148.5 235
   vertex 134 148.5 235
   vertex 133 149 234.5
  endloop
 endfacet
 facet normal -0.57735026918962584 0.57735026918962584 0.57735026918962584
  outer loop
   vertex 134 148.5 235
   vertex 134.5 149 235
   vertex 134 149 234.5
  endloop
 endfacet
 facet normal 0.70710678118654746 0.70710678118654746 0
  outer loop
   vertex 136 148.5 234
   vertex 135.5 149 235
   vertex 136 148.5 235
  endloop
 endfacet
 facet normal 0.70710678118654746 0.70710678118654746 0
  outer loop
   vertex 135.5 149 234
   vertex 135.5 149 235
   vertex 136 148.5 234
  endloop
 endfacet
 facet normal 0.70710678118654746 0.70710678118654746 -0
  outer loop
   vertex 136.5 148 235
   vertex 136.5 148 234
   vertex 136 148.5 234
  endloop
 endfacet
 facet normal 0.70710678118654746 0.70710678118654746 0
  outer loop
   vertex 136 148.5 235
   vertex 136.5 148 235
   vertex 136 148.5 234
  endloop
 endfacet
 facet normal -0.70710678118654746 0 0.70710678118654746
  outer loop
   vertex 133 149 234.5
   vertex 133 150 234.5
   vertex 132.5 150 234
  endloop
 endfacet
 facet normal -0.70710678118654746 0 0.70710678118654746
  outer loop
   vertex 132.5 149 234
   vertex 133 149 234.5
   vertex 132.5 150 234
  endloop
 endfacet
 facet normal 0 0 1
  outer loop
   vertex 134 149 234.5
   vertex 134 150 234.5
   vertex 133 149 234.5
  endloop
 endfacet
 facet normal -0 0 1
  outer loop
   vertex 134 150 234.5
   vertex 133 150 234.5
   vertex 133 149 234.5
  endloop
 endfacet
 facet normal 0.70710678118654746 0.70710678118654746 0
  outer loop
   vertex 134.5 150 234
   vertex 135 149.5 235
   vertex 135 149.5 234
  endloop
 endfacet
 facet normal -0.57735026918962573 0.57735026918962573 0.57735026918962573
  outer loop
   vertex 134.5 150 234
   vertex 134 149 234.5
   vertex 135 149.5 235
  endloop
 endfacet
 facet normal 0.70710678118654746 0 0.70710678118654746
  outer loop
   vertex 134.5 150 234
   vertex 134 150 234.5
   vertex 134 149 234.5
  endloop
 endfacet
 facet normal -0.57735026918962584 0.57735026918962584 0.57735026918962584
  outer loop
   vertex 134.5 149 235
   vertex 135 149.5 235
   vertex 134 149 234.5
  endloop
 endfacet
 facet normal 0.70710678118654746 0.70710678118654746 -0
  outer loop
   vertex 135.5 149 235
   vertex 135.5 149 234
   vertex 135 149.5 234
  endloop
 endfacet
 facet normal 0.70710678118654746 0.70710678118654746 0
  outer loop
   vertex 135 149.5 235
   vertex 135.5 149 235
   vertex 135 149.5 234
  endloop
 endfacet
 facet normal -0.57735026918962584 0.57735026918962584 0.57735026918962584
  outer loop
   vertex 132.5 150 234
   vertex 133 150 234.5
   vertex 133 150.5 234
  endloop
 endfacet
 facet normal -0 0.70710678118654746 0.70710678118654746
  outer loop
   vertex 134 150.5 234
   vertex 133 150.5 234
   vertex 133 150 234.5
  endloop
 endfacet
 facet normal 0 0.70710678118654746 0.70710678118654746
  outer loop
   vertex 134 150 234.5
   vertex 134 150.5 234
   vertex 133 150 234.5
  endloop
 endfacet
 facet normal 0.57735026918962584 0.57735026918962584 0.57735026918962584
  outer loop
   vertex 134.5 150 234
   vertex 134 150.5 234
   vertex 134 150 234.5
  endloop
 endfacet
 facet normal -0.57735026918962584 -0.57735026918962584 -0.57735026918962584
  outer loop
   vertex 134 137 235.5
   vertex 134 136.5 236
   vertex 133.5 137 236
  endloop
 endfacet
 facet normal 0.57735026918962584 -0.57735026918962584 -0.57735026918962584
  outer loop
   vertex 134 136.5 236
   vertex 134 137 235.5
   vertex 134.5 137 236
  endloop
 endfacet
 facet normal -0.57735026918962584 -0.57735026918962584 -0.57735026918962584
  outer loop
   vertex 133 138 235.5
   vertex 133 137.5 236
   vertex 132.5 138 236
  endloop
 endfacet
 facet normal -0.57735026918962584 -0.57735026918962584 -0.57735026918962584
  outer loop
   vertex 133.5 137 236
   vertex 133 137.5 236
   vertex 133 138 235.5
  endloop
 endfacet
 facet normal -0.57735026918962584 -0.57735026918962584 -0.57735026918962584
  outer loop
   vertex 133.5 137 236
   vertex 133 138 235.5
   vertex 134 137 235.5
  endloop
 endfacet
 facet normal 0 0 -1
  outer loop
   vertex 134 137 235.5
   vertex 133 138 235.5
   vertex 134 138 235.5
  endloop
 endfacet
 facet normal 0.57735026918962584 -0.57735026918962584 -0.57735026918962584
  outer loop
   vertex 135 137.5 236
   vertex 134.5 137 236
   vertex 134 137 235.5
  endloop
 endfacet
 facet normal 0.57735026918962584 -0.57735026918962584 -0.57735026918962584
  outer loop
   vertex 135 137.5 236
   vertex 134 137 235.5
   vertex 135 138 235.5
  endloop
 endfacet
 facet normal 0 0 -1
  outer loop
   vertex 135 138 235.5
   vertex 134 137 235.5
   vertex 134 138 235.5
  endloop
 endfacet
 facet normal -0 -0.70710678118654746 -0.70710678118654746
  outer loop
   vertex 135 138 235.5
   vertex 136 138 235.5
   vertex 136 137.5 236
  endloop
 endfacet
 facet normal 0 -0.70710678118654746 -0.70710678118654746
  outer loop
   vertex 135 137.5 236
   vertex 135 138 235.5
   vertex 136 137.5 236
  endloop
 endfacet
 facet normal 0.57735026918962584 -0.57735026918962584 -0.57735026918962584
  outer loop
   vertex 136 137.5 236
   vertex 136 138 235.5
   vertex 136.5 138 236
  endloop
 endfacet
 facet normal -0.57735026918962584 -0.57735026918962584 -0.57735026918962584
  outer loop
   vertex 132 139 235.5
   vertex 132 138.5 236
   vertex 131.5 139 236
  endloop
 endfacet
 facet normal -0.57735026918962584 -0.57735026918962584 -0.57735026918962584
  outer loop
   vertex 132.5 138 236
   vertex 132 138.5 236
   vertex 132 139 235.5
  endloop
 endfacet
 facet normal -0.57735026918962584 -0.57735026918962584 -0.57735026918962584
  outer loop
   vertex 133 138 235.5
   vertex 132.5 138 236
   vertex 132 139 235.5
  endloop
 endfacet
 facet normal -0.57735026918962584 -0.57735026918962584 -0.57735026918962584
  outer loop
   vertex 133 138 235.5
   vertex 132 139 235.5
   vertex 132.5 139 235
  endloop
 endfacet
 facet normal -0.57735026918962584 -0.57735026918962584 -0.57735026918962584
  outer loop
   vertex 133 138 235.5
   vertex 132.5 139 235
   vertex 133 138.5 235
  endloop
 endfacet
 facet normal 0 -0.70710678118654746 -0.70710678118654746
  outer loop
   vertex 134 138.5 235
   vertex 133 138 235.5
   vertex 133 138.5 235
  endloop
 endfacet
 facet normal 0 -0.70710678118654746 -0.70710678118654746
  outer loop
   vertex 134 138 235.5
   vertex 133 138 235.5
   vertex 134 138.5 235
  endloop
 endfacet
 facet normal 0 -0.70710678118654746 -0.70710678118654746
  outer loop
   vertex 135 138.5 235
   vertex 134 138 235.5
   vertex 134 138.5 235
  endloop
 endfacet
 facet normal 0 -0.70710678118654746 -0.70710678118654746
  outer loop
   vertex 135 138 235.5
   vertex 134 138 235.5
   vertex 135 138.5 235
  endloop
 endfacet
 facet normal 0.57735026918962584 -0.57735026918962584 -0.57735026918962584
  outer loop
   vertex 135.5 139 235
   vertex 135 138 235.5
   vertex 135 138.5 235
  endloop
 endfacet
 facet normal 0.57735026918962584 -0.57735026918962584 -0.57735026918962584
  outer loop
   vertex 135.5 139 235
   vertex 136 139 235.5
   vertex 135 138 235.5
  endloop
 endfacet
 facet normal 0 0 -1
  outer loop
   vertex 136 139 235.5
   vertex 136 138 235.5
   vertex 135 138 235.5
  endloop
 endfacet
 facet normal 0.57735026918962584 -0.57735026918962584 -0.57735026918962584
  outer loop
   vertex 137 138.5 236
   vertex 136.5 138 236
   vertex 136 138 235.5
  endloop
 endfacet
 facet normal 0.57735026918962584 -0.57735026918962584 -0.57735026918962584
  outer loop
   vertex 137 138.5 236
   vertex 136 138 235.5
   vertex 137 139 235.5
  endloop
 endfacet
 facet normal 0 0 -1
  outer loop
   vertex 137 139 235.5
   vertex 136 138 235.5
   vertex 136 139 235.5
  endloop
 endfacet
 facet normal 0.57735026918962584 -0.57735026918962584 -0.57735026918962584
  outer loop
   vertex 137 138.5 236
   vertex 137 139 235.5
   vertex 137.5 139 236
  endloop
 endfacet
 facet normal -0.57735026918962584 -0.57735026918962584 -0.57735026918962584
  outer loop
   vertex 131 140 235.5
   vertex 131 139.5 236
   vertex 130.5 140 236
  endloop
 endfacet
 facet normal -0.57735026918962584 -0.57735026918962584 -0.57735026918962584
  outer loop
   vertex 131.5 139 236
   vertex 131 139.5 236
   vertex 131 140 235.5
  endloop
 endfacet
 facet normal -0.57735026918962584 -0.57735026918962584 -0.57735026918962584
  outer loop
   vertex 132 139 235.5
   vertex 131.5 139 236
   vertex 131 140 235.5
  endloop
 endfacet
 facet normal -0.57735026918962584 -0.57735026918962584 -0.57735026918962584
  outer loop
   vertex 132 139 235.5
   vertex 131 140 235.5
   vertex 131.5 140 235
  endloop
 endfacet
 facet normal -0.57735026918962584 -0.57735026918962584 -0.57735026918962584
  outer loop
   vertex 132 139 235.5
   vertex 131.5 140 235
   vertex 132 139.5 235
  endloop
 endfacet
 facet normal -0.57735026918962584 -0.57735026918962584 -0.57735026918962584
  outer loop
   vertex 132.5 139 235
   vertex 132 139 235.5
   vertex 132 139.5 235
  endloop
 endfacet
 facet normal 0.57735026918962584 -0.57735026918962584 -0.57735026918962584
  outer loop
   vertex 135.5 139 235
   vertex 136 139.5 235
   vertex 136 139 235.5
  endloop
 endfacet
 facet normal 0.57735026918962584 -0.57735026918962584 -0.57735026918962584
  outer loop
   vertex 136.5 140 235
   vertex 136 139 235.5
   vertex 136 139.5 235
  endloop
 endfacet
 facet normal 0.57735026918962584 -0.57735026918962584 -0.57735026918962584
  outer loop
   vertex 136.5 140 235
   vertex 137 140 235.5
   vertex 136 139 235.5
  endloop
 endfacet
 facet normal 0 0 -1
  outer loop
   vertex 137 140 235.5
   vertex 137 139 235.5
   vertex 136 139 235.5
  endloop
 endfacet
 facet normal 0.57735026918962584 -0.57735026918962584 -0.57735026918962584
  outer loop
   vertex 138 139.5 236
   vertex 137.5 139 236
   vertex 137 139 235.5
  endloop
 endfacet
 facet normal 0.57735026918962584 -0.57735026918962584 -0.57735026918962584
  outer loop
   vertex 138 139.5 236
   vertex 137 139 235.5
   vertex 138 140 235.5
  endloop
 endfacet
 facet normal 0 0 -1
  outer loop
   vertex 138 140 235.5
   vertex 137 139 235.5
   vertex 137 140 235.5
  endloop
 endfacet
 facet normal 0.57735026918962584 -0.57735026918962584 -0.57735026918962584
  outer loop
   vertex 138 139.5 236
   vertex 138 140 235.5
   vertex 138.5 140 236
  endloop
 endfacet
 facet normal -0.57735026918962584 -0.57735026918962584 -0.57735026918962584
  outer loop
   vertex 131 140.5 235
   vertex 131 140 235.5
   vertex 130.5 140 236
  endloop
 endfacet
 facet normal -0.57735026918962584 -0.57735026918962584 -0.57735026918962584
  outer loop
   vertex 131 140.5 235
   vertex 130.5 140 236
   vertex 130.5 141 235
  endloop
 endfacet
 facet normal -1 0 0
  outer loop
   vertex 130.5 141 235
   vertex 130.5 140 236
   vertex 130.5 141 236
  endloop
 endfacet
 facet normal -0.57735026918962584 -0.57735026918962584 -0.57735026918962584
  outer loop
   vertex 131.5 140 235
   vertex 131 140 235.5
   vertex 131 140.5 235
  endloop
 endfacet
 facet normal 0.57735026918962584 -0.57735026918962584 -0.57735026918962584
  outer loop
   vertex 136.5 140 235
   vertex 137 140.5 235
   vertex 137 140 235.5
  endloop
 endfacet
 facet normal 0.57735026918962584 -0.57735026918962584 -0.57735026918962584
  outer loop
   vertex 137.5 141 235
   vertex 137 140 235.5
   vertex 137 140.5 235
  endloop
 endfacet
 facet normal 0.57735026918962584 -0.57735026918962584 -0.57735026918962584
  outer loop
   vertex 137.5 141 235
   vertex 138 141 235.5
   vertex 137 140 235.5
  endloop
 endfacet
 facet normal 0 0 -1
  outer loop
   vertex 138 141 235.5
   vertex 138 140 235.5
   vertex 137 140 235.5
  endloop
 endfacet
 facet normal 0.70710678118654746 0 -0.70710678118654746
  outer loop
   vertex 138.5 141 236
   vertex 138.5 140 236
   vertex 138 140 235.5
  endloop
 endfacet
 facet normal 0.70710678118654746 0 -0.70710678118654746
  outer loop
   vertex 138 141 235.5
   vertex 138.5 141 236
   vertex 138 140 235.5
  endloop
 endfacet
 facet normal -1 0 0
  outer loop
   vertex 130.5 141 235
   vertex 130.5 141 236
   vertex 130.5 142 235
  endloop
 endfacet
 facet normal -1 -0 -0
  outer loop
   vertex 130.5 141 236
   vertex 130.5 142 236
   vertex 130.5 142 235
  endloop
 endfacet
 facet normal 0.70710678118654746 0 -0.70710678118654746
  outer loop
   vertex 138 141 235.5
   vertex 137.5 142 235
   vertex 138 142 235.5
  endloop
 endfacet
 facet normal 0.70710678118654746 0 -0.70710678118654746
  outer loop
   vertex 137.5 141 235
   vertex 137.5 142 235
   vertex 138 141 235.5
  endloop
 endfacet
 facet normal 0.70710678118654746 0 -0.70710678118654746
  outer loop
   vertex 138.5 142 236
   vertex 138.5 141 236
   vertex 138 141 235.5
  endloop
 endfacet
 facet normal 0.70710678118654746 0 -0.70710678118654746
  outer loop
   vertex 138 142 235.5
   vertex 138.5 142 236
   vertex 138 141 235.5
  endloop
 endfacet
 facet normal -1 0 0
  outer loop
   vertex 130.5 142 235
   vertex 130.5 142 236
   vertex 130.5 143 235
  endloop
 endfacet
 facet normal -1 -0 -0
  outer loop
   vertex 130.5 142 236
   vertex 130.5 143 236
   vertex 130.5 143 235
  endloop
 endfacet
 facet normal 0.57735026918962584 0.57735026918962584 -0.57735026918962584
  outer loop
   vertex 138 142 235.5
   vertex 137.5 143 236
   vertex 138 142.5 236
  endloop
 endfacet
 facet normal 0.57735026918962584 0.57735026918962584 -0.57735026918962584
  outer loop
   vertex 138 142 235.5
   vertex 137.5 142 235
   vertex 137.5 143 236
  endloop
 endfacet
 facet normal 1 0 -0
  outer loop
   vertex 137.5 142 235
   vertex 137.5 143 235
   vertex 137.5 143 236
  endloop
 endfacet
 facet normal 0.57735026918962584 0.57735026918962584 -0.57735026918962584
  outer loop
   vertex 138.5 142 236
   vertex 138 142 235.5
   vertex 138 142.5 236
  endloop
 endfacet
 facet normal -0.57735026918962584 0.57735026918962584 0.57735026918962584
  outer loop
   vertex 131 143.5 236
   vertex 131 144 235.5
   vertex 130.5 144 235
  endloop
 endfacet
 facet normal -0.57735026918962584 0.57735026918962584 0.57735026918962584
  outer loop
   vertex 131 143.5 236
   vertex 130.5 144 235
   vertex 130.5 143 236
  endloop
 endfacet
 facet normal -1 0 0
  outer loop
   vertex 130.5 143 236
   vertex 130.5 144 235
   vertex 130.5 143 235
  endloop
 endfacet
 facet normal -0.57735026918962584 0.57735026918962584 0.57735026918962584
  outer loop
   vertex 131 143.5 236
   vertex 131.5 144 236
   vertex 131 144 235.5
  endloop
 endfacet
 facet normal 1 0 0
  outer loop
   vertex 137.5 143 235
   vertex 137.5 144 235
   vertex 137.5 143 236
  endloop
 endfacet
 facet normal 1 0 -0
  outer loop
   vertex 137.5 143 236
   vertex 137.5 144 235
   vertex 137.5 144 236
  endloop
 endfacet
 facet normal -0.57735026918962584 0.57735026918962584 0.57735026918962584
  outer loop
   vertex 130.5 144 235
   vertex 131 144 235.5
   vertex 131 144.5 235
  endloop
 endfacet
 facet normal -0.57735026918962584 0.57735026918962584 0.57735026918962584
  outer loop
   vertex 131 144 235.5
   vertex 131.5 145 235
   vertex 131 144.5 235
  endloop
 endfacet
 facet normal -0.57735026918962584 0.57735026918962584 0.57735026918962584
  outer loop
   vertex 131 144 235.5
   vertex 131.5 144 236
   vertex 131.5 145 235
  endloop
 endfacet
 facet normal -1 -0 -0
  outer loop
   vertex 131.5 144 236
   vertex 131.5 145 236
   vertex 131.5 145 235
  endloop
 endfacet
 facet normal 1 0 0
  outer loop
   vertex 137.5 144 235
   vertex 137.5 145 235
   vertex 137.5 144 236
  endloop
 endfacet
 facet normal 1 0 -0
  outer loop
   vertex 137.5 144 236
   vertex 137.5 145 235
   vertex 137.5 145 236
  endloop
 endfacet
 facet normal -0.57735026918962584 0.57735026918962584 0.57735026918962584
  outer loop
   vertex 132 145.5 236
   vertex 132 146 235.5
   vertex 131.5 146 235
  endloop
 endfacet
 facet normal -0.57735026918962584 0.57735026918962584 0.57735026918962584
  outer loop
   vertex 132 145.5 236
   vertex 131.5 146 235
   vertex 131.5 145 236
  endloop
 endfacet
 facet normal -1 0 0
  outer loop
   vertex 131.5 145 236
   vertex 131.5 146 235
   vertex 131.5 145 235
  endloop
 endfacet
 facet normal -0.57735026918962584 0.57735026918962584 0.57735026918962584
  outer loop
   vertex 132 145.5 236
   vertex 132.5 146 236
   vertex 132 146 235.5
  endloop
 endfacet
 facet normal 1 0 0
  outer loop
   vertex 137.5 145 235
   vertex 137.5 146 235
   vertex 137.5 145 236
  endloop
 endfacet
 facet normal 1 0 -0
  outer loop
   vertex 137.5 145 236
   vertex 137.5 146 235
   vertex 137.5 146 236
  endloop
 endfacet
 facet normal -0.70710678118654746 0 0.70710678118654746
  outer loop
   vertex 132 146 235.5
   vertex 132 147 235.5
   vertex 131.5 147 235
  endloop
 endfacet
 facet normal -0.70710678118654746 0 0.70710678118654746
  outer loop
   vertex 131.5 146 235
   vertex 132 146 235.5
   vertex 131.5 147 235
  endloop
 endfacet
 facet normal -0.70710678118654746 0 0.70710678118654746
  outer loop
   vertex 132.5 147 236
   vertex 132 146 235.5
   vertex 132.5 146 236
  endloop
 endfacet
 facet normal -0.70710678118654746 0 0.70710678118654746
  outer loop
   vertex 132 147 235.5
   vertex 132 146 235.5
   vertex 132.5 147 236
  endloop
 endfacet
 facet normal 1 0 0
  outer loop
   vertex 137.5 146 235
   vertex 137.5 147 235
   vertex 137.5 146 236
  endloop
 endfacet
 facet normal 1 0 -0
  outer loop
   vertex 137.5 146 236
   vertex 137.5 147 235
   vertex 137.5 147 236
  endloop
 endfacet
 facet normal -0.57735026918962584 0.57735026918962584 0.57735026918962584
  outer loop
   vertex 131.5 147 235
   vertex 132 147 235.5
   vertex 132 147.5 235
  endloop
 endfacet
 facet normal -0.57735026918962584 0.57735026918962584 0.57735026918962584
  outer loop
   vertex 132.5 148 235
   vertex 133 147.5 236
   vertex 133 148 235.5
  endloop
 endfacet
 facet normal -0.57735026918962584 0.57735026918962584 0.57735026918962584
  outer loop
   vertex 132 147.5 235
   vertex 133 147.5 236
   vertex 132.5 148 235
  endloop
 endfacet
 facet normal -0.57735026918962584 0.57735026918962584 0.57735026918962584
  outer loop
   vertex 132 147.5 235
   vertex 132.5 147 236
   vertex 133 147.5 236
  endloop
 endfacet
 facet normal -0.57735026918962584 0.57735026918962584 0.57735026918962584
  outer loop
   vertex 132 147.5 235
   vertex 132 147 235.5
   vertex 132.5 147 236
  endloop
 endfacet
 facet normal 0 0.70710678118654746 0.70710678118654746
  outer loop
   vertex 133 148 235.5
   vertex 134 147.5 236
   vertex 134 148 235.5
  endloop
 endfacet
 facet normal 0 0.70710678118654746 0.70710678118654746
  outer loop
   vertex 133 147.5 236
   vertex 134 147.5 236
   vertex 133 148 235.5
  endloop
 endfacet
 facet normal -0.57735026918962584 0.57735026918962584 0.57735026918962584
  outer loop
   vertex 134 147.5 236
   vertex 134.5 148 236
   vertex 134 148 235.5
  endloop
 endfacet
 facet normal 0.70710678118654746 0.70710678118654746 0
  outer loop
   vertex 137 147.5 235
   vertex 136.5 148 236
   vertex 137 147.5 236
  endloop
 endfacet
 facet normal 0.70710678118654746 0.70710678118654746 0
  outer loop
   vertex 136.5 148 235
   vertex 136.5 148 236
   vertex 137 147.5 235
  endloop
 endfacet
 facet normal 0.70710678118654746 0.70710678118654746 -0
  outer loop
   vertex 137.5 147 236
   vertex 137.5 147 235
   vertex 137 147.5 235
  endloop
 endfacet
 facet normal 0.70710678118654746 0.70710678118654746 0
  outer loop
   vertex 137 147.5 236
   vertex 137.5 147 236
   vertex 137 147.5 235
  endloop
 endfacet
 facet normal -0.57735026918962584 0.57735026918962584 0.57735026918962584
  outer loop
   vertex 132.5 148 235
   vertex 133 148 235.5
   vertex 133 148.5 235
  endloop
 endfacet
 facet normal -0 0.70710678118654746 0.70710678118654746
  outer loop
   vertex 134 148.5 235
   vertex 133 148.5 235
   vertex 133 148 235.5
  endloop
 endfacet
 facet normal 0 0.70710678118654746 0.70710678118654746
  outer loop
   vertex 134 148 235.5
   vertex 134 148.5 235
   vertex 133 148 235.5
  endloop
 endfacet
 facet normal -0.57735026918962584 0.57735026918962584 0.57735026918962584
  outer loop
   vertex 134.5 149 235
   vertex 135 148.5 236
   vertex 135 149 235.5
  endloop
 endfacet
 facet normal -0.57735026918962584 0.57735026918962584 0.57735026918962584
  outer loop
   vertex 134 148.5 235
   vertex 135 148.5 236
   vertex 134.5 149 235
  endloop
 endfacet
 facet normal -0.57735026918962584 0.57735026918962584 0.57735026918962584
  outer loop
   vertex 134 148.5 235
   vertex 134.5 148 236
   vertex 135 148.5 236
  endloop
 endfacet
 facet normal -0.57735026918962584 0.57735026918962584 0.57735026918962584
  outer loop
   vertex 134 148.5 235
   vertex 134 148 235.5
   vertex 134.5 148 236
  endloop
 endfacet
 facet normal 0.57735026918962584 0.57735026918962584 0.57735026918962584
  outer loop
   vertex 135 149 235.5
   vertex 136 148.5 235
   vertex 135.5 149 235
  endloop
 endfacet
 facet normal 0.57735026918962584 0.57735026918962584 0.57735026918962584
  outer loop
   vertex 135 149 235.5
   vertex 135 148.5 236
   vertex 136 148.5 235
  endloop
 endfacet
 facet normal 0 1 0
  outer loop
   vertex 135 148.5 236
   vertex 136 148.5 236
   vertex 136 148.5 235
  endloop
 endfacet
 facet normal 0.70710678118654746 0.70710678118654746 -0
  outer loop
   vertex 136.5 148 236
   vertex 136.5 148 235
   vertex 136 148.5 235
  endloop
 endfacet
 facet normal 0.70710678118654746 0.70710678118654746 0
  outer loop
   vertex 136 148.5 236
   vertex 136.5 148 236
   vertex 136 148.5 235
  endloop
 endfacet
 facet normal -0.57735026918962584 0.57735026918962584 0.57735026918962584
  outer loop
   vertex 134.5 149 235
   vertex 135 149 235.5
   vertex 135 149.5 235
  endloop
 endfacet
 facet normal 0.57735026918962584 0.57735026918962584 0.57735026918962584
  outer loop
   vertex 135.5 149 235
   vertex 135 149.5 235
   vertex 135 149 235.5
  endloop
 endfacet
 facet normal -0.57735026918962584 -0.57735026918962584 -0.57735026918962584
  outer loop
   vertex 134 136 236.5
   vertex 134 135.5 237
   vertex 133.5 136 237
  endloop
 endfacet
 facet normal -0 -0.70710678118654746 -0.70710678118654746
  outer loop
   vertex 134 136 236.5
   vertex 135 136 236.5
   vertex 135 135.5 237
  endloop
 endfacet
 facet normal 0 -0.70710678118654746 -0.70710678118654746
  outer loop
   vertex 134 135.5 237
   vertex 134 136 236.5
   vertex 135 135.5 237
  endloop
 endfacet
 facet normal -0 -0.70710678118654746 -0.70710678118654746
  outer loop
   vertex 135 136 236.5
   vertex 136 136 236.5
   vertex 136 135.5 237
  endloop
 endfacet
 facet normal 0 -0.70710678118654746 -0.70710678118654746
  outer loop
   vertex 135 135.5 237
   vertex 135 136 236.5
   vertex 136 135.5 237
  endloop
 endfacet
 facet normal -0 -0.70710678118654746 -0.70710678118654746
  outer loop
   vertex 136 136 236.5
   vertex 137 136 236.5
   vertex 137 135.5 237
  endloop
 endfacet
 facet normal 0 -0.70710678118654746 -0.70710678118654746
  outer loop
   vertex 136 135.5 237
   vertex 136 136 236.5
   vertex 137 135.5 237
  endloop
 endfacet
 facet normal 0.57735026918962584 -0.57735026918962584 -0.57735026918962584
  outer loop
   vertex 137 135.5 237
   vertex 137 136 236.5
   vertex 137.5 136 237
  endloop
 endfacet
 facet normal -0.57735026918962584 -0.57735026918962584 -0.57735026918962584
  outer loop
   vertex 133 137 236.5
   vertex 133 136.5 237
   vertex 132.5 137 237
  endloop
 endfacet
 facet normal -0.57735026918962584 -0.57735026918962584 -0.57735026918962584
  outer loop
   vertex 133.5 136 237
   vertex 133 136.5 237
   vertex 133 137 236.5
  endloop
 endfacet
 facet normal -0.57735026918962584 -0.57735026918962584 -0.57735026918962584
  outer loop
   vertex 134 136 236.5
   vertex 133.5 136 237
   vertex 133 137 236.5
  endloop
 endfacet
 facet normal -0.57735026918962584 -0.57735026918962584 -0.57735026918962584
  outer loop
   vertex 134 136 236.5
   vertex 133 137 236.5
   vertex 133.5 137 236
  endloop
 endfacet
 facet normal -0.57735026918962584 -0.57735026918962584 -0.57735026918962584
  outer loop
   vertex 134 136 236.5
   vertex 133.5 137 236
   vertex 134 136.5 236
  endloop
 endfacet
 facet normal 0.57735026918962584 -0.57735026918962584 -0.57735026918962584
  outer loop
   vertex 134.5 137 236
   vertex 134 136 236.5
   vertex 134 136.5 236
  endloop
 endfacet
 facet normal 0.57735026918962584 -0.57735026918962584 -0.57735026918962584
  outer loop
   vertex 134.5 137 236
   vertex 135 137 236.5
   vertex 134 136 236.5
  endloop
 endfacet
 facet normal 0 0 -1
  outer loop
   vertex 135 137 236.5
   vertex 135 136 236.5
   vertex 134 136 236.5
  endloop
 endfacet
 facet normal 0 0 -1
  outer loop
   vertex 136 136 236.5
   vertex 135 136 236.5
   vertex 136 137 236.5
  endloop
 endfacet
 facet normal 0 0 -1
  outer loop
   vertex 136 137 236.5
   vertex 135 136 236.5
   vertex 135 137 236.5
  endloop
 endfacet
 facet normal 0 0 -1
  outer loop
   vertex 137 136 236.5
   vertex 136 136 236.5
   vertex 137 137 236.5
  endloop
 endfacet
 facet normal 0 0 -1
  outer loop
   vertex 137 137 236.5
   vertex 136 136 236.5
   vertex 136 137 236.5
  endloop
 endfacet
 facet normal 0.57735026918962584 -0.57735026918962584 -0.57735026918962584
  outer loop
   vertex 138 136.5 237
   vertex 137.5 136 237
   vertex 137 136 236.5
  endloop
 endfacet
 facet normal 0.57735026918962584 -0.57735026918962584 -0.57735026918962584
  outer loop
   vertex 138 136.5 237
   vertex 137 136 236.5
   vertex 138 137 236.5
  endloop
 endfacet
 facet normal 0 0 -1
  outer loop
   vertex 138 137 236.5
   vertex 137 136 236.5
   vertex 137 137 236.5
  endloop
 endfacet
 facet normal 0.57735026918962584 -0.57735026918962584 -0.57735026918962584
  outer loop
   vertex 138 136.5 237
   vertex 138 137 236.5
   vertex 138.5 137 237
  endloop
 endfacet
 facet normal -0.57735026918962584 -0.57735026918962584 -0.57735026918962584
  outer loop
   vertex 133 137.5 236
   vertex 133 137 236.5
   vertex 132.5 137 237
  endloop
 endfacet
 facet normal -0.57735026918962584 -0.57735026918962584 -0.57735026918962584
  outer loop
   vertex 133 137.5 236
   vertex 132.5 137 237
   vertex 132.5 138 236
  endloop
 endfacet
 facet normal -1 0 0
  outer loop
   vertex 132.5 138 236
   vertex 132.5 137 237
   vertex 132.5 138 237
  endloop
 endfacet
 facet normal -0.57735026918962584 -0.57735026918962584 -0.57735026918962584
  outer loop
   vertex 133.5 137 236
   vertex 133 137 236.5
   vertex 133 137.5 236
  endloop
 endfacet
 facet normal 0.57735026918962584 -0.57735026918962584 -0.57735026918962584
  outer loop
   vertex 134.5 137 236
   vertex 135 137.5 236
   vertex 135 137 236.5
  endloop
 endfacet
 facet normal 0 -0.70710678118654746 -0.70710678118654746
  outer loop
   vertex 136 137.5 236
   vertex 135 137 236.5
   vertex 135 137.5 236
  endloop
 endfacet
 facet normal 0 -0.70710678118654746 -0.70710678118654746
  outer loop
   vertex 136 137 236.5
   vertex 135 137 236.5
   vertex 136 137.5 236
  endloop
 endfacet
 facet normal 0.57735026918962584 -0.57735026918962584 -0.57735026918962584
  outer loop
   vertex 136.5 138 236
   vertex 136 137 236.5
   vertex 136 137.5 236
  endloop
 endfacet
 facet normal 0.57735026918962584 -0.57735026918962584 -0.57735026918962584
  outer loop
   vertex 136.5 138 236
   vertex 137 138 236.5
   vertex 136 137 236.5
  endloop
 endfacet
 facet normal 0 0 -1
  outer loop
   vertex 137 138 236.5
   vertex 137 137 236.5
   vertex 136 137 236.5
  endloop
 endfacet
 facet normal 0 0 -1
  outer loop
   vertex 138 137 236.5
   vertex 137 137 236.5
   vertex 138 138 236.5
  endloop
 endfacet
 facet normal 0 0 -1
  outer loop
   vertex 138 138 236.5
   vertex 137 137 236.5
   vertex 137 138 236.5
  endloop
 endfacet
 facet normal 0.70710678118654746 0 -0.70710678118654746
  outer loop
   vertex 138.5 138 237
   vertex 138.5 137 237
   vertex 138 137 236.5
  endloop
 endfacet
 facet normal 0.70710678118654746 0 -0.70710678118654746
  outer loop
   vertex 138 138 236.5
   vertex 138.5 138 237
   vertex 138 137 236.5
  endloop
 endfacet
 facet normal -0.70710678118654746 -0.70710678118654746 -0
  outer loop
   vertex 132 138.5 236
   vertex 132 138.5 237
   vertex 131.5 139 237
  endloop
 endfacet
 facet normal -0.70710678118654746 -0.70710678118654746 0
  outer loop
   vertex 131.5 139 236
   vertex 132 138.5 236
   vertex 131.5 139 237
  endloop
 endfacet
 facet normal -0.70710678118654746 -0.70710678118654746 0
  outer loop
   vertex 132.5 138 237
   vertex 132 138.5 236
   vertex 132.5 138 236
  endloop
 endfacet
 facet normal -0.70710678118654746 -0.70710678118654746 0
  outer loop
   vertex 132 138.5 237
   vertex 132 138.5 236
   vertex 132.5 138 237
  endloop
 endfacet
 facet normal 0.57735026918962584 -0.57735026918962584 -0.57735026918962584
  outer loop
   vertex 136.5 138 236
   vertex 137 138.5 236
   vertex 137 138 236.5
  endloop
 endfacet
 facet normal 0.57735026918962584 -0.57735026918962584 -0.57735026918962584
  outer loop
   vertex 137.5 139 236
   vertex 137 138 236.5
   vertex 137 138.5 236
  endloop
 endfacet
 facet normal 0.57735026918962584 -0.57735026918962584 -0.57735026918962584
  outer loop
   vertex 137.5 139 236
   vertex 138 139 236.5
   vertex 137 138 236.5
  endloop
 endfacet
 facet normal 0 0 -1
  outer loop
   vertex 138 139 236.5
   vertex 138 138 236.5
   vertex 137 138 236.5
  endloop
 endfacet
 facet normal 0.57735026918962584 -0.57735026918962584 -0.57735026918962584
  outer loop
   vertex 139 138.5 237
   vertex 138.5 138 237
   vertex 138 138 236.5
  endloop
 endfacet
 facet normal 0.57735026918962584 -0.57735026918962584 -0.57735026918962584
  outer loop
   vertex 139 138.5 237
   vertex 138 138 236.5
   vertex 139 139 236.5
  endloop
 endfacet
 facet normal 0 0 -1
  outer loop
   vertex 139 139 236.5
   vertex 138 138 236.5
   vertex 138 139 236.5
  endloop
 endfacet
 facet normal 0.57735026918962584 -0.57735026918962584 -0.57735026918962584
  outer loop
   vertex 139 138.5 237
   vertex 139 139 236.5
   vertex 139.5 139 237
  endloop
 endfacet
 facet normal -0.57735026918962584 -0.57735026918962584 0.57735026918962584
  outer loop
   vertex 131 139.5 236
   vertex 131 140 236.5
   vertex 130.5 140 236
  endloop
 endfacet
 facet normal -0.57735026918962584 -0.57735026918962584 0.57735026918962584
  outer loop
   vertex 131 139.5 236
   vertex 131.5 140 237
   vertex 131 140 236.5
  endloop
 endfacet
 facet normal -0.57735026918962584 -0.57735026918962584 0.57735026918962584
  outer loop
   vertex 131 139.5 236
   vertex 131.5 139 236
   vertex 131.5 140 237
  endloop
 endfacet
 facet normal -1 0 0
  outer loop
   vertex 131.5 139 236
   vertex 131.5 139 237
   vertex 131.5 140 237
  endloop
 endfacet
 facet normal 0.57735026918962584 -0.57735026918962584 -0.57735026918962584
  outer loop
   vertex 137.5 139 236
   vertex 138 139.5 236
   vertex 138 139 236.5
  endloop
 endfacet
 facet normal 0.57735026918962584 -0.57735026918962584 -0.57735026918962584
  outer loop
   vertex 138.5 140 236
   vertex 138 139 236.5
   vertex 138 139.5 236
  endloop
 endfacet
 facet normal 0.57735026918962584 -0.57735026918962584 -0.57735026918962584
  outer loop
   vertex 138.5 140 236
   vertex 139 140 236.5
   vertex 138 139 236.5
  endloop
 endfacet
 facet normal 0 0 -1
  outer loop
   vertex 139 140 236.5
   vertex 139 139 236.5
   vertex 138 139 236.5
  endloop
 endfacet
 facet normal 0.70710678118654746 0 -0.70710678118654746
  outer loop
   vertex 139.5 140 237
   vertex 139.5 139 237
   vertex 139 139 236.5
  endloop
 endfacet
 facet normal 0.70710678118654746 0 -0.70710678118654746
  outer loop
   vertex 139 140 236.5
   vertex 139.5 140 237
   vertex 139 139 236.5
  endloop
 endfacet
 facet normal -0.70710678118654746 0 0.70710678118654746
  outer loop
   vertex 131 140 236.5
   vertex 131 141 236.5
   vertex 130.5 141 236
  endloop
 endfacet
 facet normal -0.70710678118654746 0 0.70710678118654746
  outer loop
   vertex 130.5 140 236
   vertex 131 140 236.5
   vertex 130.5 141 236
  endloop
 endfacet
 facet normal -0.70710678118654746 0 0.70710678118654746
  outer loop
   vertex 131.5 141 237
   vertex 131 140 236.5
   vertex 131.5 140 237
  endloop
 endfacet
 facet normal -0.70710678118654746 0 0.70710678118654746
  outer loop
   vertex 131 141 236.5
   vertex 131 140 236.5
   vertex 131.5 141 237
  endloop
 endfacet
 facet normal 0.70710678118654746 0 -0.70710678118654746
  outer loop
   vertex 139 140 236.5
   vertex 138.5 141 236
   vertex 139 141 236.5
  endloop
 endfacet
 facet normal 0.70710678118654746 0 -0.70710678118654746
  outer loop
   vertex 138.5 140 236
   vertex 138.5 141 236
   vertex 139 140 236.5
  endloop
 endfacet
 facet normal 0.70710678118654746 0 -0.70710678118654746
  outer loop
   vertex 139.5 141 237
   vertex 139.5 140 237
   vertex 139 140 236.5
  endloop
 endfacet
 facet normal 0.70710678118654746 0 -0.70710678118654746
  outer loop
   vertex 139 141 236.5
   vertex 139.5 141 237
   vertex 139 140 236.5
  endloop
 endfacet
 facet normal -0.70710678118654746 0 0.70710678118654746
  outer loop
   vertex 131 141 236.5
   vertex 131 142 236.5
   vertex 130.5 142 236
  endloop
 endfacet
 facet normal -0.70710678118654746 0 0.70710678118654746
  outer loop
   vertex 130.5 141 236
   vertex 131 141 236.5
   vertex 130.5 142 236
  endloop
 endfacet
 facet normal -0.70710678118654746 0 0.70710678118654746
  outer loop
   vertex 131.5 142 237
   vertex 131 141 236.5
   vertex 131.5 141 237
  endloop
 endfacet
 facet normal -0.70710678118654746 0 0.70710678118654746
  outer loop
   vertex 131 142 236.5
   vertex 131 141 236.5
   vertex 131.5 142 237
  endloop
 endfacet
 facet normal 0.57735026918962584 0.57735026918962584 -0.57735026918962584
  outer loop
   vertex 139 141 236.5
   vertex 138.5 142 237
   vertex 139 141.5 237
  endloop
 endfacet
 facet normal 0.57735026918962584 0.57735026918962584 -0.57735026918962584
  outer loop
   vertex 139 141 236.5
   vertex 138.5 141 236
   vertex 138.5 142 237
  endloop
 endfacet
 facet normal 1 0 -0
  outer loop
   vertex 138.5 141 236
   vertex 138.5 142 236
   vertex 138.5 142 237
  endloop
 endfacet
 facet normal 0.57735026918962584 0.57735026918962584 -0.57735026918962584
  outer loop
   vertex 139.5 141 237
   vertex 139 141 236.5
   vertex 139 141.5 237
  endloop
 endfacet
 facet normal -0.70710678118654746 0 0.70710678118654746
  outer loop
   vertex 131 142 236.5
   vertex 131 143 236.5
   vertex 130.5 143 236
  endloop
 endfacet
 facet normal -0.70710678118654746 0 0.70710678118654746
  outer loop
   vertex 130.5 142 236
   vertex 131 142 236.5
   vertex 130.5 143 236
  endloop
 endfacet
 facet normal -0.70710678118654746 0 0.70710678118654746
  outer loop
   vertex 131.5 143 237
   vertex 131 142 236.5
   vertex 131.5 142 237
  endloop
 endfacet
 facet normal -0.70710678118654746 0 0.70710678118654746
  outer loop
   vertex 131 143 236.5
   vertex 131 142 236.5
   vertex 131.5 143 237
  endloop
 endfacet
 facet normal 0.57735026918962584 0.57735026918962584 -0.57735026918962584
  outer loop
   vertex 138 142.5 236
   vertex 137.5 143 236
   vertex 138 143 236.5
  endloop
 endfacet
 facet normal 0.57735026918962584 0.57735026918962584 -0.57735026918962584
  outer loop
   vertex 138 142.5 236
   vertex 138 143 236.5
   vertex 138.5 143 237
  endloop
 endfacet
 facet normal 0.57735026918962584 0.57735026918962584 -0.57735026918962584
  outer loop
   vertex 138 142.5 236
   vertex 138.5 143 237
   vertex 138.5 142 236
  endloop
 endfacet
 facet normal 1 0 0
  outer loop
   vertex 138.5 142 236
   vertex 138.5 143 237
   vertex 138.5 142 237
  endloop
 endfacet
 facet normal -0.57735026918962584 0.57735026918962584 0.57735026918962584
  outer loop
   vertex 130.5 143 236
   vertex 131 143 236.5
   vertex 131 143.5 236
  endloop
 endfacet
 facet normal -0.57735026918962584 0.57735026918962584 0.57735026918962584
  outer loop
   vertex 131.5 144 236
   vertex 132 143.5 237
   vertex 132 144 236.5
  endloop
 endfacet
 facet normal -0.57735026918962584 0.57735026918962584 0.57735026918962584
  outer loop
   vertex 131 143.5 236
   vertex 132 143.5 237
   vertex 131.5 144 236
  endloop
 endfacet
 facet normal -0.57735026918962584 0.57735026918962584 0.57735026918962584
  outer loop
   vertex 131 143.5 236
   vertex 131.5 143 237
   vertex 132 143.5 237
  endloop
 endfacet
 facet normal -0.57735026918962584 0.57735026918962584 0.57735026918962584
  outer loop
   vertex 131 143.5 236
   vertex 131 143 236.5
   vertex 131.5 143 237
  endloop
 endfacet
 facet normal -0.57735026918962584 0.57735026918962584 0.57735026918962584
  outer loop
   vertex 132 143.5 237
   vertex 132.5 144 237
   vertex 132 144 236.5
  endloop
 endfacet
 facet normal 0.70710678118654746 0 -0.70710678118654746
  outer loop
   vertex 138 143 236.5
   vertex 137.5 144 236
   vertex 138 144 236.5
  endloop
 endfacet
 facet normal 0.70710678118654746 0 -0.70710678118654746
  outer loop
   vertex 137.5 143 236
   vertex 137.5 144 236
   vertex 138 143 236.5
  endloop
 endfacet
 facet normal 0.70710678118654746 0 -0.70710678118654746
  outer loop
   vertex 138.5 144 237
   vertex 138.5 143 237
   vertex 138 143 236.5
  endloop
 endfacet
 facet normal 0.70710678118654746 0 -0.70710678118654746
  outer loop
   vertex 138 144 236.5
   vertex 138.5 144 237
   vertex 138 143 236.5
  endloop
 endfacet
 facet normal -0.70710678118654746 0 0.70710678118654746
  outer loop
   vertex 132 144 236.5
   vertex 132 145 236.5
   vertex 131.5 145 236
  endloop
 endfacet
 facet normal -0.70710678118654746 0 0.70710678118654746
  outer loop
   vertex 131.5 144 236
   vertex 132 144 236.5
   vertex 131.5 145 236
  endloop
 endfacet
 facet normal -0.70710678118654746 0 0.70710678118654746
  outer loop
   vertex 132.5 145 237
   vertex 132 144 236.5
   vertex 132.5 144 237
  endloop
 endfacet
 facet normal -0.70710678118654746 0 0.70710678118654746
  outer loop
   vertex 132 145 236.5
   vertex 132 144 236.5
   vertex 132.5 145 237
  endloop
 endfacet
 facet normal 0.70710678118654746 0 -0.70710678118654746
  outer loop
   vertex 138 144 236.5
   vertex 137.5 145 236
   vertex 138 145 236.5
  endloop
 endfacet
 facet normal 0.70710678118654746 0 -0.70710678118654746
  outer loop
   vertex 137.5 144 236
   vertex 137.5 145 236
   vertex 138 144 236.5
  endloop
 endfacet
 facet normal 0.70710678118654746 0 -0.70710678118654746
  outer loop
   vertex 138.5 145 237
   vertex 138.5 144 237
   vertex 138 144 236.5
  endloop
 endfacet
 facet normal 0.70710678118654746 0 -0.70710678118654746
  outer loop
   vertex 138 145 236.5
   vertex 138.5 145 237
   vertex 138 144 236.5
  endloop
 endfacet
 facet normal -0.57735026918962584 0.57735026918962584 0.57735026918962584
  outer loop
   vertex 131.5 145 236
   vertex 132 145 236.5
   vertex 132 145.5 236
  endloop
 endfacet
 facet normal -0.57735026918962584 0.57735026918962584 0.57735026918962584
  outer loop
   vertex 132.5 146 236
   vertex 133 145.5 237
   vertex 133 146 236.5
  endloop
 endfacet
 facet normal -0.57735026918962584 0.57735026918962584 0.57735026918962584
  outer loop
   vertex 132 145.5 236
   vertex 133 145.5 237
   vertex 132.5 146 236
  endloop
 endfacet
 facet normal -0.57735026918962584 0.57735026918962584 0.57735026918962584
  outer loop
   vertex 132 145.5 236
   vertex 132.5 145 237
   vertex 133 145.5 237
  endloop
 endfacet
 facet normal -0.57735026918962584 0.57735026918962584 0.57735026918962584
  outer loop
   vertex 132 145.5 236
   vertex 132 145 236.5
   vertex 132.5 145 237
  endloop
 endfacet
 facet normal -0.57735026918962584 0.57735026918962584 0.57735026918962584
  outer loop
   vertex 133 145.5 237
   vertex 133.5 146 237
   vertex 133 146 236.5
  endloop
 endfacet
 facet normal 0.57735026918962584 0.57735026918962584 -0.57735026918962584
  outer loop
   vertex 138 145 236.5
   vertex 137.5 146 237
   vertex 138 145.5 237
  endloop
 endfacet
 facet normal 0.57735026918962584 0.57735026918962584 -0.57735026918962584
  outer loop
   vertex 138 145 236.5
   vertex 137.5 145 236
   vertex 137.5 146 237
  endloop
 endfacet
 facet normal 1 0 -0
  outer loop
   vertex 137.5 145 236
   vertex 137.5 146 236
   vertex 137.5 146 237
  endloop
 endfacet
 facet normal 0.57735026918962584 0.57735026918962584 -0.57735026918962584
  outer loop
   vertex 138.5 145 237
   vertex 138 145 236.5
   vertex 138 145.5 237
  endloop
 endfacet
 facet normal -0.70710678118654746 0 0.70710678118654746
  outer loop
   vertex 133 146 236.5
   vertex 133 147 236.5
   vertex 132.5 147 236
  endloop
 endfacet
 facet normal -0.70710678118654746 0 0.70710678118654746
  outer loop
   vertex 132.5 146 236
   vertex 133 146 236.5
   vertex 132.5 147 236
  endloop
 endfacet
 facet normal -0.57735026918962584 0.57735026918962584 0.57735026918962584
  outer loop
   vertex 134 146.5 237
   vertex 133 146 236.5
   vertex 133.5 146 237
  endloop
 endfacet
 facet normal -0.57735026918962584 0.57735026918962584 0.57735026918962584
  outer loop
   vertex 134 146.5 237
   vertex 134 147 236.5
   vertex 133 146 236.5
  endloop
 endfacet
 facet normal -0 0 1
  outer loop
   vertex 134 147 236.5
   vertex 133 147 236.5
   vertex 133 146 236.5
  endloop
 endfacet
 facet normal -0.57735026918962584 0.57735026918962584 0.57735026918962584
  outer loop
   vertex 134 146.5 237
   vertex 134.5 147 237
   vertex 134 147 236.5
  endloop
 endfacet
 facet normal 1 0 0
  outer loop
   vertex 137.5 146 236
   vertex 137.5 147 236
   vertex 137.5 146 237
  endloop
 endfacet
 facet normal 1 0 -0
  outer loop
   vertex 137.5 146 237
   vertex 137.5 147 236
   vertex 137.5 147 237
  endloop
 endfacet
 facet normal -0.57735026918962584 0.57735026918962584 0.57735026918962584
  outer loop
   vertex 132.5 147 236
   vertex 133 147 236.5
   vertex 133 147.5 236
  endloop
 endfacet
 facet normal -0 0.70710678118654746 0.70710678118654746
  outer loop
   vertex 134 147.5 236
   vertex 133 147.5 236
   vertex 133 147 236.5
  endloop
 endfacet
 facet normal 0 0.70710678118654746 0.70710678118654746
  outer loop
   vertex 134 147 236.5
   vertex 134 147.5 236
   vertex 133 147 236.5
  endloop
 endfacet
 facet normal -0.57735026918962584 0.57735026918962584 0.57735026918962584
  outer loop
   vertex 134.5 148 236
   vertex 135 147.5 237
   vertex 135 148 236.5
  endloop
 endfacet
 facet normal -0.57735026918962584 0.57735026918962584 0.57735026918962584
  outer loop
   vertex 134 147.5 236
   vertex 135 147.5 237
   vertex 134.5 148 236
  endloop
 endfacet
 facet normal -0.57735026918962584 0.57735026918962584 0.57735026918962584
  outer loop
   vertex 134 147.5 236
   vertex 134.5 147 237
   vertex 135 147.5 237
  endloop
 endfacet
 facet normal -0.57735026918962584 0.57735026918962584 0.57735026918962584
  outer loop
   vertex 134 147.5 236
   vertex 134 147 236.5
   vertex 134.5 147 237
  endloop
 endfacet
 facet normal 0 0.70710678118654746 0.70710678118654746
  outer loop
   vertex 135 148 236.5
   vertex 136 147.5 237
   vertex 136 148 236.5
  endloop
 endfacet
 facet normal 0 0.70710678118654746 0.70710678118654746
  outer loop
   vertex 135 147.5 237
   vertex 136 147.5 237
   vertex 135 148 236.5
  endloop
 endfacet
 facet normal 0.57735026918962584 0.57735026918962584 0.57735026918962584
  outer loop
   vertex 136 148 236.5
   vertex 137 147.5 236
   vertex 136.5 148 236
  endloop
 endfacet
 facet normal 0.57735026918962584 0.57735026918962584 0.57735026918962584
  outer loop
   vertex 136 148 236.5
   vertex 136 147.5 237
   vertex 137 147.5 236
  endloop
 endfacet
 facet normal 0 1 0
  outer loop
   vertex 136 147.5 237
   vertex 137 147.5 237
   vertex 137 147.5 236
  endloop
 endfacet
 facet normal 0.70710678118654746 0.70710678118654746 -0
  outer loop
   vertex 137.5 147 237
   vertex 137.5 147 236
   vertex 137 147.5 236
  endloop
 endfacet
 facet normal 0.70710678118654746 0.70710678118654746 0
  outer loop
   vertex 137 147.5 237
   vertex 137.5 147 237
   vertex 137 147.5 236
  endloop
 endfacet
 facet normal -0.57735026918962584 0.57735026918962584 0.57735026918962584
  outer loop
   vertex 134.5 148 236
   vertex 135 148 236.5
   vertex 135 148.5 236
  endloop
 endfacet
 facet normal -0 0.70710678118654746 0.70710678118654746
  outer loop
   vertex 136 148.5 236
   vertex 135 148.5 236
   vertex 135 148 236.5
  endloop
 endfacet
 facet normal 0 0.70710678118654746 0.70710678118654746
  outer loop
   vertex 136 148 236.5
   vertex 136 148.5 236
   vertex 135 148 236.5
  endloop
 endfacet
 facet normal 0.57735026918962584 0.57735026918962584 0.57735026918962584
  outer loop
   vertex 136.5 148 236
   vertex 136 148.5 236
   vertex 136 148 236.5
  endloop
 endfacet
 facet normal -0.57735026918962584 -0.57735026918962584 -0.57735026918962584
  outer loop
   vertex 135 135 237.5
   vertex 135 134.5 238
   vertex 134.5 135 238
  endloop
 endfacet
 facet normal -0 -0.70710678118654746 -0.70710678118654746
  outer loop
   vertex 135 135 237.5
   vertex 136 135 237.5
   vertex 136 134.5 238
  endloop
 endfacet
 facet normal 0 -0.70710678118654746 -0.70710678118654746
  outer loop
   vertex 135 134.5 238
   vertex 135 135 237.5
   vertex 136 134.5 238
  endloop
 endfacet
 facet normal -0 -0.70710678118654746 -0.70710678118654746
  outer loop
   vertex 136 135 237.5
   vertex 137 135 237.5
   vertex 137 134.5 238
  endloop
 endfacet
 facet normal 0 -0.70710678118654746 -0.70710678118654746
  outer loop
   vertex 136 134.5 238
   vertex 136 135 237.5
   vertex 137 134.5 238
  endloop
 endfacet
 facet normal -0 -0.70710678118654746 -0.70710678118654746
  outer loop
   vertex 137 135 237.5
   vertex 138 135 237.5
   vertex 138 134.5 238
  endloop
 endfacet
 facet normal 0 -0.70710678118654746 -0.70710678118654746
  outer loop
   vertex 137 134.5 238
   vertex 137 135 237.5
   vertex 138 134.5 238
  endloop
 endfacet
 facet normal 0.57735026918962584 -0.57735026918962584 -0.57735026918962584
  outer loop
   vertex 138 134.5 238
   vertex 138 135 237.5
   vertex 138.5 135 238
  endloop
 endfacet
 facet normal -0.70710678118654746 -0.70710678118654746 -0
  outer loop
   vertex 134 135.5 237
   vertex 134 135.5 238
   vertex 133.5 136 238
  endloop
 endfacet
 facet normal -0.70710678118654746 -0.70710678118654746 0
  outer loop
   vertex 133.5 136 237
   vertex 134 135.5 237
   vertex 133.5 136 238
  endloop
 endfacet
 facet normal -0.57735026918962584 -0.57735026918962584 -0.57735026918962584
  outer loop
   vertex 134.5 135 238
   vertex 135 135.5 237
   vertex 135 135 237.5
  endloop
 endfacet
 facet normal -0.57735026918962584 -0.57735026918962584 -0.57735026918962584
  outer loop
   vertex 134.5 135 238
   vertex 134 135.5 238
   vertex 135 135.5 237
  endloop
 endfacet
 facet normal 0 -1 0
  outer loop
   vertex 134 135.5 238
   vertex 134 135.5 237
   vertex 135 135.5 237
  endloop
 endfacet
 facet normal 0 -0.70710678118654746 -0.70710678118654746
  outer loop
   vertex 136 135.5 237
   vertex 135 135 237.5
   vertex 135 135.5 237
  endloop
 endfacet
 facet normal 0 -0.70710678118654746 -0.70710678118654746
  outer loop
   vertex 136 135 237.5
   vertex 135 135 237.5
   vertex 136 135.5 237
  endloop
 endfacet
 facet normal 0 -0.70710678118654746 -0.70710678118654746
  outer loop
   vertex 137 135.5 237
   vertex 136 135 237.5
   vertex 136 135.5 237
  endloop
 endfacet
 facet normal 0 -0.70710678118654746 -0.70710678118654746
  outer loop
   vertex 137 135 237.5
   vertex 136 135 237.5
   vertex 137 135.5 237
  endloop
 endfacet
 facet normal 0.57735026918962584 -0.57735026918962584 -0.57735026918962584
  outer loop
   vertex 137.5 136 237
   vertex 137 135 237.5
   vertex 137 135.5 237
  endloop
 endfacet
 facet normal 0.57735026918962584 -0.57735026918962584 -0.57735026918962584
  outer loop
   vertex 137.5 136 237
   vertex 138 136 237.5
   vertex 137 135 237.5
  endloop
 endfacet
 facet normal 0 0 -1
  outer loop
   vertex 138 136 237.5
   vertex 138 135 237.5
   vertex 137 135 237.5
  endloop
 endfacet
 facet normal 0.57735026918962584 -0.57735026918962584 -0.57735026918962584
  outer loop
   vertex 139 135.5 238
   vertex 138.5 135 238
   vertex 138 135 237.5
  endloop
 endfacet
 facet normal 0.57735026918962584 -0.57735026918962584 -0.57735026918962584
  outer loop
   vertex 139 135.5 238
   vertex 138 135 237.5
   vertex 139 136 237.5
  endloop
 endfacet
 facet normal 0 0 -1
  outer loop
   vertex 139 136 237.5
   vertex 138 135 237.5
   vertex 138 136 237.5
  endloop
 endfacet
 facet normal 0.57735026918962584 -0.57735026918962584 -0.57735026918962584
  outer loop
   vertex 139 135.5 238
   vertex 139 136 237.5
   vertex 139.5 136 238
  endloop
 endfacet
 facet normal -0.70710678118654746 -0.70710678118654746 -0
  outer loop
   vertex 133 136.5 237
   vertex 133 136.5 238
   vertex 132.5 137 238
  endloop
 endfacet
 facet normal -0.70710678118654746 -0.70710678118654746 0
  outer loop
   vertex 132.5 137 237
   vertex 133 136.5 237
   vertex 132.5 137 238
  endloop
 endfacet
 facet normal -0.70710678118654746 -0.70710678118654746 0
  outer loop
   vertex 133.5 136 238
   vertex 133 136.5 237
   vertex 133.5 136 237
  endloop
 endfacet
 facet normal -0.70710678118654746 -0.70710678118654746 0
  outer loop
   vertex 133 136.5 238
   vertex 133 136.5 237
   vertex 133.5 136 238
  endloop
 endfacet
 facet normal 0.57735026918962584 -0.57735026918962584 -0.57735026918962584
  outer loop
   vertex 137.5 136 237
   vertex 138 136.5 237
   vertex 138 136 237.5
  endloop
 endfacet
 facet normal 0.57735026918962584 -0.57735026918962584 -0.57735026918962584
  outer loop
   vertex 138.5 137 237
   vertex 138 136 237.5
   vertex 138 136.5 237
  endloop
 endfacet
 facet normal 0.57735026918962584 -0.57735026918962584 -0.57735026918962584
  outer loop
   vertex 138.5 137 237
   vertex 139 137 237.5
   vertex 138 136 237.5
  endloop
 endfacet
 facet normal 0 0 -1
  outer loop
   vertex 139 137 237.5
   vertex 139 136 237.5
   vertex 138 136 237.5
  endloop
 endfacet
 facet normal 0.70710678118654746 0 -0.70710678118654746
  outer loop
   vertex 139.5 137 238
   vertex 139.5 136 238
   vertex 139 136 237.5
  endloop
 endfacet
 facet normal 0.70710678118654746 0 -0.70710678118654746
  outer loop
   vertex 139 137 237.5
   vertex 139.5 137 238
   vertex 139 136 237.5
  endloop
 endfacet
 facet normal -1 0 0
  outer loop
   vertex 132.5 137 237
   vertex 132.5 137 238
   vertex 132.5 138 237
  endloop
 endfacet
 facet normal -1 -0 -0
  outer loop
   vertex 132.5 137 238
   vertex 132.5 138 238
   vertex 132.5 138 237
  endloop
 endfacet
 facet normal 0.70710678118654746 0 -0.70710678118654746
  outer loop
   vertex 139 137 237.5
   vertex 138.5 138 237
   vertex 139 138 237.5
  endloop
 endfacet
 facet normal 0.70710678118654746 0 -0.70710678118654746
  outer loop
   vertex 138.5 137 237
   vertex 138.5 138 237
   vertex 139 137 237.5
  endloop
 endfacet
 facet normal 0.57735026918962584 -0.57735026918962584 -0.57735026918962584
  outer loop
   vertex 140 137.5 238
   vertex 139.5 137 238
   vertex 139 137 237.5
  endloop
 endfacet
 facet normal 0.57735026918962584 -0.57735026918962584 -0.57735026918962584
  outer loop
   vertex 140 137.5 238
   vertex 139 137 237.5
   vertex 140 138 237.5
  endloop
 endfacet
 facet normal 0 0 -1
  outer loop
   vertex 140 138 237.5
   vertex 139 137 237.5
   vertex 139 138 237.5
  endloop
 endfacet
 facet normal 0.57735026918962584 -0.57735026918962584 -0.57735026918962584
  outer loop
   vertex 140 137.5 238
   vertex 140 138 237.5
   vertex 140.5 138 238
  endloop
 endfacet
 facet normal -0.57735026918962584 -0.57735026918962584 0.57735026918962584
  outer loop
   vertex 132 138.5 237
   vertex 132 139 237.5
   vertex 131.5 139 237
  endloop
 endfacet
 facet normal -0.57735026918962584 -0.57735026918962584 0.57735026918962584
  outer loop
   vertex 132 138.5 237
   vertex 132.5 139 238
   vertex 132 139 237.5
  endloop
 endfacet
 facet normal -0.57735026918962584 -0.57735026918962584 0.57735026918962584
  outer loop
   vertex 132 138.5 237
   vertex 132.5 138 237
   vertex 132.5 139 238
  endloop
 endfacet
 facet normal -1 0 0
  outer loop
   vertex 132.5 138 237
   vertex 132.5 138 238
   vertex 132.5 139 238
  endloop
 endfacet
 facet normal 0.57735026918962584 -0.57735026918962584 -0.57735026918962584
  outer loop
   vertex 138.5 138 237
   vertex 139 138.5 237
   vertex 139 138 237.5
  endloop
 endfacet
 facet normal 0.57735026918962584 -0.57735026918962584 -0.57735026918962584
  outer loop
   vertex 139.5 139 237
   vertex 139 138 237.5
   vertex 139 138.5 237
  endloop
 endfacet
 facet normal 0.57735026918962584 -0.57735026918962584 -0.57735026918962584
  outer loop
   vertex 139.5 139 237
   vertex 140 139 237.5
   vertex 139 138 237.5
  endloop
 endfacet
 facet normal 0 0 -1
  outer loop
   vertex 140 139 237.5
   vertex 140 138 237.5
   vertex 139 138 237.5
  endloop
 endfacet
 facet normal 0.70710678118654746 0 -0.70710678118654746
  outer loop
   vertex 140.5 139 238
   vertex 140.5 138 238
   vertex 140 138 237.5
  endloop
 endfacet
 facet normal 0.70710678118654746 0 -0.70710678118654746
  outer loop
   vertex 140 139 237.5
   vertex 140.5 139 238
   vertex 140 138 237.5
  endloop
 endfacet
 facet normal -0.70710678118654746 0 0.70710678118654746
  outer loop
   vertex 132 139 237.5
   vertex 132 140 237.5
   vertex 131.5 140 237
  endloop
 endfacet
 facet normal -0.70710678118654746 0 0.70710678118654746
  outer loop
   vertex 131.5 139 237
   vertex 132 139 237.5
   vertex 131.5 140 237
  endloop
 endfacet
 facet normal -0.70710678118654746 0 0.70710678118654746
  outer loop
   vertex 132.5 140 238
   vertex 132 139 237.5
   vertex 132.5 139 238
  endloop
 endfacet
 facet normal -0.70710678118654746 0 0.70710678118654746
  outer loop
   vertex 132 140 237.5
   vertex 132 139 237.5
   vertex 132.5 140 238
  endloop
 endfacet
 facet normal 0.70710678118654746 0 -0.70710678118654746
  outer loop
   vertex 140 139 237.5
   vertex 139.5 140 237
   vertex 140 140 237.5
  endloop
 endfacet
 facet normal 0.70710678118654746 0 -0.70710678118654746
  outer loop
   vertex 139.5 139 237
   vertex 139.5 140 237
   vertex 140 139 237.5
  endloop
 endfacet
 facet normal 0.70710678118654746 0 -0.70710678118654746
  outer loop
   vertex 140.5 140 238
   vertex 140.5 139 238
   vertex 140 139 237.5
  endloop
 endfacet
 facet normal 0.70710678118654746 0 -0.70710678118654746
  outer loop
   vertex 140 140 237.5
   vertex 140.5 140 238
   vertex 140 139 237.5
  endloop
 endfacet
 facet normal -0.70710678118654746 0 0.70710678118654746
  outer loop
   vertex 132 140 237.5
   vertex 132 141 237.5
   vertex 131.5 141 237
  endloop
 endfacet
 facet normal -0.70710678118654746 0 0.70710678118654746
  outer loop
   vertex 131.5 140 237
   vertex 132 140 237.5
   vertex 131.5 141 237
  endloop
 endfacet
 facet normal -0.70710678118654746 0 0.70710678118654746
  outer loop
   vertex 132.5 141 238
   vertex 132 140 237.5
   vertex 132.5 140 238
  endloop
 endfacet
 facet normal -0.70710678118654746 0 0.70710678118654746
  outer loop
   vertex 132 141 237.5
   vertex 132 140 237.5
   vertex 132.5 141 238
  endloop
 endfacet
 facet normal 0.70710678118654746 0 -0.70710678118654746
  outer loop
   vertex 140 140 237.5
   vertex 139.5 141 237
   vertex 140 141 237.5
  endloop
 endfacet
 facet normal 0.70710678118654746 0 -0.70710678118654746
  outer loop
   vertex 139.5 140 237
   vertex 139.5 141 237
   vertex 140 140 237.5
  endloop
 endfacet
 facet normal 0.70710678118654746 0 -0.70710678118654746
  outer loop
   vertex 140.5 141 238
   vertex 140.5 140 238
   vertex 140 140 237.5
  endloop
 endfacet
 facet normal 0.70710678118654746 0 -0.70710678118654746
  outer loop
   vertex 140 141 237.5
   vertex 140.5 141 238
   vertex 140 140 237.5
  endloop
 endfacet
 facet normal -0.70710678118654746 0 0.70710678118654746
  outer loop
   vertex 132 141 237.5
   vertex 132 142 237.5
   vertex 131.5 142 237
  endloop
 endfacet
 facet normal -0.70710678118654746 0 0.70710678118654746
  outer loop
   vertex 131.5 141 237
   vertex 132 141 237.5
   vertex 131.5 142 237
  endloop
 endfacet
 facet normal -0.70710678118654746 0 0.70710678118654746
  outer loop
   vertex 132.5 142 238
   vertex 132 141 237.5
   vertex 132.5 141 238
  endloop
 endfacet
 facet normal -0.70710678118654746 0 0.70710678118654746
  outer loop
   vertex 132 142 237.5
   vertex 132 141 237.5
   vertex 132.5 142 238
  endloop
 endfacet
 facet normal 0.57735026918962584 0.57735026918962584 -0.57735026918962584
  outer loop
   vertex 139 141.5 237
   vertex 138.5 142 237
   vertex 139 142 237.5
  endloop
 endfacet
 facet normal 0.57735026918962584 0.57735026918962584 -0.57735026918962584
  outer loop
   vertex 139 141.5 237
   vertex 139 142 237.5
   vertex 139.5 142 238
  endloop
 endfacet
 facet normal 0.57735026918962584 0.57735026918962584 -0.57735026918962584
  outer loop
   vertex 139.5 141 237
   vertex 139 141.5 237
   vertex 139.5 142 238
  endloop
 endfacet
 facet normal 0.57735026918962584 0.57735026918962584 -0.57735026918962584
  outer loop
   vertex 139.5 141 237
   vertex 139.5 142 238
   vertex 140 141.5 238
  endloop
 endfacet
 facet normal 0.57735026918962584 0.57735026918962584 -0.57735026918962584
  outer loop
   vertex 139.5 141 237
   vertex 140 141.5 238
   vertex 140 141 237.5
  endloop
 endfacet
 facet normal 0.57735026918962584 0.57735026918962584 -0.57735026918962584
  outer loop
   vertex 140.5 141 238
   vertex 140 141 237.5
   vertex 140 141.5 238
  endloop
 endfacet
 facet normal -0.70710678118654746 0 0.70710678118654746
  outer loop
   vertex 132 142 237.5
   vertex 132 143 237.5
   vertex 131.5 143 237
  endloop
 endfacet
 facet normal -0.70710678118654746 0 0.70710678118654746
  outer loop
   vertex 131.5 142 237
   vertex 132 142 237.5
   vertex 131.5 143 237
  endloop
 endfacet
 facet normal -0.70710678118654746 0 0.70710678118654746
  outer loop
   vertex 132.5 143 238
   vertex 132 142 237.5
   vertex 132.5 142 238
  endloop
 endfacet
 facet normal -0.70710678118654746 0 0.70710678118654746
  outer loop
   vertex 132 143 237.5
   vertex 132 142 237.5
   vertex 132.5 143 238
  endloop
 endfacet
 facet normal 0.57735026918962584 0.57735026918962584 -0.57735026918962584
  outer loop
   vertex 139 142 237.5
   vertex 138.5 143 238
   vertex 139 142.5 238
  endloop
 endfacet
 facet normal 0.57735026918962584 0.57735026918962584 -0.57735026918962584
  outer loop
   vertex 139 142 237.5
   vertex 138.5 142 237
   vertex 138.5 143 238
  endloop
 endfacet
 facet normal 1 0 -0
  outer loop
   vertex 138.5 142 237
   vertex 138.5 143 237
   vertex 138.5 143 238
  endloop
 endfacet
 facet normal 0.57735026918962584 0.57735026918962584 -0.57735026918962584
  outer loop
   vertex 139.5 142 238
   vertex 139 142 237.5
   vertex 139 142.5 238
  endloop
 endfacet
 facet normal -0.57735026918962584 0.57735026918962584 0.57735026918962584
  outer loop
   vertex 131.5 143 237
   vertex 132 143 237.5
   vertex 132 143.5 237
  endloop
 endfacet
 facet normal -0.57735026918962584 0.57735026918962584 0.57735026918962584
  outer loop
   vertex 132.5 144 237
   vertex 133 143.5 238
   vertex 133 144 237.5
  endloop
 endfacet
 facet normal -0.57735026918962584 0.57735026918962584 0.57735026918962584
  outer loop
   vertex 132 143.5 237
   vertex 133 143.5 238
   vertex 132.5 144 237
  endloop
 endfacet
 facet normal -0.57735026918962584 0.57735026918962584 0.57735026918962584
  outer loop
   vertex 132 143.5 237
   vertex 132.5 143 238
   vertex 133 143.5 238
  endloop
 endfacet
 facet normal -0.57735026918962584 0.57735026918962584 0.57735026918962584
  outer loop
   vertex 132 143.5 237
   vertex 132 143 237.5
   vertex 132.5 143 238
  endloop
 endfacet
 facet normal -0.57735026918962584 0.57735026918962584 0.57735026918962584
  outer loop
   vertex 133 143.5 238
   vertex 133.5 144 238
   vertex 133 144 237.5
  endloop
 endfacet
 facet normal 1 0 0
  outer loop
   vertex 138.5 143 237
   vertex 138.5 144 237
   vertex 138.5 143 238
  endloop
 endfacet
 facet normal 1 0 -0
  outer loop
   vertex 138.5 143 238
   vertex 138.5 144 237
   vertex 138.5 144 238
  endloop
 endfacet
 facet normal -0.70710678118654746 0 0.70710678118654746
  outer loop
   vertex 133 144 237.5
   vertex 133 145 237.5
   vertex 132.5 145 237
  endloop
 endfacet
 facet normal -0.70710678118654746 0 0.70710678118654746
  outer loop
   vertex 132.5 144 237
   vertex 133 144 237.5
   vertex 132.5 145 237
  endloop
 endfacet
 facet normal -0.70710678118654746 0 0.70710678118654746
  outer loop
   vertex 133.5 145 238
   vertex 133 144 237.5
   vertex 133.5 144 238
  endloop
 endfacet
 facet normal -0.70710678118654746 0 0.70710678118654746
  outer loop
   vertex 133 145 237.5
   vertex 133 144 237.5
   vertex 133.5 145 238
  endloop
 endfacet
 facet normal 1 0 0
  outer loop
   vertex 138.5 144 237
   vertex 138.5 145 237
   vertex 138.5 144 238
  endloop
 endfacet
 facet normal 1 0 -0
  outer loop
   vertex 138.5 144 238
   vertex 138.5 145 237
   vertex 138.5 145 238
  endloop
 endfacet
 facet normal -0.57735026918962584 0.57735026918962584 0.57735026918962584
  outer loop
   vertex 132.5 145 237
   vertex 133 145 237.5
   vertex 133 145.5 237
  endloop
 endfacet
 facet normal -0.57735026918962584 0.57735026918962584 0.57735026918962584
  outer loop
   vertex 133.5 146 237
   vertex 134 145.5 238
   vertex 134 146 237.5
  endloop
 endfacet
 facet normal -0.57735026918962584 0.57735026918962584 0.57735026918962584
  outer loop
   vertex 133 145.5 237
   vertex 134 145.5 238
   vertex 133.5 146 237
  endloop
 endfacet
 facet normal -0.57735026918962584 0.57735026918962584 0.57735026918962584
  outer loop
   vertex 133 145.5 237
   vertex 133.5 145 238
   vertex 134 145.5 238
  endloop
 endfacet
 facet normal -0.57735026918962584 0.57735026918962584 0.57735026918962584
  outer loop
   vertex 133 145.5 237
   vertex 133 145 237.5
   vertex 133.5 145 238
  endloop
 endfacet
 facet normal 0 0.70710678118654746 0.70710678118654746
  outer loop
   vertex 134 146 237.5
   vertex 135 145.5 238
   vertex 135 146 237.5
  endloop
 endfacet
 facet normal 0 0.70710678118654746 0.70710678118654746
  outer loop
   vertex 134 145.5 238
   vertex 135 145.5 238
   vertex 134 146 237.5
  endloop
 endfacet
 facet normal -0.57735026918962584 0.57735026918962584 0.57735026918962584
  outer loop
   vertex 135 145.5 238
   vertex 135.5 146 238
   vertex 135 146 237.5
  endloop
 endfacet
 facet normal 0.70710678118654746 0.70710678118654746 0
  outer loop
   vertex 138 145.5 237
   vertex 137.5 146 238
   vertex 138 145.5 238
  endloop
 endfacet
 facet normal 0.70710678118654746 0.70710678118654746 0
  outer loop
   vertex 137.5 146 237
   vertex 137.5 146 238
   vertex 138 145.5 237
  endloop
 endfacet
 facet normal 0.70710678118654746 0.70710678118654746 -0
  outer loop
   vertex 138.5 145 238
   vertex 138.5 145 237
   vertex 138 145.5 237
  endloop
 endfacet
 facet normal 0.70710678118654746 0.70710678118654746 0
  outer loop
   vertex 138 145.5 238
   vertex 138.5 145 238
   vertex 138 145.5 237
  endloop
 endfacet
 facet normal -0.57735026918962584 0.57735026918962584 0.57735026918962584
  outer loop
   vertex 133.5 146 237
   vertex 134 146 237.5
   vertex 134 146.5 237
  endloop
 endfacet
 facet normal -0.57735026918962584 0.57735026918962584 0.57735026918962584
  outer loop
   vertex 134.5 147 237
   vertex 134 146.5 237
   vertex 134 146 237.5
  endloop
 endfacet
 facet normal -0.57735026918962584 0.57735026918962584 0.57735026918962584
  outer loop
   vertex 134.5 147 237
   vertex 134 146 237.5
   vertex 135 147 237.5
  endloop
 endfacet
 facet normal 0 0 1
  outer loop
   vertex 135 147 237.5
   vertex 134 146 237.5
   vertex 135 146 237.5
  endloop
 endfacet
 facet normal -0.57735026918962584 0.57735026918962584 0.57735026918962584
  outer loop
   vertex 136 146.5 238
   vertex 135 146 237.5
   vertex 135.5 146 238
  endloop
 endfacet
 facet normal -0.57735026918962584 0.57735026918962584 0.57735026918962584
  outer loop
   vertex 136 146.5 238
   vertex 136 147 237.5
   vertex 135 146 237.5
  endloop
 endfacet
 facet normal -0 0 1
  outer loop
   vertex 136 147 237.5
   vertex 135 147 237.5
   vertex 135 146 237.5
  endloop
 endfacet
 facet normal 0 0.70710678118654746 0.70710678118654746
  outer loop
   vertex 136 147 237.5
   vertex 137 146.5 238
   vertex 137 147 237.5
  endloop
 endfacet
 facet normal 0 0.70710678118654746 0.70710678118654746
  outer loop
   vertex 136 146.5 238
   vertex 137 146.5 238
   vertex 136 147 237.5
  endloop
 endfacet
 facet normal 0.57735026918962584 0.57735026918962584 0.57735026918962584
  outer loop
   vertex 137 147 237.5
   vertex 137 146.5 238
   vertex 137.5 146 238
  endloop
 endfacet
 facet normal 0.57735026918962584 0.57735026918962584 0.57735026918962584
  outer loop
   vertex 137 147 237.5
   vertex 137.5 146 238
   vertex 137.5 147 237
  endloop
 endfacet
 facet normal 1 0 0
  outer loop
   vertex 137.5 147 237
   vertex 137.5 146 238
   vertex 137.5 146 237
  endloop
 endfacet
 facet normal -0.57735026918962584 0.57735026918962584 0.57735026918962584
  outer loop
   vertex 134.5 147 237
   vertex 135 147 237.5
   vertex 135 147.5 237
  endloop
 endfacet
 facet normal -0 0.70710678118654746 0.70710678118654746
  outer loop
   vertex 136 147.5 237
   vertex 135 147.5 237
   vertex 135 147 237.5
  endloop
 endfacet
 facet normal 0 0.70710678118654746 0.70710678118654746
  outer loop
   vertex 136 147 237.5
   vertex 136 147.5 237
   vertex 135 147 237.5
  endloop
 endfacet
 facet normal -0 0.70710678118654746 0.70710678118654746
  outer loop
   vertex 137 147.5 237
   vertex 136 147.5 237
   vertex 136 147 237.5
  endloop
 endfacet
 facet normal 0 0.70710678118654746 0.70710678118654746
  outer loop
   vertex 137 147 237.5
   vertex 137 147.5 237
   vertex 136 147 237.5
  endloop
 endfacet
 facet normal 0.57735026918962584 0.57735026918962584 0.57735026918962584
  outer loop
   vertex 137.5 147 237
   vertex 137 147.5 237
   vertex 137 147 237.5
  endloop
 endfacet
 facet normal -0.57735026918962584 -0.57735026918962584 -0.57735026918962584
  outer loop
   vertex 136 134 238.5
   vertex 136 133.5 239
   vertex 135.5 134 239
  endloop
 endfacet
 facet normal -0 -0.70710678118654746 -0.70710678118654746
  outer loop
   vertex 136 134 238.5
   vertex 137 134 238.5
   vertex 137 133.5 239
  endloop
 endfacet
 facet normal 0 -0.70710678118654746 -0.70710678118654746
  outer loop
   vertex 136 133.5 239
   vertex 136 134 238.5
   vertex 137 133.5 239
  endloop
 endfacet
 facet normal -0 -0.70710678118654746 -0.70710678118654746
  outer loop
   vertex 137 134 238.5
   vertex 138 134 238.5
   vertex 138 133.5 239
  endloop
 endfacet
 facet normal 0 -0.70710678118654746 -0.70710678118654746
  outer loop
   vertex 137 133.5 239
   vertex 137 134 238.5
   vertex 138 133.5 239
  endloop
 endfacet
 facet normal 0.57735026918962584 -0.57735026918962584 -0.57735026918962584
  outer loop
   vertex 138 133.5 239
   vertex 138 134 238.5
   vertex 138.5 134 239
  endloop
 endfacet
 facet normal -0.70710678118654746 -0.70710678118654746 -0
  outer loop
   vertex 135 134.5 238
   vertex 135 134.5 239
   vertex 134.5 135 239
  endloop
 endfacet
 facet normal -0.70710678118654746 -0.70710678118654746 0
  outer loop
   vertex 134.5 135 238
   vertex 135 134.5 238
   vertex 134.5 135 239
  endloop
 endfacet
 facet normal -0.57735026918962584 -0.57735026918962584 -0.57735026918962584
  outer loop
   vertex 135.5 134 239
   vertex 136 134.5 238
   vertex 136 134 238.5
  endloop
 endfacet
 facet normal -0.57735026918962584 -0.57735026918962584 -0.57735026918962584
  outer loop
   vertex 135.5 134 239
   vertex 135 134.5 239
   vertex 136 134.5 238
  endloop
 endfacet
 facet normal 0 -1 0
  outer loop
   vertex 135 134.5 239
   vertex 135 134.5 238
   vertex 136 134.5 238
  endloop
 endfacet
 facet normal 0 -0.70710678118654746 -0.70710678118654746
  outer loop
   vertex 137 134.5 238
   vertex 136 134 238.5
   vertex 136 134.5 238
  endloop
 endfacet
 facet normal 0 -0.70710678118654746 -0.70710678118654746
  outer loop
   vertex 137 134 238.5
   vertex 136 134 238.5
   vertex 137 134.5 238
  endloop
 endfacet
 facet normal 0 -0.70710678118654746 -0.70710678118654746
  outer loop
   vertex 138 134.5 238
   vertex 137 134 238.5
   vertex 137 134.5 238
  endloop
 endfacet
 facet normal 0 -0.70710678118654746 -0.70710678118654746
  outer loop
   vertex 138 134 238.5
   vertex 137 134 238.5
   vertex 138 134.5 238
  endloop
 endfacet
 facet normal 0.57735026918962584 -0.57735026918962584 -0.57735026918962584
  outer loop
   vertex 138.5 135 238
   vertex 139 135 238.5
   vertex 139 134.5 239
  endloop
 endfacet
 facet normal 0.57735026918962584 -0.57735026918962584 -0.57735026918962584
  outer loop
   vertex 138 134.5 238
   vertex 138.5 135 238
   vertex 139 134.5 239
  endloop
 endfacet
 facet normal 0.57735026918962584 -0.57735026918962584 -0.57735026918962584
  outer loop
   vertex 138 134.5 238
   vertex 139 134.5 239
   vertex 138.5 134 239
  endloop
 endfacet
 facet normal 0.57735026918962584 -0.57735026918962584 -0.57735026918962584
  outer loop
   vertex 138 134.5 238
   vertex 138.5 134 239
   vertex 138 134 238.5
  endloop
 endfacet
 facet normal -0 -0.70710678118654746 -0.70710678118654746
  outer loop
   vertex 139 135 238.5
   vertex 140 135 238.5
   vertex 140 134.5 239
  endloop
 endfacet
 facet normal 0 -0.70710678118654746 -0.70710678118654746
  outer loop
   vertex 139 134.5 239
   vertex 139 135 238.5
   vertex 140 134.5 239
  endloop
 endfacet
 facet normal 0.57735026918962584 -0.57735026918962584 -0.57735026918962584
  outer loop
   vertex 140 134.5 239
   vertex 140 135 238.5
   vertex 140.5 135 239
  endloop
 endfacet
 facet normal -0.70710678118654746 -0.70710678118654746 -0
  outer loop
   vertex 134 135.5 238
   vertex 134 135.5 239
   vertex 133.5 136 239
  endloop
 endfacet
 facet normal -0.70710678118654746 -0.70710678118654746 0
  outer loop
   vertex 133.5 136 238
   vertex 134 135.5 238
   vertex 133.5 136 239
  endloop
 endfacet
 facet normal -0.70710678118654746 -0.70710678118654746 0
  outer loop
   vertex 134.5 135 239
   vertex 134 135.5 238
   vertex 134.5 135 238
  endloop
 endfacet
 facet normal -0.70710678118654746 -0.70710678118654746 0
  outer loop
   vertex 134 135.5 239
   vertex 134 135.5 238
   vertex 134.5 135 239
  endloop
 endfacet
 facet normal 0.57735026918962584 -0.57735026918962584 -0.57735026918962584
  outer loop
   vertex 138.5 135 238
   vertex 139 135.5 238
   vertex 139 135 238.5
  endloop
 endfacet
 facet normal 0.57735026918962584 -0.57735026918962584 -0.57735026918962584
  outer loop
   vertex 139.5 136 238
   vertex 139 135 238.5
   vertex 139 135.5 238
  endloop
 endfacet
 facet normal 0.57735026918962584 -0.57735026918962584 -0.57735026918962584
  outer loop
   vertex 139.5 136 238
   vertex 140 136 238.5
   vertex 139 135 238.5
  endloop
 endfacet
 facet normal 0 0 -1
  outer loop
   vertex 140 136 238.5
   vertex 140 135 238.5
   vertex 139 135 238.5
  endloop
 endfacet
 facet normal 0.70710678118654746 0 -0.70710678118654746
  outer loop
   vertex 140.5 136 239
   vertex 140.5 135 239
   vertex 140 135 238.5
  endloop
 endfacet
 facet normal 0.70710678118654746 0 -0.70710678118654746
  outer loop
   vertex 140 136 238.5
   vertex 140.5 136 239
   vertex 140 135 238.5
  endloop
 endfacet
 facet normal -0.57735026918962584 -0.57735026918962584 0.57735026918962584
  outer loop
   vertex 133 136.5 238
   vertex 133 137 238.5
   vertex 132.5 137 238
  endloop
 endfacet
 facet normal -0.57735026918962584 -0.57735026918962584 0.57735026918962584
  outer loop
   vertex 133 136.5 238
   vertex 133.5 137 239
   vertex 133 137 238.5
  endloop
 endfacet
 facet normal -0.57735026918962584 -0.57735026918962584 0.57735026918962584
  outer loop
   vertex 133 136.5 238
   vertex 133.5 136 238
   vertex 133.5 137 239
  endloop
 endfacet
 facet normal -1 0 0
  outer loop
   vertex 133.5 136 238
   vertex 133.5 136 239
   vertex 133.5 137 239
  endloop
 endfacet
 facet normal 0.70710678118654746 0 -0.70710678118654746
  outer loop
   vertex 140 136 238.5
   vertex 139.5 137 238
   vertex 140 137 238.5
  endloop
 endfacet
 facet normal 0.70710678118654746 0 -0.70710678118654746
  outer loop
   vertex 139.5 136 238
   vertex 139.5 137 238
   vertex 140 136 238.5
  endloop
 endfacet
 facet normal 0.70710678118654746 0 -0.70710678118654746
  outer loop
   vertex 140.5 137 239
   vertex 140.5 136 239
   vertex 140 136 238.5
  endloop
 endfacet
 facet normal 0.70710678118654746 0 -0.70710678118654746
  outer loop
   vertex 140 137 238.5
   vertex 140.5 137 239
   vertex 140 136 238.5
  endloop
 endfacet
 facet normal -0.57735026918962584 -0.57735026918962584 0.57735026918962584
  outer loop
   vertex 133 137 238.5
   vertex 133 137.5 239
   vertex 132.5 138 239
  endloop
 endfacet
 facet normal -0.57735026918962584 -0.57735026918962584 0.57735026918962584
  outer loop
   vertex 133 137 238.5
   vertex 132.5 138 239
   vertex 132.5 137 238
  endloop
 endfacet
 facet normal -1 0 -0
  outer loop
   vertex 132.5 137 238
   vertex 132.5 138 239
   vertex 132.5 138 238
  endloop
 endfacet
 facet normal -0.57735026918962584 -0.57735026918962584 0.57735026918962584
  outer loop
   vertex 133.5 137 239
   vertex 133 137.5 239
   vertex 133 137 238.5
  endloop
 endfacet
 facet normal 0.57735026918962584 -0.57735026918962584 -0.57735026918962584
  outer loop
   vertex 139.5 137 238
   vertex 140 137.5 238
   vertex 140 137 238.5
  endloop
 endfacet
 facet normal 0.57735026918962584 -0.57735026918962584 -0.57735026918962584
  outer loop
   vertex 140.5 138 238
   vertex 141 138 238.5
   vertex 141 137.5 239
  endloop
 endfacet
 facet normal 0.57735026918962584 -0.57735026918962584 -0.57735026918962584
  outer loop
   vertex 140 137.5 238
   vertex 140.5 138 238
   vertex 141 137.5 239
  endloop
 endfacet
 facet normal 0.57735026918962584 -0.57735026918962584 -0.57735026918962584
  outer loop
   vertex 140 137.5 238
   vertex 141 137.5 239
   vertex 140.5 137 239
  endloop
 endfacet
 facet normal 0.57735026918962584 -0.57735026918962584 -0.57735026918962584
  outer loop
   vertex 140 137.5 238
   vertex 140.5 137 239
   vertex 140 137 238.5
  endloop
 endfacet
 facet normal 0.57735026918962584 -0.57735026918962584 -0.57735026918962584
  outer loop
   vertex 141 137.5 239
   vertex 141 138 238.5
   vertex 141.5 138 239
  endloop
 endfacet
 facet normal -1 0 0
  outer loop
   vertex 132.5 138 238
   vertex 132.5 138 239
   vertex 132.5 139 238
  endloop
 endfacet
 facet normal -1 -0 -0
  outer loop
   vertex 132.5 138 239
   vertex 132.5 139 239
   vertex 132.5 139 238
  endloop
 endfacet
 facet normal 0.57735026918962584 0.57735026918962584 -0.57735026918962584
  outer loop
   vertex 141 138 238.5
   vertex 140.5 139 239
   vertex 141 138.5 239
  endloop
 endfacet
 facet normal 0.57735026918962584 0.57735026918962584 -0.57735026918962584
  outer loop
   vertex 141 138 238.5
   vertex 140.5 138 238
   vertex 140.5 139 239
  endloop
 endfacet
 facet normal 1 0 -0
  outer loop
   vertex 140.5 138 238
   vertex 140.5 139 238
   vertex 140.5 139 239
  endloop
 endfacet
 facet normal 0.57735026918962584 0.57735026918962584 -0.57735026918962584
  outer loop
   vertex 141.5 138 239
   vertex 141 138 238.5
   vertex 141 138.5 239
  endloop
 endfacet
 facet normal -0.57735026918962584 0.57735026918962584 0.57735026918962584
  outer loop
   vertex 133 139.5 239
   vertex 133 140 238.5
   vertex 132.5 140 238
  endloop
 endfacet
 facet normal -0.57735026918962584 0.57735026918962584 0.57735026918962584
  outer loop
   vertex 133 139.5 239
   vertex 132.5 140 238
   vertex 132.5 139 239
  endloop
 endfacet
 facet normal -1 0 0
  outer loop
   vertex 132.5 139 239
   vertex 132.5 140 238
   vertex 132.5 139 238
  endloop
 endfacet
 facet normal -0.57735026918962584 0.57735026918962584 0.57735026918962584
  outer loop
   vertex 133 139.5 239
   vertex 133.5 140 239
   vertex 133 140 238.5
  endloop
 endfacet
 facet normal 1 0 0
  outer loop
   vertex 140.5 139 238
   vertex 140.5 140 238
   vertex 140.5 139 239
  endloop
 endfacet
 facet normal 1 0 -0
  outer loop
   vertex 140.5 139 239
   vertex 140.5 140 238
   vertex 140.5 140 239
  endloop
 endfacet
 facet normal -0.70710678118654746 0 0.70710678118654746
  outer loop
   vertex 133 140 238.5
   vertex 133 141 238.5
   vertex 132.5 141 238
  endloop
 endfacet
 facet normal -0.70710678118654746 0 0.70710678118654746
  outer loop
   vertex 132.5 140 238
   vertex 133 140 238.5
   vertex 132.5 141 238
  endloop
 endfacet
 facet normal -0.70710678118654746 0 0.70710678118654746
  outer loop
   vertex 133.5 141 239
   vertex 133 140 238.5
   vertex 133.5 140 239
  endloop
 endfacet
 facet normal -0.70710678118654746 0 0.70710678118654746
  outer loop
   vertex 133 141 238.5
   vertex 133 140 238.5
   vertex 133.5 141 239
  endloop
 endfacet
 facet normal 1 0 0
  outer loop
   vertex 140.5 140 238
   vertex 140.5 141 238
   vertex 140.5 140 239
  endloop
 endfacet
 facet normal 1 0 -0
  outer loop
   vertex 140.5 140 239
   vertex 140.5 141 238
   vertex 140.5 141 239
  endloop
 endfacet
 facet normal -0.70710678118654746 0 0.70710678118654746
  outer loop
   vertex 133 141 238.5
   vertex 133 142 238.5
   vertex 132.5 142 238
  endloop
 endfacet
 facet normal -0.70710678118654746 0 0.70710678118654746
  outer loop
   vertex 132.5 141 238
   vertex 133 141 238.5
   vertex 132.5 142 238
  endloop
 endfacet
 facet normal -0.57735026918962584 0.57735026918962584 0.57735026918962584
  outer loop
   vertex 134 141.5 239
   vertex 133 141 238.5
   vertex 133.5 141 239
  endloop
 endfacet
 facet normal -0.57735026918962584 0.57735026918962584 0.57735026918962584
  outer loop
   vertex 134 141.5 239
   vertex 134 142 238.5
   vertex 133 141 238.5
  endloop
 endfacet
 facet normal -0 0 1
  outer loop
   vertex 134 142 238.5
   vertex 133 142 238.5
   vertex 133 141 238.5
  endloop
 endfacet
 facet normal -0.57735026918962584 0.57735026918962584 0.57735026918962584
  outer loop
   vertex 134 141.5 239
   vertex 134.5 142 239
   vertex 134 142 238.5
  endloop
 endfacet
 facet normal 0.70710678118654746 0.70710678118654746 0
  outer loop
   vertex 140 141.5 238
   vertex 139.5 142 239
   vertex 140 141.5 239
  endloop
 endfacet
 facet normal 0.70710678118654746 0.70710678118654746 0
  outer loop
   vertex 139.5 142 238
   vertex 139.5 142 239
   vertex 140 141.5 238
  endloop
 endfacet
 facet normal 0.70710678118654746 0.70710678118654746 -0
  outer loop
   vertex 140.5 141 239
   vertex 140.5 141 238
   vertex 140 141.5 238
  endloop
 endfacet
 facet normal 0.70710678118654746 0.70710678118654746 0
  outer loop
   vertex 140 141.5 239
   vertex 140.5 141 239
   vertex 140 141.5 238
  endloop
 endfacet
 facet normal -0.70710678118654746 0 0.70710678118654746
  outer loop
   vertex 133 142 238.5
   vertex 133 143 238.5
   vertex 132.5 143 238
  endloop
 endfacet
 facet normal -0.70710678118654746 0 0.70710678118654746
  outer loop
   vertex 132.5 142 238
   vertex 133 142 238.5
   vertex 132.5 143 238
  endloop
 endfacet
 facet normal 0 0 1
  outer loop
   vertex 134 142 238.5
   vertex 134 143 238.5
   vertex 133 142 238.5
  endloop
 endfacet
 facet normal -0 0 1
  outer loop
   vertex 134 143 238.5
   vertex 133 143 238.5
   vertex 133 142 238.5
  endloop
 endfacet
 facet normal -0.70710678118654746 0 0.70710678118654746
  outer loop
   vertex 134.5 143 239
   vertex 134 142 238.5
   vertex 134.5 142 239
  endloop
 endfacet
 facet normal -0.70710678118654746 0 0.70710678118654746
  outer loop
   vertex 134 143 238.5
   vertex 134 142 238.5
   vertex 134.5 143 239
  endloop
 endfacet
 facet normal 0.70710678118654746 0.70710678118654746 0
  outer loop
   vertex 139 142.5 238
   vertex 138.5 143 239
   vertex 139 142.5 239
  endloop
 endfacet
 facet normal 0.70710678118654746 0.70710678118654746 0
  outer loop
   vertex 138.5 143 238
   vertex 138.5 143 239
   vertex 139 142.5 238
  endloop
 endfacet
 facet normal 0.70710678118654746 0.70710678118654746 -0
  outer loop
   vertex 139.5 142 239
   vertex 139.5 142 238
   vertex 139 142.5 238
  endloop
 endfacet
 facet normal 0.70710678118654746 0.70710678118654746 0
  outer loop
   vertex 139 142.5 239
   vertex 139.5 142 239
   vertex 139 142.5 238
  endloop
 endfacet
 facet normal -0.57735026918962584 0.57735026918962584 0.57735026918962584
  outer loop
   vertex 132.5 143 238
   vertex 133 143 238.5
   vertex 133 143.5 238
  endloop
 endfacet
 facet normal -0.57735026918962584 0.57735026918962584 0.57735026918962584
  outer loop
   vertex 133.5 144 238
   vertex 133 143.5 238
   vertex 133 143 238.5
  endloop
 endfacet
 facet normal -0.57735026918962584 0.57735026918962584 0.57735026918962584
  outer loop
   vertex 133.5 144 238
   vertex 133 143 238.5
   vertex 134 144 238.5
  endloop
 endfacet
 facet normal 0 0 1
  outer loop
   vertex 134 144 238.5
   vertex 133 143 238.5
   vertex 134 143 238.5
  endloop
 endfacet
 facet normal -0.57735026918962584 0.57735026918962584 0.57735026918962584
  outer loop
   vertex 135 143.5 239
   vertex 134 143 238.5
   vertex 134.5 143 239
  endloop
 endfacet
 facet normal -0.57735026918962584 0.57735026918962584 0.57735026918962584
  outer loop
   vertex 135 143.5 239
   vertex 135 144 238.5
   vertex 134 143 238.5
  endloop
 endfacet
 facet normal -0 0 1
  outer loop
   vertex 135 144 238.5
   vertex 134 144 238.5
   vertex 134 143 238.5
  endloop
 endfacet
 facet normal -0.57735026918962584 0.57735026918962584 0.57735026918962584
  outer loop
   vertex 135 143.5 239
   vertex 135.5 144 239
   vertex 135 144 238.5
  endloop
 endfacet
 facet normal 1 0 0
  outer loop
   vertex 138.5 143 238
   vertex 138.5 144 238
   vertex 138.5 143 239
  endloop
 endfacet
 facet normal 1 0 -0
  outer loop
   vertex 138.5 143 239
   vertex 138.5 144 238
   vertex 138.5 144 239
  endloop
 endfacet
 facet normal -0.70710678118654746 0 0.70710678118654746
  outer loop
   vertex 134 144 238.5
   vertex 134 145 238.5
   vertex 133.5 145 238
  endloop
 endfacet
 facet normal -0.70710678118654746 0 0.70710678118654746
  outer loop
   vertex 133.5 144 238
   vertex 134 144 238.5
   vertex 133.5 145 238
  endloop
 endfacet
 facet normal 0 0 1
  outer loop
   vertex 135 144 238.5
   vertex 135 145 238.5
   vertex 134 144 238.5
  endloop
 endfacet
 facet normal -0 0 1
  outer loop
   vertex 135 145 238.5
   vertex 134 145 238.5
   vertex 134 144 238.5
  endloop
 endfacet
 facet normal -0.70710678118654746 0 0.70710678118654746
  outer loop
   vertex 135.5 145 239
   vertex 135 144 238.5
   vertex 135.5 144 239
  endloop
 endfacet
 facet normal -0.70710678118654746 0 0.70710678118654746
  outer loop
   vertex 135 145 238.5
   vertex 135 144 238.5
   vertex 135.5 145 239
  endloop
 endfacet
 facet normal 0.57735026918962584 0.57735026918962584 0.57735026918962584
  outer loop
   vertex 138 145 238.5
   vertex 137.5 145 239
   vertex 138 144.5 239
  endloop
 endfacet
 facet normal 0.57735026918962584 0.57735026918962584 0.57735026918962584
  outer loop
   vertex 138 145 238.5
   vertex 138 144.5 239
   vertex 138.5 144 239
  endloop
 endfacet
 facet normal 0.57735026918962584 0.57735026918962584 0.57735026918962584
  outer loop
   vertex 138 145 238.5
   vertex 138.5 144 239
   vertex 138.5 145 238
  endloop
 endfacet
 facet normal 1 0 0
  outer loop
   vertex 138.5 145 238
   vertex 138.5 144 239
   vertex 138.5 144 238
  endloop
 endfacet
 facet normal -0.57735026918962584 0.57735026918962584 0.57735026918962584
  outer loop
   vertex 133.5 145 238
   vertex 134 145 238.5
   vertex 134 145.5 238
  endloop
 endfacet
 facet normal -0 0.70710678118654746 0.70710678118654746
  outer loop
   vertex 135 145.5 238
   vertex 134 145.5 238
   vertex 134 145 238.5
  endloop
 endfacet
 facet normal 0 0.70710678118654746 0.70710678118654746
  outer loop
   vertex 135 145 238.5
   vertex 135 145.5 238
   vertex 134 145 238.5
  endloop
 endfacet
 facet normal -0.57735026918962584 0.57735026918962584 0.57735026918962584
  outer loop
   vertex 135.5 146 238
   vertex 136 145.5 239
   vertex 136 146 238.5
  endloop
 endfacet
 facet normal -0.57735026918962584 0.57735026918962584 0.57735026918962584
  outer loop
   vertex 135 145.5 238
   vertex 136 145.5 239
   vertex 135.5 146 238
  endloop
 endfacet
 facet normal -0.57735026918962584 0.57735026918962584 0.57735026918962584
  outer loop
   vertex 135 145.5 238
   vertex 135.5 145 239
   vertex 136 145.5 239
  endloop
 endfacet
 facet normal -0.57735026918962584 0.57735026918962584 0.57735026918962584
  outer loop
   vertex 135 145.5 238
   vertex 135 145 238.5
   vertex 135.5 145 239
  endloop
 endfacet
 facet normal 0 0.70710678118654746 0.70710678118654746
  outer loop
   vertex 136 146 238.5
   vertex 137 145.5 239
   vertex 137 146 238.5
  endloop
 endfacet
 facet normal 0 0.70710678118654746 0.70710678118654746
  outer loop
   vertex 136 145.5 239
   vertex 137 145.5 239
   vertex 136 146 238.5
  endloop
 endfacet
 facet normal 0.57735026918962584 0.57735026918962584 0.57735026918962584
  outer loop
   vertex 137.5 145 239
   vertex 137 146 238.5
   vertex 137 145.5 239
  endloop
 endfacet
 facet normal 0.57735026918962584 0.57735026918962584 0.57735026918962584
  outer loop
   vertex 138 145 238.5
   vertex 137 146 238.5
   vertex 137.5 145 239
  endloop
 endfacet
 facet normal 0.57735026918962584 0.57735026918962584 0.57735026918962584
  outer loop
   vertex 138 145 238.5
   vertex 137.5 146 238
   vertex 137 146 238.5
  endloop
 endfacet
 facet normal 0.57735026918962584 0.57735026918962584 0.57735026918962584
  outer loop
   vertex 138 145 238.5
   vertex 138 145.5 238
   vertex 137.5 146 238
  endloop
 endfacet
 facet normal 0.57735026918962584 0.57735026918962584 0.57735026918962584
  outer loop
   vertex 138.5 145 238
   vertex 138 145.5 238
   vertex 138 145 238.5
  endloop
 endfacet
 facet normal -0.57735026918962584 0.57735026918962584 0.57735026918962584
  outer loop
   vertex 135.5 146 238
   vertex 136 146 238.5
   vertex 136 146.5 238
  endloop
 endfacet
 facet normal -0 0.70710678118654746 0.70710678118654746
  outer loop
   vertex 137 146.5 238
   vertex 136 146.5 238
   vertex 136 146 238.5
  endloop
 endfacet
 facet normal 0 0.70710678118654746 0.70710678118654746
  outer loop
   vertex 137 146 238.5
   vertex 137 146.5 238
   vertex 136 146 238.5
  endloop
 endfacet
 facet normal 0.57735026918962584 0.57735026918962584 0.57735026918962584
  outer loop
   vertex 137.5 146 238
   vertex 137 146.5 238
   vertex 137 146 238.5
  endloop
 endfacet
 facet normal -0.57735026918962584 -0.57735026918962584 -0.57735026918962584
  outer loop
   vertex 137 133 239.5
   vertex 137 132.5 240
   vertex 136.5 133 240
  endloop
 endfacet
 facet normal -0 -0.70710678118654746 -0.70710678118654746
  outer loop
   vertex 137 133 239.5
   vertex 138 133 239.5
   vertex 138 132.5 240
  endloop
 endfacet
 facet normal 0 -0.70710678118654746 -0.70710678118654746
  outer loop
   vertex 137 132.5 240
   vertex 137 133 239.5
   vertex 138 132.5 240
  endloop
 endfacet
 facet normal -0 -0.70710678118654746 -0.70710678118654746
  outer loop
   vertex 138 133 239.5
   vertex 139 133 239.5
   vertex 139 132.5 240
  endloop
 endfacet
 facet normal 0 -0.70710678118654746 -0.70710678118654746
  outer loop
   vertex 138 132.5 240
   vertex 138 133 239.5
   vertex 139 132.5 240
  endloop
 endfacet
 facet normal 0.57735026918962584 -0.57735026918962584 -0.57735026918962584
  outer loop
   vertex 139 132.5 240
   vertex 139 133 239.5
   vertex 139.5 133 240
  endloop
 endfacet
 facet normal -0.70710678118654746 -0.70710678118654746 -0
  outer loop
   vertex 136 133.5 239
   vertex 136 133.5 240
   vertex 135.5 134 240
  endloop
 endfacet
 facet normal -0.70710678118654746 -0.70710678118654746 0
  outer loop
   vertex 135.5 134 239
   vertex 136 133.5 239
   vertex 135.5 134 240
  endloop
 endfacet
 facet normal -0.57735026918962584 -0.57735026918962584 -0.57735026918962584
  outer loop
   vertex 136.5 133 240
   vertex 137 133.5 239
   vertex 137 133 239.5
  endloop
 endfacet
 facet normal -0.57735026918962584 -0.57735026918962584 -0.57735026918962584
  outer loop
   vertex 136.5 133 240
   vertex 136 133.5 240
   vertex 137 133.5 239
  endloop
 endfacet
 facet normal 0 -1 0
  outer loop
   vertex 136 133.5 240
   vertex 136 133.5 239
   vertex 137 133.5 239
  endloop
 endfacet
 facet normal 0 -0.70710678118654746 -0.70710678118654746
  outer loop
   vertex 138 133.5 239
   vertex 137 133 239.5
   vertex 137 133.5 239
  endloop
 endfacet
 facet normal 0 -0.70710678118654746 -0.70710678118654746
  outer loop
   vertex 138 133 239.5
   vertex 137 133 239.5
   vertex 138 133.5 239
  endloop
 endfacet
 facet normal 0.57735026918962584 -0.57735026918962584 -0.57735026918962584
  outer loop
   vertex 138.5 134 239
   vertex 138 133 239.5
   vertex 138 133.5 239
  endloop
 endfacet
 facet normal 0.57735026918962584 -0.57735026918962584 -0.57735026918962584
  outer loop
   vertex 138.5 134 239
   vertex 139 134 239.5
   vertex 138 133 239.5
  endloop
 endfacet
 facet normal 0 0 -1
  outer loop
   vertex 139 134 239.5
   vertex 139 133 239.5
   vertex 138 133 239.5
  endloop
 endfacet
 facet normal 0.57735026918962584 -0.57735026918962584 -0.57735026918962584
  outer loop
   vertex 140 133.5 240
   vertex 139.5 133 240
   vertex 139 133 239.5
  endloop
 endfacet
 facet normal 0.57735026918962584 -0.57735026918962584 -0.57735026918962584
  outer loop
   vertex 140 133.5 240
   vertex 139 133 239.5
   vertex 140 134 239.5
  endloop
 endfacet
 facet normal 0 0 -1
  outer loop
   vertex 140 134 239.5
   vertex 139 133 239.5
   vertex 139 134 239.5
  endloop
 endfacet
 facet normal 0.57735026918962584 -0.57735026918962584 -0.57735026918962584
  outer loop
   vertex 140 133.5 240
   vertex 140 134 239.5
   vertex 140.5 134 240
  endloop
 endfacet
 facet normal -0.70710678118654746 -0.70710678118654746 -0
  outer loop
   vertex 135 134.5 239
   vertex 135 134.5 240
   vertex 134.5 135 240
  endloop
 endfacet
 facet normal -0.70710678118654746 -0.70710678118654746 0
  outer loop
   vertex 134.5 135 239
   vertex 135 134.5 239
   vertex 134.5 135 240
  endloop
 endfacet
 facet normal -0.70710678118654746 -0.70710678118654746 0
  outer loop
   vertex 135.5 134 240
   vertex 135 134.5 239
   vertex 135.5 134 239
  endloop
 endfacet
 facet normal -0.70710678118654746 -0.70710678118654746 0
  outer loop
   vertex 135 134.5 240
   vertex 135 134.5 239
   vertex 135.5 134 240
  endloop
 endfacet
 facet normal 0.57735026918962584 -0.57735026918962584 -0.57735026918962584
  outer loop
   vertex 138.5 134 239
   vertex 139 134.5 239
   vertex 139 134 239.5
  endloop
 endfacet
 facet normal 0 -0.70710678118654746 -0.70710678118654746
  outer loop
   vertex 140 134.5 239
   vertex 139 134 239.5
   vertex 139 134.5 239
  endloop
 endfacet
 facet normal 0 -0.70710678118654746 -0.70710678118654746
  outer loop
   vertex 140 134 239.5
   vertex 139 134 239.5
   vertex 140 134.5 239
  endloop
 endfacet
 facet normal 0.57735026918962584 -0.57735026918962584 -0.57735026918962584
  outer loop
   vertex 140.5 135 239
   vertex 141 135 239.5
   vertex 141 134.5 240
  endloop
 endfacet
 facet normal 0.57735026918962584 -0.57735026918962584 -0.57735026918962584
  outer loop
   vertex 140 134.5 239
   vertex 140.5 135 239
   vertex 141 134.5 240
  endloop
 endfacet
 facet normal 0.57735026918962584 -0.57735026918962584 -0.57735026918962584
  outer loop
   vertex 140 134.5 239
   vertex 141 134.5 240
   vertex 140.5 134 240
  endloop
 endfacet
 facet normal 0.57735026918962584 -0.57735026918962584 -0.57735026918962584
  outer loop
   vertex 140 134.5 239
   vertex 140.5 134 240
   vertex 140 134 239.5
  endloop
 endfacet
 facet normal 0.57735026918962584 -0.57735026918962584 -0.57735026918962584
  outer loop
   vertex 141 134.5 240
   vertex 141 135 239.5
   vertex 141.5 135 240
  endloop
 endfacet
 facet normal -0.57735026918962584 -0.57735026918962584 0.57735026918962584
  outer loop
   vertex 134 135.5 239
   vertex 134 136 239.5
   vertex 133.5 136 239
  endloop
 endfacet
 facet normal -0.57735026918962584 -0.57735026918962584 0.57735026918962584
  outer loop
   vertex 134 135.5 239
   vertex 134.5 136 240
   vertex 134 136 239.5
  endloop
 endfacet
 facet normal -0.57735026918962584 -0.57735026918962584 0.57735026918962584
  outer loop
   vertex 134 135.5 239
   vertex 134.5 135 239
   vertex 134.5 136 240
  endloop
 endfacet
 facet normal -1 0 0
  outer loop
   vertex 134.5 135 239
   vertex 134.5 135 240
   vertex 134.5 136 240
  endloop
 endfacet
 facet normal 0.70710678118654746 0 -0.70710678118654746
  outer loop
   vertex 141 135 239.5
   vertex 140.5 136 239
   vertex 141 136 239.5
  endloop
 endfacet
 facet normal 0.70710678118654746 0 -0.70710678118654746
  outer loop
   vertex 140.5 135 239
   vertex 140.5 136 239
   vertex 141 135 239.5
  endloop
 endfacet
 facet normal 0.70710678118654746 0 -0.70710678118654746
  outer loop
   vertex 141.5 136 240
   vertex 141.5 135 240
   vertex 141 135 239.5
  endloop
 endfacet
 facet normal 0.70710678118654746 0 -0.70710678118654746
  outer loop
   vertex 141 136 239.5
   vertex 141.5 136 240
   vertex 141 135 239.5
  endloop
 endfacet
 facet normal -0.70710678118654746 0 0.70710678118654746
  outer loop
   vertex 134 136 239.5
   vertex 134 137 239.5
   vertex 133.5 137 239
  endloop
 endfacet
 facet normal -0.70710678118654746 0 0.70710678118654746
  outer loop
   vertex 133.5 136 239
   vertex 134 136 239.5
   vertex 133.5 137 239
  endloop
 endfacet
 facet normal -0.70710678118654746 0 0.70710678118654746
  outer loop
   vertex 134.5 137 240
   vertex 134 136 239.5
   vertex 134.5 136 240
  endloop
 endfacet
 facet normal -0.70710678118654746 0 0.70710678118654746
  outer loop
   vertex 134 137 239.5
   vertex 134 136 239.5
   vertex 134.5 137 240
  endloop
 endfacet
 facet normal 0.70710678118654746 0 -0.70710678118654746
  outer loop
   vertex 141 136 239.5
   vertex 140.5 137 239
   vertex 141 137 239.5
  endloop
 endfacet
 facet normal 0.70710678118654746 0 -0.70710678118654746
  outer loop
   vertex 140.5 136 239
   vertex 140.5 137 239
   vertex 141 136 239.5
  endloop
 endfacet
 facet normal 0.70710678118654746 0 -0.70710678118654746
  outer loop
   vertex 141.5 137 240
   vertex 141.5 136 240
   vertex 141 136 239.5
  endloop
 endfacet
 facet normal 0.70710678118654746 0 -0.70710678118654746
  outer loop
   vertex 141 137 239.5
   vertex 141.5 137 240
   vertex 141 136 239.5
  endloop
 endfacet
 facet normal -0.57735026918962584 -0.57735026918962584 0.57735026918962584
  outer loop
   vertex 133 137.5 239
   vertex 133 138 239.5
   vertex 132.5 138 239
  endloop
 endfacet
 facet normal -0.57735026918962584 -0.57735026918962584 0.57735026918962584
  outer loop
   vertex 133 137.5 239
   vertex 133.5 138 240
   vertex 133 138 239.5
  endloop
 endfacet
 facet normal -0.57735026918962584 -0.57735026918962584 0.57735026918962584
  outer loop
   vertex 133.5 137 239
   vertex 133.5 138 240
   vertex 133 137.5 239
  endloop
 endfacet
 facet normal -0.57735026918962584 -0.57735026918962584 0.57735026918962584
  outer loop
   vertex 133.5 137 239
   vertex 134 137.5 240
   vertex 133.5 138 240
  endloop
 endfacet
 facet normal -0.57735026918962584 -0.57735026918962584 0.57735026918962584
  outer loop
   vertex 133.5 137 239
   vertex 134 137 239.5
   vertex 134 137.5 240
  endloop
 endfacet
 facet normal -0.57735026918962584 -0.57735026918962584 0.57735026918962584
  outer loop
   vertex 134.5 137 240
   vertex 134 137.5 240
   vertex 134 137 239.5
  endloop
 endfacet
 facet normal 0.57735026918962584 -0.57735026918962584 -0.57735026918962584
  outer loop
   vertex 140.5 137 239
   vertex 141 137.5 239
   vertex 141 137 239.5
  endloop
 endfacet
 facet normal 0.57735026918962584 -0.57735026918962584 -0.57735026918962584
  outer loop
   vertex 141 137 239.5
   vertex 141 137.5 239
   vertex 141.5 138 239
  endloop
 endfacet
 facet normal 0.57735026918962584 -0.57735026918962584 -0.57735026918962584
  outer loop
   vertex 141 137 239.5
   vertex 141.5 138 239
   vertex 141.5 137 240
  endloop
 endfacet
 facet normal 1 0 -0
  outer loop
   vertex 141.5 137 240
   vertex 141.5 138 239
   vertex 141.5 138 240
  endloop
 endfacet
 facet normal -0.70710678118654746 0 0.70710678118654746
  outer loop
   vertex 133 138 239.5
   vertex 133 139 239.5
   vertex 132.5 139 239
  endloop
 endfacet
 facet normal -0.70710678118654746 0 0.70710678118654746
  outer loop
   vertex 132.5 138 239
   vertex 133 138 239.5
   vertex 132.5 139 239
  endloop
 endfacet
 facet normal -0.70710678118654746 0 0.70710678118654746
  outer loop
   vertex 133.5 139 240
   vertex 133 138 239.5
   vertex 133.5 138 240
  endloop
 endfacet
 facet normal -0.70710678118654746 0 0.70710678118654746
  outer loop
   vertex 133 139 239.5
   vertex 133 138 239.5
   vertex 133.5 139 240
  endloop
 endfacet
 facet normal 0.70710678118654746 0.70710678118654746 0
  outer loop
   vertex 141 138.5 239
   vertex 140.5 139 240
   vertex 141 138.5 240
  endloop
 endfacet
 facet normal 0.70710678118654746 0.70710678118654746 0
  outer loop
   vertex 140.5 139 239
   vertex 140.5 139 240
   vertex 141 138.5 239
  endloop
 endfacet
 facet normal 0.70710678118654746 0.70710678118654746 -0
  outer loop
   vertex 141.5 138 240
   vertex 141.5 138 239
   vertex 141 138.5 239
  endloop
 endfacet
 facet normal 0.70710678118654746 0.70710678118654746 0
  outer loop
   vertex 141 138.5 240
   vertex 141.5 138 240
   vertex 141 138.5 239
  endloop
 endfacet
 facet normal -0.57735026918962584 0.57735026918962584 0.57735026918962584
  outer loop
   vertex 132.5 139 239
   vertex 133 139 239.5
   vertex 133 139.5 239
  endloop
 endfacet
 facet normal -0.57735026918962584 0.57735026918962584 0.57735026918962584
  outer loop
   vertex 133.5 140 239
   vertex 134 139.5 240
   vertex 134 140 239.5
  endloop
 endfacet
 facet normal -0.57735026918962584 0.57735026918962584 0.57735026918962584
  outer loop
   vertex 133 139.5 239
   vertex 134 139.5 240
   vertex 133.5 140 239
  endloop
 endfacet
 facet normal -0.57735026918962584 0.57735026918962584 0.57735026918962584
  outer loop
   vertex 133 139.5 239
   vertex 133.5 139 240
   vertex 134 139.5 240
  endloop
 endfacet
 facet normal -0.57735026918962584 0.57735026918962584 0.57735026918962584
  outer loop
   vertex 133 139.5 239
   vertex 133 139 239.5
   vertex 133.5 139 240
  endloop
 endfacet
 facet normal -0.57735026918962584 0.57735026918962584 0.57735026918962584
  outer loop
   vertex 134 139.5 240
   vertex 134.5 140 240
   vertex 134 140 239.5
  endloop
 endfacet
 facet normal 1 0 0
  outer loop
   vertex 140.5 139 239
   vertex 140.5 140 239
   vertex 140.5 139 240
  endloop
 endfacet
 facet normal 1 0 -0
  outer loop
   vertex 140.5 139 240
   vertex 140.5 140 239
   vertex 140.5 140 240
  endloop
 endfacet
 facet normal -0.70710678118654746 0 0.70710678118654746
  outer loop
   vertex 134 140 239.5
   vertex 134 141 239.5
   vertex 133.5 141 239
  endloop
 endfacet
 facet normal -0.70710678118654746 0 0.70710678118654746
  outer loop
   vertex 133.5 140 239
   vertex 134 140 239.5
   vertex 133.5 141 239
  endloop
 endfacet
 facet normal -0.57735026918962584 0.57735026918962584 0.57735026918962584
  outer loop
   vertex 135 140.5 240
   vertex 134 140 239.5
   vertex 134.5 140 240
  endloop
 endfacet
 facet normal -0.57735026918962584 0.57735026918962584 0.57735026918962584
  outer loop
   vertex 135 140.5 240
   vertex 135 141 239.5
   vertex 134 140 239.5
  endloop
 endfacet
 facet normal -0 0 1
  outer loop
   vertex 135 141 239.5
   vertex 134 141 239.5
   vertex 134 140 239.5
  endloop
 endfacet
 facet normal -0.57735026918962584 0.57735026918962584 0.57735026918962584
  outer loop
   vertex 135 140.5 240
   vertex 135.5 141 240
   vertex 135 141 239.5
  endloop
 endfacet
 facet normal 0.57735026918962584 0.57735026918962584 0.57735026918962584
  outer loop
   vertex 140 141 239.5
   vertex 139.5 141 240
   vertex 140 140.5 240
  endloop
 endfacet
 facet normal 0.57735026918962584 0.57735026918962584 0.57735026918962584
  outer loop
   vertex 140 141 239.5
   vertex 140 140.5 240
   vertex 140.5 140 240
  endloop
 endfacet
 facet normal 0.57735026918962584 0.57735026918962584 0.57735026918962584
  outer loop
   vertex 140 141 239.5
   vertex 140.5 140 240
   vertex 140.5 141 239
  endloop
 endfacet
 facet normal 1 0 0
  outer loop
   vertex 140.5 141 239
   vertex 140.5 140 240
   vertex 140.5 140 239
  endloop
 endfacet
 facet normal -0.57735026918962584 0.57735026918962584 0.57735026918962584
  outer loop
   vertex 133.5 141 239
   vertex 134 141 239.5
   vertex 134 141.5 239
  endloop
 endfacet
 facet normal -0.57735026918962584 0.57735026918962584 0.57735026918962584
  outer loop
   vertex 134.5 142 239
   vertex 134 141.5 239
   vertex 134 141 239.5
  endloop
 endfacet
 facet normal -0.57735026918962584 0.57735026918962584 0.57735026918962584
  outer loop
   vertex 134.5 142 239
   vertex 134 141 239.5
   vertex 135 142 239.5
  endloop
 endfacet
 facet normal 0 0 1
  outer loop
   vertex 135 142 239.5
   vertex 134 141 239.5
   vertex 135 141 239.5
  endloop
 endfacet
 facet normal -0.70710678118654746 0 0.70710678118654746
  outer loop
   vertex 135.5 142 240
   vertex 135 141 239.5
   vertex 135.5 141 240
  endloop
 endfacet
 facet normal -0.70710678118654746 0 0.70710678118654746
  outer loop
   vertex 135 142 239.5
   vertex 135 141 239.5
   vertex 135.5 142 240
  endloop
 endfacet
 facet normal 0.57735026918962584 0.57735026918962584 0.57735026918962584
  outer loop
   vertex 139 142 239.5
   vertex 138.5 142 240
   vertex 139 141.5 240
  endloop
 endfacet
 facet normal 0.57735026918962584 0.57735026918962584 0.57735026918962584
  outer loop
   vertex 139.5 141 240
   vertex 139 142 239.5
   vertex 139 141.5 240
  endloop
 endfacet
 facet normal 0.57735026918962584 0.57735026918962584 0.57735026918962584
  outer loop
   vertex 140 141 239.5
   vertex 139 142 239.5
   vertex 139.5 141 240
  endloop
 endfacet
 facet normal 0.57735026918962584 0.57735026918962584 0.57735026918962584
  outer loop
   vertex 140 141 239.5
   vertex 139.5 142 239
   vertex 139 142 239.5
  endloop
 endfacet
 facet normal 0.57735026918962584 0.57735026918962584 0.57735026918962584
  outer loop
   vertex 140 141 239.5
   vertex 140 141.5 239
   vertex 139.5 142 239
  endloop
 endfacet
 facet normal 0.57735026918962584 0.57735026918962584 0.57735026918962584
  outer loop
   vertex 140.5 141 239
   vertex 140 141.5 239
   vertex 140 141 239.5
  endloop
 endfacet
 facet normal -0.70710678118654746 0 0.70710678118654746
  outer loop
   vertex 135 142 239.5
   vertex 135 143 239.5
   vertex 134.5 143 239
  endloop
 endfacet
 facet normal -0.70710678118654746 0 0.70710678118654746
  outer loop
   vertex 134.5 142 239
   vertex 135 142 239.5
   vertex 134.5 143 239
  endloop
 endfacet
 facet normal -0.70710678118654746 0 0.70710678118654746
  outer loop
   vertex 135.5 143 240
   vertex 135 142 239.5
   vertex 135.5 142 240
  endloop
 endfacet
 facet normal -0.70710678118654746 0 0.70710678118654746
  outer loop
   vertex 135 143 239.5
   vertex 135 142 239.5
   vertex 135.5 143 240
  endloop
 endfacet
 facet normal 0.57735026918962584 0.57735026918962584 0.57735026918962584
  outer loop
   vertex 138 143 239.5
   vertex 137.5 143 240
   vertex 138 142.5 240
  endloop
 endfacet
 facet normal 0.57735026918962584 0.57735026918962584 0.57735026918962584
  outer loop
   vertex 138.5 142 240
   vertex 138 143 239.5
   vertex 138 142.5 240
  endloop
 endfacet
 facet normal 0.57735026918962584 0.57735026918962584 0.57735026918962584
  outer loop
   vertex 139 142 239.5
   vertex 138 143 239.5
   vertex 138.5 142 240
  endloop
 endfacet
 facet normal 0.57735026918962584 0.57735026918962584 0.57735026918962584
  outer loop
   vertex 139 142 239.5
   vertex 138.5 143 239
   vertex 138 143 239.5
  endloop
 endfacet
 facet normal 0.57735026918962584 0.57735026918962584 0.57735026918962584
  outer loop
   vertex 139 142 239.5
   vertex 139 142.5 239
   vertex 138.5 143 239
  endloop
 endfacet
 facet normal 0.57735026918962584 0.57735026918962584 0.57735026918962584
  outer loop
   vertex 139.5 142 239
   vertex 139 142.5 239
   vertex 139 142 239.5
  endloop
 endfacet
 facet normal -0.57735026918962584 0.57735026918962584 0.57735026918962584
  outer loop
   vertex 134.5 143 239
   vertex 135 143 239.5
   vertex 135 143.5 239
  endloop
 endfacet
 facet normal -0.57735026918962584 0.57735026918962584 0.57735026918962584
  outer loop
   vertex 135.5 144 239
   vertex 136 143.5 240
   vertex 136 144 239.5
  endloop
 endfacet
 facet normal -0.57735026918962584 0.57735026918962584 0.57735026918962584
  outer loop
   vertex 135 143.5 239
   vertex 136 143.5 240
   vertex 135.5 144 239
  endloop
 endfacet
 facet normal -0.57735026918962584 0.57735026918962584 0.57735026918962584
  outer loop
   vertex 135 143.5 239
   vertex 135.5 143 240
   vertex 136 143.5 240
  endloop
 endfacet
 facet normal -0.57735026918962584 0.57735026918962584 0.57735026918962584
  outer loop
   vertex 135 143.5 239
   vertex 135 143 239.5
   vertex 135.5 143 240
  endloop
 endfacet
 facet normal 0 0.70710678118654746 0.70710678118654746
  outer loop
   vertex 136 144 239.5
   vertex 137 143.5 240
   vertex 137 144 239.5
  endloop
 endfacet
 facet normal 0 0.70710678118654746 0.70710678118654746
  outer loop
   vertex 136 143.5 240
   vertex 137 143.5 240
   vertex 136 144 239.5
  endloop
 endfacet
 facet normal 0.57735026918962584 0.57735026918962584 0.57735026918962584
  outer loop
   vertex 137.5 143 240
   vertex 137 144 239.5
   vertex 137 143.5 240
  endloop
 endfacet
 facet normal 0.57735026918962584 0.57735026918962584 0.57735026918962584
  outer loop
   vertex 137.5 143 240
   vertex 138 143 239.5
   vertex 137 144 239.5
  endloop
 endfacet
 facet normal 0 0 1
  outer loop
   vertex 138 143 239.5
   vertex 138 144 239.5
   vertex 137 144 239.5
  endloop
 endfacet
 facet normal 0.70710678118654746 0 0.70710678118654746
  outer loop
   vertex 138.5 143 239
   vertex 138.5 144 239
   vertex 138 144 239.5
  endloop
 endfacet
 facet normal 0.70710678118654746 0 0.70710678118654746
  outer loop
   vertex 138 143 239.5
   vertex 138.5 143 239
   vertex 138 144 239.5
  endloop
 endfacet
 facet normal -0.70710678118654746 0 0.70710678118654746
  outer loop
   vertex 136 144 239.5
   vertex 136 145 239.5
   vertex 135.5 145 239
  endloop
 endfacet
 facet normal -0.70710678118654746 0 0.70710678118654746
  outer loop
   vertex 135.5 144 239
   vertex 136 144 239.5
   vertex 135.5 145 239
  endloop
 endfacet
 facet normal 0 0 1
  outer loop
   vertex 137 144 239.5
   vertex 137 145 239.5
   vertex 136 144 239.5
  endloop
 endfacet
 facet normal -0 0 1
  outer loop
   vertex 137 145 239.5
   vertex 136 145 239.5
   vertex 136 144 239.5
  endloop
 endfacet
 facet normal 0.57735026918962584 0.57735026918962584 0.57735026918962584
  outer loop
   vertex 138 144.5 239
   vertex 137.5 145 239
   vertex 137 145 239.5
  endloop
 endfacet
 facet normal 0.57735026918962584 0.57735026918962584 0.57735026918962584
  outer loop
   vertex 138 144.5 239
   vertex 137 145 239.5
   vertex 138 144 239.5
  endloop
 endfacet
 facet normal 0 0 1
  outer loop
   vertex 138 144 239.5
   vertex 137 145 239.5
   vertex 137 144 239.5
  endloop
 endfacet
 facet normal 0.57735026918962584 0.57735026918962584 0.57735026918962584
  outer loop
   vertex 138.5 144 239
   vertex 138 144.5 239
   vertex 138 144 239.5
  endloop
 endfacet
 facet normal -0.57735026918962584 0.57735026918962584 0.57735026918962584
  outer loop
   vertex 135.5 145 239
   vertex 136 145 239.5
   vertex 136 145.5 239
  endloop
 endfacet
 facet normal -0 0.70710678118654746 0.70710678118654746
  outer loop
   vertex 137 145.5 239
   vertex 136 145.5 239
   vertex 136 145 239.5
  endloop
 endfacet
 facet normal 0 0.70710678118654746 0.70710678118654746
  outer loop
   vertex 137 145 239.5
   vertex 137 145.5 239
   vertex 136 145 239.5
  endloop
 endfacet
 facet normal 0.57735026918962584 0.57735026918962584 0.57735026918962584
  outer loop
   vertex 137.5 145 239
   vertex 137 145.5 239
   vertex 137 145 239.5
  endloop
 endfacet
 facet normal -0.57735026918962584 -0.57735026918962584 -0.57735026918962584
  outer loop
   vertex 139 132 240.5
   vertex 139 131.5 241
   vertex 138.5 132 241
  endloop
 endfacet
 facet normal 0.57735026918962584 -0.57735026918962584 -0.57735026918962584
  outer loop
   vertex 139 131.5 241
   vertex 139 132 240.5
   vertex 139.5 132 241
  endloop
 endfacet
 facet normal -0.70710678118654746 -0.70710678118654746 -0
  outer loop
   vertex 137 132.5 240
   vertex 137 132.5 241
   vertex 136.5 133 241
  endloop
 endfacet
 facet normal -0.70710678118654746 -0.70710678118654746 0
  outer loop
   vertex 136.5 133 240
   vertex 137 132.5 240
   vertex 136.5 133 241
  endloop
 endfacet
 facet normal 0 -1 -0
  outer loop
   vertex 138 132.5 240
   vertex 138 132.5 241
   vertex 137 132.5 240
  endloop
 endfacet
 facet normal -0 -1 0
  outer loop
   vertex 137 132.5 240
   vertex 138 132.5 241
   vertex 137 132.5 241
  endloop
 endfacet
 facet normal -0.57735026918962584 -0.57735026918962584 -0.57735026918962584
  outer loop
   vertex 138.5 132 241
   vertex 139 132.5 240
   vertex 139 132 240.5
  endloop
 endfacet
 facet normal -0.57735026918962584 -0.57735026918962584 -0.57735026918962584
  outer loop
   vertex 138.5 132 241
   vertex 138 132.5 241
   vertex 139 132.5 240
  endloop
 endfacet
 facet normal 0 -1 0
  outer loop
   vertex 138 132.5 241
   vertex 138 132.5 240
   vertex 139 132.5 240
  endloop
 endfacet
 facet normal 0.57735026918962584 -0.57735026918962584 -0.57735026918962584
  outer loop
   vertex 139.5 133 240
   vertex 140 133 240.5
   vertex 140 132.5 241
  endloop
 endfacet
 facet normal 0.57735026918962584 -0.57735026918962584 -0.57735026918962584
  outer loop
   vertex 139 132.5 240
   vertex 139.5 133 240
   vertex 140 132.5 241
  endloop
 endfacet
 facet normal 0.57735026918962584 -0.57735026918962584 -0.57735026918962584
  outer loop
   vertex 139 132.5 240
   vertex 140 132.5 241
   vertex 139.5 132 241
  endloop
 endfacet
 facet normal 0.57735026918962584 -0.57735026918962584 -0.57735026918962584
  outer loop
   vertex 139 132.5 240
   vertex 139.5 132 241
   vertex 139 132 240.5
  endloop
 endfacet
 facet normal -0 -0.70710678118654746 -0.70710678118654746
  outer loop
   vertex 140 133 240.5
   vertex 141 133 240.5
   vertex 141 132.5 241
  endloop
 endfacet
 facet normal 0 -0.70710678118654746 -0.70710678118654746
  outer loop
   vertex 140 132.5 241
   vertex 140 133 240.5
   vertex 141 132.5 241
  endloop
 endfacet
 facet normal 0.57735026918962584 -0.57735026918962584 -0.57735026918962584
  outer loop
   vertex 141 132.5 241
   vertex 141 133 240.5
   vertex 141.5 133 241
  endloop
 endfacet
 facet normal -0.57735026918962584 -0.57735026918962584 0.57735026918962584
  outer loop
   vertex 136 133.5 240
   vertex 136 134 240.5
   vertex 135.5 134 240
  endloop
 endfacet
 facet normal -0.57735026918962584 -0.57735026918962584 0.57735026918962584
  outer loop
   vertex 136 133.5 240
   vertex 136.5 134 241
   vertex 136 134 240.5
  endloop
 endfacet
 facet normal -0.57735026918962584 -0.57735026918962584 0.57735026918962584
  outer loop
   vertex 136 133.5 240
   vertex 136.5 133 240
   vertex 136.5 134 241
  endloop
 endfacet
 facet normal -1 0 0
  outer loop
   vertex 136.5 133 240
   vertex 136.5 133 241
   vertex 136.5 134 241
  endloop
 endfacet
 facet normal 0.57735026918962584 -0.57735026918962584 -0.57735026918962584
  outer loop
   vertex 139.5 133 240
   vertex 140 133.5 240
   vertex 140 133 240.5
  endloop
 endfacet
 facet normal 0.57735026918962584 -0.57735026918962584 -0.57735026918962584
  outer loop
   vertex 140.5 134 240
   vertex 140 133 240.5
   vertex 140 133.5 240
  endloop
 endfacet
 facet normal 0.57735026918962584 -0.57735026918962584 -0.57735026918962584
  outer loop
   vertex 140.5 134 240
   vertex 141 134 240.5
   vertex 140 133 240.5
  endloop
 endfacet
 facet normal 0 0 -1
  outer loop
   vertex 141 134 240.5
   vertex 141 133 240.5
   vertex 140 133 240.5
  endloop
 endfacet
 facet normal 0.70710678118654746 0 -0.70710678118654746
  outer loop
   vertex 141.5 134 241
   vertex 141.5 133 241
   vertex 141 133 240.5
  endloop
 endfacet
 facet normal 0.70710678118654746 0 -0.70710678118654746
  outer loop
   vertex 141 134 240.5
   vertex 141.5 134 241
   vertex 141 133 240.5
  endloop
 endfacet
 facet normal -0.57735026918962584 -0.57735026918962584 0.57735026918962584
  outer loop
   vertex 135 134.5 240
   vertex 135 135 240.5
   vertex 134.5 135 240
  endloop
 endfacet
 facet normal -0.57735026918962584 -0.57735026918962584 0.57735026918962584
  outer loop
   vertex 135 134.5 240
   vertex 135.5 135 241
   vertex 135 135 240.5
  endloop
 endfacet
 facet normal -0.57735026918962584 -0.57735026918962584 0.57735026918962584
  outer loop
   vertex 135.5 134 240
   vertex 135.5 135 241
   vertex 135 134.5 240
  endloop
 endfacet
 facet normal -0.57735026918962584 -0.57735026918962584 0.57735026918962584
  outer loop
   vertex 135.5 134 240
   vertex 136 134.5 241
   vertex 135.5 135 241
  endloop
 endfacet
 facet normal -0.57735026918962584 -0.57735026918962584 0.57735026918962584
  outer loop
   vertex 135.5 134 240
   vertex 136 134 240.5
   vertex 136 134.5 241
  endloop
 endfacet
 facet normal -0.57735026918962584 -0.57735026918962584 0.57735026918962584
  outer loop
   vertex 136.5 134 241
   vertex 136 134.5 241
   vertex 136 134 240.5
  endloop
 endfacet
 facet normal 0.57735026918962584 -0.57735026918962584 -0.57735026918962584
  outer loop
   vertex 140.5 134 240
   vertex 141 134.5 240
   vertex 141 134 240.5
  endloop
 endfacet
 facet normal 0.57735026918962584 -0.57735026918962584 -0.57735026918962584
  outer loop
   vertex 141.5 135 240
   vertex 142 135 240.5
   vertex 142 134.5 241
  endloop
 endfacet
 facet normal 0.57735026918962584 -0.57735026918962584 -0.57735026918962584
  outer loop
   vertex 141 134.5 240
   vertex 141.5 135 240
   vertex 142 134.5 241
  endloop
 endfacet
 facet normal 0.57735026918962584 -0.57735026918962584 -0.57735026918962584
  outer loop
   vertex 141 134.5 240
   vertex 142 134.5 241
   vertex 141.5 134 241
  endloop
 endfacet
 facet normal 0.57735026918962584 -0.57735026918962584 -0.57735026918962584
  outer loop
   vertex 141 134.5 240
   vertex 141.5 134 241
   vertex 141 134 240.5
  endloop
 endfacet
 facet normal 0.57735026918962584 -0.57735026918962584 -0.57735026918962584
  outer loop
   vertex 142 134.5 241
   vertex 142 135 240.5
   vertex 142.5 135 241
  endloop
 endfacet
 facet normal -0.70710678118654746 0 0.70710678118654746
  outer loop
   vertex 135 135 240.5
   vertex 135 136 240.5
   vertex 134.5 136 240
  endloop
 endfacet
 facet normal -0.70710678118654746 0 0.70710678118654746
  outer loop
   vertex 134.5 135 240
   vertex 135 135 240.5
   vertex 134.5 136 240
  endloop
 endfacet
 facet normal -0.70710678118654746 0 0.70710678118654746
  outer loop
   vertex 135.5 136 241
   vertex 135 135 240.5
   vertex 135.5 135 241
  endloop
 endfacet
 facet normal -0.70710678118654746 0 0.70710678118654746
  outer loop
   vertex 135 136 240.5
   vertex 135 135 240.5
   vertex 135.5 136 241
  endloop
 endfacet
 facet normal 0.57735026918962584 0.57735026918962584 -0.57735026918962584
  outer loop
   vertex 142 135 240.5
   vertex 141.5 136 241
   vertex 142 135.5 241
  endloop
 endfacet
 facet normal 0.57735026918962584 0.57735026918962584 -0.57735026918962584
  outer loop
   vertex 142 135 240.5
   vertex 141.5 135 240
   vertex 141.5 136 241
  endloop
 endfacet
 facet normal 1 0 -0
  outer loop
   vertex 141.5 135 240
   vertex 141.5 136 240
   vertex 141.5 136 241
  endloop
 endfacet
 facet normal 0.57735026918962584 0.57735026918962584 -0.57735026918962584
  outer loop
   vertex 142.5 135 241
   vertex 142 135 240.5
   vertex 142 135.5 241
  endloop
 endfacet
 facet normal -0.70710678118654746 0 0.70710678118654746
  outer loop
   vertex 135 136 240.5
   vertex 135 137 240.5
   vertex 134.5 137 240
  endloop
 endfacet
 facet normal -0.70710678118654746 0 0.70710678118654746
  outer loop
   vertex 134.5 136 240
   vertex 135 136 240.5
   vertex 134.5 137 240
  endloop
 endfacet
 facet normal -0.70710678118654746 0 0.70710678118654746
  outer loop
   vertex 135.5 137 241
   vertex 135 136 240.5
   vertex 135.5 136 241
  endloop
 endfacet
 facet normal -0.70710678118654746 0 0.70710678118654746
  outer loop
   vertex 135 137 240.5
   vertex 135 136 240.5
   vertex 135.5 137 241
  endloop
 endfacet
 facet normal 1 0 0
  outer loop
   vertex 141.5 136 240
   vertex 141.5 137 240
   vertex 141.5 136 241
  endloop
 endfacet
 facet normal 1 0 -0
  outer loop
   vertex 141.5 136 241
   vertex 141.5 137 240
   vertex 141.5 137 241
  endloop
 endfacet
 facet normal -0.57735026918962584 -0.57735026918962584 0.57735026918962584
  outer loop
   vertex 134 137.5 240
   vertex 134 138 240.5
   vertex 133.5 138 240
  endloop
 endfacet
 facet normal -0.57735026918962584 -0.57735026918962584 0.57735026918962584
  outer loop
   vertex 134 137.5 240
   vertex 134.5 137 240
   vertex 135 137 240.5
  endloop
 endfacet
 facet normal -0.57735026918962584 -0.57735026918962584 0.57735026918962584
  outer loop
   vertex 134 137.5 240
   vertex 135 137 240.5
   vertex 134 138 240.5
  endloop
 endfacet
 facet normal 0 -0 1
  outer loop
   vertex 134 138 240.5
   vertex 135 137 240.5
   vertex 135 138 240.5
  endloop
 endfacet
 facet normal -0.70710678118654746 0 0.70710678118654746
  outer loop
   vertex 135.5 138 241
   vertex 135 137 240.5
   vertex 135.5 137 241
  endloop
 endfacet
 facet normal -0.70710678118654746 0 0.70710678118654746
  outer loop
   vertex 135 138 240.5
   vertex 135 137 240.5
   vertex 135.5 138 241
  endloop
 endfacet
 facet normal 0.57735026918962584 0.57735026918962584 0.57735026918962584
  outer loop
   vertex 141 138 240.5
   vertex 140.5 138 241
   vertex 141 137.5 241
  endloop
 endfacet
 facet normal 0.57735026918962584 0.57735026918962584 0.57735026918962584
  outer loop
   vertex 141 138 240.5
   vertex 141 137.5 241
   vertex 141.5 137 241
  endloop
 endfacet
 facet normal 0.57735026918962584 0.57735026918962584 0.57735026918962584
  outer loop
   vertex 141 138 240.5
   vertex 141.5 137 241
   vertex 141.5 138 240
  endloop
 endfacet
 facet normal 1 0 0
  outer loop
   vertex 141.5 138 240
   vertex 141.5 137 241
   vertex 141.5 137 240
  endloop
 endfacet
 facet normal -0.70710678118654746 0 0.70710678118654746
  outer loop
   vertex 134 138 240.5
   vertex 134 139 240.5
   vertex 133.5 139 240
  endloop
 endfacet
 facet normal -0.70710678118654746 0 0.70710678118654746
  outer loop
   vertex 133.5 138 240
   vertex 134 138 240.5
   vertex 133.5 139 240
  endloop
 endfacet
 facet normal 0 0 1
  outer loop
   vertex 135 138 240.5
   vertex 135 139 240.5
   vertex 134 138 240.5
  endloop
 endfacet
 facet normal -0 0 1
  outer loop
   vertex 135 139 240.5
   vertex 134 139 240.5
   vertex 134 138 240.5
  endloop
 endfacet
 facet normal -0.57735026918962584 0.57735026918962584 0.57735026918962584
  outer loop
   vertex 136 138.5 241
   vertex 135 138 240.5
   vertex 135.5 138 241
  endloop
 endfacet
 facet normal -0.57735026918962584 0.57735026918962584 0.57735026918962584
  outer loop
   vertex 136 138.5 241
   vertex 136 139 240.5
   vertex 135 138 240.5
  endloop
 endfacet
 facet normal -0 0 1
  outer loop
   vertex 136 139 240.5
   vertex 135 139 240.5
   vertex 135 138 240.5
  endloop
 endfacet
 facet normal 0 0.70710678118654746 0.70710678118654746
  outer loop
   vertex 136 139 240.5
   vertex 137 138.5 241
   vertex 137 139 240.5
  endloop
 endfacet
 facet normal 0 0.70710678118654746 0.70710678118654746
  outer loop
   vertex 136 138.5 241
   vertex 137 138.5 241
   vertex 136 139 240.5
  endloop
 endfacet
 facet normal -0.57735026918962584 0.57735026918962584 0.57735026918962584
  outer loop
   vertex 137 138.5 241
   vertex 137.5 139 241
   vertex 137 139 240.5
  endloop
 endfacet
 facet normal 0.57735026918962584 0.57735026918962584 0.57735026918962584
  outer loop
   vertex 139 139 240.5
   vertex 138.5 139 241
   vertex 139 138.5 241
  endloop
 endfacet
 facet normal 0 0.70710678118654746 0.70710678118654746
  outer loop
   vertex 139 139 240.5
   vertex 140 138.5 241
   vertex 140 139 240.5
  endloop
 endfacet
 facet normal 0 0.70710678118654746 0.70710678118654746
  outer loop
   vertex 139 138.5 241
   vertex 140 138.5 241
   vertex 139 139 240.5
  endloop
 endfacet
 facet normal 0.57735026918962584 0.57735026918962584 0.57735026918962584
  outer loop
   vertex 140.5 138 241
   vertex 140 139 240.5
   vertex 140 138.5 241
  endloop
 endfacet
 facet normal 0.57735026918962584 0.57735026918962584 0.57735026918962584
  outer loop
   vertex 141 138 240.5
   vertex 140 139 240.5
   vertex 140.5 138 241
  endloop
 endfacet
 facet normal 0.57735026918962584 0.57735026918962584 0.57735026918962584
  outer loop
   vertex 141 138 240.5
   vertex 140.5 139 240
   vertex 140 139 240.5
  endloop
 endfacet
 facet normal 0.57735026918962584 0.57735026918962584 0.57735026918962584
  outer loop
   vertex 141 138 240.5
   vertex 141 138.5 240
   vertex 140.5 139 240
  endloop
 endfacet
 facet normal 0.57735026918962584 0.57735026918962584 0.57735026918962584
  outer loop
   vertex 141.5 138 240
   vertex 141 138.5 240
   vertex 141 138 240.5
  endloop
 endfacet
 facet normal -0.57735026918962584 0.57735026918962584 0.57735026918962584
  outer loop
   vertex 133.5 139 240
   vertex 134 139 240.5
   vertex 134 139.5 240
  endloop
 endfacet
 facet normal -0.57735026918962584 0.57735026918962584 0.57735026918962584
  outer loop
   vertex 134.5 140 240
   vertex 134 139.5 240
   vertex 134 139 240.5
  endloop
 endfacet
 facet normal -0.57735026918962584 0.57735026918962584 0.57735026918962584
  outer loop
   vertex 134.5 140 240
   vertex 134 139 240.5
   vertex 135 140 240.5
  endloop
 endfacet
 facet normal 0 0 1
  outer loop
   vertex 135 140 240.5
   vertex 134 139 240.5
   vertex 135 139 240.5
  endloop
 endfacet
 facet normal 0 0 1
  outer loop
   vertex 136 139 240.5
   vertex 136 140 240.5
   vertex 135 139 240.5
  endloop
 endfacet
 facet normal -0 0 1
  outer loop
   vertex 136 140 240.5
   vertex 135 140 240.5
   vertex 135 139 240.5
  endloop
 endfacet
 facet normal 0 0 1
  outer loop
   vertex 137 139 240.5
   vertex 137 140 240.5
   vertex 136 139 240.5
  endloop
 endfacet
 facet normal -0 0 1
  outer loop
   vertex 137 140 240.5
   vertex 136 140 240.5
   vertex 136 139 240.5
  endloop
 endfacet
 facet normal -0.57735026918962584 0.57735026918962584 0.57735026918962584
  outer loop
   vertex 138 139.5 241
   vertex 137 139 240.5
   vertex 137.5 139 241
  endloop
 endfacet
 facet normal -0.57735026918962584 0.57735026918962584 0.57735026918962584
  outer loop
   vertex 138 139.5 241
   vertex 138 140 240.5
   vertex 137 139 240.5
  endloop
 endfacet
 facet normal -0 0 1
  outer loop
   vertex 138 140 240.5
   vertex 137 140 240.5
   vertex 137 139 240.5
  endloop
 endfacet
 facet normal 0.57735026918962584 0.57735026918962584 0.57735026918962584
  outer loop
   vertex 138.5 139 241
   vertex 138 140 240.5
   vertex 138 139.5 241
  endloop
 endfacet
 facet normal 0.57735026918962584 0.57735026918962584 0.57735026918962584
  outer loop
   vertex 138.5 139 241
   vertex 139 139 240.5
   vertex 138 140 240.5
  endloop
 endfacet
 facet normal 0 0 1
  outer loop
   vertex 139 139 240.5
   vertex 139 140 240.5
   vertex 138 140 240.5
  endloop
 endfacet
 facet normal 0 0 1
  outer loop
   vertex 140 139 240.5
   vertex 140 140 240.5
   vertex 139 139 240.5
  endloop
 endfacet
 facet normal -0 0 1
  outer loop
   vertex 140 140 240.5
   vertex 139 140 240.5
   vertex 139 139 240.5
  endloop
 endfacet
 facet normal 0.70710678118654746 0 0.70710678118654746
  outer loop
   vertex 140.5 139 240
   vertex 140.5 140 240
   vertex 140 140 240.5
  endloop
 endfacet
 facet normal 0.70710678118654746 0 0.70710678118654746
  outer loop
   vertex 140 139 240.5
   vertex 140.5 139 240
   vertex 140 140 240.5
  endloop
 endfacet
 facet normal -0.57735026918962584 0.57735026918962584 0.57735026918962584
  outer loop
   vertex 134.5 140 240
   vertex 135 140 240.5
   vertex 135 140.5 240
  endloop
 endfacet
 facet normal -0.57735026918962584 0.57735026918962584 0.57735026918962584
  outer loop
   vertex 135.5 141 240
   vertex 135 140.5 240
   vertex 135 140 240.5
  endloop
 endfacet
 facet normal -0.57735026918962584 0.57735026918962584 0.57735026918962584
  outer loop
   vertex 135.5 141 240
   vertex 135 140 240.5
   vertex 136 141 240.5
  endloop
 endfacet
 facet normal 0 0 1
  outer loop
   vertex 136 141 240.5
   vertex 135 140 240.5
   vertex 136 140 240.5
  endloop
 endfacet
 facet normal 0 0 1
  outer loop
   vertex 137 140 240.5
   vertex 137 141 240.5
   vertex 136 140 240.5
  endloop
 endfacet
 facet normal -0 0 1
  outer loop
   vertex 137 141 240.5
   vertex 136 141 240.5
   vertex 136 140 240.5
  endloop
 endfacet
 facet normal 0 0 1
  outer loop
   vertex 138 140 240.5
   vertex 138 141 240.5
   vertex 137 140 240.5
  endloop
 endfacet
 facet normal -0 0 1
  outer loop
   vertex 138 141 240.5
   vertex 137 141 240.5
   vertex 137 140 240.5
  endloop
 endfacet
 facet normal 0 0 1
  outer loop
   vertex 139 140 240.5
   vertex 139 141 240.5
   vertex 138 140 240.5
  endloop
 endfacet
 facet normal -0 0 1
  outer loop
   vertex 139 141 240.5
   vertex 138 141 240.5
   vertex 138 140 240.5
  endloop
 endfacet
 facet normal 0.57735026918962584 0.57735026918962584 0.57735026918962584
  outer loop
   vertex 140 140.5 240
   vertex 139.5 141 240
   vertex 139 141 240.5
  endloop
 endfacet
 facet normal 0.57735026918962584 0.57735026918962584 0.57735026918962584
  outer loop
   vertex 140 140.5 240
   vertex 139 141 240.5
   vertex 140 140 240.5
  endloop
 endfacet
 facet normal 0 0 1
  outer loop
   vertex 140 140 240.5
   vertex 139 141 240.5
   vertex 139 140 240.5
  endloop
 endfacet
 facet normal 0.57735026918962584 0.57735026918962584 0.57735026918962584
  outer loop
   vertex 140.5 140 240
   vertex 140 140.5 240
   vertex 140 140 240.5
  endloop
 endfacet
 facet normal -0.70710678118654746 0 0.70710678118654746
  outer loop
   vertex 136 141 240.5
   vertex 136 142 240.5
   vertex 135.5 142 240
  endloop
 endfacet
 facet normal -0.70710678118654746 0 0.70710678118654746
  outer loop
   vertex 135.5 141 240
   vertex 136 141 240.5
   vertex 135.5 142 240
  endloop
 endfacet
 facet normal 0 0 1
  outer loop
   vertex 137 141 240.5
   vertex 137 142 240.5
   vertex 136 141 240.5
  endloop
 endfacet
 facet normal -0 0 1
  outer loop
   vertex 137 142 240.5
   vertex 136 142 240.5
   vertex 136 141 240.5
  endloop
 endfacet
 facet normal 0 0 1
  outer loop
   vertex 138 141 240.5
   vertex 138 142 240.5
   vertex 137 141 240.5
  endloop
 endfacet
 facet normal -0 0 1
  outer loop
   vertex 138 142 240.5
   vertex 137 142 240.5
   vertex 137 141 240.5
  endloop
 endfacet
 facet normal 0.57735026918962584 0.57735026918962584 0.57735026918962584
  outer loop
   vertex 139 141.5 240
   vertex 138.5 142 240
   vertex 138 142 240.5
  endloop
 endfacet
 facet normal 0.57735026918962584 0.57735026918962584 0.57735026918962584
  outer loop
   vertex 139 141.5 240
   vertex 138 142 240.5
   vertex 139 141 240.5
  endloop
 endfacet
 facet normal 0 0 1
  outer loop
   vertex 139 141 240.5
   vertex 138 142 240.5
   vertex 138 141 240.5
  endloop
 endfacet
 facet normal 0.57735026918962584 0.57735026918962584 0.57735026918962584
  outer loop
   vertex 139.5 141 240
   vertex 139 141.5 240
   vertex 139 141 240.5
  endloop
 endfacet
 facet normal -0.70710678118654746 0 0.70710678118654746
  outer loop
   vertex 136 142 240.5
   vertex 136 143 240.5
   vertex 135.5 143 240
  endloop
 endfacet
 facet normal -0.70710678118654746 0 0.70710678118654746
  outer loop
   vertex 135.5 142 240
   vertex 136 142 240.5
   vertex 135.5 143 240
  endloop
 endfacet
 facet normal 0 0 1
  outer loop
   vertex 137 142 240.5
   vertex 137 143 240.5
   vertex 136 142 240.5
  endloop
 endfacet
 facet normal -0 0 1
  outer loop
   vertex 137 143 240.5
   vertex 136 143 240.5
   vertex 136 142 240.5
  endloop
 endfacet
 facet normal 0.57735026918962584 0.57735026918962584 0.57735026918962584
  outer loop
   vertex 138 142.5 240
   vertex 137.5 143 240
   vertex 137 143 240.5
  endloop
 endfacet
 facet normal 0.57735026918962584 0.57735026918962584 0.57735026918962584
  outer loop
   vertex 138 142.5 240
   vertex 137 143 240.5
   vertex 138 142 240.5
  endloop
 endfacet
 facet normal 0 0 1
  outer loop
   vertex 138 142 240.5
   vertex 137 143 240.5
   vertex 137 142 240.5
  endloop
 endfacet
 facet normal 0.57735026918962584 0.57735026918962584 0.57735026918962584
  outer loop
   vertex 138.5 142 240
   vertex 138 142.5 240
   vertex 138 142 240.5
  endloop
 endfacet
 facet normal -0.57735026918962584 0.57735026918962584 0.57735026918962584
  outer loop
   vertex 135.5 143 240
   vertex 136 143 240.5
   vertex 136 143.5 240
  endloop
 endfacet
 facet normal -0 0.70710678118654746 0.70710678118654746
  outer loop
   vertex 137 143.5 240
   vertex 136 143.5 240
   vertex 136 143 240.5
  endloop
 endfacet
 facet normal 0 0.70710678118654746 0.70710678118654746
  outer loop
   vertex 137 143 240.5
   vertex 137 143.5 240
   vertex 136 143 240.5
  endloop
 endfacet
 facet normal 0.57735026918962584 0.57735026918962584 0.57735026918962584
  outer loop
   vertex 137.5 143 240
   vertex 137 143.5 240
   vertex 137 143 240.5
  endloop
 endfacet
 facet normal -0.70710678118654746 -0.70710678118654746 -0
  outer loop
   vertex 139 131.5 241
   vertex 139 131.5 242
   vertex 138.5 132 242
  endloop
 endfacet
 facet normal -0.70710678118654746 -0.70710678118654746 0
  outer loop
   vertex 138.5 132 241
   vertex 139 131.5 241
   vertex 138.5 132 242
  endloop
 endfacet
 facet normal 0.57735026918962584 -0.57735026918962584 -0.57735026918962584
  outer loop
   vertex 139.5 132 241
   vertex 140 132 241.5
   vertex 140 131.5 242
  endloop
 endfacet
 facet normal 0.57735026918962584 -0.57735026918962584 -0.57735026918962584
  outer loop
   vertex 139.5 132 241
   vertex 140 131.5 242
   vertex 139 131.5 241
  endloop
 endfacet
 facet normal -0 -1 0
  outer loop
   vertex 139 131.5 241
   vertex 140 131.5 242
   vertex 139 131.5 242
  endloop
 endfacet
 facet normal -0 -0.70710678118654746 -0.70710678118654746
  outer loop
   vertex 140 132 241.5
   vertex 141 132 241.5
   vertex 141 131.5 242
  endloop
 endfacet
 facet normal 0 -0.70710678118654746 -0.70710678118654746
  outer loop
   vertex 140 131.5 242
   vertex 140 132 241.5
   vertex 141 131.5 242
  endloop
 endfacet
 facet normal 0.57735026918962584 -0.57735026918962584 -0.57735026918962584
  outer loop
   vertex 141 131.5 242
   vertex 141 132 241.5
   vertex 141.5 132 242
  endloop
 endfacet
 facet normal -0.57735026918962584 -0.57735026918962584 0.57735026918962584
  outer loop
   vertex 137 132.5 241
   vertex 137 133 241.5
   vertex 136.5 133 241
  endloop
 endfacet
 facet normal -0.57735026918962584 -0.57735026918962584 0.57735026918962584
  outer loop
   vertex 137.5 133 242
   vertex 137 133 241.5
   vertex 137 132.5 241
  endloop
 endfacet
 facet normal -0.57735026918962584 -0.57735026918962584 0.57735026918962584
  outer loop
   vertex 137.5 133 242
   vertex 137 132.5 241
   vertex 138 132.5 242
  endloop
 endfacet
 facet normal 0 -1 0
  outer loop
   vertex 138 132.5 242
   vertex 137 132.5 241
   vertex 138 132.5 241
  endloop
 endfacet
 facet normal -0.70710678118654746 -0.70710678118654746 0
  outer loop
   vertex 138.5 132 242
   vertex 138 132.5 241
   vertex 138.5 132 241
  endloop
 endfacet
 facet normal -0.70710678118654746 -0.70710678118654746 0
  outer loop
   vertex 138 132.5 242
   vertex 138 132.5 241
   vertex 138.5 132 242
  endloop
 endfacet
 facet normal 0.57735026918962584 -0.57735026918962584 -0.57735026918962584
  outer loop
   vertex 139.5 132 241
   vertex 140 132.5 241
   vertex 140 132 241.5
  endloop
 endfacet
 facet normal 0 -0.70710678118654746 -0.70710678118654746
  outer loop
   vertex 141 132.5 241
   vertex 140 132 241.5
   vertex 140 132.5 241
  endloop
 endfacet
 facet normal 0 -0.70710678118654746 -0.70710678118654746
  outer loop
   vertex 141 132 241.5
   vertex 140 132 241.5
   vertex 141 132.5 241
  endloop
 endfacet
 facet normal 0.57735026918962584 -0.57735026918962584 -0.57735026918962584
  outer loop
   vertex 141.5 133 241
   vertex 142 133 241.5
   vertex 142 132.5 242
  endloop
 endfacet
 facet normal 0.57735026918962584 -0.57735026918962584 -0.57735026918962584
  outer loop
   vertex 141 132.5 241
   vertex 141.5 133 241
   vertex 142 132.5 242
  endloop
 endfacet
 facet normal 0.57735026918962584 -0.57735026918962584 -0.57735026918962584
  outer loop
   vertex 141 132.5 241
   vertex 142 132.5 242
   vertex 141.5 132 242
  endloop
 endfacet
 facet normal 0.57735026918962584 -0.57735026918962584 -0.57735026918962584
  outer loop
   vertex 141 132.5 241
   vertex 141.5 132 242
   vertex 141 132 241.5
  endloop
 endfacet
 facet normal 0.57735026918962584 -0.57735026918962584 -0.57735026918962584
  outer loop
   vertex 142 132.5 242
   vertex 142 133 241.5
   vertex 142.5 133 242
  endloop
 endfacet
 facet normal -0.70710678118654746 0 0.70710678118654746
  outer loop
   vertex 137 133 241.5
   vertex 137 134 241.5
   vertex 136.5 134 241
  endloop
 endfacet
 facet normal -0.70710678118654746 0 0.70710678118654746
  outer loop
   vertex 136.5 133 241
   vertex 137 133 241.5
   vertex 136.5 134 241
  endloop
 endfacet
 facet normal -0.70710678118654746 0 0.70710678118654746
  outer loop
   vertex 137.5 134 242
   vertex 137 133 241.5
   vertex 137.5 133 242
  endloop
 endfacet
 facet normal -0.70710678118654746 0 0.70710678118654746
  outer loop
   vertex 137 134 241.5
   vertex 137 133 241.5
   vertex 137.5 134 242
  endloop
 endfacet
 facet normal 0.70710678118654746 0 -0.70710678118654746
  outer loop
   vertex 142 133 241.5
   vertex 141.5 134 241
   vertex 142 134 241.5
  endloop
 endfacet
 facet normal 0.70710678118654746 0 -0.70710678118654746
  outer loop
   vertex 141.5 133 241
   vertex 141.5 134 241
   vertex 142 133 241.5
  endloop
 endfacet
 facet normal 0.70710678118654746 0 -0.70710678118654746
  outer loop
   vertex 142.5 134 242
   vertex 142.5 133 242
   vertex 142 133 241.5
  endloop
 endfacet
 facet normal 0.70710678118654746 0 -0.70710678118654746
  outer loop
   vertex 142 134 241.5
   vertex 142.5 134 242
   vertex 142 133 241.5
  endloop
 endfacet
 facet normal -0.57735026918962584 -0.57735026918962584 0.57735026918962584
  outer loop
   vertex 136 134.5 241
   vertex 136 135 241.5
   vertex 135.5 135 241
  endloop
 endfacet
 facet normal -0.57735026918962584 -0.57735026918962584 0.57735026918962584
  outer loop
   vertex 136 134.5 241
   vertex 136.5 134 241
   vertex 137 134 241.5
  endloop
 endfacet
 facet normal -0.57735026918962584 -0.57735026918962584 0.57735026918962584
  outer loop
   vertex 136 134.5 241
   vertex 137 134 241.5
   vertex 136 135 241.5
  endloop
 endfacet
 facet normal 0 -0 1
  outer loop
   vertex 136 135 241.5
   vertex 137 134 241.5
   vertex 137 135 241.5
  endloop
 endfacet
 facet normal -0.70710678118654746 0 0.70710678118654746
  outer loop
   vertex 137.5 135 242
   vertex 137 134 241.5
   vertex 137.5 134 242
  endloop
 endfacet
 facet normal -0.70710678118654746 0 0.70710678118654746
  outer loop
   vertex 137 135 241.5
   vertex 137 134 241.5
   vertex 137.5 135 242
  endloop
 endfacet
 facet normal 0.57735026918962584 -0.57735026918962584 0.57735026918962584
  outer loop
   vertex 142 135 241.5
   vertex 141.5 134 241
   vertex 142 134.5 241
  endloop
 endfacet
 facet normal 0.57735026918962584 -0.57735026918962584 0.57735026918962584
  outer loop
   vertex 142 135 241.5
   vertex 141.5 135 242
   vertex 141.5 134 241
  endloop
 endfacet
 facet normal 0.57735026918962584 0.57735026918962584 -0.57735026918962584
  outer loop
   vertex 142 134 241.5
   vertex 141.5 134 241
   vertex 142 134.5 242
  endloop
 endfacet
 facet normal 0.57735026918962584 0.57735026918962584 -0.57735026918962584
  outer loop
   vertex 142 134.5 242
   vertex 141.5 134 241
   vertex 141.5 135 242
  endloop
 endfacet
 facet normal 0.57735026918962584 0.57735026918962584 -0.57735026918962584
  outer loop
   vertex 142 134 241.5
   vertex 142 134.5 242
   vertex 142.5 134 242
  endloop
 endfacet
 facet normal 0.57735026918962584 -0.57735026918962584 0.57735026918962584
  outer loop
   vertex 142 134.5 241
   vertex 142.5 135 241
   vertex 142 135 241.5
  endloop
 endfacet
 facet normal -0.70710678118654746 0 0.70710678118654746
  outer loop
   vertex 136 135 241.5
   vertex 136 136 241.5
   vertex 135.5 136 241
  endloop
 endfacet
 facet normal -0.70710678118654746 0 0.70710678118654746
  outer loop
   vertex 135.5 135 241
   vertex 136 135 241.5
   vertex 135.5 136 241
  endloop
 endfacet
 facet normal 0 0 1
  outer loop
   vertex 137 135 241.5
   vertex 137 136 241.5
   vertex 136 135 241.5
  endloop
 endfacet
 facet normal -0 0 1
  outer loop
   vertex 137 136 241.5
   vertex 136 136 241.5
   vertex 136 135 241.5
  endloop
 endfacet
 facet normal -0.57735026918962584 0.57735026918962584 0.57735026918962584
  outer loop
   vertex 138 135.5 242
   vertex 137 135 241.5
   vertex 137.5 135 242
  endloop
 endfacet
 facet normal -0.57735026918962584 0.57735026918962584 0.57735026918962584
  outer loop
   vertex 138 135.5 242
   vertex 138 136 241.5
   vertex 137 135 241.5
  endloop
 endfacet
 facet normal -0 0 1
  outer loop
   vertex 138 136 241.5
   vertex 137 136 241.5
   vertex 137 135 241.5
  endloop
 endfacet
 facet normal 0 0.70710678118654746 0.70710678118654746
  outer loop
   vertex 138 136 241.5
   vertex 139 135.5 242
   vertex 139 136 241.5
  endloop
 endfacet
 facet normal 0 0.70710678118654746 0.70710678118654746
  outer loop
   vertex 138 135.5 242
   vertex 139 135.5 242
   vertex 138 136 241.5
  endloop
 endfacet
 facet normal -0.57735026918962584 0.57735026918962584 0.57735026918962584
  outer loop
   vertex 139 135.5 242
   vertex 139.5 136 242
   vertex 139 136 241.5
  endloop
 endfacet
 facet normal 0.57735026918962584 0.57735026918962584 0.57735026918962584
  outer loop
   vertex 142 135.5 241
   vertex 141.5 135 242
   vertex 142 135 241.5
  endloop
 endfacet
 facet normal 0.57735026918962584 0.57735026918962584 0.57735026918962584
  outer loop
   vertex 142 135.5 241
   vertex 141.5 136 241
   vertex 141.5 135 242
  endloop
 endfacet
 facet normal 1 0 0
  outer loop
   vertex 141.5 136 241
   vertex 141.5 136 242
   vertex 141.5 135 242
  endloop
 endfacet
 facet normal 0.57735026918962584 0.57735026918962584 0.57735026918962584
  outer loop
   vertex 142.5 135 241
   vertex 142 135.5 241
   vertex 142 135 241.5
  endloop
 endfacet
 facet normal -0.70710678118654746 0 0.70710678118654746
  outer loop
   vertex 136 136 241.5
   vertex 136 137 241.5
   vertex 135.5 137 241
  endloop
 endfacet
 facet normal -0.70710678118654746 0 0.70710678118654746
  outer loop
   vertex 135.5 136 241
   vertex 136 136 241.5
   vertex 135.5 137 241
  endloop
 endfacet
 facet normal 0 0 1
  outer loop
   vertex 137 136 241.5
   vertex 137 137 241.5
   vertex 136 136 241.5
  endloop
 endfacet
 facet normal -0 0 1
  outer loop
   vertex 137 137 241.5
   vertex 136 137 241.5
   vertex 136 136 241.5
  endloop
 endfacet
 facet normal 0 0 1
  outer loop
   vertex 138 136 241.5
   vertex 138 137 241.5
   vertex 137 136 241.5
  endloop
 endfacet
 facet normal -0 0 1
  outer loop
   vertex 138 137 241.5
   vertex 137 137 241.5
   vertex 137 136 241.5
  endloop
 endfacet
 facet normal 0 0 1
  outer loop
   vertex 139 136 241.5
   vertex 139 137 241.5
   vertex 138 136 241.5
  endloop
 endfacet
 facet normal -0 0 1
  outer loop
   vertex 139 137 241.5
   vertex 138 137 241.5
   vertex 138 136 241.5
  endloop
 endfacet
 facet normal -0.57735026918962584 0.57735026918962584 0.57735026918962584
  outer loop
   vertex 140 136.5 242
   vertex 139 136 241.5
   vertex 139.5 136 242
  endloop
 endfacet
 facet normal -0.57735026918962584 0.57735026918962584 0.57735026918962584
  outer loop
   vertex 140 136.5 242
   vertex 140 137 241.5
   vertex 139 136 241.5
  endloop
 endfacet
 facet normal -0 0 1
  outer loop
   vertex 140 137 241.5
   vertex 139 137 241.5
   vertex 139 136 241.5
  endloop
 endfacet
 facet normal 0 0.70710678118654746 0.70710678118654746
  outer loop
   vertex 140 137 241.5
   vertex 141 136.5 242
   vertex 141 137 241.5
  endloop
 endfacet
 facet normal 0 0.70710678118654746 0.70710678118654746
  outer loop
   vertex 140 136.5 242
   vertex 141 136.5 242
   vertex 140 137 241.5
  endloop
 endfacet
 facet normal 0.57735026918962584 0.57735026918962584 0.57735026918962584
  outer loop
   vertex 141 137 241.5
   vertex 141 136.5 242
   vertex 141.5 136 242
  endloop
 endfacet
 facet normal 0.57735026918962584 0.57735026918962584 0.57735026918962584
  outer loop
   vertex 141 137 241.5
   vertex 141.5 136 242
   vertex 141.5 137 241
  endloop
 endfacet
 facet normal 1 0 0
  outer loop
   vertex 141.5 137 241
   vertex 141.5 136 242
   vertex 141.5 136 241
  endloop
 endfacet
 facet normal -0.70710678118654746 0 0.70710678118654746
  outer loop
   vertex 136 137 241.5
   vertex 136 138 241.5
   vertex 135.5 138 241
  endloop
 endfacet
 facet normal -0.70710678118654746 0 0.70710678118654746
  outer loop
   vertex 135.5 137 241
   vertex 136 137 241.5
   vertex 135.5 138 241
  endloop
 endfacet
 facet normal 0 0 1
  outer loop
   vertex 137 137 241.5
   vertex 137 138 241.5
   vertex 136 137 241.5
  endloop
 endfacet
 facet normal -0 0 1
  outer loop
   vertex 137 138 241.5
   vertex 136 138 241.5
   vertex 136 137 241.5
  endloop
 endfacet
 facet normal 0 0 1
  outer loop
   vertex 138 137 241.5
   vertex 138 138 241.5
   vertex 137 137 241.5
  endloop
 endfacet
 facet normal -0 0 1
  outer loop
   vertex 138 138 241.5
   vertex 137 138 241.5
   vertex 137 137 241.5
  endloop
 endfacet
 facet normal 0 0 1
  outer loop
   vertex 139 137 241.5
   vertex 139 138 241.5
   vertex 138 137 241.5
  endloop
 endfacet
 facet normal -0 0 1
  outer loop
   vertex 139 138 241.5
   vertex 138 138 241.5
   vertex 138 137 241.5
  endloop
 endfacet
 facet normal 0 0 1
  outer loop
   vertex 140 137 241.5
   vertex 140 138 241.5
   vertex 139 137 241.5
  endloop
 endfacet
 facet normal -0 0 1
  outer loop
   vertex 140 138 241.5
   vertex 139 138 241.5
   vertex 139 137 241.5
  endloop
 endfacet
 facet normal 0.57735026918962584 0.57735026918962584 0.57735026918962584
  outer loop
   vertex 141 137.5 241
   vertex 140.5 138 241
   vertex 140 138 241.5
  endloop
 endfacet
 facet normal 0.57735026918962584 0.57735026918962584 0.57735026918962584
  outer loop
   vertex 141 137.5 241
   vertex 140 138 241.5
   vertex 141 137 241.5
  endloop
 endfacet
 facet normal 0 0 1
  outer loop
   vertex 141 137 241.5
   vertex 140 138 241.5
   vertex 140 137 241.5
  endloop
 endfacet
 facet normal 0.57735026918962584 0.57735026918962584 0.57735026918962584
  outer loop
   vertex 141.5 137 241
   vertex 141 137.5 241
   vertex 141 137 241.5
  endloop
 endfacet
 facet normal -0.57735026918962584 0.57735026918962584 0.57735026918962584
  outer loop
   vertex 135.5 138 241
   vertex 136 138 241.5
   vertex 136 138.5 241
  endloop
 endfacet
 facet normal -0 0.70710678118654746 0.70710678118654746
  outer loop
   vertex 137 138.5 241
   vertex 136 138.5 241
   vertex 136 138 241.5
  endloop
 endfacet
 facet normal 0 0.70710678118654746 0.70710678118654746
  outer loop
   vertex 137 138 241.5
   vertex 137 138.5 241
   vertex 136 138 241.5
  endloop
 endfacet
 facet normal -0.57735026918962584 0.57735026918962584 0.57735026918962584
  outer loop
   vertex 137.5 139 241
   vertex 137 138.5 241
   vertex 137 138 241.5
  endloop
 endfacet
 facet normal -0.57735026918962584 0.57735026918962584 0.57735026918962584
  outer loop
   vertex 137.5 139 241
   vertex 137 138 241.5
   vertex 138 139 241.5
  endloop
 endfacet
 facet normal 0 0 1
  outer loop
   vertex 138 139 241.5
   vertex 137 138 241.5
   vertex 138 138 241.5
  endloop
 endfacet
 facet normal 0.57735026918962584 0.57735026918962584 0.57735026918962584
  outer loop
   vertex 139 138.5 241
   vertex 138.5 139 241
   vertex 138 139 241.5
  endloop
 endfacet
 facet normal 0.57735026918962584 0.57735026918962584 0.57735026918962584
  outer loop
   vertex 139 138.5 241
   vertex 138 139 241.5
   vertex 139 138 241.5
  endloop
 endfacet
 facet normal 0 0 1
  outer loop
   vertex 139 138 241.5
   vertex 138 139 241.5
   vertex 138 138 241.5
  endloop
 endfacet
 facet normal -0 0.70710678118654746 0.70710678118654746
  outer loop
   vertex 140 138.5 241
   vertex 139 138.5 241
   vertex 139 138 241.5
  endloop
 endfacet
 facet normal 0 0.70710678118654746 0.70710678118654746
  outer loop
   vertex 140 138 241.5
   vertex 140 138.5 241
   vertex 139 138 241.5
  endloop
 endfacet
 facet normal 0.57735026918962584 0.57735026918962584 0.57735026918962584
  outer loop
   vertex 140.5 138 241
   vertex 140 138.5 241
   vertex 140 138 241.5
  endloop
 endfacet
 facet normal -0.57735026918962584 0.57735026918962584 0.57735026918962584
  outer loop
   vertex 137.5 139 241
   vertex 138 139 241.5
   vertex 138 139.5 241
  endloop
 endfacet
 facet normal 0.57735026918962584 0.57735026918962584 0.57735026918962584
  outer loop
   vertex 138.5 139 241
   vertex 138 139.5 241
   vertex 138 139 241.5
  endloop
 endfacet
 facet normal -0.57735026918962584 -0.57735026918962584 0.57735026918962584
  outer loop
   vertex 139 131.5 242
   vertex 139 132 242.5
   vertex 138.5 132 242
  endloop
 endfacet
 facet normal -0.57735026918962584 -0.57735026918962584 0.57735026918962584
  outer loop
   vertex 139.5 132 243
   vertex 139 132 242.5
   vertex 139 131.5 242
  endloop
 endfacet
 facet normal -0.57735026918962584 -0.57735026918962584 0.57735026918962584
  outer loop
   vertex 139.5 132 243
   vertex 139 131.5 242
   vertex 140 131.5 243
  endloop
 endfacet
 facet normal 0 -1 0
  outer loop
   vertex 140 131.5 243
   vertex 139 131.5 242
   vertex 140 131.5 242
  endloop
 endfacet
 facet normal 0 -1 -0
  outer loop
   vertex 141 131.5 242
   vertex 141 131.5 243
   vertex 140 131.5 242
  endloop
 endfacet
 facet normal -0 -1 0
  outer loop
   vertex 140 131.5 242
   vertex 141 131.5 243
   vertex 140 131.5 243
  endloop
 endfacet
 facet normal 0.70710678118654746 -0.70710678118654746 0
  outer loop
   vertex 141 131.5 243
   vertex 141 131.5 242
   vertex 141.5 132 242
  endloop
 endfacet
 facet normal 0.70710678118654746 -0.70710678118654746 0
  outer loop
   vertex 141.5 132 243
   vertex 141 131.5 243
   vertex 141.5 132 242
  endloop
 endfacet
 facet normal -0.57735026918962584 -0.57735026918962584 0.57735026918962584
  outer loop
   vertex 138 132.5 242
   vertex 138 133 242.5
   vertex 137.5 133 242
  endloop
 endfacet
 facet normal -0.57735026918962584 -0.57735026918962584 0.57735026918962584
  outer loop
   vertex 138 132.5 242
   vertex 138.5 133 243
   vertex 138 133 242.5
  endloop
 endfacet
 facet normal -0.57735026918962584 -0.57735026918962584 0.57735026918962584
  outer loop
   vertex 138.5 132 242
   vertex 138.5 133 243
   vertex 138 132.5 242
  endloop
 endfacet
 facet normal -0.57735026918962584 -0.57735026918962584 0.57735026918962584
  outer loop
   vertex 138.5 132 242
   vertex 139 132.5 243
   vertex 138.5 133 243
  endloop
 endfacet
 facet normal -0.57735026918962584 -0.57735026918962584 0.57735026918962584
  outer loop
   vertex 138.5 132 242
   vertex 139 132 242.5
   vertex 139 132.5 243
  endloop
 endfacet
 facet normal -0.57735026918962584 -0.57735026918962584 0.57735026918962584
  outer loop
   vertex 139.5 132 243
   vertex 139 132.5 243
   vertex 139 132 242.5
  endloop
 endfacet
 facet normal 0.70710678118654746 -0.70710678118654746 0
  outer loop
   vertex 141.5 132 242
   vertex 142 132.5 243
   vertex 141.5 132 243
  endloop
 endfacet
 facet normal 0.70710678118654746 -0.70710678118654746 0
  outer loop
   vertex 142 132.5 242
   vertex 142 132.5 243
   vertex 141.5 132 242
  endloop
 endfacet
 facet normal 0.70710678118654746 -0.70710678118654746 0
  outer loop
   vertex 142 132.5 243
   vertex 142 132.5 242
   vertex 142.5 133 242
  endloop
 endfacet
 facet normal 0.70710678118654746 -0.70710678118654746 0
  outer loop
   vertex 142.5 133 243
   vertex 142 132.5 243
   vertex 142.5 133 242
  endloop
 endfacet
 facet normal -0.70710678118654746 0 0.70710678118654746
  outer loop
   vertex 138 133 242.5
   vertex 138 134 242.5
   vertex 137.5 134 242
  endloop
 endfacet
 facet normal -0.70710678118654746 0 0.70710678118654746
  outer loop
   vertex 137.5 133 242
   vertex 138 133 242.5
   vertex 137.5 134 242
  endloop
 endfacet
 facet normal -0.57735026918962584 0.57735026918962584 0.57735026918962584
  outer loop
   vertex 139 133.5 243
   vertex 138 133 242.5
   vertex 138.5 133 243
  endloop
 endfacet
 facet normal -0.57735026918962584 0.57735026918962584 0.57735026918962584
  outer loop
   vertex 139 133.5 243
   vertex 139 134 242.5
   vertex 138 133 242.5
  endloop
 endfacet
 facet normal -0 0 1
  outer loop
   vertex 139 134 242.5
   vertex 138 134 242.5
   vertex 138 133 242.5
  endloop
 endfacet
 facet normal 0 0.70710678118654746 0.70710678118654746
  outer loop
   vertex 139 134 242.5
   vertex 140 133.5 243
   vertex 140 134 242.5
  endloop
 endfacet
 facet normal 0 0.70710678118654746 0.70710678118654746
  outer loop
   vertex 139 133.5 243
   vertex 140 133.5 243
   vertex 139 134 242.5
  endloop
 endfacet
 facet normal 0 0.70710678118654746 0.70710678118654746
  outer loop
   vertex 140 134 242.5
   vertex 141 133.5 243
   vertex 141 134 242.5
  endloop
 endfacet
 facet normal 0 0.70710678118654746 0.70710678118654746
  outer loop
   vertex 140 133.5 243
   vertex 141 133.5 243
   vertex 140 134 242.5
  endloop
 endfacet
 facet normal -0.57735026918962584 0.57735026918962584 0.57735026918962584
  outer loop
   vertex 141 133.5 243
   vertex 141.5 134 243
   vertex 141 134 242.5
  endloop
 endfacet
 facet normal 1 0 0
  outer loop
   vertex 142.5 133 242
   vertex 142.5 134 242
   vertex 142.5 133 243
  endloop
 endfacet
 facet normal 1 0 -0
  outer loop
   vertex 142.5 133 243
   vertex 142.5 134 242
   vertex 142.5 134 243
  endloop
 endfacet
 facet normal -0.70710678118654746 0 0.70710678118654746
  outer loop
   vertex 138 134 242.5
   vertex 138 135 242.5
   vertex 137.5 135 242
  endloop
 endfacet
 facet normal -0.70710678118654746 0 0.70710678118654746
  outer loop
   vertex 137.5 134 242
   vertex 138 134 242.5
   vertex 137.5 135 242
  endloop
 endfacet
 facet normal 0 0 1
  outer loop
   vertex 139 134 242.5
   vertex 139 135 242.5
   vertex 138 134 242.5
  endloop
 endfacet
 facet normal -0 0 1
  outer loop
   vertex 139 135 242.5
   vertex 138 135 242.5
   vertex 138 134 242.5
  endloop
 endfacet
 facet normal 0 0 1
  outer loop
   vertex 140 134 242.5
   vertex 140 135 242.5
   vertex 139 134 242.5
  endloop
 endfacet
 facet normal -0 0 1
  outer loop
   vertex 140 135 242.5
   vertex 139 135 242.5
   vertex 139 134 242.5
  endloop
 endfacet
 facet normal 0 0 1
  outer loop
   vertex 141 134 242.5
   vertex 141 135 242.5
   vertex 140 134 242.5
  endloop
 endfacet
 facet normal -0 0 1
  outer loop
   vertex 141 135 242.5
   vertex 140 135 242.5
   vertex 140 134 242.5
  endloop
 endfacet
 facet normal 0.70710678118654746 0.70710678118654746 0
  outer loop
   vertex 141.5 135 242
   vertex 142 134.5 243
   vertex 142 134.5 242
  endloop
 endfacet
 facet normal -0.57735026918962573 0.57735026918962573 0.57735026918962573
  outer loop
   vertex 141.5 135 242
   vertex 141 134 242.5
   vertex 142 134.5 243
  endloop
 endfacet
 facet normal 0.70710678118654746 0 0.70710678118654746
  outer loop
   vertex 141.5 135 242
   vertex 141 135 242.5
   vertex 141 134 242.5
  endloop
 endfacet
 facet normal -0.57735026918962584 0.57735026918962584 0.57735026918962584
  outer loop
   vertex 141.5 134 243
   vertex 142 134.5 243
   vertex 141 134 242.5
  endloop
 endfacet
 facet normal 0.70710678118654746 0.70710678118654746 -0
  outer loop
   vertex 142.5 134 243
   vertex 142.5 134 242
   vertex 142 134.5 242
  endloop
 endfacet
 facet normal 0.70710678118654746 0.70710678118654746 0
  outer loop
   vertex 142 134.5 243
   vertex 142.5 134 243
   vertex 142 134.5 242
  endloop
 endfacet
 facet normal -0.57735026918962584 0.57735026918962584 0.57735026918962584
  outer loop
   vertex 137.5 135 242
   vertex 138 135 242.5
   vertex 138 135.5 242
  endloop
 endfacet
 facet normal -0 0.70710678118654746 0.70710678118654746
  outer loop
   vertex 139 135.5 242
   vertex 138 135.5 242
   vertex 138 135 242.5
  endloop
 endfacet
 facet normal 0 0.70710678118654746 0.70710678118654746
  outer loop
   vertex 139 135 242.5
   vertex 139 135.5 242
   vertex 138 135 242.5
  endloop
 endfacet
 facet normal -0.57735026918962584 0.57735026918962584 0.57735026918962584
  outer loop
   vertex 139.5 136 242
   vertex 139 135.5 242
   vertex 139 135 242.5
  endloop
 endfacet
 facet normal -0.57735026918962584 0.57735026918962584 0.57735026918962584
  outer loop
   vertex 139.5 136 242
   vertex 139 135 242.5
   vertex 140 136 242.5
  endloop
 endfacet
 facet normal 0 0 1
  outer loop
   vertex 140 136 242.5
   vertex 139 135 242.5
   vertex 140 135 242.5
  endloop
 endfacet
 facet normal 0 0 1
  outer loop
   vertex 141 135 242.5
   vertex 141 136 242.5
   vertex 140 135 242.5
  endloop
 endfacet
 facet normal -0 0 1
  outer loop
   vertex 141 136 242.5
   vertex 140 136 242.5
   vertex 140 135 242.5
  endloop
 endfacet
 facet normal 0.70710678118654746 0 0.70710678118654746
  outer loop
   vertex 141.5 135 242
   vertex 141.5 136 242
   vertex 141 136 242.5
  endloop
 endfacet
 facet normal 0.70710678118654746 0 0.70710678118654746
  outer loop
   vertex 141 135 242.5
   vertex 141.5 135 242
   vertex 141 136 242.5
  endloop
 endfacet
 facet normal -0.57735026918962584 0.57735026918962584 0.57735026918962584
  outer loop
   vertex 139.5 136 242
   vertex 140 136 242.5
   vertex 140 136.5 242
  endloop
 endfacet
 facet normal -0 0.70710678118654746 0.70710678118654746
  outer loop
   vertex 141 136.5 242
   vertex 140 136.5 242
   vertex 140 136 242.5
  endloop
 endfacet
 facet normal 0 0.70710678118654746 0.70710678118654746
  outer loop
   vertex 141 136 242.5
   vertex 141 136.5 242
   vertex 140 136 242.5
  endloop
 endfacet
 facet normal 0.57735026918962584 0.57735026918962584 0.57735026918962584
  outer loop
   vertex 141.5 136 242
   vertex 141 136.5 242
   vertex 141 136 242.5
  endloop
 endfacet
 facet normal -0.57735026918962584 -0.57735026918962584 0.57735026918962584
  outer loop
   vertex 140 131.5 243
   vertex 140 132 243.5
   vertex 139.5 132 243
  endloop
 endfacet
 facet normal 0 -0.70710678118654746 0.70710678118654746
  outer loop
   vertex 140 131.5 243
   vertex 141 131.5 243
   vertex 141 132 243.5
  endloop
 endfacet
 facet normal 0 -0.70710678118654746 0.70710678118654746
  outer loop
   vertex 140 132 243.5
   vertex 140 131.5 243
   vertex 141 132 243.5
  endloop
 endfacet
 facet normal 0.57735026918962584 -0.57735026918962584 0.57735026918962584
  outer loop
   vertex 141 131.5 243
   vertex 141.5 132 243
   vertex 141 132 243.5
  endloop
 endfacet
 facet normal -0.57735026918962584 -0.57735026918962584 0.57735026918962584
  outer loop
   vertex 139 132.5 243
   vertex 139 133 243.5
   vertex 138.5 133 243
  endloop
 endfacet
 facet normal -0.57735026918962584 -0.57735026918962584 0.57735026918962584
  outer loop
   vertex 139 132.5 243
   vertex 139.5 132 243
   vertex 140 132 243.5
  endloop
 endfacet
 facet normal -0.57735026918962584 -0.57735026918962584 0.57735026918962584
  outer loop
   vertex 139 132.5 243
   vertex 140 132 243.5
   vertex 139 133 243.5
  endloop
 endfacet
 facet normal 0 -0 1
  outer loop
   vertex 139 133 243.5
   vertex 140 132 243.5
   vertex 140 133 243.5
  endloop
 endfacet
 facet normal 0 0 1
  outer loop
   vertex 141 132 243.5
   vertex 141 133 243.5
   vertex 140 132 243.5
  endloop
 endfacet
 facet normal -0 0 1
  outer loop
   vertex 141 133 243.5
   vertex 140 133 243.5
   vertex 140 132 243.5
  endloop
 endfacet
 facet normal 0.57735026918962584 -0.57735026918962584 0.57735026918962584
  outer loop
   vertex 141.5 132 243
   vertex 142 132.5 243
   vertex 142 133 243.5
  endloop
 endfacet
 facet normal 0.57735026918962584 -0.57735026918962584 0.57735026918962584
  outer loop
   vertex 141.5 132 243
   vertex 142 133 243.5
   vertex 141 132 243.5
  endloop
 endfacet
 facet normal 0 0 1
  outer loop
   vertex 141 132 243.5
   vertex 142 133 243.5
   vertex 141 133 243.5
  endloop
 endfacet
 facet normal 0.57735026918962584 -0.57735026918962584 0.57735026918962584
  outer loop
   vertex 142 132.5 243
   vertex 142.5 133 243
   vertex 142 133 243.5
  endloop
 endfacet
 facet normal -0.57735026918962584 0.57735026918962584 0.57735026918962584
  outer loop
   vertex 138.5 133 243
   vertex 139 133 243.5
   vertex 139 133.5 243
  endloop
 endfacet
 facet normal -0 0.70710678118654746 0.70710678118654746
  outer loop
   vertex 140 133.5 243
   vertex 139 133.5 243
   vertex 139 133 243.5
  endloop
 endfacet
 facet normal 0 0.70710678118654746 0.70710678118654746
  outer loop
   vertex 140 133 243.5
   vertex 140 133.5 243
   vertex 139 133 243.5
  endloop
 endfacet
 facet normal -0 0.70710678118654746 0.70710678118654746
  outer loop
   vertex 141 133.5 243
   vertex 140 133.5 243
   vertex 140 133 243.5
  endloop
 endfacet
 facet normal 0 0.70710678118654746 0.70710678118654746
  outer loop
   vertex 141 133 243.5
   vertex 141 133.5 243
   vertex 140 133 243.5
  endloop
 endfacet
 facet normal -0.57735026918962584 0.57735026918962584 0.57735026918962584
  outer loop
   vertex 141.5 134 243
   vertex 141 133.5 243
   vertex 141 133 243.5
  endloop
 endfacet
 facet normal -0.57735026918962584 0.57735026918962584 0.57735026918962584
  outer loop
   vertex 141.5 134 243
   vertex 141 133 243.5
   vertex 142 134 243.5
  endloop
 endfacet
 facet normal 0 0 1
  outer loop
   vertex 142 134 243.5
   vertex 141 133 243.5
   vertex 142 133 243.5
  endloop
 endfacet
 facet normal 0.70710678118654746 0 0.70710678118654746
  outer loop
   vertex 142.5 133 243
   vertex 142.5 134 243
   vertex 142 134 243.5
  endloop
 endfacet
 facet normal 0.70710678118654746 0 0.70710678118654746
  outer loop
   vertex 142 133 243.5
   vertex 142.5 133 243
   vertex 142 134 243.5
  endloop
 endfacet
 facet normal -0.57735026918962584 0.57735026918962584 0.57735026918962584
  outer loop
   vertex 141.5 134 243
   vertex 142 134 243.5
   vertex 142 134.5 243
  endloop
 endfacet
 facet normal 0.57735026918962584 0.57735026918962584 0.57735026918962584
  outer loop
   vertex 142.5 134 243
   vertex 142 134.5 243
   vertex 142 134 243.5
  endloop
 endfacet
endsolid
