solid Visualization Toolkit generated SLA File
 facet normal -0.57735026918962584 -0.57735026918962584 -0.57735026918962584
  outer loop
   vertex 97 140 267.5
   vertex 97 139.5 268
   vertex 96.5 140 268
  endloop
 endfacet
 facet normal -0 -0.70710678118654746 -0.70710678118654746
  outer loop
   vertex 97 140 267.5
   vertex 98 140 267.5
   vertex 98 139.5 268
  endloop
 endfacet
 facet normal 0 -0.70710678118654746 -0.70710678118654746
  outer loop
   vertex 97 139.5 268
   vertex 97 140 267.5
   vertex 98 139.5 268
  endloop
 endfacet
 facet normal 0.57735026918962584 -0.57735026918962584 -0.57735026918962584
  outer loop
   vertex 98 139.5 268
   vertex 98 140 267.5
   vertex 98.5 140 268
  endloop
 endfacet
 facet normal -0.57735026918962584 -0.57735026918962584 -0.57735026918962584
  outer loop
   vertex 96 141 267.5
   vertex 96 140.5 268
   vertex 95.5 141 268
  endloop
 endfacet
 facet normal -0.57735026918962584 -0.57735026918962584 -0.57735026918962584
  outer loop
   vertex 96.5 140 268
   vertex 96 140.5 268
   vertex 96 141 267.5
  endloop
 endfacet
 facet normal -0.57735026918962584 -0.57735026918962584 -0.57735026918962584
  outer loop
   vertex 96.5 140 268
   vertex 96 141 267.5
   vertex 97 140 267.5
  endloop
 endfacet
 facet normal 0 0 -1
  outer loop
   vertex 97 140 267.5
   vertex 96 141 267.5
   vertex 97 141 267.5
  endloop
 endfacet
 facet normal 0 0 -1
  outer loop
   vertex 98 140 267.5
   vertex 97 140 267.5
   vertex 98 141 267.5
  endloop
 endfacet
 facet normal 0 0 -1
  outer loop
   vertex 98 141 267.5
   vertex 97 140 267.5
   vertex 97 141 267.5
  endloop
 endfacet
 facet normal 0.70710678118654746 0 -0.70710678118654746
  outer loop
   vertex 98.5 141 268
   vertex 98.5 140 268
   vertex 98 140 267.5
  endloop
 endfacet
 facet normal 0.70710678118654746 0 -0.70710678118654746
  outer loop
   vertex 98 141 267.5
   vertex 98.5 141 268
   vertex 98 140 267.5
  endloop
 endfacet
 facet normal -0.57735026918962584 0.57735026918962584 -0.57735026918962584
  outer loop
   vertex 96 141 267.5
   vertex 95.5 141 268
   vertex 96 141.5 268
  endloop
 endfacet
 facet normal -0.57735026918962584 0.57735026918962584 -0.57735026918962584
  outer loop
   vertex 96 141.5 268
   vertex 96.5 142 268
   vertex 97 142 267.5
  endloop
 endfacet
 facet normal -0.57735026918962584 0.57735026918962584 -0.57735026918962584
  outer loop
   vertex 96 141.5 268
   vertex 97 142 267.5
   vertex 96 141 267.5
  endloop
 endfacet
 facet normal 0 -0 -1
  outer loop
   vertex 96 141 267.5
   vertex 97 142 267.5
   vertex 97 141 267.5
  endloop
 endfacet
 facet normal 0 0 -1
  outer loop
   vertex 98 141 267.5
   vertex 97 141 267.5
   vertex 98 142 267.5
  endloop
 endfacet
 facet normal 0 0 -1
  outer loop
   vertex 98 142 267.5
   vertex 97 141 267.5
   vertex 97 142 267.5
  endloop
 endfacet
 facet normal 0.57735026918962584 -0.57735026918962584 -0.57735026918962584
  outer loop
   vertex 99 141.5 268
   vertex 98.5 141 268
   vertex 98 141 267.5
  endloop
 endfacet
 facet normal 0.57735026918962584 -0.57735026918962584 -0.57735026918962584
  outer loop
   vertex 99 141.5 268
   vertex 98 141 267.5
   vertex 99 142 267.5
  endloop
 endfacet
 facet normal 0 0 -1
  outer loop
   vertex 99 142 267.5
   vertex 98 141 267.5
   vertex 98 142 267.5
  endloop
 endfacet
 facet normal 0.57735026918962584 -0.57735026918962584 -0.57735026918962584
  outer loop
   vertex 99 141.5 268
   vertex 99 142 267.5
   vertex 99.5 142 268
  endloop
 endfacet
 facet normal -0.70710678118654746 0 -0.70710678118654746
  outer loop
   vertex 97 143 267.5
   vertex 97 142 267.5
   vertex 96.5 142 268
  endloop
 endfacet
 facet normal -0.70710678118654746 0 -0.70710678118654746
  outer loop
   vertex 96.5 143 268
   vertex 97 143 267.5
   vertex 96.5 142 268
  endloop
 endfacet
 facet normal 0 0 -1
  outer loop
   vertex 98 142 267.5
   vertex 97 142 267.5
   vertex 98 143 267.5
  endloop
 endfacet
 facet normal 0 0 -1
  outer loop
   vertex 98 143 267.5
   vertex 97 142 267.5
   vertex 97 143 267.5
  endloop
 endfacet
 facet normal 0.57735026918962584 0.57735026918962584 -0.57735026918962584
  outer loop
   vertex 98.5 143 268
   vertex 99 142.5 268
   vertex 99 142 267.5
  endloop
 endfacet
 facet normal 0.57735026918962584 0.57735026918962584 -0.57735026918962584
  outer loop
   vertex 98.5 143 268
   vertex 99 142 267.5
   vertex 98 143 267.5
  endloop
 endfacet
 facet normal 0 0 -1
  outer loop
   vertex 98 143 267.5
   vertex 99 142 267.5
   vertex 98 142 267.5
  endloop
 endfacet
 facet normal 0.57735026918962584 0.57735026918962584 -0.57735026918962584
  outer loop
   vertex 99.5 142 268
   vertex 99 142 267.5
   vertex 99 142.5 268
  endloop
 endfacet
 facet normal -0.57735026918962584 0.57735026918962584 -0.57735026918962584
  outer loop
   vertex 97 143 267.5
   vertex 96.5 143 268
   vertex 97 143.5 268
  endloop
 endfacet
 facet normal 0 0.70710678118654746 -0.70710678118654746
  outer loop
   vertex 98 143 267.5
   vertex 97 143 267.5
   vertex 97 143.5 268
  endloop
 endfacet
 facet normal 0 0.70710678118654746 -0.70710678118654746
  outer loop
   vertex 98 143.5 268
   vertex 98 143 267.5
   vertex 97 143.5 268
  endloop
 endfacet
 facet normal 0.57735026918962584 0.57735026918962584 -0.57735026918962584
  outer loop
   vertex 98.5 143 268
   vertex 98 143 267.5
   vertex 98 143.5 268
  endloop
 endfacet
 facet normal -0.57735026918962584 -0.57735026918962584 -0.57735026918962584
  outer loop
   vertex 95 138 268.5
   vertex 95 137.5 269
   vertex 94.5 138 269
  endloop
 endfacet
 facet normal -0 -0.70710678118654746 -0.70710678118654746
  outer loop
   vertex 95 138 268.5
   vertex 96 138 268.5
   vertex 96 137.5 269
  endloop
 endfacet
 facet normal 0 -0.70710678118654746 -0.70710678118654746
  outer loop
   vertex 95 137.5 269
   vertex 95 138 268.5
   vertex 96 137.5 269
  endloop
 endfacet
 facet normal -0 -0.70710678118654746 -0.70710678118654746
  outer loop
   vertex 96 138 268.5
   vertex 97 138 268.5
   vertex 97 137.5 269
  endloop
 endfacet
 facet normal 0 -0.70710678118654746 -0.70710678118654746
  outer loop
   vertex 96 137.5 269
   vertex 96 138 268.5
   vertex 97 137.5 269
  endloop
 endfacet
 facet normal 0.57735026918962584 -0.57735026918962584 -0.57735026918962584
  outer loop
   vertex 97 137.5 269
   vertex 97 138 268.5
   vertex 97.5 138 269
  endloop
 endfacet
 facet normal -0.57735026918962584 -0.57735026918962584 -0.57735026918962584
  outer loop
   vertex 94 139 268.5
   vertex 94 138.5 269
   vertex 93.5 139 269
  endloop
 endfacet
 facet normal -0.57735026918962584 -0.57735026918962584 -0.57735026918962584
  outer loop
   vertex 94.5 138 269
   vertex 94 138.5 269
   vertex 94 139 268.5
  endloop
 endfacet
 facet normal -0.57735026918962584 -0.57735026918962584 -0.57735026918962584
  outer loop
   vertex 94.5 138 269
   vertex 94 139 268.5
   vertex 95 138 268.5
  endloop
 endfacet
 facet normal 0 0 -1
  outer loop
   vertex 95 138 268.5
   vertex 94 139 268.5
   vertex 95 139 268.5
  endloop
 endfacet
 facet normal 0 0 -1
  outer loop
   vertex 96 138 268.5
   vertex 95 138 268.5
   vertex 96 139 268.5
  endloop
 endfacet
 facet normal 0 0 -1
  outer loop
   vertex 96 139 268.5
   vertex 95 138 268.5
   vertex 95 139 268.5
  endloop
 endfacet
 facet normal 0 0 -1
  outer loop
   vertex 97 138 268.5
   vertex 96 138 268.5
   vertex 97 139 268.5
  endloop
 endfacet
 facet normal 0 0 -1
  outer loop
   vertex 97 139 268.5
   vertex 96 138 268.5
   vertex 96 139 268.5
  endloop
 endfacet
 facet normal 0.57735026918962584 -0.57735026918962584 -0.57735026918962584
  outer loop
   vertex 98 138.5 269
   vertex 97.5 138 269
   vertex 97 138 268.5
  endloop
 endfacet
 facet normal 0.57735026918962584 -0.57735026918962584 -0.57735026918962584
  outer loop
   vertex 98 138.5 269
   vertex 97 138 268.5
   vertex 98 139 268.5
  endloop
 endfacet
 facet normal 0 0 -1
  outer loop
   vertex 98 139 268.5
   vertex 97 138 268.5
   vertex 97 139 268.5
  endloop
 endfacet
 facet normal 0.57735026918962584 -0.57735026918962584 -0.57735026918962584
  outer loop
   vertex 98 138.5 269
   vertex 98 139 268.5
   vertex 98.5 139 269
  endloop
 endfacet
 facet normal -0.57735026918962584 -0.57735026918962584 -0.57735026918962584
  outer loop
   vertex 93 140 268.5
   vertex 93 139.5 269
   vertex 92.5 140 269
  endloop
 endfacet
 facet normal -0.57735026918962584 -0.57735026918962584 -0.57735026918962584
  outer loop
   vertex 93.5 139 269
   vertex 93 139.5 269
   vertex 93 140 268.5
  endloop
 endfacet
 facet normal -0.57735026918962584 -0.57735026918962584 -0.57735026918962584
  outer loop
   vertex 93.5 139 269
   vertex 93 140 268.5
   vertex 94 139 268.5
  endloop
 endfacet
 facet normal 0 0 -1
  outer loop
   vertex 94 139 268.5
   vertex 93 140 268.5
   vertex 94 140 268.5
  endloop
 endfacet
 facet normal 0 0 -1
  outer loop
   vertex 95 139 268.5
   vertex 94 139 268.5
   vertex 95 140 268.5
  endloop
 endfacet
 facet normal 0 0 -1
  outer loop
   vertex 95 140 268.5
   vertex 94 139 268.5
   vertex 94 140 268.5
  endloop
 endfacet
 facet normal 0 0 -1
  outer loop
   vertex 96 139 268.5
   vertex 95 139 268.5
   vertex 96 140 268.5
  endloop
 endfacet
 facet normal 0 0 -1
  outer loop
   vertex 96 140 268.5
   vertex 95 139 268.5
   vertex 95 140 268.5
  endloop
 endfacet
 facet normal -0.57735026918962584 -0.57735026918962584 -0.57735026918962584
  outer loop
   vertex 97 139.5 268
   vertex 96 140 268.5
   vertex 96.5 140 268
  endloop
 endfacet
 facet normal -0.57735026918962584 -0.57735026918962584 -0.57735026918962584
  outer loop
   vertex 97 139.5 268
   vertex 97 139 268.5
   vertex 96 140 268.5
  endloop
 endfacet
 facet normal 0 0 -1
  outer loop
   vertex 97 139 268.5
   vertex 96 139 268.5
   vertex 96 140 268.5
  endloop
 endfacet
 facet normal 0 -0.70710678118654746 -0.70710678118654746
  outer loop
   vertex 98 139.5 268
   vertex 97 139 268.5
   vertex 97 139.5 268
  endloop
 endfacet
 facet normal 0 -0.70710678118654746 -0.70710678118654746
  outer loop
   vertex 98 139 268.5
   vertex 97 139 268.5
   vertex 98 139.5 268
  endloop
 endfacet
 facet normal 0.57735026918962584 -0.57735026918962584 -0.57735026918962584
  outer loop
   vertex 98.5 140 268
   vertex 99 140 268.5
   vertex 99 139.5 269
  endloop
 endfacet
 facet normal 0.57735026918962584 -0.57735026918962584 -0.57735026918962584
  outer loop
   vertex 98 139.5 268
   vertex 98.5 140 268
   vertex 99 139.5 269
  endloop
 endfacet
 facet normal 0.57735026918962584 -0.57735026918962584 -0.57735026918962584
  outer loop
   vertex 98 139.5 268
   vertex 99 139.5 269
   vertex 98.5 139 269
  endloop
 endfacet
 facet normal 0.57735026918962584 -0.57735026918962584 -0.57735026918962584
  outer loop
   vertex 98 139.5 268
   vertex 98.5 139 269
   vertex 98 139 268.5
  endloop
 endfacet
 facet normal 0.57735026918962584 -0.57735026918962584 -0.57735026918962584
  outer loop
   vertex 99 139.5 269
   vertex 99 140 268.5
   vertex 99.5 140 269
  endloop
 endfacet
 facet normal -0.70710678118654746 0 -0.70710678118654746
  outer loop
   vertex 93 141 268.5
   vertex 93 140 268.5
   vertex 92.5 140 269
  endloop
 endfacet
 facet normal -0.70710678118654746 0 -0.70710678118654746
  outer loop
   vertex 92.5 141 269
   vertex 93 141 268.5
   vertex 92.5 140 269
  endloop
 endfacet
 facet normal 0 0 -1
  outer loop
   vertex 94 140 268.5
   vertex 93 140 268.5
   vertex 94 141 268.5
  endloop
 endfacet
 facet normal 0 0 -1
  outer loop
   vertex 94 141 268.5
   vertex 93 140 268.5
   vertex 93 141 268.5
  endloop
 endfacet
 facet normal 0 0 -1
  outer loop
   vertex 95 140 268.5
   vertex 94 140 268.5
   vertex 95 141 268.5
  endloop
 endfacet
 facet normal 0 0 -1
  outer loop
   vertex 95 141 268.5
   vertex 94 140 268.5
   vertex 94 141 268.5
  endloop
 endfacet
 facet normal -0.57735026918962584 -0.57735026918962584 -0.57735026918962584
  outer loop
   vertex 96 140.5 268
   vertex 95 141 268.5
   vertex 95.5 141 268
  endloop
 endfacet
 facet normal -0.57735026918962584 -0.57735026918962584 -0.57735026918962584
  outer loop
   vertex 96 140.5 268
   vertex 96 140 268.5
   vertex 95 141 268.5
  endloop
 endfacet
 facet normal 0 0 -1
  outer loop
   vertex 96 140 268.5
   vertex 95 140 268.5
   vertex 95 141 268.5
  endloop
 endfacet
 facet normal -0.57735026918962584 -0.57735026918962584 -0.57735026918962584
  outer loop
   vertex 96.5 140 268
   vertex 96 140 268.5
   vertex 96 140.5 268
  endloop
 endfacet
 facet normal 0.70710678118654746 0 -0.70710678118654746
  outer loop
   vertex 99 140 268.5
   vertex 98.5 141 268
   vertex 99 141 268.5
  endloop
 endfacet
 facet normal 0.70710678118654746 0 -0.70710678118654746
  outer loop
   vertex 98.5 140 268
   vertex 98.5 141 268
   vertex 99 140 268.5
  endloop
 endfacet
 facet normal 0.70710678118654746 0 -0.70710678118654746
  outer loop
   vertex 99.5 141 269
   vertex 99.5 140 269
   vertex 99 140 268.5
  endloop
 endfacet
 facet normal 0.70710678118654746 0 -0.70710678118654746
  outer loop
   vertex 99 141 268.5
   vertex 99.5 141 269
   vertex 99 140 268.5
  endloop
 endfacet
 facet normal -0.57735026918962584 -0.57735026918962584 -0.57735026918962584
  outer loop
   vertex 92 142 268.5
   vertex 92 141.5 269
   vertex 91.5 142 269
  endloop
 endfacet
 facet normal -0.57735026918962584 -0.57735026918962584 -0.57735026918962584
  outer loop
   vertex 92.5 141 269
   vertex 92 141.5 269
   vertex 92 142 268.5
  endloop
 endfacet
 facet normal -0.57735026918962584 -0.57735026918962584 -0.57735026918962584
  outer loop
   vertex 92.5 141 269
   vertex 92 142 268.5
   vertex 93 141 268.5
  endloop
 endfacet
 facet normal 0 0 -1
  outer loop
   vertex 93 141 268.5
   vertex 92 142 268.5
   vertex 93 142 268.5
  endloop
 endfacet
 facet normal 0 0 -1
  outer loop
   vertex 94 141 268.5
   vertex 93 141 268.5
   vertex 94 142 268.5
  endloop
 endfacet
 facet normal 0 0 -1
  outer loop
   vertex 94 142 268.5
   vertex 93 141 268.5
   vertex 93 142 268.5
  endloop
 endfacet
 facet normal 0 0 -1
  outer loop
   vertex 95 141 268.5
   vertex 94 141 268.5
   vertex 95 142 268.5
  endloop
 endfacet
 facet normal 0 0 -1
  outer loop
   vertex 95 142 268.5
   vertex 94 141 268.5
   vertex 94 142 268.5
  endloop
 endfacet
 facet normal -0.57735026918962584 0.57735026918962584 -0.57735026918962584
  outer loop
   vertex 95.5 141 268
   vertex 96 142 268.5
   vertex 96 141.5 268
  endloop
 endfacet
 facet normal -0.57735026918962584 0.57735026918962584 -0.57735026918962584
  outer loop
   vertex 95.5 141 268
   vertex 95 141 268.5
   vertex 96 142 268.5
  endloop
 endfacet
 facet normal 0 0 -1
  outer loop
   vertex 95 141 268.5
   vertex 95 142 268.5
   vertex 96 142 268.5
  endloop
 endfacet
 facet normal -0.57735026918962584 0.57735026918962584 -0.57735026918962584
  outer loop
   vertex 96 141.5 268
   vertex 96 142 268.5
   vertex 96.5 142 268
  endloop
 endfacet
 facet normal 0.57735026918962584 -0.57735026918962584 -0.57735026918962584
  outer loop
   vertex 98.5 141 268
   vertex 99 141.5 268
   vertex 99 141 268.5
  endloop
 endfacet
 facet normal 0.57735026918962584 -0.57735026918962584 -0.57735026918962584
  outer loop
   vertex 99 141 268.5
   vertex 99 141.5 268
   vertex 99.5 142 268
  endloop
 endfacet
 facet normal 0.57735026918962584 -0.57735026918962584 -0.57735026918962584
  outer loop
   vertex 99 141 268.5
   vertex 99.5 142 268
   vertex 99.5 141 269
  endloop
 endfacet
 facet normal 1 0 -0
  outer loop
   vertex 99.5 141 269
   vertex 99.5 142 268
   vertex 99.5 142 269
  endloop
 endfacet
 facet normal -0.70710678118654746 0 -0.70710678118654746
  outer loop
   vertex 92 143 268.5
   vertex 92 142 268.5
   vertex 91.5 142 269
  endloop
 endfacet
 facet normal -0.70710678118654746 0 -0.70710678118654746
  outer loop
   vertex 91.5 143 269
   vertex 92 143 268.5
   vertex 91.5 142 269
  endloop
 endfacet
 facet normal 0 0 -1
  outer loop
   vertex 93 142 268.5
   vertex 92 142 268.5
   vertex 93 143 268.5
  endloop
 endfacet
 facet normal 0 0 -1
  outer loop
   vertex 93 143 268.5
   vertex 92 142 268.5
   vertex 92 143 268.5
  endloop
 endfacet
 facet normal 0 0 -1
  outer loop
   vertex 94 142 268.5
   vertex 93 142 268.5
   vertex 94 143 268.5
  endloop
 endfacet
 facet normal 0 0 -1
  outer loop
   vertex 94 143 268.5
   vertex 93 142 268.5
   vertex 93 143 268.5
  endloop
 endfacet
 facet normal 0 0 -1
  outer loop
   vertex 95 142 268.5
   vertex 94 142 268.5
   vertex 95 143 268.5
  endloop
 endfacet
 facet normal 0 0 -1
  outer loop
   vertex 95 143 268.5
   vertex 94 142 268.5
   vertex 94 143 268.5
  endloop
 endfacet
 facet normal 0 0 -1
  outer loop
   vertex 96 142 268.5
   vertex 95 142 268.5
   vertex 96 143 268.5
  endloop
 endfacet
 facet normal 0 0 -1
  outer loop
   vertex 96 143 268.5
   vertex 95 142 268.5
   vertex 95 143 268.5
  endloop
 endfacet
 facet normal -0.70710678118654746 0 -0.70710678118654746
  outer loop
   vertex 96.5 142 268
   vertex 96 143 268.5
   vertex 96.5 143 268
  endloop
 endfacet
 facet normal -0.70710678118654746 -0 -0.70710678118654746
  outer loop
   vertex 96 142 268.5
   vertex 96 143 268.5
   vertex 96.5 142 268
  endloop
 endfacet
 facet normal 0.57735026918962584 0.57735026918962584 -0.57735026918962584
  outer loop
   vertex 99 142.5 268
   vertex 98.5 143 268
   vertex 99 143 268.5
  endloop
 endfacet
 facet normal 0.57735026918962584 0.57735026918962584 -0.57735026918962584
  outer loop
   vertex 99 142.5 268
   vertex 99 143 268.5
   vertex 99.5 143 269
  endloop
 endfacet
 facet normal 0.57735026918962584 0.57735026918962584 -0.57735026918962584
  outer loop
   vertex 99 142.5 268
   vertex 99.5 143 269
   vertex 99.5 142 268
  endloop
 endfacet
 facet normal 1 0 0
  outer loop
   vertex 99.5 142 268
   vertex 99.5 143 269
   vertex 99.5 142 269
  endloop
 endfacet
 facet normal -0.70710678118654746 0 -0.70710678118654746
  outer loop
   vertex 92 144 268.5
   vertex 92 143 268.5
   vertex 91.5 143 269
  endloop
 endfacet
 facet normal -0.70710678118654746 0 -0.70710678118654746
  outer loop
   vertex 91.5 144 269
   vertex 92 144 268.5
   vertex 91.5 143 269
  endloop
 endfacet
 facet normal 0 0 -1
  outer loop
   vertex 93 143 268.5
   vertex 92 143 268.5
   vertex 93 144 268.5
  endloop
 endfacet
 facet normal 0 0 -1
  outer loop
   vertex 93 144 268.5
   vertex 92 143 268.5
   vertex 92 144 268.5
  endloop
 endfacet
 facet normal 0 0 -1
  outer loop
   vertex 94 143 268.5
   vertex 93 143 268.5
   vertex 94 144 268.5
  endloop
 endfacet
 facet normal 0 0 -1
  outer loop
   vertex 94 144 268.5
   vertex 93 143 268.5
   vertex 93 144 268.5
  endloop
 endfacet
 facet normal 0 0 -1
  outer loop
   vertex 95 143 268.5
   vertex 94 143 268.5
   vertex 95 144 268.5
  endloop
 endfacet
 facet normal 0 0 -1
  outer loop
   vertex 95 144 268.5
   vertex 94 143 268.5
   vertex 94 144 268.5
  endloop
 endfacet
 facet normal 0 0 -1
  outer loop
   vertex 96 143 268.5
   vertex 95 143 268.5
   vertex 96 144 268.5
  endloop
 endfacet
 facet normal 0 0 -1
  outer loop
   vertex 96 144 268.5
   vertex 95 143 268.5
   vertex 95 144 268.5
  endloop
 endfacet
 facet normal -0.57735026918962584 0.57735026918962584 -0.57735026918962584
  outer loop
   vertex 96.5 143 268
   vertex 97 144 268.5
   vertex 97 143.5 268
  endloop
 endfacet
 facet normal -0.57735026918962584 0.57735026918962584 -0.57735026918962584
  outer loop
   vertex 96.5 143 268
   vertex 96 143 268.5
   vertex 97 144 268.5
  endloop
 endfacet
 facet normal 0 0 -1
  outer loop
   vertex 96 143 268.5
   vertex 96 144 268.5
   vertex 97 144 268.5
  endloop
 endfacet
 facet normal 0 0.70710678118654746 -0.70710678118654746
  outer loop
   vertex 97 143.5 268
   vertex 98 144 268.5
   vertex 98 143.5 268
  endloop
 endfacet
 facet normal 0 0.70710678118654746 -0.70710678118654746
  outer loop
   vertex 97 144 268.5
   vertex 98 144 268.5
   vertex 97 143.5 268
  endloop
 endfacet
 facet normal 0.57735026918962584 0.57735026918962584 -0.57735026918962584
  outer loop
   vertex 98 143.5 268
   vertex 99 143 268.5
   vertex 98.5 143 268
  endloop
 endfacet
 facet normal 0.57735026918962584 0.57735026918962584 -0.57735026918962584
  outer loop
   vertex 98 143.5 268
   vertex 98 144 268.5
   vertex 99 143 268.5
  endloop
 endfacet
 facet normal -0 -0 -1
  outer loop
   vertex 98 144 268.5
   vertex 99 144 268.5
   vertex 99 143 268.5
  endloop
 endfacet
 facet normal 0.70710678118654746 0 -0.70710678118654746
  outer loop
   vertex 99.5 144 269
   vertex 99.5 143 269
   vertex 99 143 268.5
  endloop
 endfacet
 facet normal 0.70710678118654746 0 -0.70710678118654746
  outer loop
   vertex 99 144 268.5
   vertex 99.5 144 269
   vertex 99 143 268.5
  endloop
 endfacet
 facet normal -0.57735026918962584 0.57735026918962584 -0.57735026918962584
  outer loop
   vertex 92 144 268.5
   vertex 91.5 144 269
   vertex 92 144.5 269
  endloop
 endfacet
 facet normal -0.57735026918962584 0.57735026918962584 -0.57735026918962584
  outer loop
   vertex 92 144.5 269
   vertex 92.5 145 269
   vertex 93 145 268.5
  endloop
 endfacet
 facet normal -0.57735026918962584 0.57735026918962584 -0.57735026918962584
  outer loop
   vertex 92 144.5 269
   vertex 93 145 268.5
   vertex 92 144 268.5
  endloop
 endfacet
 facet normal 0 -0 -1
  outer loop
   vertex 92 144 268.5
   vertex 93 145 268.5
   vertex 93 144 268.5
  endloop
 endfacet
 facet normal 0 0 -1
  outer loop
   vertex 94 144 268.5
   vertex 93 144 268.5
   vertex 94 145 268.5
  endloop
 endfacet
 facet normal 0 0 -1
  outer loop
   vertex 94 145 268.5
   vertex 93 144 268.5
   vertex 93 145 268.5
  endloop
 endfacet
 facet normal 0 0 -1
  outer loop
   vertex 95 144 268.5
   vertex 94 144 268.5
   vertex 95 145 268.5
  endloop
 endfacet
 facet normal 0 0 -1
  outer loop
   vertex 95 145 268.5
   vertex 94 144 268.5
   vertex 94 145 268.5
  endloop
 endfacet
 facet normal 0 0 -1
  outer loop
   vertex 96 144 268.5
   vertex 95 144 268.5
   vertex 96 145 268.5
  endloop
 endfacet
 facet normal 0 0 -1
  outer loop
   vertex 96 145 268.5
   vertex 95 144 268.5
   vertex 95 145 268.5
  endloop
 endfacet
 facet normal 0 0 -1
  outer loop
   vertex 97 144 268.5
   vertex 96 144 268.5
   vertex 97 145 268.5
  endloop
 endfacet
 facet normal 0 0 -1
  outer loop
   vertex 97 145 268.5
   vertex 96 144 268.5
   vertex 96 145 268.5
  endloop
 endfacet
 facet normal 0 0 -1
  outer loop
   vertex 98 144 268.5
   vertex 97 144 268.5
   vertex 98 145 268.5
  endloop
 endfacet
 facet normal 0 0 -1
  outer loop
   vertex 98 145 268.5
   vertex 97 144 268.5
   vertex 97 145 268.5
  endloop
 endfacet
 facet normal 0 0 -1
  outer loop
   vertex 99 144 268.5
   vertex 98 144 268.5
   vertex 99 145 268.5
  endloop
 endfacet
 facet normal 0 0 -1
  outer loop
   vertex 99 145 268.5
   vertex 98 144 268.5
   vertex 98 145 268.5
  endloop
 endfacet
 facet normal 0.70710678118654746 0 -0.70710678118654746
  outer loop
   vertex 99.5 145 269
   vertex 99.5 144 269
   vertex 99 144 268.5
  endloop
 endfacet
 facet normal 0.70710678118654746 0 -0.70710678118654746
  outer loop
   vertex 99 145 268.5
   vertex 99.5 145 269
   vertex 99 144 268.5
  endloop
 endfacet
 facet normal -0.57735026918962584 0.57735026918962584 -0.57735026918962584
  outer loop
   vertex 93 145 268.5
   vertex 92.5 145 269
   vertex 93 145.5 269
  endloop
 endfacet
 facet normal -0.57735026918962584 0.57735026918962584 -0.57735026918962584
  outer loop
   vertex 93 145.5 269
   vertex 93.5 146 269
   vertex 94 146 268.5
  endloop
 endfacet
 facet normal -0.57735026918962584 0.57735026918962584 -0.57735026918962584
  outer loop
   vertex 93 145.5 269
   vertex 94 146 268.5
   vertex 93 145 268.5
  endloop
 endfacet
 facet normal 0 -0 -1
  outer loop
   vertex 93 145 268.5
   vertex 94 146 268.5
   vertex 94 145 268.5
  endloop
 endfacet
 facet normal 0 0 -1
  outer loop
   vertex 95 145 268.5
   vertex 94 145 268.5
   vertex 95 146 268.5
  endloop
 endfacet
 facet normal 0 0 -1
  outer loop
   vertex 95 146 268.5
   vertex 94 145 268.5
   vertex 94 146 268.5
  endloop
 endfacet
 facet normal 0 0 -1
  outer loop
   vertex 96 145 268.5
   vertex 95 145 268.5
   vertex 96 146 268.5
  endloop
 endfacet
 facet normal 0 0 -1
  outer loop
   vertex 96 146 268.5
   vertex 95 145 268.5
   vertex 95 146 268.5
  endloop
 endfacet
 facet normal 0 0 -1
  outer loop
   vertex 97 145 268.5
   vertex 96 145 268.5
   vertex 97 146 268.5
  endloop
 endfacet
 facet normal 0 0 -1
  outer loop
   vertex 97 146 268.5
   vertex 96 145 268.5
   vertex 96 146 268.5
  endloop
 endfacet
 facet normal 0.57735026918962584 0.57735026918962584 -0.57735026918962584
  outer loop
   vertex 97.5 146 269
   vertex 98 145.5 269
   vertex 98 145 268.5
  endloop
 endfacet
 facet normal 0.57735026918962584 0.57735026918962584 -0.57735026918962584
  outer loop
   vertex 97.5 146 269
   vertex 98 145 268.5
   vertex 97 146 268.5
  endloop
 endfacet
 facet normal 0 0 -1
  outer loop
   vertex 97 146 268.5
   vertex 98 145 268.5
   vertex 97 145 268.5
  endloop
 endfacet
 facet normal 0 0.70710678118654746 -0.70710678118654746
  outer loop
   vertex 99 145 268.5
   vertex 98 145 268.5
   vertex 98 145.5 269
  endloop
 endfacet
 facet normal 0 0.70710678118654746 -0.70710678118654746
  outer loop
   vertex 99 145.5 269
   vertex 99 145 268.5
   vertex 98 145.5 269
  endloop
 endfacet
 facet normal 0.57735026918962584 0.57735026918962584 -0.57735026918962584
  outer loop
   vertex 99.5 145 269
   vertex 99 145 268.5
   vertex 99 145.5 269
  endloop
 endfacet
 facet normal -0.57735026918962584 0.57735026918962584 -0.57735026918962584
  outer loop
   vertex 94 146 268.5
   vertex 93.5 146 269
   vertex 94 146.5 269
  endloop
 endfacet
 facet normal -0.57735026918962584 0.57735026918962584 -0.57735026918962584
  outer loop
   vertex 94 146.5 269
   vertex 94.5 147 269
   vertex 95 147 268.5
  endloop
 endfacet
 facet normal -0.57735026918962584 0.57735026918962584 -0.57735026918962584
  outer loop
   vertex 94 146.5 269
   vertex 95 147 268.5
   vertex 94 146 268.5
  endloop
 endfacet
 facet normal 0 -0 -1
  outer loop
   vertex 94 146 268.5
   vertex 95 147 268.5
   vertex 95 146 268.5
  endloop
 endfacet
 facet normal 0 0 -1
  outer loop
   vertex 96 146 268.5
   vertex 95 146 268.5
   vertex 96 147 268.5
  endloop
 endfacet
 facet normal 0 0 -1
  outer loop
   vertex 96 147 268.5
   vertex 95 146 268.5
   vertex 95 147 268.5
  endloop
 endfacet
 facet normal 0.57735026918962584 0.57735026918962584 -0.57735026918962584
  outer loop
   vertex 96.5 147 269
   vertex 97 146.5 269
   vertex 97 146 268.5
  endloop
 endfacet
 facet normal 0.57735026918962584 0.57735026918962584 -0.57735026918962584
  outer loop
   vertex 96.5 147 269
   vertex 97 146 268.5
   vertex 96 147 268.5
  endloop
 endfacet
 facet normal 0 0 -1
  outer loop
   vertex 96 147 268.5
   vertex 97 146 268.5
   vertex 96 146 268.5
  endloop
 endfacet
 facet normal 0.57735026918962584 0.57735026918962584 -0.57735026918962584
  outer loop
   vertex 97.5 146 269
   vertex 97 146 268.5
   vertex 97 146.5 269
  endloop
 endfacet
 facet normal -0.57735026918962584 0.57735026918962584 -0.57735026918962584
  outer loop
   vertex 95 147 268.5
   vertex 94.5 147 269
   vertex 95 147.5 269
  endloop
 endfacet
 facet normal 0 0.70710678118654746 -0.70710678118654746
  outer loop
   vertex 96 147 268.5
   vertex 95 147 268.5
   vertex 95 147.5 269
  endloop
 endfacet
 facet normal 0 0.70710678118654746 -0.70710678118654746
  outer loop
   vertex 96 147.5 269
   vertex 96 147 268.5
   vertex 95 147.5 269
  endloop
 endfacet
 facet normal 0.57735026918962584 0.57735026918962584 -0.57735026918962584
  outer loop
   vertex 96.5 147 269
   vertex 96 147 268.5
   vertex 96 147.5 269
  endloop
 endfacet
 facet normal -0.57735026918962584 -0.57735026918962584 -0.57735026918962584
  outer loop
   vertex 94 137 269.5
   vertex 94 136.5 270
   vertex 93.5 137 270
  endloop
 endfacet
 facet normal -0 -0.70710678118654746 -0.70710678118654746
  outer loop
   vertex 94 137 269.5
   vertex 95 137 269.5
   vertex 95 136.5 270
  endloop
 endfacet
 facet normal 0 -0.70710678118654746 -0.70710678118654746
  outer loop
   vertex 94 136.5 270
   vertex 94 137 269.5
   vertex 95 136.5 270
  endloop
 endfacet
 facet normal -0 -0.70710678118654746 -0.70710678118654746
  outer loop
   vertex 95 137 269.5
   vertex 96 137 269.5
   vertex 96 136.5 270
  endloop
 endfacet
 facet normal 0 -0.70710678118654746 -0.70710678118654746
  outer loop
   vertex 95 136.5 270
   vertex 95 137 269.5
   vertex 96 136.5 270
  endloop
 endfacet
 facet normal 0.57735026918962584 -0.57735026918962584 -0.57735026918962584
  outer loop
   vertex 96 136.5 270
   vertex 96 137 269.5
   vertex 96.5 137 270
  endloop
 endfacet
 facet normal -0.57735026918962584 -0.57735026918962584 -0.57735026918962584
  outer loop
   vertex 93 138 269.5
   vertex 93 137.5 270
   vertex 92.5 138 270
  endloop
 endfacet
 facet normal -0.57735026918962584 -0.57735026918962584 -0.57735026918962584
  outer loop
   vertex 93.5 137 270
   vertex 93 137.5 270
   vertex 93 138 269.5
  endloop
 endfacet
 facet normal -0.57735026918962584 -0.57735026918962584 -0.57735026918962584
  outer loop
   vertex 93.5 137 270
   vertex 93 138 269.5
   vertex 94 137 269.5
  endloop
 endfacet
 facet normal 0 0 -1
  outer loop
   vertex 94 137 269.5
   vertex 93 138 269.5
   vertex 94 138 269.5
  endloop
 endfacet
 facet normal -0.57735026918962584 -0.57735026918962584 -0.57735026918962584
  outer loop
   vertex 95 137.5 269
   vertex 94 138 269.5
   vertex 94.5 138 269
  endloop
 endfacet
 facet normal -0.57735026918962584 -0.57735026918962584 -0.57735026918962584
  outer loop
   vertex 95 137.5 269
   vertex 95 137 269.5
   vertex 94 138 269.5
  endloop
 endfacet
 facet normal 0 0 -1
  outer loop
   vertex 95 137 269.5
   vertex 94 137 269.5
   vertex 94 138 269.5
  endloop
 endfacet
 facet normal 0 -0.70710678118654746 -0.70710678118654746
  outer loop
   vertex 96 137.5 269
   vertex 95 137 269.5
   vertex 95 137.5 269
  endloop
 endfacet
 facet normal 0 -0.70710678118654746 -0.70710678118654746
  outer loop
   vertex 96 137 269.5
   vertex 95 137 269.5
   vertex 96 137.5 269
  endloop
 endfacet
 facet normal 0.57735026918962584 -0.57735026918962584 -0.57735026918962584
  outer loop
   vertex 96 137 269.5
   vertex 97 137.5 270
   vertex 96.5 137 270
  endloop
 endfacet
 facet normal 0.57735026918962584 -0.57735026918962584 -0.57735026918962584
  outer loop
   vertex 96 137 269.5
   vertex 96 137.5 269
   vertex 97 137.5 270
  endloop
 endfacet
 facet normal 0 -1 0
  outer loop
   vertex 96 137.5 269
   vertex 97 137.5 269
   vertex 97 137.5 270
  endloop
 endfacet
 facet normal 0.57735026918962584 -0.57735026918962584 -0.57735026918962584
  outer loop
   vertex 97.5 138 269
   vertex 98 138 269.5
   vertex 98 137.5 270
  endloop
 endfacet
 facet normal 0.57735026918962584 -0.57735026918962584 -0.57735026918962584
  outer loop
   vertex 97.5 138 269
   vertex 98 137.5 270
   vertex 97 137.5 269
  endloop
 endfacet
 facet normal -0 -1 0
  outer loop
   vertex 97 137.5 269
   vertex 98 137.5 270
   vertex 97 137.5 270
  endloop
 endfacet
 facet normal 0.57735026918962584 -0.57735026918962584 -0.57735026918962584
  outer loop
   vertex 98 137.5 270
   vertex 98 138 269.5
   vertex 98.5 138 270
  endloop
 endfacet
 facet normal -0.57735026918962584 -0.57735026918962584 -0.57735026918962584
  outer loop
   vertex 92 139 269.5
   vertex 92 138.5 270
   vertex 91.5 139 270
  endloop
 endfacet
 facet normal -0.57735026918962584 -0.57735026918962584 -0.57735026918962584
  outer loop
   vertex 92.5 138 270
   vertex 92 138.5 270
   vertex 92 139 269.5
  endloop
 endfacet
 facet normal -0.57735026918962584 -0.57735026918962584 -0.57735026918962584
  outer loop
   vertex 92.5 138 270
   vertex 92 139 269.5
   vertex 93 138 269.5
  endloop
 endfacet
 facet normal 0 0 -1
  outer loop
   vertex 93 138 269.5
   vertex 92 139 269.5
   vertex 93 139 269.5
  endloop
 endfacet
 facet normal -0.57735026918962584 -0.57735026918962584 -0.57735026918962584
  outer loop
   vertex 94 138.5 269
   vertex 93 139 269.5
   vertex 93.5 139 269
  endloop
 endfacet
 facet normal -0.57735026918962584 -0.57735026918962584 -0.57735026918962584
  outer loop
   vertex 94 138.5 269
   vertex 94 138 269.5
   vertex 93 139 269.5
  endloop
 endfacet
 facet normal 0 0 -1
  outer loop
   vertex 94 138 269.5
   vertex 93 138 269.5
   vertex 93 139 269.5
  endloop
 endfacet
 facet normal -0.57735026918962584 -0.57735026918962584 -0.57735026918962584
  outer loop
   vertex 94.5 138 269
   vertex 94 138 269.5
   vertex 94 138.5 269
  endloop
 endfacet
 facet normal 0.57735026918962584 -0.57735026918962584 -0.57735026918962584
  outer loop
   vertex 97.5 138 269
   vertex 98 138.5 269
   vertex 98 138 269.5
  endloop
 endfacet
 facet normal 0.57735026918962584 -0.57735026918962584 -0.57735026918962584
  outer loop
   vertex 98.5 139 269
   vertex 99 139 269.5
   vertex 99 138.5 270
  endloop
 endfacet
 facet normal 0.57735026918962584 -0.57735026918962584 -0.57735026918962584
  outer loop
   vertex 98 138.5 269
   vertex 98.5 139 269
   vertex 99 138.5 270
  endloop
 endfacet
 facet normal 0.57735026918962584 -0.57735026918962584 -0.57735026918962584
  outer loop
   vertex 98 138.5 269
   vertex 99 138.5 270
   vertex 98.5 138 270
  endloop
 endfacet
 facet normal 0.57735026918962584 -0.57735026918962584 -0.57735026918962584
  outer loop
   vertex 98 138.5 269
   vertex 98.5 138 270
   vertex 98 138 269.5
  endloop
 endfacet
 facet normal 0.57735026918962584 -0.57735026918962584 -0.57735026918962584
  outer loop
   vertex 99 138.5 270
   vertex 99 139 269.5
   vertex 99.5 139 270
  endloop
 endfacet
 facet normal -0.57735026918962584 -0.57735026918962584 -0.57735026918962584
  outer loop
   vertex 91 140 269.5
   vertex 91 139.5 270
   vertex 90.5 140 270
  endloop
 endfacet
 facet normal -0.57735026918962584 -0.57735026918962584 -0.57735026918962584
  outer loop
   vertex 91.5 139 270
   vertex 91 139.5 270
   vertex 91 140 269.5
  endloop
 endfacet
 facet normal -0.57735026918962584 -0.57735026918962584 -0.57735026918962584
  outer loop
   vertex 91.5 139 270
   vertex 91 140 269.5
   vertex 92 139 269.5
  endloop
 endfacet
 facet normal 0 0 -1
  outer loop
   vertex 92 139 269.5
   vertex 91 140 269.5
   vertex 92 140 269.5
  endloop
 endfacet
 facet normal -0.57735026918962584 -0.57735026918962584 -0.57735026918962584
  outer loop
   vertex 93 139.5 269
   vertex 92 140 269.5
   vertex 92.5 140 269
  endloop
 endfacet
 facet normal -0.57735026918962584 -0.57735026918962584 -0.57735026918962584
  outer loop
   vertex 93 139.5 269
   vertex 93 139 269.5
   vertex 92 140 269.5
  endloop
 endfacet
 facet normal 0 0 -1
  outer loop
   vertex 93 139 269.5
   vertex 92 139 269.5
   vertex 92 140 269.5
  endloop
 endfacet
 facet normal -0.57735026918962584 -0.57735026918962584 -0.57735026918962584
  outer loop
   vertex 93.5 139 269
   vertex 93 139 269.5
   vertex 93 139.5 269
  endloop
 endfacet
 facet normal 0.57735026918962584 -0.57735026918962584 -0.57735026918962584
  outer loop
   vertex 98.5 139 269
   vertex 99 139.5 269
   vertex 99 139 269.5
  endloop
 endfacet
 facet normal 0.57735026918962584 -0.57735026918962584 -0.57735026918962584
  outer loop
   vertex 99 139 269.5
   vertex 99 139.5 269
   vertex 99.5 140 269
  endloop
 endfacet
 facet normal 0.57735026918962584 -0.57735026918962584 -0.57735026918962584
  outer loop
   vertex 99 139 269.5
   vertex 99.5 140 269
   vertex 99.5 139 270
  endloop
 endfacet
 facet normal 1 0 -0
  outer loop
   vertex 99.5 139 270
   vertex 99.5 140 269
   vertex 99.5 140 270
  endloop
 endfacet
 facet normal -0.70710678118654746 0 -0.70710678118654746
  outer loop
   vertex 91 141 269.5
   vertex 91 140 269.5
   vertex 90.5 140 270
  endloop
 endfacet
 facet normal -0.70710678118654746 0 -0.70710678118654746
  outer loop
   vertex 90.5 141 270
   vertex 91 141 269.5
   vertex 90.5 140 270
  endloop
 endfacet
 facet normal 0 0 -1
  outer loop
   vertex 92 140 269.5
   vertex 91 140 269.5
   vertex 92 141 269.5
  endloop
 endfacet
 facet normal 0 0 -1
  outer loop
   vertex 92 141 269.5
   vertex 91 140 269.5
   vertex 91 141 269.5
  endloop
 endfacet
 facet normal -0.70710678118654746 0 -0.70710678118654746
  outer loop
   vertex 92.5 140 269
   vertex 92 141 269.5
   vertex 92.5 141 269
  endloop
 endfacet
 facet normal -0.70710678118654746 -0 -0.70710678118654746
  outer loop
   vertex 92 140 269.5
   vertex 92 141 269.5
   vertex 92.5 140 269
  endloop
 endfacet
 facet normal 0.57735026918962584 -0.57735026918962584 -0.57735026918962584
  outer loop
   vertex 100 140.5 270
   vertex 99.5 141 269
   vertex 100 141 269.5
  endloop
 endfacet
 facet normal 0.57735026918962584 -0.57735026918962584 -0.57735026918962584
  outer loop
   vertex 100 140.5 270
   vertex 99.5 140 270
   vertex 99.5 141 269
  endloop
 endfacet
 facet normal 1 0 0
  outer loop
   vertex 99.5 140 270
   vertex 99.5 140 269
   vertex 99.5 141 269
  endloop
 endfacet
 facet normal 0.57735026918962584 -0.57735026918962584 -0.57735026918962584
  outer loop
   vertex 100 140.5 270
   vertex 100 141 269.5
   vertex 100.5 141 270
  endloop
 endfacet
 facet normal -0.70710678118654746 0 -0.70710678118654746
  outer loop
   vertex 91 142 269.5
   vertex 91 141 269.5
   vertex 90.5 141 270
  endloop
 endfacet
 facet normal -0.70710678118654746 0 -0.70710678118654746
  outer loop
   vertex 90.5 142 270
   vertex 91 142 269.5
   vertex 90.5 141 270
  endloop
 endfacet
 facet normal -0.57735026918962584 -0.57735026918962584 -0.57735026918962584
  outer loop
   vertex 92 141.5 269
   vertex 91 142 269.5
   vertex 91.5 142 269
  endloop
 endfacet
 facet normal -0.57735026918962584 -0.57735026918962584 -0.57735026918962584
  outer loop
   vertex 92 141.5 269
   vertex 92 141 269.5
   vertex 91 142 269.5
  endloop
 endfacet
 facet normal 0 0 -1
  outer loop
   vertex 92 141 269.5
   vertex 91 141 269.5
   vertex 91 142 269.5
  endloop
 endfacet
 facet normal -0.57735026918962584 -0.57735026918962584 -0.57735026918962584
  outer loop
   vertex 92.5 141 269
   vertex 92 141 269.5
   vertex 92 141.5 269
  endloop
 endfacet
 facet normal 0.70710678118654746 0 -0.70710678118654746
  outer loop
   vertex 100 141 269.5
   vertex 99.5 142 269
   vertex 100 142 269.5
  endloop
 endfacet
 facet normal 0.70710678118654746 0 -0.70710678118654746
  outer loop
   vertex 99.5 141 269
   vertex 99.5 142 269
   vertex 100 141 269.5
  endloop
 endfacet
 facet normal 0.70710678118654746 0 -0.70710678118654746
  outer loop
   vertex 100.5 142 270
   vertex 100.5 141 270
   vertex 100 141 269.5
  endloop
 endfacet
 facet normal 0.70710678118654746 0 -0.70710678118654746
  outer loop
   vertex 100 142 269.5
   vertex 100.5 142 270
   vertex 100 141 269.5
  endloop
 endfacet
 facet normal -0.70710678118654746 0 -0.70710678118654746
  outer loop
   vertex 91 143 269.5
   vertex 91 142 269.5
   vertex 90.5 142 270
  endloop
 endfacet
 facet normal -0.70710678118654746 0 -0.70710678118654746
  outer loop
   vertex 90.5 143 270
   vertex 91 143 269.5
   vertex 90.5 142 270
  endloop
 endfacet
 facet normal -0.70710678118654746 0 -0.70710678118654746
  outer loop
   vertex 91.5 142 269
   vertex 91 143 269.5
   vertex 91.5 143 269
  endloop
 endfacet
 facet normal -0.70710678118654746 -0 -0.70710678118654746
  outer loop
   vertex 91 142 269.5
   vertex 91 143 269.5
   vertex 91.5 142 269
  endloop
 endfacet
 facet normal 0.70710678118654746 0 -0.70710678118654746
  outer loop
   vertex 100 142 269.5
   vertex 99.5 143 269
   vertex 100 143 269.5
  endloop
 endfacet
 facet normal 0.70710678118654746 0 -0.70710678118654746
  outer loop
   vertex 99.5 142 269
   vertex 99.5 143 269
   vertex 100 142 269.5
  endloop
 endfacet
 facet normal 0.70710678118654746 0 -0.70710678118654746
  outer loop
   vertex 100.5 143 270
   vertex 100.5 142 270
   vertex 100 142 269.5
  endloop
 endfacet
 facet normal 0.70710678118654746 0 -0.70710678118654746
  outer loop
   vertex 100 143 269.5
   vertex 100.5 143 270
   vertex 100 142 269.5
  endloop
 endfacet
 facet normal -0.70710678118654746 0 -0.70710678118654746
  outer loop
   vertex 91 144 269.5
   vertex 91 143 269.5
   vertex 90.5 143 270
  endloop
 endfacet
 facet normal -0.70710678118654746 0 -0.70710678118654746
  outer loop
   vertex 90.5 144 270
   vertex 91 144 269.5
   vertex 90.5 143 270
  endloop
 endfacet
 facet normal -0.70710678118654746 0 -0.70710678118654746
  outer loop
   vertex 91.5 143 269
   vertex 91 144 269.5
   vertex 91.5 144 269
  endloop
 endfacet
 facet normal -0.70710678118654746 -0 -0.70710678118654746
  outer loop
   vertex 91 143 269.5
   vertex 91 144 269.5
   vertex 91.5 143 269
  endloop
 endfacet
 facet normal 0.70710678118654746 0 -0.70710678118654746
  outer loop
   vertex 100 143 269.5
   vertex 99.5 144 269
   vertex 100 144 269.5
  endloop
 endfacet
 facet normal 0.70710678118654746 0 -0.70710678118654746
  outer loop
   vertex 99.5 143 269
   vertex 99.5 144 269
   vertex 100 143 269.5
  endloop
 endfacet
 facet normal 0.70710678118654746 0 -0.70710678118654746
  outer loop
   vertex 100.5 144 270
   vertex 100.5 143 270
   vertex 100 143 269.5
  endloop
 endfacet
 facet normal 0.70710678118654746 0 -0.70710678118654746
  outer loop
   vertex 100 144 269.5
   vertex 100.5 144 270
   vertex 100 143 269.5
  endloop
 endfacet
 facet normal -0.70710678118654746 0 -0.70710678118654746
  outer loop
   vertex 91 145 269.5
   vertex 91 144 269.5
   vertex 90.5 144 270
  endloop
 endfacet
 facet normal -0.70710678118654746 0 -0.70710678118654746
  outer loop
   vertex 90.5 145 270
   vertex 91 145 269.5
   vertex 90.5 144 270
  endloop
 endfacet
 facet normal -0.57735026918962584 0.57735026918962584 -0.57735026918962584
  outer loop
   vertex 91.5 144 269
   vertex 92 145 269.5
   vertex 92 144.5 269
  endloop
 endfacet
 facet normal -0.57735026918962584 0.57735026918962584 -0.57735026918962584
  outer loop
   vertex 91.5 144 269
   vertex 91 144 269.5
   vertex 92 145 269.5
  endloop
 endfacet
 facet normal 0 0 -1
  outer loop
   vertex 91 144 269.5
   vertex 91 145 269.5
   vertex 92 145 269.5
  endloop
 endfacet
 facet normal -0.57735026918962584 0.57735026918962584 -0.57735026918962584
  outer loop
   vertex 92 144.5 269
   vertex 92 145 269.5
   vertex 92.5 145 269
  endloop
 endfacet
 facet normal 0.70710678118654746 0 -0.70710678118654746
  outer loop
   vertex 100 144 269.5
   vertex 99.5 145 269
   vertex 100 145 269.5
  endloop
 endfacet
 facet normal 0.70710678118654746 0 -0.70710678118654746
  outer loop
   vertex 99.5 144 269
   vertex 99.5 145 269
   vertex 100 144 269.5
  endloop
 endfacet
 facet normal 0.70710678118654746 0 -0.70710678118654746
  outer loop
   vertex 100.5 145 270
   vertex 100.5 144 270
   vertex 100 144 269.5
  endloop
 endfacet
 facet normal 0.70710678118654746 0 -0.70710678118654746
  outer loop
   vertex 100 145 269.5
   vertex 100.5 145 270
   vertex 100 144 269.5
  endloop
 endfacet
 facet normal -0.57735026918962584 0.57735026918962584 -0.57735026918962584
  outer loop
   vertex 91 145 269.5
   vertex 90.5 145 270
   vertex 91 145.5 270
  endloop
 endfacet
 facet normal -0.57735026918962584 0.57735026918962584 -0.57735026918962584
  outer loop
   vertex 91 145.5 270
   vertex 91.5 146 270
   vertex 92 146 269.5
  endloop
 endfacet
 facet normal -0.57735026918962584 0.57735026918962584 -0.57735026918962584
  outer loop
   vertex 91 145.5 270
   vertex 92 146 269.5
   vertex 91 145 269.5
  endloop
 endfacet
 facet normal 0 -0 -1
  outer loop
   vertex 91 145 269.5
   vertex 92 146 269.5
   vertex 92 145 269.5
  endloop
 endfacet
 facet normal -0.57735026918962584 0.57735026918962584 -0.57735026918962584
  outer loop
   vertex 92.5 145 269
   vertex 93 146 269.5
   vertex 93 145.5 269
  endloop
 endfacet
 facet normal -0.57735026918962584 0.57735026918962584 -0.57735026918962584
  outer loop
   vertex 92.5 145 269
   vertex 92 145 269.5
   vertex 93 146 269.5
  endloop
 endfacet
 facet normal 0 0 -1
  outer loop
   vertex 92 145 269.5
   vertex 92 146 269.5
   vertex 93 146 269.5
  endloop
 endfacet
 facet normal -0.57735026918962584 0.57735026918962584 -0.57735026918962584
  outer loop
   vertex 93 145.5 269
   vertex 93 146 269.5
   vertex 93.5 146 269
  endloop
 endfacet
 facet normal 0.57735026918962584 0.57735026918962584 -0.57735026918962584
  outer loop
   vertex 98 145.5 269
   vertex 97.5 146 269
   vertex 98 146 269.5
  endloop
 endfacet
 facet normal 0 0.70710678118654746 -0.70710678118654746
  outer loop
   vertex 98 145.5 269
   vertex 99 146 269.5
   vertex 99 145.5 269
  endloop
 endfacet
 facet normal 0 0.70710678118654746 -0.70710678118654746
  outer loop
   vertex 98 146 269.5
   vertex 99 146 269.5
   vertex 98 145.5 269
  endloop
 endfacet
 facet normal 0.57735026918962584 0.57735026918962584 -0.57735026918962584
  outer loop
   vertex 99 145.5 269
   vertex 99 146 269.5
   vertex 99.5 146 270
  endloop
 endfacet
 facet normal 0.57735026918962584 0.57735026918962584 -0.57735026918962584
  outer loop
   vertex 99.5 145 269
   vertex 99 145.5 269
   vertex 99.5 146 270
  endloop
 endfacet
 facet normal 0.57735026918962584 0.57735026918962584 -0.57735026918962584
  outer loop
   vertex 99.5 145 269
   vertex 99.5 146 270
   vertex 100 145.5 270
  endloop
 endfacet
 facet normal 0.57735026918962584 0.57735026918962584 -0.57735026918962584
  outer loop
   vertex 99.5 145 269
   vertex 100 145.5 270
   vertex 100 145 269.5
  endloop
 endfacet
 facet normal 0.57735026918962584 0.57735026918962584 -0.57735026918962584
  outer loop
   vertex 100.5 145 270
   vertex 100 145 269.5
   vertex 100 145.5 270
  endloop
 endfacet
 facet normal -0.70710678118654746 0 -0.70710678118654746
  outer loop
   vertex 92 147 269.5
   vertex 92 146 269.5
   vertex 91.5 146 270
  endloop
 endfacet
 facet normal -0.70710678118654746 0 -0.70710678118654746
  outer loop
   vertex 91.5 147 270
   vertex 92 147 269.5
   vertex 91.5 146 270
  endloop
 endfacet
 facet normal 0 0 -1
  outer loop
   vertex 93 146 269.5
   vertex 92 146 269.5
   vertex 93 147 269.5
  endloop
 endfacet
 facet normal 0 0 -1
  outer loop
   vertex 93 147 269.5
   vertex 92 146 269.5
   vertex 92 147 269.5
  endloop
 endfacet
 facet normal -0.57735026918962584 0.57735026918962584 -0.57735026918962584
  outer loop
   vertex 93.5 146 269
   vertex 94 147 269.5
   vertex 94 146.5 269
  endloop
 endfacet
 facet normal -0.57735026918962584 0.57735026918962584 -0.57735026918962584
  outer loop
   vertex 93.5 146 269
   vertex 93 146 269.5
   vertex 94 147 269.5
  endloop
 endfacet
 facet normal 0 0 -1
  outer loop
   vertex 93 146 269.5
   vertex 93 147 269.5
   vertex 94 147 269.5
  endloop
 endfacet
 facet normal -0.57735026918962584 0.57735026918962584 -0.57735026918962584
  outer loop
   vertex 94 146.5 269
   vertex 94 147 269.5
   vertex 94.5 147 269
  endloop
 endfacet
 facet normal 0.57735026918962584 0.57735026918962584 -0.57735026918962584
  outer loop
   vertex 97 146.5 269
   vertex 96.5 147 269
   vertex 97 147 269.5
  endloop
 endfacet
 facet normal 0.57735026918962584 0.57735026918962584 -0.57735026918962584
  outer loop
   vertex 97 146.5 269
   vertex 98 146 269.5
   vertex 97.5 146 269
  endloop
 endfacet
 facet normal 0.57735026918962584 0.57735026918962584 -0.57735026918962584
  outer loop
   vertex 97 146.5 269
   vertex 97 147 269.5
   vertex 98 146 269.5
  endloop
 endfacet
 facet normal -0 -0 -1
  outer loop
   vertex 97 147 269.5
   vertex 98 147 269.5
   vertex 98 146 269.5
  endloop
 endfacet
 facet normal 0.57735026918962584 0.57735026918962584 -0.57735026918962584
  outer loop
   vertex 98.5 147 270
   vertex 99 146.5 270
   vertex 99 146 269.5
  endloop
 endfacet
 facet normal 0.57735026918962584 0.57735026918962584 -0.57735026918962584
  outer loop
   vertex 98.5 147 270
   vertex 99 146 269.5
   vertex 98 147 269.5
  endloop
 endfacet
 facet normal 0 0 -1
  outer loop
   vertex 98 147 269.5
   vertex 99 146 269.5
   vertex 98 146 269.5
  endloop
 endfacet
 facet normal 0.57735026918962584 0.57735026918962584 -0.57735026918962584
  outer loop
   vertex 99.5 146 270
   vertex 99 146 269.5
   vertex 99 146.5 270
  endloop
 endfacet
 facet normal -0.57735026918962584 0.57735026918962584 -0.57735026918962584
  outer loop
   vertex 92 147 269.5
   vertex 91.5 147 270
   vertex 92 147.5 270
  endloop
 endfacet
 facet normal 0 0.70710678118654746 -0.70710678118654746
  outer loop
   vertex 93 147 269.5
   vertex 92 147 269.5
   vertex 92 147.5 270
  endloop
 endfacet
 facet normal 0 0.70710678118654746 -0.70710678118654746
  outer loop
   vertex 93 147.5 270
   vertex 93 147 269.5
   vertex 92 147.5 270
  endloop
 endfacet
 facet normal -0.57735026918962584 0.57735026918962584 -0.57735026918962584
  outer loop
   vertex 93 147.5 270
   vertex 93.5 148 270
   vertex 94 148 269.5
  endloop
 endfacet
 facet normal -0.57735026918962584 0.57735026918962584 -0.57735026918962584
  outer loop
   vertex 93 147.5 270
   vertex 94 148 269.5
   vertex 93 147 269.5
  endloop
 endfacet
 facet normal 0 -0 -1
  outer loop
   vertex 93 147 269.5
   vertex 94 148 269.5
   vertex 94 147 269.5
  endloop
 endfacet
 facet normal -0.57735026918962584 0.57735026918962584 -0.57735026918962584
  outer loop
   vertex 94.5 147 269
   vertex 95 148 269.5
   vertex 95 147.5 269
  endloop
 endfacet
 facet normal -0.57735026918962584 0.57735026918962584 -0.57735026918962584
  outer loop
   vertex 94.5 147 269
   vertex 94 147 269.5
   vertex 95 148 269.5
  endloop
 endfacet
 facet normal 0 0 -1
  outer loop
   vertex 94 147 269.5
   vertex 94 148 269.5
   vertex 95 148 269.5
  endloop
 endfacet
 facet normal 0 0.70710678118654746 -0.70710678118654746
  outer loop
   vertex 95 147.5 269
   vertex 96 148 269.5
   vertex 96 147.5 269
  endloop
 endfacet
 facet normal 0 0.70710678118654746 -0.70710678118654746
  outer loop
   vertex 95 148 269.5
   vertex 96 148 269.5
   vertex 95 147.5 269
  endloop
 endfacet
 facet normal 0.57735026918962584 0.57735026918962584 -0.57735026918962584
  outer loop
   vertex 96 147.5 269
   vertex 97 147 269.5
   vertex 96.5 147 269
  endloop
 endfacet
 facet normal 0.57735026918962584 0.57735026918962584 -0.57735026918962584
  outer loop
   vertex 96 147.5 269
   vertex 96 148 269.5
   vertex 97 147 269.5
  endloop
 endfacet
 facet normal -0 -0 -1
  outer loop
   vertex 96 148 269.5
   vertex 97 148 269.5
   vertex 97 147 269.5
  endloop
 endfacet
 facet normal 0.57735026918962584 0.57735026918962584 -0.57735026918962584
  outer loop
   vertex 97.5 148 270
   vertex 98 147.5 270
   vertex 98 147 269.5
  endloop
 endfacet
 facet normal 0.57735026918962584 0.57735026918962584 -0.57735026918962584
  outer loop
   vertex 97.5 148 270
   vertex 98 147 269.5
   vertex 97 148 269.5
  endloop
 endfacet
 facet normal 0 0 -1
  outer loop
   vertex 97 148 269.5
   vertex 98 147 269.5
   vertex 97 147 269.5
  endloop
 endfacet
 facet normal 0.57735026918962584 0.57735026918962584 -0.57735026918962584
  outer loop
   vertex 98.5 147 270
   vertex 98 147 269.5
   vertex 98 147.5 270
  endloop
 endfacet
 facet normal -0.57735026918962584 0.57735026918962584 -0.57735026918962584
  outer loop
   vertex 94 148 269.5
   vertex 93.5 148 270
   vertex 94 148.5 270
  endloop
 endfacet
 facet normal 0 0.70710678118654746 -0.70710678118654746
  outer loop
   vertex 95 148 269.5
   vertex 94 148 269.5
   vertex 94 148.5 270
  endloop
 endfacet
 facet normal 0 0.70710678118654746 -0.70710678118654746
  outer loop
   vertex 95 148.5 270
   vertex 95 148 269.5
   vertex 94 148.5 270
  endloop
 endfacet
 facet normal 0 0.70710678118654746 -0.70710678118654746
  outer loop
   vertex 96 148 269.5
   vertex 95 148 269.5
   vertex 95 148.5 270
  endloop
 endfacet
 facet normal 0 0.70710678118654746 -0.70710678118654746
  outer loop
   vertex 96 148.5 270
   vertex 96 148 269.5
   vertex 95 148.5 270
  endloop
 endfacet
 facet normal 0 0.70710678118654746 -0.70710678118654746
  outer loop
   vertex 97 148 269.5
   vertex 96 148 269.5
   vertex 96 148.5 270
  endloop
 endfacet
 facet normal 0 0.70710678118654746 -0.70710678118654746
  outer loop
   vertex 97 148.5 270
   vertex 97 148 269.5
   vertex 96 148.5 270
  endloop
 endfacet
 facet normal 0.57735026918962584 0.57735026918962584 -0.57735026918962584
  outer loop
   vertex 97.5 148 270
   vertex 97 148 269.5
   vertex 97 148.5 270
  endloop
 endfacet
 facet normal -0.57735026918962584 -0.57735026918962584 -0.57735026918962584
  outer loop
   vertex 94 136 270.5
   vertex 94 135.5 271
   vertex 93.5 136 271
  endloop
 endfacet
 facet normal -0 -0.70710678118654746 -0.70710678118654746
  outer loop
   vertex 94 136 270.5
   vertex 95 136 270.5
   vertex 95 135.5 271
  endloop
 endfacet
 facet normal 0 -0.70710678118654746 -0.70710678118654746
  outer loop
   vertex 94 135.5 271
   vertex 94 136 270.5
   vertex 95 135.5 271
  endloop
 endfacet
 facet normal -0 -0.70710678118654746 -0.70710678118654746
  outer loop
   vertex 95 136 270.5
   vertex 96 136 270.5
   vertex 96 135.5 271
  endloop
 endfacet
 facet normal 0 -0.70710678118654746 -0.70710678118654746
  outer loop
   vertex 95 135.5 271
   vertex 95 136 270.5
   vertex 96 135.5 271
  endloop
 endfacet
 facet normal 0.57735026918962584 -0.57735026918962584 -0.57735026918962584
  outer loop
   vertex 96 135.5 271
   vertex 96 136 270.5
   vertex 96.5 136 271
  endloop
 endfacet
 facet normal -0.57735026918962584 -0.57735026918962584 -0.57735026918962584
  outer loop
   vertex 92 137 270.5
   vertex 92 136.5 271
   vertex 91.5 137 271
  endloop
 endfacet
 facet normal -0 -0.70710678118654746 -0.70710678118654746
  outer loop
   vertex 92 137 270.5
   vertex 93 137 270.5
   vertex 93 136.5 271
  endloop
 endfacet
 facet normal 0 -0.70710678118654746 -0.70710678118654746
  outer loop
   vertex 92 136.5 271
   vertex 92 137 270.5
   vertex 93 136.5 271
  endloop
 endfacet
 facet normal -0.57735026918962584 -0.57735026918962584 -0.57735026918962584
  outer loop
   vertex 93.5 136 271
   vertex 93 136.5 271
   vertex 93 137 270.5
  endloop
 endfacet
 facet normal -0.57735026918962584 -0.57735026918962584 -0.57735026918962584
  outer loop
   vertex 94 136 270.5
   vertex 93.5 136 271
   vertex 93 137 270.5
  endloop
 endfacet
 facet normal -0.57735026918962584 -0.57735026918962584 -0.57735026918962584
  outer loop
   vertex 94 136 270.5
   vertex 93 137 270.5
   vertex 93.5 137 270
  endloop
 endfacet
 facet normal -0.57735026918962584 -0.57735026918962584 -0.57735026918962584
  outer loop
   vertex 94 136 270.5
   vertex 93.5 137 270
   vertex 94 136.5 270
  endloop
 endfacet
 facet normal 0 -0.70710678118654746 -0.70710678118654746
  outer loop
   vertex 95 136.5 270
   vertex 94 136 270.5
   vertex 94 136.5 270
  endloop
 endfacet
 facet normal 0 -0.70710678118654746 -0.70710678118654746
  outer loop
   vertex 95 136 270.5
   vertex 94 136 270.5
   vertex 95 136.5 270
  endloop
 endfacet
 facet normal 0 -0.70710678118654746 -0.70710678118654746
  outer loop
   vertex 96 136.5 270
   vertex 95 136 270.5
   vertex 95 136.5 270
  endloop
 endfacet
 facet normal 0 -0.70710678118654746 -0.70710678118654746
  outer loop
   vertex 96 136 270.5
   vertex 95 136 270.5
   vertex 96 136.5 270
  endloop
 endfacet
 facet normal 0.57735026918962584 -0.57735026918962584 -0.57735026918962584
  outer loop
   vertex 96.5 137 270
   vertex 97 137 270.5
   vertex 97 136.5 271
  endloop
 endfacet
 facet normal 0.57735026918962584 -0.57735026918962584 -0.57735026918962584
  outer loop
   vertex 96 136.5 270
   vertex 96.5 137 270
   vertex 97 136.5 271
  endloop
 endfacet
 facet normal 0.57735026918962584 -0.57735026918962584 -0.57735026918962584
  outer loop
   vertex 96 136.5 270
   vertex 97 136.5 271
   vertex 96.5 136 271
  endloop
 endfacet
 facet normal 0.57735026918962584 -0.57735026918962584 -0.57735026918962584
  outer loop
   vertex 96 136.5 270
   vertex 96.5 136 271
   vertex 96 136 270.5
  endloop
 endfacet
 facet normal -0 -0.70710678118654746 -0.70710678118654746
  outer loop
   vertex 97 137 270.5
   vertex 98 137 270.5
   vertex 98 136.5 271
  endloop
 endfacet
 facet normal 0 -0.70710678118654746 -0.70710678118654746
  outer loop
   vertex 97 136.5 271
   vertex 97 137 270.5
   vertex 98 136.5 271
  endloop
 endfacet
 facet normal 0.57735026918962584 -0.57735026918962584 -0.57735026918962584
  outer loop
   vertex 98 136.5 271
   vertex 98 137 270.5
   vertex 98.5 137 271
  endloop
 endfacet
 facet normal -0.57735026918962584 -0.57735026918962584 -0.57735026918962584
  outer loop
   vertex 91 138 270.5
   vertex 91 137.5 271
   vertex 90.5 138 271
  endloop
 endfacet
 facet normal -0.57735026918962584 -0.57735026918962584 -0.57735026918962584
  outer loop
   vertex 91.5 137 271
   vertex 91 137.5 271
   vertex 91 138 270.5
  endloop
 endfacet
 facet normal -0.57735026918962584 -0.57735026918962584 -0.57735026918962584
  outer loop
   vertex 91.5 137 271
   vertex 91 138 270.5
   vertex 92 137 270.5
  endloop
 endfacet
 facet normal 0 0 -1
  outer loop
   vertex 92 137 270.5
   vertex 91 138 270.5
   vertex 92 138 270.5
  endloop
 endfacet
 facet normal -0.57735026918962584 -0.57735026918962584 -0.57735026918962584
  outer loop
   vertex 93 137.5 270
   vertex 92 138 270.5
   vertex 92.5 138 270
  endloop
 endfacet
 facet normal -0.57735026918962584 -0.57735026918962584 -0.57735026918962584
  outer loop
   vertex 93 137.5 270
   vertex 93 137 270.5
   vertex 92 138 270.5
  endloop
 endfacet
 facet normal 0 0 -1
  outer loop
   vertex 93 137 270.5
   vertex 92 137 270.5
   vertex 92 138 270.5
  endloop
 endfacet
 facet normal -0.57735026918962584 -0.57735026918962584 -0.57735026918962584
  outer loop
   vertex 93.5 137 270
   vertex 93 137 270.5
   vertex 93 137.5 270
  endloop
 endfacet
 facet normal 0.57735026918962584 -0.57735026918962584 -0.57735026918962584
  outer loop
   vertex 96.5 137 270
   vertex 97 137.5 270
   vertex 97 137 270.5
  endloop
 endfacet
 facet normal 0 -0.70710678118654746 -0.70710678118654746
  outer loop
   vertex 98 137.5 270
   vertex 97 137 270.5
   vertex 97 137.5 270
  endloop
 endfacet
 facet normal 0 -0.70710678118654746 -0.70710678118654746
  outer loop
   vertex 98 137 270.5
   vertex 97 137 270.5
   vertex 98 137.5 270
  endloop
 endfacet
 facet normal 0.57735026918962584 -0.57735026918962584 -0.57735026918962584
  outer loop
   vertex 98.5 138 270
   vertex 99 138 270.5
   vertex 99 137.5 271
  endloop
 endfacet
 facet normal 0.57735026918962584 -0.57735026918962584 -0.57735026918962584
  outer loop
   vertex 98 137.5 270
   vertex 98.5 138 270
   vertex 99 137.5 271
  endloop
 endfacet
 facet normal 0.57735026918962584 -0.57735026918962584 -0.57735026918962584
  outer loop
   vertex 98 137.5 270
   vertex 99 137.5 271
   vertex 98.5 137 271
  endloop
 endfacet
 facet normal 0.57735026918962584 -0.57735026918962584 -0.57735026918962584
  outer loop
   vertex 98 137.5 270
   vertex 98.5 137 271
   vertex 98 137 270.5
  endloop
 endfacet
 facet normal 0.57735026918962584 -0.57735026918962584 -0.57735026918962584
  outer loop
   vertex 99 137.5 271
   vertex 99 138 270.5
   vertex 99.5 138 271
  endloop
 endfacet
 facet normal -0.70710678118654746 0 -0.70710678118654746
  outer loop
   vertex 91 139 270.5
   vertex 91 138 270.5
   vertex 90.5 138 271
  endloop
 endfacet
 facet normal -0.70710678118654746 0 -0.70710678118654746
  outer loop
   vertex 90.5 139 271
   vertex 91 139 270.5
   vertex 90.5 138 271
  endloop
 endfacet
 facet normal -0.57735026918962584 -0.57735026918962584 -0.57735026918962584
  outer loop
   vertex 92 138.5 270
   vertex 91 139 270.5
   vertex 91.5 139 270
  endloop
 endfacet
 facet normal -0.57735026918962584 -0.57735026918962584 -0.57735026918962584
  outer loop
   vertex 92 138.5 270
   vertex 92 138 270.5
   vertex 91 139 270.5
  endloop
 endfacet
 facet normal 0 0 -1
  outer loop
   vertex 92 138 270.5
   vertex 91 138 270.5
   vertex 91 139 270.5
  endloop
 endfacet
 facet normal -0.57735026918962584 -0.57735026918962584 -0.57735026918962584
  outer loop
   vertex 92.5 138 270
   vertex 92 138 270.5
   vertex 92 138.5 270
  endloop
 endfacet
 facet normal 0.57735026918962584 -0.57735026918962584 -0.57735026918962584
  outer loop
   vertex 98.5 138 270
   vertex 99 138.5 270
   vertex 99 138 270.5
  endloop
 endfacet
 facet normal 0.57735026918962584 -0.57735026918962584 -0.57735026918962584
  outer loop
   vertex 99 138 270.5
   vertex 99 138.5 270
   vertex 99.5 139 270
  endloop
 endfacet
 facet normal 0.57735026918962584 -0.57735026918962584 -0.57735026918962584
  outer loop
   vertex 99 138 270.5
   vertex 99.5 139 270
   vertex 99.5 138 271
  endloop
 endfacet
 facet normal 1 0 -0
  outer loop
   vertex 99.5 138 271
   vertex 99.5 139 270
   vertex 99.5 139 271
  endloop
 endfacet
 facet normal -0.57735026918962584 -0.57735026918962584 -0.57735026918962584
  outer loop
   vertex 90 140 270.5
   vertex 90 139.5 271
   vertex 89.5 140 271
  endloop
 endfacet
 facet normal -0.57735026918962584 -0.57735026918962584 -0.57735026918962584
  outer loop
   vertex 90.5 139 271
   vertex 90 139.5 271
   vertex 90 140 270.5
  endloop
 endfacet
 facet normal -0.57735026918962584 -0.57735026918962584 -0.57735026918962584
  outer loop
   vertex 91 139 270.5
   vertex 90.5 139 271
   vertex 90 140 270.5
  endloop
 endfacet
 facet normal -0.57735026918962584 -0.57735026918962584 -0.57735026918962584
  outer loop
   vertex 91 139 270.5
   vertex 90 140 270.5
   vertex 90.5 140 270
  endloop
 endfacet
 facet normal -0.57735026918962584 -0.57735026918962584 -0.57735026918962584
  outer loop
   vertex 91 139 270.5
   vertex 90.5 140 270
   vertex 91 139.5 270
  endloop
 endfacet
 facet normal -0.57735026918962584 -0.57735026918962584 -0.57735026918962584
  outer loop
   vertex 91.5 139 270
   vertex 91 139 270.5
   vertex 91 139.5 270
  endloop
 endfacet
 facet normal 0.57735026918962584 -0.57735026918962584 -0.57735026918962584
  outer loop
   vertex 100 139.5 271
   vertex 99.5 140 270
   vertex 100 140 270.5
  endloop
 endfacet
 facet normal 0.57735026918962584 -0.57735026918962584 -0.57735026918962584
  outer loop
   vertex 100 139.5 271
   vertex 99.5 139 271
   vertex 99.5 140 270
  endloop
 endfacet
 facet normal 1 0 0
  outer loop
   vertex 99.5 139 271
   vertex 99.5 139 270
   vertex 99.5 140 270
  endloop
 endfacet
 facet normal 0.57735026918962584 -0.57735026918962584 -0.57735026918962584
  outer loop
   vertex 100 139.5 271
   vertex 100 140 270.5
   vertex 100.5 140 271
  endloop
 endfacet
 facet normal -0.70710678118654746 0 -0.70710678118654746
  outer loop
   vertex 90 141 270.5
   vertex 90 140 270.5
   vertex 89.5 140 271
  endloop
 endfacet
 facet normal -0.70710678118654746 0 -0.70710678118654746
  outer loop
   vertex 89.5 141 271
   vertex 90 141 270.5
   vertex 89.5 140 271
  endloop
 endfacet
 facet normal -0.70710678118654746 0 -0.70710678118654746
  outer loop
   vertex 90.5 140 270
   vertex 90 141 270.5
   vertex 90.5 141 270
  endloop
 endfacet
 facet normal -0.70710678118654746 -0 -0.70710678118654746
  outer loop
   vertex 90 140 270.5
   vertex 90 141 270.5
   vertex 90.5 140 270
  endloop
 endfacet
 facet normal 0.57735026918962584 -0.57735026918962584 -0.57735026918962584
  outer loop
   vertex 99.5 140 270
   vertex 100 140.5 270
   vertex 100 140 270.5
  endloop
 endfacet
 facet normal 0.57735026918962584 -0.57735026918962584 -0.57735026918962584
  outer loop
   vertex 100.5 141 270
   vertex 101 141 270.5
   vertex 101 140.5 271
  endloop
 endfacet
 facet normal 0.57735026918962584 -0.57735026918962584 -0.57735026918962584
  outer loop
   vertex 100 140.5 270
   vertex 100.5 141 270
   vertex 101 140.5 271
  endloop
 endfacet
 facet normal 0.57735026918962584 -0.57735026918962584 -0.57735026918962584
  outer loop
   vertex 100 140.5 270
   vertex 101 140.5 271
   vertex 100.5 140 271
  endloop
 endfacet
 facet normal 0.57735026918962584 -0.57735026918962584 -0.57735026918962584
  outer loop
   vertex 100 140.5 270
   vertex 100.5 140 271
   vertex 100 140 270.5
  endloop
 endfacet
 facet normal 0.57735026918962584 -0.57735026918962584 -0.57735026918962584
  outer loop
   vertex 101 140.5 271
   vertex 101 141 270.5
   vertex 101.5 141 271
  endloop
 endfacet
 facet normal -0.70710678118654746 0 -0.70710678118654746
  outer loop
   vertex 90 142 270.5
   vertex 90 141 270.5
   vertex 89.5 141 271
  endloop
 endfacet
 facet normal -0.70710678118654746 0 -0.70710678118654746
  outer loop
   vertex 89.5 142 271
   vertex 90 142 270.5
   vertex 89.5 141 271
  endloop
 endfacet
 facet normal -0.70710678118654746 0 -0.70710678118654746
  outer loop
   vertex 90.5 141 270
   vertex 90 142 270.5
   vertex 90.5 142 270
  endloop
 endfacet
 facet normal -0.70710678118654746 -0 -0.70710678118654746
  outer loop
   vertex 90 141 270.5
   vertex 90 142 270.5
   vertex 90.5 141 270
  endloop
 endfacet
 facet normal 0.70710678118654746 0 -0.70710678118654746
  outer loop
   vertex 101 141 270.5
   vertex 100.5 142 270
   vertex 101 142 270.5
  endloop
 endfacet
 facet normal 0.70710678118654746 0 -0.70710678118654746
  outer loop
   vertex 100.5 141 270
   vertex 100.5 142 270
   vertex 101 141 270.5
  endloop
 endfacet
 facet normal 0.70710678118654746 0 -0.70710678118654746
  outer loop
   vertex 101.5 142 271
   vertex 101.5 141 271
   vertex 101 141 270.5
  endloop
 endfacet
 facet normal 0.70710678118654746 0 -0.70710678118654746
  outer loop
   vertex 101 142 270.5
   vertex 101.5 142 271
   vertex 101 141 270.5
  endloop
 endfacet
 facet normal -0.70710678118654746 0 -0.70710678118654746
  outer loop
   vertex 90 143 270.5
   vertex 90 142 270.5
   vertex 89.5 142 271
  endloop
 endfacet
 facet normal -0.70710678118654746 0 -0.70710678118654746
  outer loop
   vertex 89.5 143 271
   vertex 90 143 270.5
   vertex 89.5 142 271
  endloop
 endfacet
 facet normal -0.70710678118654746 0 -0.70710678118654746
  outer loop
   vertex 90.5 142 270
   vertex 90 143 270.5
   vertex 90.5 143 270
  endloop
 endfacet
 facet normal -0.70710678118654746 -0 -0.70710678118654746
  outer loop
   vertex 90 142 270.5
   vertex 90 143 270.5
   vertex 90.5 142 270
  endloop
 endfacet
 facet normal 0.70710678118654746 0 -0.70710678118654746
  outer loop
   vertex 101 142 270.5
   vertex 100.5 143 270
   vertex 101 143 270.5
  endloop
 endfacet
 facet normal 0.70710678118654746 0 -0.70710678118654746
  outer loop
   vertex 100.5 142 270
   vertex 100.5 143 270
   vertex 101 142 270.5
  endloop
 endfacet
 facet normal 0.70710678118654746 0 -0.70710678118654746
  outer loop
   vertex 101.5 143 271
   vertex 101.5 142 271
   vertex 101 142 270.5
  endloop
 endfacet
 facet normal 0.70710678118654746 0 -0.70710678118654746
  outer loop
   vertex 101 143 270.5
   vertex 101.5 143 271
   vertex 101 142 270.5
  endloop
 endfacet
 facet normal -0.70710678118654746 0 -0.70710678118654746
  outer loop
   vertex 90 144 270.5
   vertex 90 143 270.5
   vertex 89.5 143 271
  endloop
 endfacet
 facet normal -0.70710678118654746 0 -0.70710678118654746
  outer loop
   vertex 89.5 144 271
   vertex 90 144 270.5
   vertex 89.5 143 271
  endloop
 endfacet
 facet normal -0.70710678118654746 0 -0.70710678118654746
  outer loop
   vertex 90.5 143 270
   vertex 90 144 270.5
   vertex 90.5 144 270
  endloop
 endfacet
 facet normal -0.70710678118654746 -0 -0.70710678118654746
  outer loop
   vertex 90 143 270.5
   vertex 90 144 270.5
   vertex 90.5 143 270
  endloop
 endfacet
 facet normal 0.57735026918962584 0.57735026918962584 -0.57735026918962584
  outer loop
   vertex 101 143 270.5
   vertex 100.5 144 271
   vertex 101 143.5 271
  endloop
 endfacet
 facet normal 0.57735026918962584 0.57735026918962584 -0.57735026918962584
  outer loop
   vertex 101 143 270.5
   vertex 100.5 143 270
   vertex 100.5 144 271
  endloop
 endfacet
 facet normal 1 0 -0
  outer loop
   vertex 100.5 143 270
   vertex 100.5 144 270
   vertex 100.5 144 271
  endloop
 endfacet
 facet normal 0.57735026918962584 0.57735026918962584 -0.57735026918962584
  outer loop
   vertex 101.5 143 271
   vertex 101 143 270.5
   vertex 101 143.5 271
  endloop
 endfacet
 facet normal -0.70710678118654746 0 -0.70710678118654746
  outer loop
   vertex 90 145 270.5
   vertex 90 144 270.5
   vertex 89.5 144 271
  endloop
 endfacet
 facet normal -0.70710678118654746 0 -0.70710678118654746
  outer loop
   vertex 89.5 145 271
   vertex 90 145 270.5
   vertex 89.5 144 271
  endloop
 endfacet
 facet normal -0.70710678118654746 0 -0.70710678118654746
  outer loop
   vertex 90.5 144 270
   vertex 90 145 270.5
   vertex 90.5 145 270
  endloop
 endfacet
 facet normal -0.70710678118654746 -0 -0.70710678118654746
  outer loop
   vertex 90 144 270.5
   vertex 90 145 270.5
   vertex 90.5 144 270
  endloop
 endfacet
 facet normal 1 0 0
  outer loop
   vertex 100.5 144 270
   vertex 100.5 145 270
   vertex 100.5 144 271
  endloop
 endfacet
 facet normal 1 0 -0
  outer loop
   vertex 100.5 144 271
   vertex 100.5 145 270
   vertex 100.5 145 271
  endloop
 endfacet
 facet normal -0.57735026918962584 0.57735026918962584 -0.57735026918962584
  outer loop
   vertex 90 145 270.5
   vertex 89.5 145 271
   vertex 90 145.5 271
  endloop
 endfacet
 facet normal -0.57735026918962584 0.57735026918962584 -0.57735026918962584
  outer loop
   vertex 91 146 270.5
   vertex 90 145.5 271
   vertex 90.5 146 271
  endloop
 endfacet
 facet normal -0.57735026918962584 0.57735026918962584 -0.57735026918962584
  outer loop
   vertex 91 145.5 270
   vertex 90 145.5 271
   vertex 91 146 270.5
  endloop
 endfacet
 facet normal -0.57735026918962584 0.57735026918962584 -0.57735026918962584
  outer loop
   vertex 91 145.5 270
   vertex 90 145 270.5
   vertex 90 145.5 271
  endloop
 endfacet
 facet normal -0.57735026918962584 0.57735026918962584 -0.57735026918962584
  outer loop
   vertex 91 145.5 270
   vertex 90.5 145 270
   vertex 90 145 270.5
  endloop
 endfacet
 facet normal -0.57735026918962584 0.57735026918962584 -0.57735026918962584
  outer loop
   vertex 91 145.5 270
   vertex 91 146 270.5
   vertex 91.5 146 270
  endloop
 endfacet
 facet normal 0.70710678118654746 0.70710678118654746 0
  outer loop
   vertex 100 145.5 270
   vertex 99.5 146 271
   vertex 100 145.5 271
  endloop
 endfacet
 facet normal 0.70710678118654746 0.70710678118654746 0
  outer loop
   vertex 99.5 146 270
   vertex 99.5 146 271
   vertex 100 145.5 270
  endloop
 endfacet
 facet normal 0.70710678118654746 0.70710678118654746 -0
  outer loop
   vertex 100.5 145 271
   vertex 100.5 145 270
   vertex 100 145.5 270
  endloop
 endfacet
 facet normal 0.70710678118654746 0.70710678118654746 0
  outer loop
   vertex 100 145.5 271
   vertex 100.5 145 271
   vertex 100 145.5 270
  endloop
 endfacet
 facet normal -0.70710678118654746 0 -0.70710678118654746
  outer loop
   vertex 91 147 270.5
   vertex 91 146 270.5
   vertex 90.5 146 271
  endloop
 endfacet
 facet normal -0.70710678118654746 0 -0.70710678118654746
  outer loop
   vertex 90.5 147 271
   vertex 91 147 270.5
   vertex 90.5 146 271
  endloop
 endfacet
 facet normal -0.70710678118654746 0 -0.70710678118654746
  outer loop
   vertex 91.5 146 270
   vertex 91 147 270.5
   vertex 91.5 147 270
  endloop
 endfacet
 facet normal -0.70710678118654746 -0 -0.70710678118654746
  outer loop
   vertex 91 146 270.5
   vertex 91 147 270.5
   vertex 91.5 146 270
  endloop
 endfacet
 facet normal 0.57735026918962584 0.57735026918962584 -0.57735026918962584
  outer loop
   vertex 99 146.5 270
   vertex 98.5 147 270
   vertex 99 147 270.5
  endloop
 endfacet
 facet normal 0.57735026918962584 0.57735026918962584 -0.57735026918962584
  outer loop
   vertex 99 146.5 270
   vertex 99 147 270.5
   vertex 99.5 147 271
  endloop
 endfacet
 facet normal 0.57735026918962584 0.57735026918962584 -0.57735026918962584
  outer loop
   vertex 99 146.5 270
   vertex 99.5 147 271
   vertex 99.5 146 270
  endloop
 endfacet
 facet normal 1 0 0
  outer loop
   vertex 99.5 146 270
   vertex 99.5 147 271
   vertex 99.5 146 271
  endloop
 endfacet
 facet normal -0.57735026918962584 0.57735026918962584 -0.57735026918962584
  outer loop
   vertex 91 147 270.5
   vertex 90.5 147 271
   vertex 91 147.5 271
  endloop
 endfacet
 facet normal -0.57735026918962584 0.57735026918962584 -0.57735026918962584
  outer loop
   vertex 92 148 270.5
   vertex 91 147.5 271
   vertex 91.5 148 271
  endloop
 endfacet
 facet normal -0.57735026918962584 0.57735026918962584 -0.57735026918962584
  outer loop
   vertex 92 147.5 270
   vertex 91 147.5 271
   vertex 92 148 270.5
  endloop
 endfacet
 facet normal -0.57735026918962584 0.57735026918962584 -0.57735026918962584
  outer loop
   vertex 92 147.5 270
   vertex 91 147 270.5
   vertex 91 147.5 271
  endloop
 endfacet
 facet normal -0.57735026918962584 0.57735026918962584 -0.57735026918962584
  outer loop
   vertex 92 147.5 270
   vertex 91.5 147 270
   vertex 91 147 270.5
  endloop
 endfacet
 facet normal 0 0.70710678118654746 -0.70710678118654746
  outer loop
   vertex 92 147.5 270
   vertex 93 148 270.5
   vertex 93 147.5 270
  endloop
 endfacet
 facet normal 0 0.70710678118654746 -0.70710678118654746
  outer loop
   vertex 92 148 270.5
   vertex 93 148 270.5
   vertex 92 147.5 270
  endloop
 endfacet
 facet normal -0.57735026918962584 0.57735026918962584 -0.57735026918962584
  outer loop
   vertex 93 147.5 270
   vertex 93 148 270.5
   vertex 93.5 148 270
  endloop
 endfacet
 facet normal 0.57735026918962584 0.57735026918962584 -0.57735026918962584
  outer loop
   vertex 98 147.5 270
   vertex 97.5 148 270
   vertex 98 148 270.5
  endloop
 endfacet
 facet normal 0.57735026918962584 0.57735026918962584 -0.57735026918962584
  outer loop
   vertex 98 147.5 270
   vertex 98 148 270.5
   vertex 98.5 148 271
  endloop
 endfacet
 facet normal 0.57735026918962584 0.57735026918962584 -0.57735026918962584
  outer loop
   vertex 98.5 147 270
   vertex 98 147.5 270
   vertex 98.5 148 271
  endloop
 endfacet
 facet normal 0.57735026918962584 0.57735026918962584 -0.57735026918962584
  outer loop
   vertex 98.5 147 270
   vertex 98.5 148 271
   vertex 99 147.5 271
  endloop
 endfacet
 facet normal 0.57735026918962584 0.57735026918962584 -0.57735026918962584
  outer loop
   vertex 98.5 147 270
   vertex 99 147.5 271
   vertex 99 147 270.5
  endloop
 endfacet
 facet normal 0.57735026918962584 0.57735026918962584 -0.57735026918962584
  outer loop
   vertex 99.5 147 271
   vertex 99 147 270.5
   vertex 99 147.5 271
  endloop
 endfacet
 facet normal -0.57735026918962584 0.57735026918962584 -0.57735026918962584
  outer loop
   vertex 92 148 270.5
   vertex 91.5 148 271
   vertex 92 148.5 271
  endloop
 endfacet
 facet normal 0 0.70710678118654746 -0.70710678118654746
  outer loop
   vertex 93 148 270.5
   vertex 92 148 270.5
   vertex 92 148.5 271
  endloop
 endfacet
 facet normal 0 0.70710678118654746 -0.70710678118654746
  outer loop
   vertex 93 148.5 271
   vertex 93 148 270.5
   vertex 92 148.5 271
  endloop
 endfacet
 facet normal -0.57735026918962584 0.57735026918962584 -0.57735026918962584
  outer loop
   vertex 94 149 270.5
   vertex 93 148.5 271
   vertex 93.5 149 271
  endloop
 endfacet
 facet normal -0.57735026918962584 0.57735026918962584 -0.57735026918962584
  outer loop
   vertex 94 148.5 270
   vertex 93 148.5 271
   vertex 94 149 270.5
  endloop
 endfacet
 facet normal -0.57735026918962584 0.57735026918962584 -0.57735026918962584
  outer loop
   vertex 94 148.5 270
   vertex 93 148 270.5
   vertex 93 148.5 271
  endloop
 endfacet
 facet normal -0.57735026918962584 0.57735026918962584 -0.57735026918962584
  outer loop
   vertex 94 148.5 270
   vertex 93.5 148 270
   vertex 93 148 270.5
  endloop
 endfacet
 facet normal 0 0.70710678118654746 -0.70710678118654746
  outer loop
   vertex 94 148.5 270
   vertex 95 149 270.5
   vertex 95 148.5 270
  endloop
 endfacet
 facet normal 0 0.70710678118654746 -0.70710678118654746
  outer loop
   vertex 94 149 270.5
   vertex 95 149 270.5
   vertex 94 148.5 270
  endloop
 endfacet
 facet normal 0 0.70710678118654746 -0.70710678118654746
  outer loop
   vertex 95 148.5 270
   vertex 96 149 270.5
   vertex 96 148.5 270
  endloop
 endfacet
 facet normal 0 0.70710678118654746 -0.70710678118654746
  outer loop
   vertex 95 149 270.5
   vertex 96 149 270.5
   vertex 95 148.5 270
  endloop
 endfacet
 facet normal 0 0.70710678118654746 -0.70710678118654746
  outer loop
   vertex 96 148.5 270
   vertex 97 149 270.5
   vertex 97 148.5 270
  endloop
 endfacet
 facet normal 0 0.70710678118654746 -0.70710678118654746
  outer loop
   vertex 96 149 270.5
   vertex 97 149 270.5
   vertex 96 148.5 270
  endloop
 endfacet
 facet normal 0.57735026918962584 0.57735026918962584 -0.57735026918962584
  outer loop
   vertex 97 148.5 270
   vertex 97 149 270.5
   vertex 97.5 149 271
  endloop
 endfacet
 facet normal 0.57735026918962584 0.57735026918962584 -0.57735026918962584
  outer loop
   vertex 97.5 148 270
   vertex 97 148.5 270
   vertex 97.5 149 271
  endloop
 endfacet
 facet normal 0.57735026918962584 0.57735026918962584 -0.57735026918962584
  outer loop
   vertex 97.5 148 270
   vertex 97.5 149 271
   vertex 98 148.5 271
  endloop
 endfacet
 facet normal 0.57735026918962584 0.57735026918962584 -0.57735026918962584
  outer loop
   vertex 97.5 148 270
   vertex 98 148.5 271
   vertex 98 148 270.5
  endloop
 endfacet
 facet normal 0.57735026918962584 0.57735026918962584 -0.57735026918962584
  outer loop
   vertex 98.5 148 271
   vertex 98 148 270.5
   vertex 98 148.5 271
  endloop
 endfacet
 facet normal -0.57735026918962584 0.57735026918962584 -0.57735026918962584
  outer loop
   vertex 94 149 270.5
   vertex 93.5 149 271
   vertex 94 149.5 271
  endloop
 endfacet
 facet normal 0 0.70710678118654746 -0.70710678118654746
  outer loop
   vertex 95 149 270.5
   vertex 94 149 270.5
   vertex 94 149.5 271
  endloop
 endfacet
 facet normal 0 0.70710678118654746 -0.70710678118654746
  outer loop
   vertex 95 149.5 271
   vertex 95 149 270.5
   vertex 94 149.5 271
  endloop
 endfacet
 facet normal 0 0.70710678118654746 -0.70710678118654746
  outer loop
   vertex 96 149 270.5
   vertex 95 149 270.5
   vertex 95 149.5 271
  endloop
 endfacet
 facet normal 0 0.70710678118654746 -0.70710678118654746
  outer loop
   vertex 96 149.5 271
   vertex 96 149 270.5
   vertex 95 149.5 271
  endloop
 endfacet
 facet normal 0 0.70710678118654746 -0.70710678118654746
  outer loop
   vertex 97 149 270.5
   vertex 96 149 270.5
   vertex 96 149.5 271
  endloop
 endfacet
 facet normal 0 0.70710678118654746 -0.70710678118654746
  outer loop
   vertex 97 149.5 271
   vertex 97 149 270.5
   vertex 96 149.5 271
  endloop
 endfacet
 facet normal 0.57735026918962584 0.57735026918962584 -0.57735026918962584
  outer loop
   vertex 97.5 149 271
   vertex 97 149 270.5
   vertex 97 149.5 271
  endloop
 endfacet
 facet normal -0.57735026918962584 -0.57735026918962584 -0.57735026918962584
  outer loop
   vertex 92 136 271.5
   vertex 92 135.5 272
   vertex 91.5 136 272
  endloop
 endfacet
 facet normal -0 -0.70710678118654746 -0.70710678118654746
  outer loop
   vertex 92 136 271.5
   vertex 93 136 271.5
   vertex 93 135.5 272
  endloop
 endfacet
 facet normal 0 -0.70710678118654746 -0.70710678118654746
  outer loop
   vertex 92 135.5 272
   vertex 92 136 271.5
   vertex 93 135.5 272
  endloop
 endfacet
 facet normal -0.57735026918962584 -0.57735026918962584 -0.57735026918962584
  outer loop
   vertex 93 136 271.5
   vertex 93.5 136 271
   vertex 94 135.5 271
  endloop
 endfacet
 facet normal -0.57735026918962584 -0.57735026918962584 -0.57735026918962584
  outer loop
   vertex 93 136 271.5
   vertex 94 135.5 271
   vertex 93 135.5 272
  endloop
 endfacet
 facet normal 0 -1 0
  outer loop
   vertex 93 135.5 272
   vertex 94 135.5 271
   vertex 94 135.5 272
  endloop
 endfacet
 facet normal 0 -1 -0
  outer loop
   vertex 95 135.5 271
   vertex 95 135.5 272
   vertex 94 135.5 271
  endloop
 endfacet
 facet normal -0 -1 0
  outer loop
   vertex 94 135.5 271
   vertex 95 135.5 272
   vertex 94 135.5 272
  endloop
 endfacet
 facet normal 0 -1 -0
  outer loop
   vertex 96 135.5 271
   vertex 96 135.5 272
   vertex 95 135.5 271
  endloop
 endfacet
 facet normal -0 -1 0
  outer loop
   vertex 95 135.5 271
   vertex 96 135.5 272
   vertex 95 135.5 272
  endloop
 endfacet
 facet normal 0.57735026918962584 -0.57735026918962584 -0.57735026918962584
  outer loop
   vertex 96.5 136 271
   vertex 97 136 271.5
   vertex 97 135.5 272
  endloop
 endfacet
 facet normal 0.57735026918962584 -0.57735026918962584 -0.57735026918962584
  outer loop
   vertex 96.5 136 271
   vertex 97 135.5 272
   vertex 96 135.5 271
  endloop
 endfacet
 facet normal -0 -1 0
  outer loop
   vertex 96 135.5 271
   vertex 97 135.5 272
   vertex 96 135.5 272
  endloop
 endfacet
 facet normal 0.57735026918962584 -0.57735026918962584 -0.57735026918962584
  outer loop
   vertex 97 135.5 272
   vertex 97 136 271.5
   vertex 97.5 136 272
  endloop
 endfacet
 facet normal -0.57735026918962584 -0.57735026918962584 -0.57735026918962584
  outer loop
   vertex 91 137 271.5
   vertex 91 136.5 272
   vertex 90.5 137 272
  endloop
 endfacet
 facet normal -0.57735026918962584 -0.57735026918962584 -0.57735026918962584
  outer loop
   vertex 91.5 136 272
   vertex 91 136.5 272
   vertex 91 137 271.5
  endloop
 endfacet
 facet normal -0.57735026918962584 -0.57735026918962584 -0.57735026918962584
  outer loop
   vertex 92 136 271.5
   vertex 91.5 136 272
   vertex 91 137 271.5
  endloop
 endfacet
 facet normal -0.57735026918962584 -0.57735026918962584 -0.57735026918962584
  outer loop
   vertex 92 136 271.5
   vertex 91 137 271.5
   vertex 91.5 137 271
  endloop
 endfacet
 facet normal -0.57735026918962584 -0.57735026918962584 -0.57735026918962584
  outer loop
   vertex 92 136 271.5
   vertex 91.5 137 271
   vertex 92 136.5 271
  endloop
 endfacet
 facet normal 0 -0.70710678118654746 -0.70710678118654746
  outer loop
   vertex 93 136.5 271
   vertex 92 136 271.5
   vertex 92 136.5 271
  endloop
 endfacet
 facet normal 0 -0.70710678118654746 -0.70710678118654746
  outer loop
   vertex 93 136 271.5
   vertex 92 136 271.5
   vertex 93 136.5 271
  endloop
 endfacet
 facet normal -0.57735026918962584 -0.57735026918962584 -0.57735026918962584
  outer loop
   vertex 93.5 136 271
   vertex 93 136 271.5
   vertex 93 136.5 271
  endloop
 endfacet
 facet normal 0.57735026918962584 -0.57735026918962584 -0.57735026918962584
  outer loop
   vertex 96.5 136 271
   vertex 97 136.5 271
   vertex 97 136 271.5
  endloop
 endfacet
 facet normal 0.57735026918962584 -0.57735026918962584 -0.57735026918962584
  outer loop
   vertex 97 136 271.5
   vertex 98 136.5 272
   vertex 97.5 136 272
  endloop
 endfacet
 facet normal 0.57735026918962584 -0.57735026918962584 -0.57735026918962584
  outer loop
   vertex 97 136 271.5
   vertex 97 136.5 271
   vertex 98 136.5 272
  endloop
 endfacet
 facet normal 0 -1 0
  outer loop
   vertex 97 136.5 271
   vertex 98 136.5 271
   vertex 98 136.5 272
  endloop
 endfacet
 facet normal 0.57735026918962584 -0.57735026918962584 -0.57735026918962584
  outer loop
   vertex 98.5 137 271
   vertex 99 137 271.5
   vertex 99 136.5 272
  endloop
 endfacet
 facet normal 0.57735026918962584 -0.57735026918962584 -0.57735026918962584
  outer loop
   vertex 98.5 137 271
   vertex 99 136.5 272
   vertex 98 136.5 271
  endloop
 endfacet
 facet normal -0 -1 0
  outer loop
   vertex 98 136.5 271
   vertex 99 136.5 272
   vertex 98 136.5 272
  endloop
 endfacet
 facet normal 0.57735026918962584 -0.57735026918962584 -0.57735026918962584
  outer loop
   vertex 99 136.5 272
   vertex 99 137 271.5
   vertex 99.5 137 272
  endloop
 endfacet
 facet normal -0.57735026918962584 -0.57735026918962584 -0.57735026918962584
  outer loop
   vertex 90 138 271.5
   vertex 90 137.5 272
   vertex 89.5 138 272
  endloop
 endfacet
 facet normal -0.57735026918962584 -0.57735026918962584 -0.57735026918962584
  outer loop
   vertex 90.5 137 272
   vertex 90 137.5 272
   vertex 90 138 271.5
  endloop
 endfacet
 facet normal -0.57735026918962584 -0.57735026918962584 -0.57735026918962584
  outer loop
   vertex 91 137 271.5
   vertex 90.5 137 272
   vertex 90 138 271.5
  endloop
 endfacet
 facet normal -0.57735026918962584 -0.57735026918962584 -0.57735026918962584
  outer loop
   vertex 91 137 271.5
   vertex 90 138 271.5
   vertex 90.5 138 271
  endloop
 endfacet
 facet normal -0.57735026918962584 -0.57735026918962584 -0.57735026918962584
  outer loop
   vertex 91 137 271.5
   vertex 90.5 138 271
   vertex 91 137.5 271
  endloop
 endfacet
 facet normal -0.57735026918962584 -0.57735026918962584 -0.57735026918962584
  outer loop
   vertex 91.5 137 271
   vertex 91 137 271.5
   vertex 91 137.5 271
  endloop
 endfacet
 facet normal 0.57735026918962584 -0.57735026918962584 -0.57735026918962584
  outer loop
   vertex 98.5 137 271
   vertex 99 137.5 271
   vertex 99 137 271.5
  endloop
 endfacet
 facet normal 0.57735026918962584 -0.57735026918962584 -0.57735026918962584
  outer loop
   vertex 99.5 138 271
   vertex 100 138 271.5
   vertex 100 137.5 272
  endloop
 endfacet
 facet normal 0.57735026918962584 -0.57735026918962584 -0.57735026918962584
  outer loop
   vertex 99 137.5 271
   vertex 99.5 138 271
   vertex 100 137.5 272
  endloop
 endfacet
 facet normal 0.57735026918962584 -0.57735026918962584 -0.57735026918962584
  outer loop
   vertex 99 137.5 271
   vertex 100 137.5 272
   vertex 99.5 137 272
  endloop
 endfacet
 facet normal 0.57735026918962584 -0.57735026918962584 -0.57735026918962584
  outer loop
   vertex 99 137.5 271
   vertex 99.5 137 272
   vertex 99 137 271.5
  endloop
 endfacet
 facet normal 0.57735026918962584 -0.57735026918962584 -0.57735026918962584
  outer loop
   vertex 100 137.5 272
   vertex 100 138 271.5
   vertex 100.5 138 272
  endloop
 endfacet
 facet normal -0.70710678118654746 0 -0.70710678118654746
  outer loop
   vertex 90 139 271.5
   vertex 90 138 271.5
   vertex 89.5 138 272
  endloop
 endfacet
 facet normal -0.70710678118654746 0 -0.70710678118654746
  outer loop
   vertex 89.5 139 272
   vertex 90 139 271.5
   vertex 89.5 138 272
  endloop
 endfacet
 facet normal -0.70710678118654746 0 -0.70710678118654746
  outer loop
   vertex 90.5 138 271
   vertex 90 139 271.5
   vertex 90.5 139 271
  endloop
 endfacet
 facet normal -0.70710678118654746 -0 -0.70710678118654746
  outer loop
   vertex 90 138 271.5
   vertex 90 139 271.5
   vertex 90.5 138 271
  endloop
 endfacet
 facet normal 0.70710678118654746 0 -0.70710678118654746
  outer loop
   vertex 100 138 271.5
   vertex 99.5 139 271
   vertex 100 139 271.5
  endloop
 endfacet
 facet normal 0.70710678118654746 0 -0.70710678118654746
  outer loop
   vertex 99.5 138 271
   vertex 99.5 139 271
   vertex 100 138 271.5
  endloop
 endfacet
 facet normal 0.70710678118654746 0 -0.70710678118654746
  outer loop
   vertex 100.5 139 272
   vertex 100.5 138 272
   vertex 100 138 271.5
  endloop
 endfacet
 facet normal 0.70710678118654746 0 -0.70710678118654746
  outer loop
   vertex 100 139 271.5
   vertex 100.5 139 272
   vertex 100 138 271.5
  endloop
 endfacet
 facet normal -0.57735026918962584 -0.57735026918962584 -0.57735026918962584
  outer loop
   vertex 89 140 271.5
   vertex 89 139.5 272
   vertex 88.5 140 272
  endloop
 endfacet
 facet normal -0.57735026918962584 -0.57735026918962584 -0.57735026918962584
  outer loop
   vertex 89.5 139 272
   vertex 89 139.5 272
   vertex 89 140 271.5
  endloop
 endfacet
 facet normal -0.57735026918962584 -0.57735026918962584 -0.57735026918962584
  outer loop
   vertex 90 139 271.5
   vertex 89.5 139 272
   vertex 89 140 271.5
  endloop
 endfacet
 facet normal -0.57735026918962584 -0.57735026918962584 -0.57735026918962584
  outer loop
   vertex 90 139 271.5
   vertex 89 140 271.5
   vertex 89.5 140 271
  endloop
 endfacet
 facet normal -0.57735026918962584 -0.57735026918962584 -0.57735026918962584
  outer loop
   vertex 90 139 271.5
   vertex 89.5 140 271
   vertex 90 139.5 271
  endloop
 endfacet
 facet normal -0.57735026918962584 -0.57735026918962584 -0.57735026918962584
  outer loop
   vertex 90.5 139 271
   vertex 90 139 271.5
   vertex 90 139.5 271
  endloop
 endfacet
 facet normal 0.57735026918962584 -0.57735026918962584 -0.57735026918962584
  outer loop
   vertex 99.5 139 271
   vertex 100 139.5 271
   vertex 100 139 271.5
  endloop
 endfacet
 facet normal 0.57735026918962584 -0.57735026918962584 -0.57735026918962584
  outer loop
   vertex 100.5 140 271
   vertex 101 140 271.5
   vertex 101 139.5 272
  endloop
 endfacet
 facet normal 0.57735026918962584 -0.57735026918962584 -0.57735026918962584
  outer loop
   vertex 100 139.5 271
   vertex 100.5 140 271
   vertex 101 139.5 272
  endloop
 endfacet
 facet normal 0.57735026918962584 -0.57735026918962584 -0.57735026918962584
  outer loop
   vertex 100 139.5 271
   vertex 101 139.5 272
   vertex 100.5 139 272
  endloop
 endfacet
 facet normal 0.57735026918962584 -0.57735026918962584 -0.57735026918962584
  outer loop
   vertex 100 139.5 271
   vertex 100.5 139 272
   vertex 100 139 271.5
  endloop
 endfacet
 facet normal 0.57735026918962584 -0.57735026918962584 -0.57735026918962584
  outer loop
   vertex 101 139.5 272
   vertex 101 140 271.5
   vertex 101.5 140 272
  endloop
 endfacet
 facet normal -0.70710678118654746 0 -0.70710678118654746
  outer loop
   vertex 89 141 271.5
   vertex 89 140 271.5
   vertex 88.5 140 272
  endloop
 endfacet
 facet normal -0.70710678118654746 0 -0.70710678118654746
  outer loop
   vertex 88.5 141 272
   vertex 89 141 271.5
   vertex 88.5 140 272
  endloop
 endfacet
 facet normal -0.70710678118654746 0 -0.70710678118654746
  outer loop
   vertex 89.5 140 271
   vertex 89 141 271.5
   vertex 89.5 141 271
  endloop
 endfacet
 facet normal -0.70710678118654746 -0 -0.70710678118654746
  outer loop
   vertex 89 140 271.5
   vertex 89 141 271.5
   vertex 89.5 140 271
  endloop
 endfacet
 facet normal 0.57735026918962584 -0.57735026918962584 -0.57735026918962584
  outer loop
   vertex 100.5 140 271
   vertex 101 140.5 271
   vertex 101 140 271.5
  endloop
 endfacet
 facet normal 0.57735026918962584 -0.57735026918962584 -0.57735026918962584
  outer loop
   vertex 101 140 271.5
   vertex 101 140.5 271
   vertex 101.5 141 271
  endloop
 endfacet
 facet normal 0.57735026918962584 -0.57735026918962584 -0.57735026918962584
  outer loop
   vertex 101 140 271.5
   vertex 101.5 141 271
   vertex 101.5 140 272
  endloop
 endfacet
 facet normal 1 0 -0
  outer loop
   vertex 101.5 140 272
   vertex 101.5 141 271
   vertex 101.5 141 272
  endloop
 endfacet
 facet normal -0.70710678118654746 0 -0.70710678118654746
  outer loop
   vertex 89 142 271.5
   vertex 89 141 271.5
   vertex 88.5 141 272
  endloop
 endfacet
 facet normal -0.70710678118654746 0 -0.70710678118654746
  outer loop
   vertex 88.5 142 272
   vertex 89 142 271.5
   vertex 88.5 141 272
  endloop
 endfacet
 facet normal -0.70710678118654746 0 -0.70710678118654746
  outer loop
   vertex 89.5 141 271
   vertex 89 142 271.5
   vertex 89.5 142 271
  endloop
 endfacet
 facet normal -0.70710678118654746 -0 -0.70710678118654746
  outer loop
   vertex 89 141 271.5
   vertex 89 142 271.5
   vertex 89.5 141 271
  endloop
 endfacet
 facet normal 1 0 0
  outer loop
   vertex 101.5 141 271
   vertex 101.5 142 271
   vertex 101.5 141 272
  endloop
 endfacet
 facet normal 1 0 -0
  outer loop
   vertex 101.5 141 272
   vertex 101.5 142 271
   vertex 101.5 142 272
  endloop
 endfacet
 facet normal -0.70710678118654746 0 -0.70710678118654746
  outer loop
   vertex 89 143 271.5
   vertex 89 142 271.5
   vertex 88.5 142 272
  endloop
 endfacet
 facet normal -0.70710678118654746 0 -0.70710678118654746
  outer loop
   vertex 88.5 143 272
   vertex 89 143 271.5
   vertex 88.5 142 272
  endloop
 endfacet
 facet normal -0.70710678118654746 0 -0.70710678118654746
  outer loop
   vertex 89.5 142 271
   vertex 89 143 271.5
   vertex 89.5 143 271
  endloop
 endfacet
 facet normal -0.70710678118654746 -0 -0.70710678118654746
  outer loop
   vertex 89 142 271.5
   vertex 89 143 271.5
   vertex 89.5 142 271
  endloop
 endfacet
 facet normal 1 0 0
  outer loop
   vertex 101.5 142 271
   vertex 101.5 143 271
   vertex 101.5 142 272
  endloop
 endfacet
 facet normal 1 0 -0
  outer loop
   vertex 101.5 142 272
   vertex 101.5 143 271
   vertex 101.5 143 272
  endloop
 endfacet
 facet normal -0.57735026918962584 0.57735026918962584 -0.57735026918962584
  outer loop
   vertex 89 143 271.5
   vertex 88.5 143 272
   vertex 89 143.5 272
  endloop
 endfacet
 facet normal -0.57735026918962584 0.57735026918962584 -0.57735026918962584
  outer loop
   vertex 89 143.5 272
   vertex 89.5 143 271
   vertex 89 143 271.5
  endloop
 endfacet
 facet normal -0.57735026918962584 0.57735026918962584 -0.57735026918962584
  outer loop
   vertex 89 143.5 272
   vertex 89.5 144 272
   vertex 89.5 143 271
  endloop
 endfacet
 facet normal -1 0 0
  outer loop
   vertex 89.5 144 272
   vertex 89.5 144 271
   vertex 89.5 143 271
  endloop
 endfacet
 facet normal 0.57735026918962584 0.57735026918962584 -0.57735026918962584
  outer loop
   vertex 101 143.5 271
   vertex 100.5 144 271
   vertex 101 144 271.5
  endloop
 endfacet
 facet normal 0.57735026918962584 0.57735026918962584 -0.57735026918962584
  outer loop
   vertex 101 143.5 271
   vertex 101 144 271.5
   vertex 101.5 144 272
  endloop
 endfacet
 facet normal 0.57735026918962584 0.57735026918962584 -0.57735026918962584
  outer loop
   vertex 101 143.5 271
   vertex 101.5 144 272
   vertex 101.5 143 271
  endloop
 endfacet
 facet normal 1 0 0
  outer loop
   vertex 101.5 143 271
   vertex 101.5 144 272
   vertex 101.5 143 272
  endloop
 endfacet
 facet normal -1 0 0
  outer loop
   vertex 89.5 144 271
   vertex 89.5 144 272
   vertex 89.5 145 271
  endloop
 endfacet
 facet normal -1 -0 -0
  outer loop
   vertex 89.5 144 272
   vertex 89.5 145 272
   vertex 89.5 145 271
  endloop
 endfacet
 facet normal 0.70710678118654746 0 -0.70710678118654746
  outer loop
   vertex 101 144 271.5
   vertex 100.5 145 271
   vertex 101 145 271.5
  endloop
 endfacet
 facet normal 0.70710678118654746 0 -0.70710678118654746
  outer loop
   vertex 100.5 144 271
   vertex 100.5 145 271
   vertex 101 144 271.5
  endloop
 endfacet
 facet normal 0.70710678118654746 0 -0.70710678118654746
  outer loop
   vertex 101.5 145 272
   vertex 101.5 144 272
   vertex 101 144 271.5
  endloop
 endfacet
 facet normal 0.70710678118654746 0 -0.70710678118654746
  outer loop
   vertex 101 145 271.5
   vertex 101.5 145 272
   vertex 101 144 271.5
  endloop
 endfacet
 facet normal -0.57735026918962584 0.57735026918962584 -0.57735026918962584
  outer loop
   vertex 90 146 271.5
   vertex 90 145.5 271
   vertex 89.5 145 271
  endloop
 endfacet
 facet normal -0.57735026918962584 0.57735026918962584 -0.57735026918962584
  outer loop
   vertex 90 146 271.5
   vertex 89.5 145 271
   vertex 89.5 146 272
  endloop
 endfacet
 facet normal -1 0 0
  outer loop
   vertex 89.5 146 272
   vertex 89.5 145 271
   vertex 89.5 145 272
  endloop
 endfacet
 facet normal -0.57735026918962584 0.57735026918962584 -0.57735026918962584
  outer loop
   vertex 90 145.5 271
   vertex 90 146 271.5
   vertex 90.5 146 271
  endloop
 endfacet
 facet normal 0.57735026918962584 0.57735026918962584 -0.57735026918962584
  outer loop
   vertex 100 145.5 271
   vertex 99.5 146 271
   vertex 100 146 271.5
  endloop
 endfacet
 facet normal 0.57735026918962584 0.57735026918962584 -0.57735026918962584
  outer loop
   vertex 100 145.5 271
   vertex 100 146 271.5
   vertex 100.5 146 272
  endloop
 endfacet
 facet normal 0.57735026918962584 0.57735026918962584 -0.57735026918962584
  outer loop
   vertex 100.5 145 271
   vertex 100 145.5 271
   vertex 100.5 146 272
  endloop
 endfacet
 facet normal 0.57735026918962584 0.57735026918962584 -0.57735026918962584
  outer loop
   vertex 100.5 145 271
   vertex 100.5 146 272
   vertex 101 145.5 272
  endloop
 endfacet
 facet normal 0.57735026918962584 0.57735026918962584 -0.57735026918962584
  outer loop
   vertex 100.5 145 271
   vertex 101 145.5 272
   vertex 101 145 271.5
  endloop
 endfacet
 facet normal 0.57735026918962584 0.57735026918962584 -0.57735026918962584
  outer loop
   vertex 101.5 145 272
   vertex 101 145 271.5
   vertex 101 145.5 272
  endloop
 endfacet
 facet normal -0.57735026918962584 0.57735026918962584 -0.57735026918962584
  outer loop
   vertex 90 146 271.5
   vertex 89.5 146 272
   vertex 90 146.5 272
  endloop
 endfacet
 facet normal -0.57735026918962584 0.57735026918962584 -0.57735026918962584
  outer loop
   vertex 90 146.5 272
   vertex 90.5 146 271
   vertex 90 146 271.5
  endloop
 endfacet
 facet normal -0.57735026918962584 0.57735026918962584 -0.57735026918962584
  outer loop
   vertex 90 146.5 272
   vertex 90.5 147 272
   vertex 90.5 146 271
  endloop
 endfacet
 facet normal -1 0 0
  outer loop
   vertex 90.5 147 272
   vertex 90.5 147 271
   vertex 90.5 146 271
  endloop
 endfacet
 facet normal 0.57735026918962584 0.57735026918962584 -0.57735026918962584
  outer loop
   vertex 100 146 271.5
   vertex 99.5 147 272
   vertex 100 146.5 272
  endloop
 endfacet
 facet normal 0.57735026918962584 0.57735026918962584 -0.57735026918962584
  outer loop
   vertex 100 146 271.5
   vertex 99.5 146 271
   vertex 99.5 147 272
  endloop
 endfacet
 facet normal 1 0 -0
  outer loop
   vertex 99.5 146 271
   vertex 99.5 147 271
   vertex 99.5 147 272
  endloop
 endfacet
 facet normal 0.57735026918962584 0.57735026918962584 -0.57735026918962584
  outer loop
   vertex 100.5 146 272
   vertex 100 146 271.5
   vertex 100 146.5 272
  endloop
 endfacet
 facet normal -0.70710678118654746 0.70710678118654746 0
  outer loop
   vertex 90.5 147 271
   vertex 90.5 147 272
   vertex 91 147.5 272
  endloop
 endfacet
 facet normal -0.70710678118654746 0.70710678118654746 0
  outer loop
   vertex 91 147.5 271
   vertex 90.5 147 271
   vertex 91 147.5 272
  endloop
 endfacet
 facet normal -0.70710678118654746 0.70710678118654746 0
  outer loop
   vertex 91 147.5 272
   vertex 91.5 148 271
   vertex 91 147.5 271
  endloop
 endfacet
 facet normal -0.70710678118654746 0.70710678118654746 0
  outer loop
   vertex 91.5 148 272
   vertex 91.5 148 271
   vertex 91 147.5 272
  endloop
 endfacet
 facet normal 0.57735026918962584 0.57735026918962584 -0.57735026918962584
  outer loop
   vertex 99 147.5 271
   vertex 98.5 148 271
   vertex 99 148 271.5
  endloop
 endfacet
 facet normal 0.57735026918962584 0.57735026918962584 -0.57735026918962584
  outer loop
   vertex 99 147.5 271
   vertex 99 148 271.5
   vertex 99.5 148 272
  endloop
 endfacet
 facet normal 0.57735026918962584 0.57735026918962584 -0.57735026918962584
  outer loop
   vertex 99 147.5 271
   vertex 99.5 148 272
   vertex 99.5 147 271
  endloop
 endfacet
 facet normal 1 0 0
  outer loop
   vertex 99.5 147 271
   vertex 99.5 148 272
   vertex 99.5 147 272
  endloop
 endfacet
 facet normal -0.70710678118654746 0.70710678118654746 0
  outer loop
   vertex 91.5 148 271
   vertex 91.5 148 272
   vertex 92 148.5 272
  endloop
 endfacet
 facet normal -0.70710678118654746 0.70710678118654746 0
  outer loop
   vertex 92 148.5 271
   vertex 91.5 148 271
   vertex 92 148.5 272
  endloop
 endfacet
 facet normal -0.57735026918962584 0.57735026918962584 -0.57735026918962584
  outer loop
   vertex 93 149 271.5
   vertex 92 148.5 272
   vertex 92.5 149 272
  endloop
 endfacet
 facet normal -0.57735026918962584 0.57735026918962584 -0.57735026918962584
  outer loop
   vertex 93 149 271.5
   vertex 93 148.5 271
   vertex 92 148.5 272
  endloop
 endfacet
 facet normal 0 1 0
  outer loop
   vertex 93 148.5 271
   vertex 92 148.5 271
   vertex 92 148.5 272
  endloop
 endfacet
 facet normal -0.57735026918962584 0.57735026918962584 -0.57735026918962584
  outer loop
   vertex 93 148.5 271
   vertex 93 149 271.5
   vertex 93.5 149 271
  endloop
 endfacet
 facet normal 0.57735026918962584 0.57735026918962584 -0.57735026918962584
  outer loop
   vertex 98 148.5 271
   vertex 97.5 149 271
   vertex 98 149 271.5
  endloop
 endfacet
 facet normal 0.57735026918962584 0.57735026918962584 -0.57735026918962584
  outer loop
   vertex 98 148.5 271
   vertex 98 149 271.5
   vertex 98.5 149 272
  endloop
 endfacet
 facet normal 0.57735026918962584 0.57735026918962584 -0.57735026918962584
  outer loop
   vertex 98.5 148 271
   vertex 98 148.5 271
   vertex 98.5 149 272
  endloop
 endfacet
 facet normal 0.57735026918962584 0.57735026918962584 -0.57735026918962584
  outer loop
   vertex 98.5 148 271
   vertex 98.5 149 272
   vertex 99 148.5 272
  endloop
 endfacet
 facet normal 0.57735026918962584 0.57735026918962584 -0.57735026918962584
  outer loop
   vertex 98.5 148 271
   vertex 99 148.5 272
   vertex 99 148 271.5
  endloop
 endfacet
 facet normal 0.57735026918962584 0.57735026918962584 -0.57735026918962584
  outer loop
   vertex 99.5 148 272
   vertex 99 148 271.5
   vertex 99 148.5 272
  endloop
 endfacet
 facet normal -0.57735026918962584 0.57735026918962584 -0.57735026918962584
  outer loop
   vertex 93 149 271.5
   vertex 92.5 149 272
   vertex 93 149.5 272
  endloop
 endfacet
 facet normal -0.57735026918962584 0.57735026918962584 -0.57735026918962584
  outer loop
   vertex 94 150 271.5
   vertex 93 149.5 272
   vertex 93.5 150 272
  endloop
 endfacet
 facet normal -0.57735026918962584 0.57735026918962584 -0.57735026918962584
  outer loop
   vertex 94 149.5 271
   vertex 93 149.5 272
   vertex 94 150 271.5
  endloop
 endfacet
 facet normal -0.57735026918962584 0.57735026918962584 -0.57735026918962584
  outer loop
   vertex 94 149.5 271
   vertex 93 149 271.5
   vertex 93 149.5 272
  endloop
 endfacet
 facet normal -0.57735026918962584 0.57735026918962584 -0.57735026918962584
  outer loop
   vertex 94 149.5 271
   vertex 93.5 149 271
   vertex 93 149 271.5
  endloop
 endfacet
 facet normal 0 0.70710678118654746 -0.70710678118654746
  outer loop
   vertex 94 149.5 271
   vertex 95 150 271.5
   vertex 95 149.5 271
  endloop
 endfacet
 facet normal 0 0.70710678118654746 -0.70710678118654746
  outer loop
   vertex 94 150 271.5
   vertex 95 150 271.5
   vertex 94 149.5 271
  endloop
 endfacet
 facet normal 0 0.70710678118654746 -0.70710678118654746
  outer loop
   vertex 95 149.5 271
   vertex 96 150 271.5
   vertex 96 149.5 271
  endloop
 endfacet
 facet normal 0 0.70710678118654746 -0.70710678118654746
  outer loop
   vertex 95 150 271.5
   vertex 96 150 271.5
   vertex 95 149.5 271
  endloop
 endfacet
 facet normal 0.57735026918962584 0.57735026918962584 -0.57735026918962584
  outer loop
   vertex 96.5 150 272
   vertex 96 149.5 271
   vertex 96 150 271.5
  endloop
 endfacet
 facet normal 0.57735026918962584 0.57735026918962584 -0.57735026918962584
  outer loop
   vertex 96.5 150 272
   vertex 97 149.5 272
   vertex 96 149.5 271
  endloop
 endfacet
 facet normal 0 1 -0
  outer loop
   vertex 97 149.5 272
   vertex 97 149.5 271
   vertex 96 149.5 271
  endloop
 endfacet
 facet normal 0.57735026918962584 0.57735026918962584 -0.57735026918962584
  outer loop
   vertex 98 149 271.5
   vertex 97.5 149 271
   vertex 97 149.5 271
  endloop
 endfacet
 facet normal 0.57735026918962584 0.57735026918962584 -0.57735026918962584
  outer loop
   vertex 98 149 271.5
   vertex 97 149.5 271
   vertex 98 149.5 272
  endloop
 endfacet
 facet normal 0 1 0
  outer loop
   vertex 98 149.5 272
   vertex 97 149.5 271
   vertex 97 149.5 272
  endloop
 endfacet
 facet normal 0.57735026918962584 0.57735026918962584 -0.57735026918962584
  outer loop
   vertex 98.5 149 272
   vertex 98 149 271.5
   vertex 98 149.5 272
  endloop
 endfacet
 facet normal -0.57735026918962584 0.57735026918962584 -0.57735026918962584
  outer loop
   vertex 94 150 271.5
   vertex 93.5 150 272
   vertex 94 150.5 272
  endloop
 endfacet
 facet normal 0 0.70710678118654746 -0.70710678118654746
  outer loop
   vertex 95 150 271.5
   vertex 94 150 271.5
   vertex 94 150.5 272
  endloop
 endfacet
 facet normal 0 0.70710678118654746 -0.70710678118654746
  outer loop
   vertex 95 150.5 272
   vertex 95 150 271.5
   vertex 94 150.5 272
  endloop
 endfacet
 facet normal 0 0.70710678118654746 -0.70710678118654746
  outer loop
   vertex 96 150 271.5
   vertex 95 150 271.5
   vertex 95 150.5 272
  endloop
 endfacet
 facet normal 0 0.70710678118654746 -0.70710678118654746
  outer loop
   vertex 96 150.5 272
   vertex 96 150 271.5
   vertex 95 150.5 272
  endloop
 endfacet
 facet normal 0.57735026918962584 0.57735026918962584 -0.57735026918962584
  outer loop
   vertex 96.5 150 272
   vertex 96 150 271.5
   vertex 96 150.5 272
  endloop
 endfacet
 facet normal -0.57735026918962584 -0.57735026918962584 -0.57735026918962584
  outer loop
   vertex 93 135 272.5
   vertex 93 134.5 273
   vertex 92.5 135 273
  endloop
 endfacet
 facet normal -0 -0.70710678118654746 -0.70710678118654746
  outer loop
   vertex 93 135 272.5
   vertex 94 135 272.5
   vertex 94 134.5 273
  endloop
 endfacet
 facet normal 0 -0.70710678118654746 -0.70710678118654746
  outer loop
   vertex 93 134.5 273
   vertex 93 135 272.5
   vertex 94 134.5 273
  endloop
 endfacet
 facet normal -0 -0.70710678118654746 -0.70710678118654746
  outer loop
   vertex 94 135 272.5
   vertex 95 135 272.5
   vertex 95 134.5 273
  endloop
 endfacet
 facet normal 0 -0.70710678118654746 -0.70710678118654746
  outer loop
   vertex 94 134.5 273
   vertex 94 135 272.5
   vertex 95 134.5 273
  endloop
 endfacet
 facet normal -0 -0.70710678118654746 -0.70710678118654746
  outer loop
   vertex 95 135 272.5
   vertex 96 135 272.5
   vertex 96 134.5 273
  endloop
 endfacet
 facet normal 0 -0.70710678118654746 -0.70710678118654746
  outer loop
   vertex 95 134.5 273
   vertex 95 135 272.5
   vertex 96 134.5 273
  endloop
 endfacet
 facet normal 0.57735026918962584 -0.57735026918962584 -0.57735026918962584
  outer loop
   vertex 96 134.5 273
   vertex 96 135 272.5
   vertex 96.5 135 273
  endloop
 endfacet
 facet normal -0.57735026918962584 -0.57735026918962584 -0.57735026918962584
  outer loop
   vertex 91 136 272.5
   vertex 91 135.5 273
   vertex 90.5 136 273
  endloop
 endfacet
 facet normal -0.57735026918962584 -0.57735026918962584 -0.57735026918962584
  outer loop
   vertex 91 136 272.5
   vertex 91.5 136 272
   vertex 92 135.5 272
  endloop
 endfacet
 facet normal -0.57735026918962584 -0.57735026918962584 -0.57735026918962584
  outer loop
   vertex 91 136 272.5
   vertex 92 135.5 272
   vertex 91 135.5 273
  endloop
 endfacet
 facet normal 0 -1 0
  outer loop
   vertex 91 135.5 273
   vertex 92 135.5 272
   vertex 92 135.5 273
  endloop
 endfacet
 facet normal -0.57735026918962584 -0.57735026918962584 -0.57735026918962584
  outer loop
   vertex 92.5 135 273
   vertex 93 135.5 272
   vertex 93 135 272.5
  endloop
 endfacet
 facet normal -0.57735026918962584 -0.57735026918962584 -0.57735026918962584
  outer loop
   vertex 92.5 135 273
   vertex 92 135.5 273
   vertex 93 135.5 272
  endloop
 endfacet
 facet normal 0 -1 0
  outer loop
   vertex 92 135.5 273
   vertex 92 135.5 272
   vertex 93 135.5 272
  endloop
 endfacet
 facet normal 0 -0.70710678118654746 -0.70710678118654746
  outer loop
   vertex 94 135.5 272
   vertex 93 135 272.5
   vertex 93 135.5 272
  endloop
 endfacet
 facet normal 0 -0.70710678118654746 -0.70710678118654746
  outer loop
   vertex 94 135 272.5
   vertex 93 135 272.5
   vertex 94 135.5 272
  endloop
 endfacet
 facet normal 0 -0.70710678118654746 -0.70710678118654746
  outer loop
   vertex 95 135.5 272
   vertex 94 135 272.5
   vertex 94 135.5 272
  endloop
 endfacet
 facet normal 0 -0.70710678118654746 -0.70710678118654746
  outer loop
   vertex 95 135 272.5
   vertex 94 135 272.5
   vertex 95 135.5 272
  endloop
 endfacet
 facet normal 0 -0.70710678118654746 -0.70710678118654746
  outer loop
   vertex 96 135.5 272
   vertex 95 135 272.5
   vertex 95 135.5 272
  endloop
 endfacet
 facet normal 0 -0.70710678118654746 -0.70710678118654746
  outer loop
   vertex 96 135 272.5
   vertex 95 135 272.5
   vertex 96 135.5 272
  endloop
 endfacet
 facet normal 0.57735026918962584 -0.57735026918962584 -0.57735026918962584
  outer loop
   vertex 96 135 272.5
   vertex 97 135.5 273
   vertex 96.5 135 273
  endloop
 endfacet
 facet normal 0.57735026918962584 -0.57735026918962584 -0.57735026918962584
  outer loop
   vertex 96 135 272.5
   vertex 96 135.5 272
   vertex 97 135.5 273
  endloop
 endfacet
 facet normal 0 -1 0
  outer loop
   vertex 96 135.5 272
   vertex 97 135.5 272
   vertex 97 135.5 273
  endloop
 endfacet
 facet normal 0.57735026918962584 -0.57735026918962584 -0.57735026918962584
  outer loop
   vertex 97.5 136 272
   vertex 98 136 272.5
   vertex 98 135.5 273
  endloop
 endfacet
 facet normal 0.57735026918962584 -0.57735026918962584 -0.57735026918962584
  outer loop
   vertex 97.5 136 272
   vertex 98 135.5 273
   vertex 97 135.5 272
  endloop
 endfacet
 facet normal -0 -1 0
  outer loop
   vertex 97 135.5 272
   vertex 98 135.5 273
   vertex 97 135.5 273
  endloop
 endfacet
 facet normal 0.57735026918962584 -0.57735026918962584 -0.57735026918962584
  outer loop
   vertex 98 135.5 273
   vertex 98 136 272.5
   vertex 98.5 136 273
  endloop
 endfacet
 facet normal -0.57735026918962584 -0.57735026918962584 -0.57735026918962584
  outer loop
   vertex 90 137 272.5
   vertex 90 136.5 273
   vertex 89.5 137 273
  endloop
 endfacet
 facet normal -0.57735026918962584 -0.57735026918962584 -0.57735026918962584
  outer loop
   vertex 90.5 136 273
   vertex 90 136.5 273
   vertex 90 137 272.5
  endloop
 endfacet
 facet normal -0.57735026918962584 -0.57735026918962584 -0.57735026918962584
  outer loop
   vertex 91 136 272.5
   vertex 90.5 136 273
   vertex 90 137 272.5
  endloop
 endfacet
 facet normal -0.57735026918962584 -0.57735026918962584 -0.57735026918962584
  outer loop
   vertex 91 136 272.5
   vertex 90 137 272.5
   vertex 90.5 137 272
  endloop
 endfacet
 facet normal -0.57735026918962584 -0.57735026918962584 -0.57735026918962584
  outer loop
   vertex 91 136 272.5
   vertex 90.5 137 272
   vertex 91 136.5 272
  endloop
 endfacet
 facet normal -0.57735026918962584 -0.57735026918962584 -0.57735026918962584
  outer loop
   vertex 91.5 136 272
   vertex 91 136 272.5
   vertex 91 136.5 272
  endloop
 endfacet
 facet normal 0.57735026918962584 -0.57735026918962584 -0.57735026918962584
  outer loop
   vertex 97.5 136 272
   vertex 98 136.5 272
   vertex 98 136 272.5
  endloop
 endfacet
 facet normal 0.57735026918962584 -0.57735026918962584 -0.57735026918962584
  outer loop
   vertex 98 136 272.5
   vertex 99 136.5 273
   vertex 98.5 136 273
  endloop
 endfacet
 facet normal 0.57735026918962584 -0.57735026918962584 -0.57735026918962584
  outer loop
   vertex 98 136 272.5
   vertex 98 136.5 272
   vertex 99 136.5 273
  endloop
 endfacet
 facet normal 0 -1 0
  outer loop
   vertex 98 136.5 272
   vertex 99 136.5 272
   vertex 99 136.5 273
  endloop
 endfacet
 facet normal 0.70710678118654746 -0.70710678118654746 0
  outer loop
   vertex 99 136.5 273
   vertex 99 136.5 272
   vertex 99.5 137 272
  endloop
 endfacet
 facet normal 0.70710678118654746 -0.70710678118654746 0
  outer loop
   vertex 99.5 137 273
   vertex 99 136.5 273
   vertex 99.5 137 272
  endloop
 endfacet
 facet normal -0.57735026918962584 -0.57735026918962584 -0.57735026918962584
  outer loop
   vertex 90 137.5 272
   vertex 90 137 272.5
   vertex 89.5 137 273
  endloop
 endfacet
 facet normal -0.57735026918962584 -0.57735026918962584 -0.57735026918962584
  outer loop
   vertex 90 137.5 272
   vertex 89.5 137 273
   vertex 89.5 138 272
  endloop
 endfacet
 facet normal -1 0 0
  outer loop
   vertex 89.5 138 272
   vertex 89.5 137 273
   vertex 89.5 138 273
  endloop
 endfacet
 facet normal -0.57735026918962584 -0.57735026918962584 -0.57735026918962584
  outer loop
   vertex 90.5 137 272
   vertex 90 137 272.5
   vertex 90 137.5 272
  endloop
 endfacet
 facet normal 0.70710678118654746 -0.70710678118654746 0
  outer loop
   vertex 99.5 137 272
   vertex 100 137.5 273
   vertex 99.5 137 273
  endloop
 endfacet
 facet normal 0.70710678118654746 -0.70710678118654746 0
  outer loop
   vertex 100 137.5 272
   vertex 100 137.5 273
   vertex 99.5 137 272
  endloop
 endfacet
 facet normal 0.70710678118654746 -0.70710678118654746 0
  outer loop
   vertex 100 137.5 273
   vertex 100 137.5 272
   vertex 100.5 138 272
  endloop
 endfacet
 facet normal 0.70710678118654746 -0.70710678118654746 0
  outer loop
   vertex 100.5 138 273
   vertex 100 137.5 273
   vertex 100.5 138 272
  endloop
 endfacet
 facet normal -0.57735026918962584 -0.57735026918962584 -0.57735026918962584
  outer loop
   vertex 89 139 272.5
   vertex 89 138.5 273
   vertex 88.5 139 273
  endloop
 endfacet
 facet normal -0.57735026918962584 -0.57735026918962584 -0.57735026918962584
  outer loop
   vertex 89 139 272.5
   vertex 89.5 138 273
   vertex 89 138.5 273
  endloop
 endfacet
 facet normal -0.57735026918962584 -0.57735026918962584 -0.57735026918962584
  outer loop
   vertex 89 139 272.5
   vertex 89.5 139 272
   vertex 89.5 138 273
  endloop
 endfacet
 facet normal -1 0 0
  outer loop
   vertex 89.5 139 272
   vertex 89.5 138 272
   vertex 89.5 138 273
  endloop
 endfacet
 facet normal 0.57735026918962584 -0.57735026918962584 -0.57735026918962584
  outer loop
   vertex 101 138.5 273
   vertex 100.5 139 272
   vertex 101 139 272.5
  endloop
 endfacet
 facet normal 0.57735026918962584 -0.57735026918962584 -0.57735026918962584
  outer loop
   vertex 101 138.5 273
   vertex 100.5 138 273
   vertex 100.5 139 272
  endloop
 endfacet
 facet normal 1 0 0
  outer loop
   vertex 100.5 138 273
   vertex 100.5 138 272
   vertex 100.5 139 272
  endloop
 endfacet
 facet normal 0.57735026918962584 -0.57735026918962584 -0.57735026918962584
  outer loop
   vertex 101 138.5 273
   vertex 101 139 272.5
   vertex 101.5 139 273
  endloop
 endfacet
 facet normal -0.57735026918962584 -0.57735026918962584 -0.57735026918962584
  outer loop
   vertex 89 139.5 272
   vertex 89 139 272.5
   vertex 88.5 139 273
  endloop
 endfacet
 facet normal -0.57735026918962584 -0.57735026918962584 -0.57735026918962584
  outer loop
   vertex 89 139.5 272
   vertex 88.5 139 273
   vertex 88.5 140 272
  endloop
 endfacet
 facet normal -1 0 0
  outer loop
   vertex 88.5 140 272
   vertex 88.5 139 273
   vertex 88.5 140 273
  endloop
 endfacet
 facet normal -0.57735026918962584 -0.57735026918962584 -0.57735026918962584
  outer loop
   vertex 89.5 139 272
   vertex 89 139 272.5
   vertex 89 139.5 272
  endloop
 endfacet
 facet normal 0.57735026918962584 -0.57735026918962584 -0.57735026918962584
  outer loop
   vertex 100.5 139 272
   vertex 101 139.5 272
   vertex 101 139 272.5
  endloop
 endfacet
 facet normal 0.57735026918962584 -0.57735026918962584 -0.57735026918962584
  outer loop
   vertex 101 139 272.5
   vertex 101 139.5 272
   vertex 101.5 140 272
  endloop
 endfacet
 facet normal 0.57735026918962584 -0.57735026918962584 -0.57735026918962584
  outer loop
   vertex 101 139 272.5
   vertex 101.5 140 272
   vertex 101.5 139 273
  endloop
 endfacet
 facet normal 1 0 -0
  outer loop
   vertex 101.5 139 273
   vertex 101.5 140 272
   vertex 101.5 140 273
  endloop
 endfacet
 facet normal -1 0 0
  outer loop
   vertex 88.5 140 272
   vertex 88.5 140 273
   vertex 88.5 141 272
  endloop
 endfacet
 facet normal -1 -0 -0
  outer loop
   vertex 88.5 140 273
   vertex 88.5 141 273
   vertex 88.5 141 272
  endloop
 endfacet
 facet normal 0.57735026918962584 -0.57735026918962584 -0.57735026918962584
  outer loop
   vertex 102 140.5 273
   vertex 101.5 141 272
   vertex 102 141 272.5
  endloop
 endfacet
 facet normal 0.57735026918962584 -0.57735026918962584 -0.57735026918962584
  outer loop
   vertex 102 140.5 273
   vertex 101.5 140 273
   vertex 101.5 141 272
  endloop
 endfacet
 facet normal 1 0 0
  outer loop
   vertex 101.5 140 273
   vertex 101.5 140 272
   vertex 101.5 141 272
  endloop
 endfacet
 facet normal 0.57735026918962584 -0.57735026918962584 -0.57735026918962584
  outer loop
   vertex 102 140.5 273
   vertex 102 141 272.5
   vertex 102.5 141 273
  endloop
 endfacet
 facet normal -1 0 0
  outer loop
   vertex 88.5 141 272
   vertex 88.5 141 273
   vertex 88.5 142 272
  endloop
 endfacet
 facet normal -1 -0 -0
  outer loop
   vertex 88.5 141 273
   vertex 88.5 142 273
   vertex 88.5 142 272
  endloop
 endfacet
 facet normal 0.70710678118654746 0 -0.70710678118654746
  outer loop
   vertex 102 141 272.5
   vertex 101.5 142 272
   vertex 102 142 272.5
  endloop
 endfacet
 facet normal 0.70710678118654746 0 -0.70710678118654746
  outer loop
   vertex 101.5 141 272
   vertex 101.5 142 272
   vertex 102 141 272.5
  endloop
 endfacet
 facet normal 0.70710678118654746 0 -0.70710678118654746
  outer loop
   vertex 102.5 142 273
   vertex 102.5 141 273
   vertex 102 141 272.5
  endloop
 endfacet
 facet normal 0.70710678118654746 0 -0.70710678118654746
  outer loop
   vertex 102 142 272.5
   vertex 102.5 142 273
   vertex 102 141 272.5
  endloop
 endfacet
 facet normal -1 0 0
  outer loop
   vertex 88.5 142 272
   vertex 88.5 142 273
   vertex 88.5 143 272
  endloop
 endfacet
 facet normal -1 -0 -0
  outer loop
   vertex 88.5 142 273
   vertex 88.5 143 273
   vertex 88.5 143 272
  endloop
 endfacet
 facet normal 0.70710678118654746 0 -0.70710678118654746
  outer loop
   vertex 102 142 272.5
   vertex 101.5 143 272
   vertex 102 143 272.5
  endloop
 endfacet
 facet normal 0.70710678118654746 0 -0.70710678118654746
  outer loop
   vertex 101.5 142 272
   vertex 101.5 143 272
   vertex 102 142 272.5
  endloop
 endfacet
 facet normal 0.70710678118654746 0 -0.70710678118654746
  outer loop
   vertex 102.5 143 273
   vertex 102.5 142 273
   vertex 102 142 272.5
  endloop
 endfacet
 facet normal 0.70710678118654746 0 -0.70710678118654746
  outer loop
   vertex 102 143 272.5
   vertex 102.5 143 273
   vertex 102 142 272.5
  endloop
 endfacet
 facet normal -0.57735026918962584 0.57735026918962584 -0.57735026918962584
  outer loop
   vertex 89 144 272.5
   vertex 89 143.5 272
   vertex 88.5 143 272
  endloop
 endfacet
 facet normal -0.57735026918962584 0.57735026918962584 -0.57735026918962584
  outer loop
   vertex 89 144 272.5
   vertex 88.5 143 272
   vertex 88.5 144 273
  endloop
 endfacet
 facet normal -1 0 0
  outer loop
   vertex 88.5 144 273
   vertex 88.5 143 272
   vertex 88.5 143 273
  endloop
 endfacet
 facet normal -0.57735026918962584 0.57735026918962584 -0.57735026918962584
  outer loop
   vertex 89 143.5 272
   vertex 89 144 272.5
   vertex 89.5 144 272
  endloop
 endfacet
 facet normal 0.57735026918962584 0.57735026918962584 -0.57735026918962584
  outer loop
   vertex 102 143 272.5
   vertex 101.5 144 273
   vertex 102 143.5 273
  endloop
 endfacet
 facet normal 0.57735026918962584 0.57735026918962584 -0.57735026918962584
  outer loop
   vertex 102 143 272.5
   vertex 101.5 143 272
   vertex 101.5 144 273
  endloop
 endfacet
 facet normal 1 0 -0
  outer loop
   vertex 101.5 143 272
   vertex 101.5 144 272
   vertex 101.5 144 273
  endloop
 endfacet
 facet normal 0.57735026918962584 0.57735026918962584 -0.57735026918962584
  outer loop
   vertex 102.5 143 273
   vertex 102 143 272.5
   vertex 102 143.5 273
  endloop
 endfacet
 facet normal -0.70710678118654746 0 -0.70710678118654746
  outer loop
   vertex 89 145 272.5
   vertex 89 144 272.5
   vertex 88.5 144 273
  endloop
 endfacet
 facet normal -0.70710678118654746 0 -0.70710678118654746
  outer loop
   vertex 88.5 145 273
   vertex 89 145 272.5
   vertex 88.5 144 273
  endloop
 endfacet
 facet normal -0.70710678118654746 0 -0.70710678118654746
  outer loop
   vertex 89.5 144 272
   vertex 89 145 272.5
   vertex 89.5 145 272
  endloop
 endfacet
 facet normal -0.70710678118654746 -0 -0.70710678118654746
  outer loop
   vertex 89 144 272.5
   vertex 89 145 272.5
   vertex 89.5 144 272
  endloop
 endfacet
 facet normal 1 0 0
  outer loop
   vertex 101.5 144 272
   vertex 101.5 145 272
   vertex 101.5 144 273
  endloop
 endfacet
 facet normal 1 0 -0
  outer loop
   vertex 101.5 144 273
   vertex 101.5 145 272
   vertex 101.5 145 273
  endloop
 endfacet
 facet normal -0.57735026918962584 0.57735026918962584 -0.57735026918962584
  outer loop
   vertex 89 145 272.5
   vertex 88.5 145 273
   vertex 89 145.5 273
  endloop
 endfacet
 facet normal -0.57735026918962584 0.57735026918962584 -0.57735026918962584
  outer loop
   vertex 89 145.5 273
   vertex 89.5 145 272
   vertex 89 145 272.5
  endloop
 endfacet
 facet normal -0.57735026918962584 0.57735026918962584 -0.57735026918962584
  outer loop
   vertex 89 145.5 273
   vertex 89.5 146 273
   vertex 89.5 145 272
  endloop
 endfacet
 facet normal -1 0 0
  outer loop
   vertex 89.5 146 273
   vertex 89.5 146 272
   vertex 89.5 145 272
  endloop
 endfacet
 facet normal 0.57735026918962584 0.57735026918962584 -0.57735026918962584
  outer loop
   vertex 101 145.5 272
   vertex 100.5 146 272
   vertex 101 146 272.5
  endloop
 endfacet
 facet normal 0.57735026918962584 0.57735026918962584 -0.57735026918962584
  outer loop
   vertex 101 145.5 272
   vertex 101 146 272.5
   vertex 101.5 146 273
  endloop
 endfacet
 facet normal 0.57735026918962584 0.57735026918962584 -0.57735026918962584
  outer loop
   vertex 101 145.5 272
   vertex 101.5 146 273
   vertex 101.5 145 272
  endloop
 endfacet
 facet normal 1 0 0
  outer loop
   vertex 101.5 145 272
   vertex 101.5 146 273
   vertex 101.5 145 273
  endloop
 endfacet
 facet normal -0.70710678118654746 0.70710678118654746 0
  outer loop
   vertex 89.5 146 272
   vertex 89.5 146 273
   vertex 90 146.5 273
  endloop
 endfacet
 facet normal -0.70710678118654746 0.70710678118654746 0
  outer loop
   vertex 90 146.5 272
   vertex 89.5 146 272
   vertex 90 146.5 273
  endloop
 endfacet
 facet normal -0.70710678118654746 0.70710678118654746 0
  outer loop
   vertex 90 146.5 273
   vertex 90.5 147 272
   vertex 90 146.5 272
  endloop
 endfacet
 facet normal -0.70710678118654746 0.70710678118654746 0
  outer loop
   vertex 90.5 147 273
   vertex 90.5 147 272
   vertex 90 146.5 273
  endloop
 endfacet
 facet normal 0.57735026918962584 0.57735026918962584 -0.57735026918962584
  outer loop
   vertex 100 146.5 272
   vertex 99.5 147 272
   vertex 100 147 272.5
  endloop
 endfacet
 facet normal 0.57735026918962584 0.57735026918962584 -0.57735026918962584
  outer loop
   vertex 100 146.5 272
   vertex 100 147 272.5
   vertex 100.5 147 273
  endloop
 endfacet
 facet normal 0.57735026918962584 0.57735026918962584 -0.57735026918962584
  outer loop
   vertex 100.5 146 272
   vertex 100 146.5 272
   vertex 100.5 147 273
  endloop
 endfacet
 facet normal 0.57735026918962584 0.57735026918962584 -0.57735026918962584
  outer loop
   vertex 100.5 146 272
   vertex 100.5 147 273
   vertex 101 146.5 273
  endloop
 endfacet
 facet normal 0.57735026918962584 0.57735026918962584 -0.57735026918962584
  outer loop
   vertex 100.5 146 272
   vertex 101 146.5 273
   vertex 101 146 272.5
  endloop
 endfacet
 facet normal 0.57735026918962584 0.57735026918962584 -0.57735026918962584
  outer loop
   vertex 101.5 146 273
   vertex 101 146 272.5
   vertex 101 146.5 273
  endloop
 endfacet
 facet normal -0.57735026918962584 0.57735026918962584 -0.57735026918962584
  outer loop
   vertex 91 148 272.5
   vertex 91 147.5 272
   vertex 90.5 147 272
  endloop
 endfacet
 facet normal -0.57735026918962584 0.57735026918962584 -0.57735026918962584
  outer loop
   vertex 91 148 272.5
   vertex 90.5 147 272
   vertex 90.5 148 273
  endloop
 endfacet
 facet normal -1 0 0
  outer loop
   vertex 90.5 148 273
   vertex 90.5 147 272
   vertex 90.5 147 273
  endloop
 endfacet
 facet normal -0.57735026918962584 0.57735026918962584 -0.57735026918962584
  outer loop
   vertex 91 147.5 272
   vertex 91 148 272.5
   vertex 91.5 148 272
  endloop
 endfacet
 facet normal 0.70710678118654746 0 -0.70710678118654746
  outer loop
   vertex 100 147 272.5
   vertex 99.5 148 272
   vertex 100 148 272.5
  endloop
 endfacet
 facet normal 0.70710678118654746 0 -0.70710678118654746
  outer loop
   vertex 99.5 147 272
   vertex 99.5 148 272
   vertex 100 147 272.5
  endloop
 endfacet
 facet normal 0.70710678118654746 0 -0.70710678118654746
  outer loop
   vertex 100.5 148 273
   vertex 100.5 147 273
   vertex 100 147 272.5
  endloop
 endfacet
 facet normal 0.70710678118654746 0 -0.70710678118654746
  outer loop
   vertex 100 148 272.5
   vertex 100.5 148 273
   vertex 100 147 272.5
  endloop
 endfacet
 facet normal -0.57735026918962584 0.57735026918962584 -0.57735026918962584
  outer loop
   vertex 91 148 272.5
   vertex 90.5 148 273
   vertex 91 148.5 273
  endloop
 endfacet
 facet normal -0.57735026918962584 0.57735026918962584 -0.57735026918962584
  outer loop
   vertex 92 149 272.5
   vertex 91 148.5 273
   vertex 91.5 149 273
  endloop
 endfacet
 facet normal -0.57735026918962584 0.57735026918962584 -0.57735026918962584
  outer loop
   vertex 92 148.5 272
   vertex 91 148.5 273
   vertex 92 149 272.5
  endloop
 endfacet
 facet normal -0.57735026918962584 0.57735026918962584 -0.57735026918962584
  outer loop
   vertex 92 148.5 272
   vertex 91 148 272.5
   vertex 91 148.5 273
  endloop
 endfacet
 facet normal -0.57735026918962584 0.57735026918962584 -0.57735026918962584
  outer loop
   vertex 92 148.5 272
   vertex 91.5 148 272
   vertex 91 148 272.5
  endloop
 endfacet
 facet normal -0.57735026918962584 0.57735026918962584 -0.57735026918962584
  outer loop
   vertex 92 148.5 272
   vertex 92 149 272.5
   vertex 92.5 149 272
  endloop
 endfacet
 facet normal 0.57735026918962584 0.57735026918962584 -0.57735026918962584
  outer loop
   vertex 99 148.5 272
   vertex 98.5 149 272
   vertex 99 149 272.5
  endloop
 endfacet
 facet normal 0.57735026918962584 0.57735026918962584 -0.57735026918962584
  outer loop
   vertex 99 148.5 272
   vertex 99 149 272.5
   vertex 99.5 149 273
  endloop
 endfacet
 facet normal 0.57735026918962584 0.57735026918962584 -0.57735026918962584
  outer loop
   vertex 99.5 148 272
   vertex 99 148.5 272
   vertex 99.5 149 273
  endloop
 endfacet
 facet normal 0.57735026918962584 0.57735026918962584 -0.57735026918962584
  outer loop
   vertex 99.5 148 272
   vertex 99.5 149 273
   vertex 100 148.5 273
  endloop
 endfacet
 facet normal 0.57735026918962584 0.57735026918962584 -0.57735026918962584
  outer loop
   vertex 99.5 148 272
   vertex 100 148.5 273
   vertex 100 148 272.5
  endloop
 endfacet
 facet normal 0.57735026918962584 0.57735026918962584 -0.57735026918962584
  outer loop
   vertex 100.5 148 273
   vertex 100 148 272.5
   vertex 100 148.5 273
  endloop
 endfacet
 facet normal -0.57735026918962584 0.57735026918962584 -0.57735026918962584
  outer loop
   vertex 92 149 272.5
   vertex 91.5 149 273
   vertex 92 149.5 273
  endloop
 endfacet
 facet normal -0.57735026918962584 0.57735026918962584 -0.57735026918962584
  outer loop
   vertex 93 150 272.5
   vertex 92 149.5 273
   vertex 92.5 150 273
  endloop
 endfacet
 facet normal -0.57735026918962584 0.57735026918962584 -0.57735026918962584
  outer loop
   vertex 93 149.5 272
   vertex 92 149.5 273
   vertex 93 150 272.5
  endloop
 endfacet
 facet normal -0.57735026918962584 0.57735026918962584 -0.57735026918962584
  outer loop
   vertex 93 149.5 272
   vertex 92 149 272.5
   vertex 92 149.5 273
  endloop
 endfacet
 facet normal -0.57735026918962584 0.57735026918962584 -0.57735026918962584
  outer loop
   vertex 93 149.5 272
   vertex 92.5 149 272
   vertex 92 149 272.5
  endloop
 endfacet
 facet normal -0.57735026918962584 0.57735026918962584 -0.57735026918962584
  outer loop
   vertex 93 149.5 272
   vertex 93 150 272.5
   vertex 93.5 150 272
  endloop
 endfacet
 facet normal 0.57735026918962584 0.57735026918962584 -0.57735026918962584
  outer loop
   vertex 97 149.5 272
   vertex 96.5 150 272
   vertex 97 150 272.5
  endloop
 endfacet
 facet normal 0 0.70710678118654746 -0.70710678118654746
  outer loop
   vertex 97 149.5 272
   vertex 98 150 272.5
   vertex 98 149.5 272
  endloop
 endfacet
 facet normal 0 0.70710678118654746 -0.70710678118654746
  outer loop
   vertex 97 150 272.5
   vertex 98 150 272.5
   vertex 97 149.5 272
  endloop
 endfacet
 facet normal 0.57735026918962584 0.57735026918962584 -0.57735026918962584
  outer loop
   vertex 98 149.5 272
   vertex 98 150 272.5
   vertex 98.5 150 273
  endloop
 endfacet
 facet normal 0.57735026918962584 0.57735026918962584 -0.57735026918962584
  outer loop
   vertex 98.5 149 272
   vertex 98 149.5 272
   vertex 98.5 150 273
  endloop
 endfacet
 facet normal 0.57735026918962584 0.57735026918962584 -0.57735026918962584
  outer loop
   vertex 98.5 149 272
   vertex 98.5 150 273
   vertex 99 149.5 273
  endloop
 endfacet
 facet normal 0.57735026918962584 0.57735026918962584 -0.57735026918962584
  outer loop
   vertex 98.5 149 272
   vertex 99 149.5 273
   vertex 99 149 272.5
  endloop
 endfacet
 facet normal 0.57735026918962584 0.57735026918962584 -0.57735026918962584
  outer loop
   vertex 99.5 149 273
   vertex 99 149 272.5
   vertex 99 149.5 273
  endloop
 endfacet
 facet normal -0.57735026918962584 0.57735026918962584 -0.57735026918962584
  outer loop
   vertex 93 150 272.5
   vertex 92.5 150 273
   vertex 93 150.5 273
  endloop
 endfacet
 facet normal -0.57735026918962584 0.57735026918962584 -0.57735026918962584
  outer loop
   vertex 93.5 150 272
   vertex 93 150 272.5
   vertex 93 150.5 273
  endloop
 endfacet
 facet normal -0.57735026918962584 0.57735026918962584 -0.57735026918962584
  outer loop
   vertex 93.5 150 272
   vertex 93 150.5 273
   vertex 94 150.5 272
  endloop
 endfacet
 facet normal -0 1 0
  outer loop
   vertex 94 150.5 272
   vertex 93 150.5 273
   vertex 94 150.5 273
  endloop
 endfacet
 facet normal 0 1 0
  outer loop
   vertex 95 150.5 272
   vertex 94 150.5 272
   vertex 95 150.5 273
  endloop
 endfacet
 facet normal -0 1 0
  outer loop
   vertex 94 150.5 272
   vertex 94 150.5 273
   vertex 95 150.5 273
  endloop
 endfacet
 facet normal 0 1 0
  outer loop
   vertex 96 150.5 272
   vertex 95 150.5 272
   vertex 96 150.5 273
  endloop
 endfacet
 facet normal -0 1 0
  outer loop
   vertex 95 150.5 272
   vertex 95 150.5 273
   vertex 96 150.5 273
  endloop
 endfacet
 facet normal 0.57735026918962584 0.57735026918962584 -0.57735026918962584
  outer loop
   vertex 97 150 272.5
   vertex 96.5 150 272
   vertex 96 150.5 272
  endloop
 endfacet
 facet normal 0.57735026918962584 0.57735026918962584 -0.57735026918962584
  outer loop
   vertex 97 150 272.5
   vertex 96 150.5 272
   vertex 97 150.5 273
  endloop
 endfacet
 facet normal 0 1 0
  outer loop
   vertex 97 150.5 273
   vertex 96 150.5 272
   vertex 96 150.5 273
  endloop
 endfacet
 facet normal 0 0.70710678118654746 -0.70710678118654746
  outer loop
   vertex 98 150 272.5
   vertex 97 150 272.5
   vertex 97 150.5 273
  endloop
 endfacet
 facet normal 0 0.70710678118654746 -0.70710678118654746
  outer loop
   vertex 98 150.5 273
   vertex 98 150 272.5
   vertex 97 150.5 273
  endloop
 endfacet
 facet normal 0.57735026918962584 0.57735026918962584 -0.57735026918962584
  outer loop
   vertex 98.5 150 273
   vertex 98 150 272.5
   vertex 98 150.5 273
  endloop
 endfacet
 facet normal -0.57735026918962584 -0.57735026918962584 -0.57735026918962584
  outer loop
   vertex 92 135 273.5
   vertex 92 134.5 274
   vertex 91.5 135 274
  endloop
 endfacet
 facet normal -0.57735026918962584 -0.57735026918962584 -0.57735026918962584
  outer loop
   vertex 92 135 273.5
   vertex 92.5 135 273
   vertex 93 134.5 273
  endloop
 endfacet
 facet normal -0.57735026918962584 -0.57735026918962584 -0.57735026918962584
  outer loop
   vertex 92 135 273.5
   vertex 93 134.5 273
   vertex 92 134.5 274
  endloop
 endfacet
 facet normal 0 -1 0
  outer loop
   vertex 92 134.5 274
   vertex 93 134.5 273
   vertex 93 134.5 274
  endloop
 endfacet
 facet normal 0 -1 -0
  outer loop
   vertex 94 134.5 273
   vertex 94 134.5 274
   vertex 93 134.5 273
  endloop
 endfacet
 facet normal -0 -1 0
  outer loop
   vertex 93 134.5 273
   vertex 94 134.5 274
   vertex 93 134.5 274
  endloop
 endfacet
 facet normal 0 -1 -0
  outer loop
   vertex 95 134.5 273
   vertex 95 134.5 274
   vertex 94 134.5 273
  endloop
 endfacet
 facet normal -0 -1 0
  outer loop
   vertex 94 134.5 273
   vertex 95 134.5 274
   vertex 94 134.5 274
  endloop
 endfacet
 facet normal 0 -1 -0
  outer loop
   vertex 96 134.5 273
   vertex 96 134.5 274
   vertex 95 134.5 273
  endloop
 endfacet
 facet normal -0 -1 0
  outer loop
   vertex 95 134.5 273
   vertex 96 134.5 274
   vertex 95 134.5 274
  endloop
 endfacet
 facet normal 0.57735026918962584 -0.57735026918962584 -0.57735026918962584
  outer loop
   vertex 96.5 135 273
   vertex 97 135 273.5
   vertex 97 134.5 274
  endloop
 endfacet
 facet normal 0.57735026918962584 -0.57735026918962584 -0.57735026918962584
  outer loop
   vertex 96.5 135 273
   vertex 97 134.5 274
   vertex 96 134.5 273
  endloop
 endfacet
 facet normal -0 -1 0
  outer loop
   vertex 96 134.5 273
   vertex 97 134.5 274
   vertex 96 134.5 274
  endloop
 endfacet
 facet normal 0.57735026918962584 -0.57735026918962584 -0.57735026918962584
  outer loop
   vertex 97 134.5 274
   vertex 97 135 273.5
   vertex 97.5 135 274
  endloop
 endfacet
 facet normal -0.57735026918962584 -0.57735026918962584 -0.57735026918962584
  outer loop
   vertex 90 136 273.5
   vertex 90 135.5 274
   vertex 89.5 136 274
  endloop
 endfacet
 facet normal -0.57735026918962584 -0.57735026918962584 -0.57735026918962584
  outer loop
   vertex 90 136 273.5
   vertex 90.5 136 273
   vertex 91 135.5 273
  endloop
 endfacet
 facet normal -0.57735026918962584 -0.57735026918962584 -0.57735026918962584
  outer loop
   vertex 90 136 273.5
   vertex 91 135.5 273
   vertex 90 135.5 274
  endloop
 endfacet
 facet normal 0 -1 0
  outer loop
   vertex 90 135.5 274
   vertex 91 135.5 273
   vertex 91 135.5 274
  endloop
 endfacet
 facet normal -0.57735026918962584 -0.57735026918962584 -0.57735026918962584
  outer loop
   vertex 91.5 135 274
   vertex 92 135.5 273
   vertex 92 135 273.5
  endloop
 endfacet
 facet normal -0.57735026918962584 -0.57735026918962584 -0.57735026918962584
  outer loop
   vertex 91.5 135 274
   vertex 91 135.5 274
   vertex 92 135.5 273
  endloop
 endfacet
 facet normal 0 -1 0
  outer loop
   vertex 91 135.5 274
   vertex 91 135.5 273
   vertex 92 135.5 273
  endloop
 endfacet
 facet normal -0.57735026918962584 -0.57735026918962584 -0.57735026918962584
  outer loop
   vertex 92.5 135 273
   vertex 92 135 273.5
   vertex 92 135.5 273
  endloop
 endfacet
 facet normal 0.57735026918962584 -0.57735026918962584 -0.57735026918962584
  outer loop
   vertex 96.5 135 273
   vertex 97 135.5 273
   vertex 97 135 273.5
  endloop
 endfacet
 facet normal 0.57735026918962584 -0.57735026918962584 -0.57735026918962584
  outer loop
   vertex 97 135 273.5
   vertex 98 135.5 274
   vertex 97.5 135 274
  endloop
 endfacet
 facet normal 0.57735026918962584 -0.57735026918962584 -0.57735026918962584
  outer loop
   vertex 97 135 273.5
   vertex 97 135.5 273
   vertex 98 135.5 274
  endloop
 endfacet
 facet normal 0 -1 0
  outer loop
   vertex 97 135.5 273
   vertex 98 135.5 273
   vertex 98 135.5 274
  endloop
 endfacet
 facet normal 0.57735026918962584 -0.57735026918962584 -0.57735026918962584
  outer loop
   vertex 98.5 136 273
   vertex 99 136 273.5
   vertex 99 135.5 274
  endloop
 endfacet
 facet normal 0.57735026918962584 -0.57735026918962584 -0.57735026918962584
  outer loop
   vertex 98.5 136 273
   vertex 99 135.5 274
   vertex 98 135.5 273
  endloop
 endfacet
 facet normal -0 -1 0
  outer loop
   vertex 98 135.5 273
   vertex 99 135.5 274
   vertex 98 135.5 274
  endloop
 endfacet
 facet normal 0.57735026918962584 -0.57735026918962584 -0.57735026918962584
  outer loop
   vertex 99 135.5 274
   vertex 99 136 273.5
   vertex 99.5 136 274
  endloop
 endfacet
 facet normal -0.57735026918962584 -0.57735026918962584 -0.57735026918962584
  outer loop
   vertex 90 136.5 273
   vertex 90 136 273.5
   vertex 89.5 136 274
  endloop
 endfacet
 facet normal -0.57735026918962584 -0.57735026918962584 -0.57735026918962584
  outer loop
   vertex 90 136.5 273
   vertex 89.5 136 274
   vertex 89.5 137 273
  endloop
 endfacet
 facet normal -1 0 0
  outer loop
   vertex 89.5 137 273
   vertex 89.5 136 274
   vertex 89.5 137 274
  endloop
 endfacet
 facet normal -0.57735026918962584 -0.57735026918962584 -0.57735026918962584
  outer loop
   vertex 90.5 136 273
   vertex 90 136 273.5
   vertex 90 136.5 273
  endloop
 endfacet
 facet normal 0.57735026918962584 -0.57735026918962584 -0.57735026918962584
  outer loop
   vertex 98.5 136 273
   vertex 99 136.5 273
   vertex 99 136 273.5
  endloop
 endfacet
 facet normal 0.57735026918962584 -0.57735026918962584 -0.57735026918962584
  outer loop
   vertex 99.5 137 273
   vertex 100 137 273.5
   vertex 100 136.5 274
  endloop
 endfacet
 facet normal 0.57735026918962584 -0.57735026918962584 -0.57735026918962584
  outer loop
   vertex 99 136.5 273
   vertex 99.5 137 273
   vertex 100 136.5 274
  endloop
 endfacet
 facet normal 0.57735026918962584 -0.57735026918962584 -0.57735026918962584
  outer loop
   vertex 99 136.5 273
   vertex 100 136.5 274
   vertex 99.5 136 274
  endloop
 endfacet
 facet normal 0.57735026918962584 -0.57735026918962584 -0.57735026918962584
  outer loop
   vertex 99 136.5 273
   vertex 99.5 136 274
   vertex 99 136 273.5
  endloop
 endfacet
 facet normal 0.57735026918962584 -0.57735026918962584 -0.57735026918962584
  outer loop
   vertex 100 136.5 274
   vertex 100 137 273.5
   vertex 100.5 137 274
  endloop
 endfacet
 facet normal -0.57735026918962584 -0.57735026918962584 -0.57735026918962584
  outer loop
   vertex 89 138 273.5
   vertex 89 137.5 274
   vertex 88.5 138 274
  endloop
 endfacet
 facet normal -0.57735026918962584 -0.57735026918962584 -0.57735026918962584
  outer loop
   vertex 89 138 273.5
   vertex 89.5 137 274
   vertex 89 137.5 274
  endloop
 endfacet
 facet normal -0.57735026918962584 -0.57735026918962584 -0.57735026918962584
  outer loop
   vertex 89 138 273.5
   vertex 89.5 138 273
   vertex 89.5 137 274
  endloop
 endfacet
 facet normal -1 0 0
  outer loop
   vertex 89.5 138 273
   vertex 89.5 137 273
   vertex 89.5 137 274
  endloop
 endfacet
 facet normal 0.57735026918962584 -0.57735026918962584 -0.57735026918962584
  outer loop
   vertex 99.5 137 273
   vertex 100 137.5 273
   vertex 100 137 273.5
  endloop
 endfacet
 facet normal 0.57735026918962584 -0.57735026918962584 -0.57735026918962584
  outer loop
   vertex 100.5 138 273
   vertex 101 138 273.5
   vertex 101 137.5 274
  endloop
 endfacet
 facet normal 0.57735026918962584 -0.57735026918962584 -0.57735026918962584
  outer loop
   vertex 100 137.5 273
   vertex 100.5 138 273
   vertex 101 137.5 274
  endloop
 endfacet
 facet normal 0.57735026918962584 -0.57735026918962584 -0.57735026918962584
  outer loop
   vertex 100 137.5 273
   vertex 101 137.5 274
   vertex 100.5 137 274
  endloop
 endfacet
 facet normal 0.57735026918962584 -0.57735026918962584 -0.57735026918962584
  outer loop
   vertex 100 137.5 273
   vertex 100.5 137 274
   vertex 100 137 273.5
  endloop
 endfacet
 facet normal 0.57735026918962584 -0.57735026918962584 -0.57735026918962584
  outer loop
   vertex 101 137.5 274
   vertex 101 138 273.5
   vertex 101.5 138 274
  endloop
 endfacet
 facet normal -0.57735026918962584 -0.57735026918962584 -0.57735026918962584
  outer loop
   vertex 89 138.5 273
   vertex 89 138 273.5
   vertex 88.5 138 274
  endloop
 endfacet
 facet normal -0.57735026918962584 -0.57735026918962584 -0.57735026918962584
  outer loop
   vertex 89 138.5 273
   vertex 88.5 138 274
   vertex 88.5 139 273
  endloop
 endfacet
 facet normal -1 0 0
  outer loop
   vertex 88.5 139 273
   vertex 88.5 138 274
   vertex 88.5 139 274
  endloop
 endfacet
 facet normal -0.57735026918962584 -0.57735026918962584 -0.57735026918962584
  outer loop
   vertex 89.5 138 273
   vertex 89 138 273.5
   vertex 89 138.5 273
  endloop
 endfacet
 facet normal 0.57735026918962584 -0.57735026918962584 -0.57735026918962584
  outer loop
   vertex 100.5 138 273
   vertex 101 138.5 273
   vertex 101 138 273.5
  endloop
 endfacet
 facet normal 0.57735026918962584 -0.57735026918962584 -0.57735026918962584
  outer loop
   vertex 101.5 139 273
   vertex 102 139 273.5
   vertex 102 138.5 274
  endloop
 endfacet
 facet normal 0.57735026918962584 -0.57735026918962584 -0.57735026918962584
  outer loop
   vertex 101 138.5 273
   vertex 101.5 139 273
   vertex 102 138.5 274
  endloop
 endfacet
 facet normal 0.57735026918962584 -0.57735026918962584 -0.57735026918962584
  outer loop
   vertex 101 138.5 273
   vertex 102 138.5 274
   vertex 101.5 138 274
  endloop
 endfacet
 facet normal 0.57735026918962584 -0.57735026918962584 -0.57735026918962584
  outer loop
   vertex 101 138.5 273
   vertex 101.5 138 274
   vertex 101 138 273.5
  endloop
 endfacet
 facet normal 0.57735026918962584 -0.57735026918962584 -0.57735026918962584
  outer loop
   vertex 102 138.5 274
   vertex 102 139 273.5
   vertex 102.5 139 274
  endloop
 endfacet
 facet normal -0.57735026918962584 -0.57735026918962584 -0.57735026918962584
  outer loop
   vertex 88 140 273.5
   vertex 88 139.5 274
   vertex 87.5 140 274
  endloop
 endfacet
 facet normal -0.57735026918962584 -0.57735026918962584 -0.57735026918962584
  outer loop
   vertex 88 140 273.5
   vertex 88.5 139 274
   vertex 88 139.5 274
  endloop
 endfacet
 facet normal -0.57735026918962584 -0.57735026918962584 -0.57735026918962584
  outer loop
   vertex 88 140 273.5
   vertex 88.5 140 273
   vertex 88.5 139 274
  endloop
 endfacet
 facet normal -1 0 0
  outer loop
   vertex 88.5 140 273
   vertex 88.5 139 273
   vertex 88.5 139 274
  endloop
 endfacet
 facet normal 0.70710678118654746 0 -0.70710678118654746
  outer loop
   vertex 102 139 273.5
   vertex 101.5 140 273
   vertex 102 140 273.5
  endloop
 endfacet
 facet normal 0.70710678118654746 0 -0.70710678118654746
  outer loop
   vertex 101.5 139 273
   vertex 101.5 140 273
   vertex 102 139 273.5
  endloop
 endfacet
 facet normal 0.70710678118654746 0 -0.70710678118654746
  outer loop
   vertex 102.5 140 274
   vertex 102.5 139 274
   vertex 102 139 273.5
  endloop
 endfacet
 facet normal 0.70710678118654746 0 -0.70710678118654746
  outer loop
   vertex 102 140 273.5
   vertex 102.5 140 274
   vertex 102 139 273.5
  endloop
 endfacet
 facet normal -0.70710678118654746 0 -0.70710678118654746
  outer loop
   vertex 88 141 273.5
   vertex 88 140 273.5
   vertex 87.5 140 274
  endloop
 endfacet
 facet normal -0.70710678118654746 0 -0.70710678118654746
  outer loop
   vertex 87.5 141 274
   vertex 88 141 273.5
   vertex 87.5 140 274
  endloop
 endfacet
 facet normal -0.70710678118654746 0 -0.70710678118654746
  outer loop
   vertex 88.5 140 273
   vertex 88 141 273.5
   vertex 88.5 141 273
  endloop
 endfacet
 facet normal -0.70710678118654746 -0 -0.70710678118654746
  outer loop
   vertex 88 140 273.5
   vertex 88 141 273.5
   vertex 88.5 140 273
  endloop
 endfacet
 facet normal 0.57735026918962584 -0.57735026918962584 -0.57735026918962584
  outer loop
   vertex 101.5 140 273
   vertex 102 140.5 273
   vertex 102 140 273.5
  endloop
 endfacet
 facet normal 0.57735026918962584 -0.57735026918962584 -0.57735026918962584
  outer loop
   vertex 102 140 273.5
   vertex 102 140.5 273
   vertex 102.5 141 273
  endloop
 endfacet
 facet normal 0.57735026918962584 -0.57735026918962584 -0.57735026918962584
  outer loop
   vertex 102 140 273.5
   vertex 102.5 141 273
   vertex 102.5 140 274
  endloop
 endfacet
 facet normal 1 0 -0
  outer loop
   vertex 102.5 140 274
   vertex 102.5 141 273
   vertex 102.5 141 274
  endloop
 endfacet
 facet normal -0.70710678118654746 0 -0.70710678118654746
  outer loop
   vertex 88 142 273.5
   vertex 88 141 273.5
   vertex 87.5 141 274
  endloop
 endfacet
 facet normal -0.70710678118654746 0 -0.70710678118654746
  outer loop
   vertex 87.5 142 274
   vertex 88 142 273.5
   vertex 87.5 141 274
  endloop
 endfacet
 facet normal -0.70710678118654746 0 -0.70710678118654746
  outer loop
   vertex 88.5 141 273
   vertex 88 142 273.5
   vertex 88.5 142 273
  endloop
 endfacet
 facet normal -0.70710678118654746 -0 -0.70710678118654746
  outer loop
   vertex 88 141 273.5
   vertex 88 142 273.5
   vertex 88.5 141 273
  endloop
 endfacet
 facet normal 1 0 0
  outer loop
   vertex 102.5 141 273
   vertex 102.5 142 273
   vertex 102.5 141 274
  endloop
 endfacet
 facet normal 1 0 -0
  outer loop
   vertex 102.5 141 274
   vertex 102.5 142 273
   vertex 102.5 142 274
  endloop
 endfacet
 facet normal -0.70710678118654746 0 -0.70710678118654746
  outer loop
   vertex 88 143 273.5
   vertex 88 142 273.5
   vertex 87.5 142 274
  endloop
 endfacet
 facet normal -0.70710678118654746 0 -0.70710678118654746
  outer loop
   vertex 87.5 143 274
   vertex 88 143 273.5
   vertex 87.5 142 274
  endloop
 endfacet
 facet normal -0.70710678118654746 0 -0.70710678118654746
  outer loop
   vertex 88.5 142 273
   vertex 88 143 273.5
   vertex 88.5 143 273
  endloop
 endfacet
 facet normal -0.70710678118654746 -0 -0.70710678118654746
  outer loop
   vertex 88 142 273.5
   vertex 88 143 273.5
   vertex 88.5 142 273
  endloop
 endfacet
 facet normal 1 0 0
  outer loop
   vertex 102.5 142 273
   vertex 102.5 143 273
   vertex 102.5 142 274
  endloop
 endfacet
 facet normal 1 0 -0
  outer loop
   vertex 102.5 142 274
   vertex 102.5 143 273
   vertex 102.5 143 274
  endloop
 endfacet
 facet normal -0.57735026918962584 0.57735026918962584 -0.57735026918962584
  outer loop
   vertex 88 143 273.5
   vertex 87.5 143 274
   vertex 88 143.5 274
  endloop
 endfacet
 facet normal -0.57735026918962584 0.57735026918962584 -0.57735026918962584
  outer loop
   vertex 88 143.5 274
   vertex 88.5 143 273
   vertex 88 143 273.5
  endloop
 endfacet
 facet normal -0.57735026918962584 0.57735026918962584 -0.57735026918962584
  outer loop
   vertex 88 143.5 274
   vertex 88.5 144 274
   vertex 88.5 143 273
  endloop
 endfacet
 facet normal -1 0 0
  outer loop
   vertex 88.5 144 274
   vertex 88.5 144 273
   vertex 88.5 143 273
  endloop
 endfacet
 facet normal 0.57735026918962584 0.57735026918962584 -0.57735026918962584
  outer loop
   vertex 102 143.5 273
   vertex 101.5 144 273
   vertex 102 144 273.5
  endloop
 endfacet
 facet normal 0.57735026918962584 0.57735026918962584 -0.57735026918962584
  outer loop
   vertex 102 143.5 273
   vertex 102 144 273.5
   vertex 102.5 144 274
  endloop
 endfacet
 facet normal 0.57735026918962584 0.57735026918962584 -0.57735026918962584
  outer loop
   vertex 102 143.5 273
   vertex 102.5 144 274
   vertex 102.5 143 273
  endloop
 endfacet
 facet normal 1 0 0
  outer loop
   vertex 102.5 143 273
   vertex 102.5 144 274
   vertex 102.5 143 274
  endloop
 endfacet
 facet normal -1 0 0
  outer loop
   vertex 88.5 144 273
   vertex 88.5 144 274
   vertex 88.5 145 273
  endloop
 endfacet
 facet normal -1 -0 -0
  outer loop
   vertex 88.5 144 274
   vertex 88.5 145 274
   vertex 88.5 145 273
  endloop
 endfacet
 facet normal 0.70710678118654746 0 -0.70710678118654746
  outer loop
   vertex 102 144 273.5
   vertex 101.5 145 273
   vertex 102 145 273.5
  endloop
 endfacet
 facet normal 0.70710678118654746 0 -0.70710678118654746
  outer loop
   vertex 101.5 144 273
   vertex 101.5 145 273
   vertex 102 144 273.5
  endloop
 endfacet
 facet normal 0.70710678118654746 0 -0.70710678118654746
  outer loop
   vertex 102.5 145 274
   vertex 102.5 144 274
   vertex 102 144 273.5
  endloop
 endfacet
 facet normal 0.70710678118654746 0 -0.70710678118654746
  outer loop
   vertex 102 145 273.5
   vertex 102.5 145 274
   vertex 102 144 273.5
  endloop
 endfacet
 facet normal -0.70710678118654746 0.70710678118654746 0
  outer loop
   vertex 88.5 145 273
   vertex 88.5 145 274
   vertex 89 145.5 274
  endloop
 endfacet
 facet normal -0.70710678118654746 0.70710678118654746 0
  outer loop
   vertex 89 145.5 273
   vertex 88.5 145 273
   vertex 89 145.5 274
  endloop
 endfacet
 facet normal -0.70710678118654746 0.70710678118654746 0
  outer loop
   vertex 89 145.5 274
   vertex 89.5 146 273
   vertex 89 145.5 273
  endloop
 endfacet
 facet normal -0.70710678118654746 0.70710678118654746 0
  outer loop
   vertex 89.5 146 274
   vertex 89.5 146 273
   vertex 89 145.5 274
  endloop
 endfacet
 facet normal 0.57735026918962584 0.57735026918962584 -0.57735026918962584
  outer loop
   vertex 102 145 273.5
   vertex 101.5 146 274
   vertex 102 145.5 274
  endloop
 endfacet
 facet normal 0.57735026918962584 0.57735026918962584 -0.57735026918962584
  outer loop
   vertex 102 145 273.5
   vertex 101.5 145 273
   vertex 101.5 146 274
  endloop
 endfacet
 facet normal 1 0 -0
  outer loop
   vertex 101.5 145 273
   vertex 101.5 146 273
   vertex 101.5 146 274
  endloop
 endfacet
 facet normal 0.57735026918962584 0.57735026918962584 -0.57735026918962584
  outer loop
   vertex 102.5 145 274
   vertex 102 145 273.5
   vertex 102 145.5 274
  endloop
 endfacet
 facet normal -0.57735026918962584 0.57735026918962584 -0.57735026918962584
  outer loop
   vertex 90 147 273.5
   vertex 90 146.5 273
   vertex 89.5 146 273
  endloop
 endfacet
 facet normal -0.57735026918962584 0.57735026918962584 -0.57735026918962584
  outer loop
   vertex 90 147 273.5
   vertex 89.5 146 273
   vertex 89.5 147 274
  endloop
 endfacet
 facet normal -1 0 0
  outer loop
   vertex 89.5 147 274
   vertex 89.5 146 273
   vertex 89.5 146 274
  endloop
 endfacet
 facet normal -0.57735026918962584 0.57735026918962584 -0.57735026918962584
  outer loop
   vertex 90 146.5 273
   vertex 90 147 273.5
   vertex 90.5 147 273
  endloop
 endfacet
 facet normal 0.57735026918962584 0.57735026918962584 -0.57735026918962584
  outer loop
   vertex 101 146.5 273
   vertex 100.5 147 273
   vertex 101 147 273.5
  endloop
 endfacet
 facet normal 0.57735026918962584 0.57735026918962584 -0.57735026918962584
  outer loop
   vertex 101 146.5 273
   vertex 101 147 273.5
   vertex 101.5 147 274
  endloop
 endfacet
 facet normal 0.57735026918962584 0.57735026918962584 -0.57735026918962584
  outer loop
   vertex 101 146.5 273
   vertex 101.5 147 274
   vertex 101.5 146 273
  endloop
 endfacet
 facet normal 1 0 0
  outer loop
   vertex 101.5 146 273
   vertex 101.5 147 274
   vertex 101.5 146 274
  endloop
 endfacet
 facet normal -0.57735026918962584 0.57735026918962584 -0.57735026918962584
  outer loop
   vertex 90 147 273.5
   vertex 89.5 147 274
   vertex 90 147.5 274
  endloop
 endfacet
 facet normal -0.57735026918962584 0.57735026918962584 -0.57735026918962584
  outer loop
   vertex 90 147.5 274
   vertex 90.5 147 273
   vertex 90 147 273.5
  endloop
 endfacet
 facet normal -0.57735026918962584 0.57735026918962584 -0.57735026918962584
  outer loop
   vertex 90 147.5 274
   vertex 90.5 148 274
   vertex 90.5 147 273
  endloop
 endfacet
 facet normal -1 0 0
  outer loop
   vertex 90.5 148 274
   vertex 90.5 148 273
   vertex 90.5 147 273
  endloop
 endfacet
 facet normal 0.57735026918962584 0.57735026918962584 -0.57735026918962584
  outer loop
   vertex 101 147 273.5
   vertex 100.5 148 274
   vertex 101 147.5 274
  endloop
 endfacet
 facet normal 0.57735026918962584 0.57735026918962584 -0.57735026918962584
  outer loop
   vertex 101 147 273.5
   vertex 100.5 147 273
   vertex 100.5 148 274
  endloop
 endfacet
 facet normal 1 0 -0
  outer loop
   vertex 100.5 147 273
   vertex 100.5 148 273
   vertex 100.5 148 274
  endloop
 endfacet
 facet normal 0.57735026918962584 0.57735026918962584 -0.57735026918962584
  outer loop
   vertex 101.5 147 274
   vertex 101 147 273.5
   vertex 101 147.5 274
  endloop
 endfacet
 facet normal -0.70710678118654746 0.70710678118654746 0
  outer loop
   vertex 90.5 148 273
   vertex 90.5 148 274
   vertex 91 148.5 274
  endloop
 endfacet
 facet normal -0.70710678118654746 0.70710678118654746 0
  outer loop
   vertex 91 148.5 273
   vertex 90.5 148 273
   vertex 91 148.5 274
  endloop
 endfacet
 facet normal -0.70710678118654746 0.70710678118654746 0
  outer loop
   vertex 91 148.5 274
   vertex 91.5 149 273
   vertex 91 148.5 273
  endloop
 endfacet
 facet normal -0.70710678118654746 0.70710678118654746 0
  outer loop
   vertex 91.5 149 274
   vertex 91.5 149 273
   vertex 91 148.5 274
  endloop
 endfacet
 facet normal 0.57735026918962584 0.57735026918962584 -0.57735026918962584
  outer loop
   vertex 100 148.5 273
   vertex 99.5 149 273
   vertex 100 149 273.5
  endloop
 endfacet
 facet normal 0.57735026918962584 0.57735026918962584 -0.57735026918962584
  outer loop
   vertex 100 148.5 273
   vertex 100 149 273.5
   vertex 100.5 149 274
  endloop
 endfacet
 facet normal 0.57735026918962584 0.57735026918962584 -0.57735026918962584
  outer loop
   vertex 100 148.5 273
   vertex 100.5 149 274
   vertex 100.5 148 273
  endloop
 endfacet
 facet normal 1 0 0
  outer loop
   vertex 100.5 148 273
   vertex 100.5 149 274
   vertex 100.5 148 274
  endloop
 endfacet
 facet normal -0.70710678118654746 0.70710678118654746 0
  outer loop
   vertex 91.5 149 273
   vertex 91.5 149 274
   vertex 92 149.5 274
  endloop
 endfacet
 facet normal -0.70710678118654746 0.70710678118654746 0
  outer loop
   vertex 92 149.5 273
   vertex 91.5 149 273
   vertex 92 149.5 274
  endloop
 endfacet
 facet normal -0.70710678118654746 0.70710678118654746 0
  outer loop
   vertex 92 149.5 274
   vertex 92.5 150 273
   vertex 92 149.5 273
  endloop
 endfacet
 facet normal -0.70710678118654746 0.70710678118654746 0
  outer loop
   vertex 92.5 150 274
   vertex 92.5 150 273
   vertex 92 149.5 274
  endloop
 endfacet
 facet normal 0.57735026918962584 0.57735026918962584 -0.57735026918962584
  outer loop
   vertex 99 149.5 273
   vertex 98.5 150 273
   vertex 99 150 273.5
  endloop
 endfacet
 facet normal 0.57735026918962584 0.57735026918962584 -0.57735026918962584
  outer loop
   vertex 99 149.5 273
   vertex 99 150 273.5
   vertex 99.5 150 274
  endloop
 endfacet
 facet normal 0.57735026918962584 0.57735026918962584 -0.57735026918962584
  outer loop
   vertex 99.5 149 273
   vertex 99 149.5 273
   vertex 99.5 150 274
  endloop
 endfacet
 facet normal 0.57735026918962584 0.57735026918962584 -0.57735026918962584
  outer loop
   vertex 99.5 149 273
   vertex 99.5 150 274
   vertex 100 149.5 274
  endloop
 endfacet
 facet normal 0.57735026918962584 0.57735026918962584 -0.57735026918962584
  outer loop
   vertex 99.5 149 273
   vertex 100 149.5 274
   vertex 100 149 273.5
  endloop
 endfacet
 facet normal 0.57735026918962584 0.57735026918962584 -0.57735026918962584
  outer loop
   vertex 100.5 149 274
   vertex 100 149 273.5
   vertex 100 149.5 274
  endloop
 endfacet
 facet normal -0.70710678118654746 0.70710678118654746 0
  outer loop
   vertex 92.5 150 273
   vertex 92.5 150 274
   vertex 93 150.5 274
  endloop
 endfacet
 facet normal -0.70710678118654746 0.70710678118654746 0
  outer loop
   vertex 93 150.5 273
   vertex 92.5 150 273
   vertex 93 150.5 274
  endloop
 endfacet
 facet normal -0.57735026918962584 0.57735026918962584 -0.57735026918962584
  outer loop
   vertex 94 151 273.5
   vertex 93 150.5 274
   vertex 93.5 151 274
  endloop
 endfacet
 facet normal -0.57735026918962584 0.57735026918962584 -0.57735026918962584
  outer loop
   vertex 94 151 273.5
   vertex 94 150.5 273
   vertex 93 150.5 274
  endloop
 endfacet
 facet normal 0 1 0
  outer loop
   vertex 94 150.5 273
   vertex 93 150.5 273
   vertex 93 150.5 274
  endloop
 endfacet
 facet normal 0 0.70710678118654746 -0.70710678118654746
  outer loop
   vertex 94 150.5 273
   vertex 95 151 273.5
   vertex 95 150.5 273
  endloop
 endfacet
 facet normal 0 0.70710678118654746 -0.70710678118654746
  outer loop
   vertex 94 151 273.5
   vertex 95 151 273.5
   vertex 94 150.5 273
  endloop
 endfacet
 facet normal 0 0.70710678118654746 -0.70710678118654746
  outer loop
   vertex 95 150.5 273
   vertex 96 151 273.5
   vertex 96 150.5 273
  endloop
 endfacet
 facet normal 0 0.70710678118654746 -0.70710678118654746
  outer loop
   vertex 95 151 273.5
   vertex 96 151 273.5
   vertex 95 150.5 273
  endloop
 endfacet
 facet normal 0 0.70710678118654746 -0.70710678118654746
  outer loop
   vertex 96 150.5 273
   vertex 97 151 273.5
   vertex 97 150.5 273
  endloop
 endfacet
 facet normal 0 0.70710678118654746 -0.70710678118654746
  outer loop
   vertex 96 151 273.5
   vertex 97 151 273.5
   vertex 96 150.5 273
  endloop
 endfacet
 facet normal 0.57735026918962584 0.57735026918962584 -0.57735026918962584
  outer loop
   vertex 97.5 151 274
   vertex 97 150.5 273
   vertex 97 151 273.5
  endloop
 endfacet
 facet normal 0.57735026918962584 0.57735026918962584 -0.57735026918962584
  outer loop
   vertex 97.5 151 274
   vertex 98 150.5 274
   vertex 97 150.5 273
  endloop
 endfacet
 facet normal 0 1 -0
  outer loop
   vertex 98 150.5 274
   vertex 98 150.5 273
   vertex 97 150.5 273
  endloop
 endfacet
 facet normal 0.57735026918962584 0.57735026918962584 -0.57735026918962584
  outer loop
   vertex 99 150 273.5
   vertex 98.5 150 273
   vertex 98 150.5 273
  endloop
 endfacet
 facet normal 0.57735026918962584 0.57735026918962584 -0.57735026918962584
  outer loop
   vertex 99 150 273.5
   vertex 98 150.5 273
   vertex 99 150.5 274
  endloop
 endfacet
 facet normal 0 1 0
  outer loop
   vertex 99 150.5 274
   vertex 98 150.5 273
   vertex 98 150.5 274
  endloop
 endfacet
 facet normal 0.57735026918962584 0.57735026918962584 -0.57735026918962584
  outer loop
   vertex 99.5 150 274
   vertex 99 150 273.5
   vertex 99 150.5 274
  endloop
 endfacet
 facet normal -0.57735026918962584 0.57735026918962584 -0.57735026918962584
  outer loop
   vertex 94 151 273.5
   vertex 93.5 151 274
   vertex 94 151.5 274
  endloop
 endfacet
 facet normal 0 0.70710678118654746 -0.70710678118654746
  outer loop
   vertex 95 151 273.5
   vertex 94 151 273.5
   vertex 94 151.5 274
  endloop
 endfacet
 facet normal 0 0.70710678118654746 -0.70710678118654746
  outer loop
   vertex 95 151.5 274
   vertex 95 151 273.5
   vertex 94 151.5 274
  endloop
 endfacet
 facet normal 0 0.70710678118654746 -0.70710678118654746
  outer loop
   vertex 96 151 273.5
   vertex 95 151 273.5
   vertex 95 151.5 274
  endloop
 endfacet
 facet normal 0 0.70710678118654746 -0.70710678118654746
  outer loop
   vertex 96 151.5 274
   vertex 96 151 273.5
   vertex 95 151.5 274
  endloop
 endfacet
 facet normal 0 0.70710678118654746 -0.70710678118654746
  outer loop
   vertex 97 151 273.5
   vertex 96 151 273.5
   vertex 96 151.5 274
  endloop
 endfacet
 facet normal 0 0.70710678118654746 -0.70710678118654746
  outer loop
   vertex 97 151.5 274
   vertex 97 151 273.5
   vertex 96 151.5 274
  endloop
 endfacet
 facet normal 0.57735026918962584 0.57735026918962584 -0.57735026918962584
  outer loop
   vertex 97.5 151 274
   vertex 97 151 273.5
   vertex 97 151.5 274
  endloop
 endfacet
 facet normal -0.70710678118654746 -0.70710678118654746 -0
  outer loop
   vertex 92 134.5 274
   vertex 92 134.5 275
   vertex 91.5 135 275
  endloop
 endfacet
 facet normal -0.70710678118654746 -0.70710678118654746 0
  outer loop
   vertex 91.5 135 274
   vertex 92 134.5 274
   vertex 91.5 135 275
  endloop
 endfacet
 facet normal 0 -1 -0
  outer loop
   vertex 93 134.5 274
   vertex 93 134.5 275
   vertex 92 134.5 274
  endloop
 endfacet
 facet normal -0 -1 0
  outer loop
   vertex 92 134.5 274
   vertex 93 134.5 275
   vertex 92 134.5 275
  endloop
 endfacet
 facet normal 0 -1 -0
  outer loop
   vertex 94 134.5 274
   vertex 94 134.5 275
   vertex 93 134.5 274
  endloop
 endfacet
 facet normal -0 -1 0
  outer loop
   vertex 93 134.5 274
   vertex 94 134.5 275
   vertex 93 134.5 275
  endloop
 endfacet
 facet normal 0 -1 -0
  outer loop
   vertex 95 134.5 274
   vertex 95 134.5 275
   vertex 94 134.5 274
  endloop
 endfacet
 facet normal -0 -1 0
  outer loop
   vertex 94 134.5 274
   vertex 95 134.5 275
   vertex 94 134.5 275
  endloop
 endfacet
 facet normal 0 -1 -0
  outer loop
   vertex 96 134.5 274
   vertex 96 134.5 275
   vertex 95 134.5 274
  endloop
 endfacet
 facet normal -0 -1 0
  outer loop
   vertex 95 134.5 274
   vertex 96 134.5 275
   vertex 95 134.5 275
  endloop
 endfacet
 facet normal 0 -1 -0
  outer loop
   vertex 97 134.5 274
   vertex 97 134.5 275
   vertex 96 134.5 274
  endloop
 endfacet
 facet normal -0 -1 0
  outer loop
   vertex 96 134.5 274
   vertex 97 134.5 275
   vertex 96 134.5 275
  endloop
 endfacet
 facet normal 0.70710678118654746 -0.70710678118654746 0
  outer loop
   vertex 97 134.5 275
   vertex 97 134.5 274
   vertex 97.5 135 274
  endloop
 endfacet
 facet normal 0.70710678118654746 -0.70710678118654746 0
  outer loop
   vertex 97.5 135 275
   vertex 97 134.5 275
   vertex 97.5 135 274
  endloop
 endfacet
 facet normal -0.70710678118654746 -0.70710678118654746 -0
  outer loop
   vertex 90 135.5 274
   vertex 90 135.5 275
   vertex 89.5 136 275
  endloop
 endfacet
 facet normal -0.70710678118654746 -0.70710678118654746 0
  outer loop
   vertex 89.5 136 274
   vertex 90 135.5 274
   vertex 89.5 136 275
  endloop
 endfacet
 facet normal 0 -1 -0
  outer loop
   vertex 91 135.5 274
   vertex 91 135.5 275
   vertex 90 135.5 274
  endloop
 endfacet
 facet normal -0 -1 0
  outer loop
   vertex 90 135.5 274
   vertex 91 135.5 275
   vertex 90 135.5 275
  endloop
 endfacet
 facet normal -0.70710678118654746 -0.70710678118654746 0
  outer loop
   vertex 91.5 135 275
   vertex 91 135.5 274
   vertex 91.5 135 274
  endloop
 endfacet
 facet normal -0.70710678118654746 -0.70710678118654746 0
  outer loop
   vertex 91 135.5 275
   vertex 91 135.5 274
   vertex 91.5 135 275
  endloop
 endfacet
 facet normal 0.70710678118654746 -0.70710678118654746 0
  outer loop
   vertex 97.5 135 274
   vertex 98 135.5 275
   vertex 97.5 135 275
  endloop
 endfacet
 facet normal 0.70710678118654746 -0.70710678118654746 0
  outer loop
   vertex 98 135.5 274
   vertex 98 135.5 275
   vertex 97.5 135 274
  endloop
 endfacet
 facet normal 0 -1 -0
  outer loop
   vertex 99 135.5 274
   vertex 99 135.5 275
   vertex 98 135.5 274
  endloop
 endfacet
 facet normal -0 -1 0
  outer loop
   vertex 98 135.5 274
   vertex 99 135.5 275
   vertex 98 135.5 275
  endloop
 endfacet
 facet normal 0.70710678118654746 -0.70710678118654746 0
  outer loop
   vertex 99 135.5 275
   vertex 99 135.5 274
   vertex 99.5 136 274
  endloop
 endfacet
 facet normal 0.70710678118654746 -0.70710678118654746 0
  outer loop
   vertex 99.5 136 275
   vertex 99 135.5 275
   vertex 99.5 136 274
  endloop
 endfacet
 facet normal -0.57735026918962584 -0.57735026918962584 -0.57735026918962584
  outer loop
   vertex 89 137 274.5
   vertex 89 136.5 275
   vertex 88.5 137 275
  endloop
 endfacet
 facet normal -0.57735026918962584 -0.57735026918962584 -0.57735026918962584
  outer loop
   vertex 89 137 274.5
   vertex 89.5 136 275
   vertex 89 136.5 275
  endloop
 endfacet
 facet normal -0.57735026918962584 -0.57735026918962584 -0.57735026918962584
  outer loop
   vertex 89 137 274.5
   vertex 89.5 137 274
   vertex 89.5 136 275
  endloop
 endfacet
 facet normal -1 0 0
  outer loop
   vertex 89.5 137 274
   vertex 89.5 136 274
   vertex 89.5 136 275
  endloop
 endfacet
 facet normal 0.70710678118654746 -0.70710678118654746 0
  outer loop
   vertex 99.5 136 274
   vertex 100 136.5 275
   vertex 99.5 136 275
  endloop
 endfacet
 facet normal 0.70710678118654746 -0.70710678118654746 0
  outer loop
   vertex 100 136.5 274
   vertex 100 136.5 275
   vertex 99.5 136 274
  endloop
 endfacet
 facet normal 0.70710678118654746 -0.70710678118654746 0
  outer loop
   vertex 100 136.5 275
   vertex 100 136.5 274
   vertex 100.5 137 274
  endloop
 endfacet
 facet normal 0.70710678118654746 -0.70710678118654746 0
  outer loop
   vertex 100.5 137 275
   vertex 100 136.5 275
   vertex 100.5 137 274
  endloop
 endfacet
 facet normal -0.57735026918962584 -0.57735026918962584 -0.57735026918962584
  outer loop
   vertex 89 137.5 274
   vertex 89 137 274.5
   vertex 88.5 137 275
  endloop
 endfacet
 facet normal -0.57735026918962584 -0.57735026918962584 -0.57735026918962584
  outer loop
   vertex 89 137.5 274
   vertex 88.5 137 275
   vertex 88.5 138 274
  endloop
 endfacet
 facet normal -1 0 0
  outer loop
   vertex 88.5 138 274
   vertex 88.5 137 275
   vertex 88.5 138 275
  endloop
 endfacet
 facet normal -0.57735026918962584 -0.57735026918962584 -0.57735026918962584
  outer loop
   vertex 89.5 137 274
   vertex 89 137 274.5
   vertex 89 137.5 274
  endloop
 endfacet
 facet normal 0.70710678118654746 -0.70710678118654746 0
  outer loop
   vertex 100.5 137 274
   vertex 101 137.5 275
   vertex 100.5 137 275
  endloop
 endfacet
 facet normal 0.70710678118654746 -0.70710678118654746 0
  outer loop
   vertex 101 137.5 274
   vertex 101 137.5 275
   vertex 100.5 137 274
  endloop
 endfacet
 facet normal 0.70710678118654746 -0.70710678118654746 0
  outer loop
   vertex 101 137.5 275
   vertex 101 137.5 274
   vertex 101.5 138 274
  endloop
 endfacet
 facet normal 0.70710678118654746 -0.70710678118654746 0
  outer loop
   vertex 101.5 138 275
   vertex 101 137.5 275
   vertex 101.5 138 274
  endloop
 endfacet
 facet normal -0.57735026918962584 -0.57735026918962584 -0.57735026918962584
  outer loop
   vertex 88 139 274.5
   vertex 88 138.5 275
   vertex 87.5 139 275
  endloop
 endfacet
 facet normal -0.57735026918962584 -0.57735026918962584 -0.57735026918962584
  outer loop
   vertex 88 139 274.5
   vertex 88.5 138 275
   vertex 88 138.5 275
  endloop
 endfacet
 facet normal -0.57735026918962584 -0.57735026918962584 -0.57735026918962584
  outer loop
   vertex 88 139 274.5
   vertex 88.5 139 274
   vertex 88.5 138 275
  endloop
 endfacet
 facet normal -1 0 0
  outer loop
   vertex 88.5 139 274
   vertex 88.5 138 274
   vertex 88.5 138 275
  endloop
 endfacet
 facet normal 0.70710678118654746 -0.70710678118654746 0
  outer loop
   vertex 101.5 138 274
   vertex 102 138.5 275
   vertex 101.5 138 275
  endloop
 endfacet
 facet normal 0.70710678118654746 -0.70710678118654746 0
  outer loop
   vertex 102 138.5 274
   vertex 102 138.5 275
   vertex 101.5 138 274
  endloop
 endfacet
 facet normal 0.70710678118654746 -0.70710678118654746 0
  outer loop
   vertex 102 138.5 275
   vertex 102 138.5 274
   vertex 102.5 139 274
  endloop
 endfacet
 facet normal 0.70710678118654746 -0.70710678118654746 0
  outer loop
   vertex 102.5 139 275
   vertex 102 138.5 275
   vertex 102.5 139 274
  endloop
 endfacet
 facet normal -0.57735026918962584 -0.57735026918962584 -0.57735026918962584
  outer loop
   vertex 88 139.5 274
   vertex 88 139 274.5
   vertex 87.5 139 275
  endloop
 endfacet
 facet normal -0.57735026918962584 -0.57735026918962584 -0.57735026918962584
  outer loop
   vertex 88 139.5 274
   vertex 87.5 139 275
   vertex 87.5 140 274
  endloop
 endfacet
 facet normal -1 0 0
  outer loop
   vertex 87.5 140 274
   vertex 87.5 139 275
   vertex 87.5 140 275
  endloop
 endfacet
 facet normal -0.57735026918962584 -0.57735026918962584 -0.57735026918962584
  outer loop
   vertex 88.5 139 274
   vertex 88 139 274.5
   vertex 88 139.5 274
  endloop
 endfacet
 facet normal 0.57735026918962584 -0.57735026918962584 -0.57735026918962584
  outer loop
   vertex 103 139.5 275
   vertex 102.5 140 274
   vertex 103 140 274.5
  endloop
 endfacet
 facet normal 0.57735026918962584 -0.57735026918962584 -0.57735026918962584
  outer loop
   vertex 103 139.5 275
   vertex 102.5 139 275
   vertex 102.5 140 274
  endloop
 endfacet
 facet normal 1 0 0
  outer loop
   vertex 102.5 139 275
   vertex 102.5 139 274
   vertex 102.5 140 274
  endloop
 endfacet
 facet normal 0.57735026918962584 -0.57735026918962584 -0.57735026918962584
  outer loop
   vertex 103 139.5 275
   vertex 103 140 274.5
   vertex 103.5 140 275
  endloop
 endfacet
 facet normal -1 0 0
  outer loop
   vertex 87.5 140 274
   vertex 87.5 140 275
   vertex 87.5 141 274
  endloop
 endfacet
 facet normal -1 -0 -0
  outer loop
   vertex 87.5 140 275
   vertex 87.5 141 275
   vertex 87.5 141 274
  endloop
 endfacet
 facet normal 0.70710678118654746 0 -0.70710678118654746
  outer loop
   vertex 103 140 274.5
   vertex 102.5 141 274
   vertex 103 141 274.5
  endloop
 endfacet
 facet normal 0.70710678118654746 0 -0.70710678118654746
  outer loop
   vertex 102.5 140 274
   vertex 102.5 141 274
   vertex 103 140 274.5
  endloop
 endfacet
 facet normal 0.70710678118654746 0 -0.70710678118654746
  outer loop
   vertex 103.5 141 275
   vertex 103.5 140 275
   vertex 103 140 274.5
  endloop
 endfacet
 facet normal 0.70710678118654746 0 -0.70710678118654746
  outer loop
   vertex 103 141 274.5
   vertex 103.5 141 275
   vertex 103 140 274.5
  endloop
 endfacet
 facet normal -1 0 0
  outer loop
   vertex 87.5 141 274
   vertex 87.5 141 275
   vertex 87.5 142 274
  endloop
 endfacet
 facet normal -1 -0 -0
  outer loop
   vertex 87.5 141 275
   vertex 87.5 142 275
   vertex 87.5 142 274
  endloop
 endfacet
 facet normal 0.57735026918962584 0.57735026918962584 -0.57735026918962584
  outer loop
   vertex 103 141 274.5
   vertex 102.5 142 275
   vertex 103 141.5 275
  endloop
 endfacet
 facet normal 0.57735026918962584 0.57735026918962584 -0.57735026918962584
  outer loop
   vertex 103 141 274.5
   vertex 102.5 141 274
   vertex 102.5 142 275
  endloop
 endfacet
 facet normal 1 0 -0
  outer loop
   vertex 102.5 141 274
   vertex 102.5 142 274
   vertex 102.5 142 275
  endloop
 endfacet
 facet normal 0.57735026918962584 0.57735026918962584 -0.57735026918962584
  outer loop
   vertex 103.5 141 275
   vertex 103 141 274.5
   vertex 103 141.5 275
  endloop
 endfacet
 facet normal -1 0 0
  outer loop
   vertex 87.5 142 274
   vertex 87.5 142 275
   vertex 87.5 143 274
  endloop
 endfacet
 facet normal -1 -0 -0
  outer loop
   vertex 87.5 142 275
   vertex 87.5 143 275
   vertex 87.5 143 274
  endloop
 endfacet
 facet normal 1 0 0
  outer loop
   vertex 102.5 142 274
   vertex 102.5 143 274
   vertex 102.5 142 275
  endloop
 endfacet
 facet normal 1 0 -0
  outer loop
   vertex 102.5 142 275
   vertex 102.5 143 274
   vertex 102.5 143 275
  endloop
 endfacet
 facet normal -0.57735026918962584 0.57735026918962584 -0.57735026918962584
  outer loop
   vertex 88 144 274.5
   vertex 88 143.5 274
   vertex 87.5 143 274
  endloop
 endfacet
 facet normal -0.57735026918962584 0.57735026918962584 -0.57735026918962584
  outer loop
   vertex 88 144 274.5
   vertex 87.5 143 274
   vertex 87.5 144 275
  endloop
 endfacet
 facet normal -1 0 0
  outer loop
   vertex 87.5 144 275
   vertex 87.5 143 274
   vertex 87.5 143 275
  endloop
 endfacet
 facet normal -0.57735026918962584 0.57735026918962584 -0.57735026918962584
  outer loop
   vertex 88 143.5 274
   vertex 88 144 274.5
   vertex 88.5 144 274
  endloop
 endfacet
 facet normal 1 0 0
  outer loop
   vertex 102.5 143 274
   vertex 102.5 144 274
   vertex 102.5 143 275
  endloop
 endfacet
 facet normal 1 0 -0
  outer loop
   vertex 102.5 143 275
   vertex 102.5 144 274
   vertex 102.5 144 275
  endloop
 endfacet
 facet normal -0.70710678118654746 0 -0.70710678118654746
  outer loop
   vertex 88 145 274.5
   vertex 88 144 274.5
   vertex 87.5 144 275
  endloop
 endfacet
 facet normal -0.70710678118654746 0 -0.70710678118654746
  outer loop
   vertex 87.5 145 275
   vertex 88 145 274.5
   vertex 87.5 144 275
  endloop
 endfacet
 facet normal -0.70710678118654746 0 -0.70710678118654746
  outer loop
   vertex 88.5 144 274
   vertex 88 145 274.5
   vertex 88.5 145 274
  endloop
 endfacet
 facet normal -0.70710678118654746 -0 -0.70710678118654746
  outer loop
   vertex 88 144 274.5
   vertex 88 145 274.5
   vertex 88.5 144 274
  endloop
 endfacet
 facet normal 1 0 0
  outer loop
   vertex 102.5 144 274
   vertex 102.5 145 274
   vertex 102.5 144 275
  endloop
 endfacet
 facet normal 1 0 -0
  outer loop
   vertex 102.5 144 275
   vertex 102.5 145 274
   vertex 102.5 145 275
  endloop
 endfacet
 facet normal -0.57735026918962584 0.57735026918962584 -0.57735026918962584
  outer loop
   vertex 88 145 274.5
   vertex 87.5 145 275
   vertex 88 145.5 275
  endloop
 endfacet
 facet normal -0.57735026918962584 0.57735026918962584 -0.57735026918962584
  outer loop
   vertex 89 146 274.5
   vertex 88 145.5 275
   vertex 88.5 146 275
  endloop
 endfacet
 facet normal -0.57735026918962584 0.57735026918962584 -0.57735026918962584
  outer loop
   vertex 89 145.5 274
   vertex 88 145.5 275
   vertex 89 146 274.5
  endloop
 endfacet
 facet normal -0.57735026918962584 0.57735026918962584 -0.57735026918962584
  outer loop
   vertex 89 145.5 274
   vertex 88 145 274.5
   vertex 88 145.5 275
  endloop
 endfacet
 facet normal -0.57735026918962584 0.57735026918962584 -0.57735026918962584
  outer loop
   vertex 89 145.5 274
   vertex 88.5 145 274
   vertex 88 145 274.5
  endloop
 endfacet
 facet normal -0.57735026918962584 0.57735026918962584 -0.57735026918962584
  outer loop
   vertex 89 145.5 274
   vertex 89 146 274.5
   vertex 89.5 146 274
  endloop
 endfacet
 facet normal 0.70710678118654746 0.70710678118654746 0
  outer loop
   vertex 102 145.5 274
   vertex 101.5 146 275
   vertex 102 145.5 275
  endloop
 endfacet
 facet normal 0.70710678118654746 0.70710678118654746 0
  outer loop
   vertex 101.5 146 274
   vertex 101.5 146 275
   vertex 102 145.5 274
  endloop
 endfacet
 facet normal 0.70710678118654746 0.70710678118654746 -0
  outer loop
   vertex 102.5 145 275
   vertex 102.5 145 274
   vertex 102 145.5 274
  endloop
 endfacet
 facet normal 0.70710678118654746 0.70710678118654746 0
  outer loop
   vertex 102 145.5 275
   vertex 102.5 145 275
   vertex 102 145.5 274
  endloop
 endfacet
 facet normal -0.57735026918962584 0.57735026918962584 -0.57735026918962584
  outer loop
   vertex 89 146 274.5
   vertex 88.5 146 275
   vertex 89 146.5 275
  endloop
 endfacet
 facet normal -0.57735026918962584 0.57735026918962584 -0.57735026918962584
  outer loop
   vertex 89 146.5 275
   vertex 89.5 146 274
   vertex 89 146 274.5
  endloop
 endfacet
 facet normal -0.57735026918962584 0.57735026918962584 -0.57735026918962584
  outer loop
   vertex 89 146.5 275
   vertex 89.5 147 275
   vertex 89.5 146 274
  endloop
 endfacet
 facet normal -1 0 0
  outer loop
   vertex 89.5 147 275
   vertex 89.5 147 274
   vertex 89.5 146 274
  endloop
 endfacet
 facet normal 1 0 0
  outer loop
   vertex 101.5 146 274
   vertex 101.5 147 274
   vertex 101.5 146 275
  endloop
 endfacet
 facet normal 1 0 -0
  outer loop
   vertex 101.5 146 275
   vertex 101.5 147 274
   vertex 101.5 147 275
  endloop
 endfacet
 facet normal -0.70710678118654746 0.70710678118654746 0
  outer loop
   vertex 89.5 147 274
   vertex 89.5 147 275
   vertex 90 147.5 275
  endloop
 endfacet
 facet normal -0.70710678118654746 0.70710678118654746 0
  outer loop
   vertex 90 147.5 274
   vertex 89.5 147 274
   vertex 90 147.5 275
  endloop
 endfacet
 facet normal -0.70710678118654746 0.70710678118654746 0
  outer loop
   vertex 90 147.5 275
   vertex 90.5 148 274
   vertex 90 147.5 274
  endloop
 endfacet
 facet normal -0.70710678118654746 0.70710678118654746 0
  outer loop
   vertex 90.5 148 275
   vertex 90.5 148 274
   vertex 90 147.5 275
  endloop
 endfacet
 facet normal 0.70710678118654746 0.70710678118654746 0
  outer loop
   vertex 101 147.5 274
   vertex 100.5 148 275
   vertex 101 147.5 275
  endloop
 endfacet
 facet normal 0.70710678118654746 0.70710678118654746 0
  outer loop
   vertex 100.5 148 274
   vertex 100.5 148 275
   vertex 101 147.5 274
  endloop
 endfacet
 facet normal 0.70710678118654746 0.70710678118654746 -0
  outer loop
   vertex 101.5 147 275
   vertex 101.5 147 274
   vertex 101 147.5 274
  endloop
 endfacet
 facet normal 0.70710678118654746 0.70710678118654746 0
  outer loop
   vertex 101 147.5 275
   vertex 101.5 147 275
   vertex 101 147.5 274
  endloop
 endfacet
 facet normal -0.70710678118654746 0.70710678118654746 0
  outer loop
   vertex 90.5 148 274
   vertex 90.5 148 275
   vertex 91 148.5 275
  endloop
 endfacet
 facet normal -0.70710678118654746 0.70710678118654746 0
  outer loop
   vertex 91 148.5 274
   vertex 90.5 148 274
   vertex 91 148.5 275
  endloop
 endfacet
 facet normal -0.70710678118654746 0.70710678118654746 0
  outer loop
   vertex 91 148.5 275
   vertex 91.5 149 274
   vertex 91 148.5 274
  endloop
 endfacet
 facet normal -0.70710678118654746 0.70710678118654746 0
  outer loop
   vertex 91.5 149 275
   vertex 91.5 149 274
   vertex 91 148.5 275
  endloop
 endfacet
 facet normal 1 0 0
  outer loop
   vertex 100.5 148 274
   vertex 100.5 149 274
   vertex 100.5 148 275
  endloop
 endfacet
 facet normal 1 0 -0
  outer loop
   vertex 100.5 148 275
   vertex 100.5 149 274
   vertex 100.5 149 275
  endloop
 endfacet
 facet normal -0.70710678118654746 0.70710678118654746 0
  outer loop
   vertex 91.5 149 274
   vertex 91.5 149 275
   vertex 92 149.5 275
  endloop
 endfacet
 facet normal -0.70710678118654746 0.70710678118654746 0
  outer loop
   vertex 92 149.5 274
   vertex 91.5 149 274
   vertex 92 149.5 275
  endloop
 endfacet
 facet normal -0.70710678118654746 0.70710678118654746 0
  outer loop
   vertex 92 149.5 275
   vertex 92.5 150 274
   vertex 92 149.5 274
  endloop
 endfacet
 facet normal -0.70710678118654746 0.70710678118654746 0
  outer loop
   vertex 92.5 150 275
   vertex 92.5 150 274
   vertex 92 149.5 275
  endloop
 endfacet
 facet normal 0.70710678118654746 0.70710678118654746 0
  outer loop
   vertex 100 149.5 274
   vertex 99.5 150 275
   vertex 100 149.5 275
  endloop
 endfacet
 facet normal 0.70710678118654746 0.70710678118654746 0
  outer loop
   vertex 99.5 150 274
   vertex 99.5 150 275
   vertex 100 149.5 274
  endloop
 endfacet
 facet normal 0.70710678118654746 0.70710678118654746 -0
  outer loop
   vertex 100.5 149 275
   vertex 100.5 149 274
   vertex 100 149.5 274
  endloop
 endfacet
 facet normal 0.70710678118654746 0.70710678118654746 0
  outer loop
   vertex 100 149.5 275
   vertex 100.5 149 275
   vertex 100 149.5 274
  endloop
 endfacet
 facet normal -0.70710678118654746 0.70710678118654746 0
  outer loop
   vertex 92.5 150 274
   vertex 92.5 150 275
   vertex 93 150.5 275
  endloop
 endfacet
 facet normal -0.70710678118654746 0.70710678118654746 0
  outer loop
   vertex 93 150.5 274
   vertex 92.5 150 274
   vertex 93 150.5 275
  endloop
 endfacet
 facet normal -0.70710678118654746 0.70710678118654746 0
  outer loop
   vertex 93 150.5 275
   vertex 93.5 151 274
   vertex 93 150.5 274
  endloop
 endfacet
 facet normal -0.70710678118654746 0.70710678118654746 0
  outer loop
   vertex 93.5 151 275
   vertex 93.5 151 274
   vertex 93 150.5 275
  endloop
 endfacet
 facet normal 0.57735026918962584 0.57735026918962584 -0.57735026918962584
  outer loop
   vertex 98 150.5 274
   vertex 97.5 151 274
   vertex 98 151 274.5
  endloop
 endfacet
 facet normal 0.57735026918962584 0.57735026918962584 -0.57735026918962584
  outer loop
   vertex 98.5 151 275
   vertex 98 150.5 274
   vertex 98 151 274.5
  endloop
 endfacet
 facet normal 0.57735026918962584 0.57735026918962584 -0.57735026918962584
  outer loop
   vertex 98.5 151 275
   vertex 99 150.5 275
   vertex 98 150.5 274
  endloop
 endfacet
 facet normal 0 1 -0
  outer loop
   vertex 99 150.5 275
   vertex 99 150.5 274
   vertex 98 150.5 274
  endloop
 endfacet
 facet normal 0.70710678118654746 0.70710678118654746 -0
  outer loop
   vertex 99.5 150 275
   vertex 99.5 150 274
   vertex 99 150.5 274
  endloop
 endfacet
 facet normal 0.70710678118654746 0.70710678118654746 0
  outer loop
   vertex 99 150.5 275
   vertex 99.5 150 275
   vertex 99 150.5 274
  endloop
 endfacet
 facet normal -0.70710678118654746 0.70710678118654746 0
  outer loop
   vertex 93.5 151 274
   vertex 93.5 151 275
   vertex 94 151.5 275
  endloop
 endfacet
 facet normal -0.70710678118654746 0.70710678118654746 0
  outer loop
   vertex 94 151.5 274
   vertex 93.5 151 274
   vertex 94 151.5 275
  endloop
 endfacet
 facet normal 0 1 0
  outer loop
   vertex 95 151.5 274
   vertex 94 151.5 274
   vertex 95 151.5 275
  endloop
 endfacet
 facet normal -0 1 0
  outer loop
   vertex 94 151.5 274
   vertex 94 151.5 275
   vertex 95 151.5 275
  endloop
 endfacet
 facet normal 0 1 0
  outer loop
   vertex 96 151.5 274
   vertex 95 151.5 274
   vertex 96 151.5 275
  endloop
 endfacet
 facet normal -0 1 0
  outer loop
   vertex 95 151.5 274
   vertex 95 151.5 275
   vertex 96 151.5 275
  endloop
 endfacet
 facet normal 0 1 0
  outer loop
   vertex 97 151.5 274
   vertex 96 151.5 274
   vertex 97 151.5 275
  endloop
 endfacet
 facet normal -0 1 0
  outer loop
   vertex 96 151.5 274
   vertex 96 151.5 275
   vertex 97 151.5 275
  endloop
 endfacet
 facet normal 0.57735026918962584 0.57735026918962584 -0.57735026918962584
  outer loop
   vertex 98 151 274.5
   vertex 97.5 151 274
   vertex 97 151.5 274
  endloop
 endfacet
 facet normal 0.57735026918962584 0.57735026918962584 -0.57735026918962584
  outer loop
   vertex 98 151 274.5
   vertex 97 151.5 274
   vertex 98 151.5 275
  endloop
 endfacet
 facet normal 0 1 0
  outer loop
   vertex 98 151.5 275
   vertex 97 151.5 274
   vertex 97 151.5 275
  endloop
 endfacet
 facet normal 0.57735026918962584 0.57735026918962584 -0.57735026918962584
  outer loop
   vertex 98.5 151 275
   vertex 98 151 274.5
   vertex 98 151.5 275
  endloop
 endfacet
 facet normal -0.57735026918962584 -0.57735026918962584 -0.57735026918962584
  outer loop
   vertex 91 135 275.5
   vertex 91 134.5 276
   vertex 90.5 135 276
  endloop
 endfacet
 facet normal -0.57735026918962584 -0.57735026918962584 -0.57735026918962584
  outer loop
   vertex 91 135 275.5
   vertex 91.5 135 275
   vertex 92 134.5 275
  endloop
 endfacet
 facet normal -0.57735026918962584 -0.57735026918962584 -0.57735026918962584
  outer loop
   vertex 91 135 275.5
   vertex 92 134.5 275
   vertex 91 134.5 276
  endloop
 endfacet
 facet normal 0 -1 0
  outer loop
   vertex 91 134.5 276
   vertex 92 134.5 275
   vertex 92 134.5 276
  endloop
 endfacet
 facet normal 0 -1 -0
  outer loop
   vertex 93 134.5 275
   vertex 93 134.5 276
   vertex 92 134.5 275
  endloop
 endfacet
 facet normal -0 -1 0
  outer loop
   vertex 92 134.5 275
   vertex 93 134.5 276
   vertex 92 134.5 276
  endloop
 endfacet
 facet normal 0 -1 -0
  outer loop
   vertex 94 134.5 275
   vertex 94 134.5 276
   vertex 93 134.5 275
  endloop
 endfacet
 facet normal -0 -1 0
  outer loop
   vertex 93 134.5 275
   vertex 94 134.5 276
   vertex 93 134.5 276
  endloop
 endfacet
 facet normal 0 -1 -0
  outer loop
   vertex 95 134.5 275
   vertex 95 134.5 276
   vertex 94 134.5 275
  endloop
 endfacet
 facet normal -0 -1 0
  outer loop
   vertex 94 134.5 275
   vertex 95 134.5 276
   vertex 94 134.5 276
  endloop
 endfacet
 facet normal 0 -1 -0
  outer loop
   vertex 96 134.5 275
   vertex 96 134.5 276
   vertex 95 134.5 275
  endloop
 endfacet
 facet normal -0 -1 0
  outer loop
   vertex 95 134.5 275
   vertex 96 134.5 276
   vertex 95 134.5 276
  endloop
 endfacet
 facet normal 0 -1 -0
  outer loop
   vertex 97 134.5 275
   vertex 97 134.5 276
   vertex 96 134.5 275
  endloop
 endfacet
 facet normal -0 -1 0
  outer loop
   vertex 96 134.5 275
   vertex 97 134.5 276
   vertex 96 134.5 276
  endloop
 endfacet
 facet normal 0.70710678118654746 -0.70710678118654746 0
  outer loop
   vertex 97 134.5 276
   vertex 97 134.5 275
   vertex 97.5 135 275
  endloop
 endfacet
 facet normal 0.70710678118654746 -0.70710678118654746 0
  outer loop
   vertex 97.5 135 276
   vertex 97 134.5 276
   vertex 97.5 135 275
  endloop
 endfacet
 facet normal -0.57735026918962584 -0.57735026918962584 -0.57735026918962584
  outer loop
   vertex 89 136 275.5
   vertex 89 135.5 276
   vertex 88.5 136 276
  endloop
 endfacet
 facet normal -0.57735026918962584 -0.57735026918962584 -0.57735026918962584
  outer loop
   vertex 89 136 275.5
   vertex 89.5 136 275
   vertex 90 135.5 275
  endloop
 endfacet
 facet normal -0.57735026918962584 -0.57735026918962584 -0.57735026918962584
  outer loop
   vertex 89 136 275.5
   vertex 90 135.5 275
   vertex 89 135.5 276
  endloop
 endfacet
 facet normal 0 -1 0
  outer loop
   vertex 89 135.5 276
   vertex 90 135.5 275
   vertex 90 135.5 276
  endloop
 endfacet
 facet normal -0.57735026918962584 -0.57735026918962584 -0.57735026918962584
  outer loop
   vertex 90.5 135 276
   vertex 91 135.5 275
   vertex 91 135 275.5
  endloop
 endfacet
 facet normal -0.57735026918962584 -0.57735026918962584 -0.57735026918962584
  outer loop
   vertex 90.5 135 276
   vertex 90 135.5 276
   vertex 91 135.5 275
  endloop
 endfacet
 facet normal 0 -1 0
  outer loop
   vertex 90 135.5 276
   vertex 90 135.5 275
   vertex 91 135.5 275
  endloop
 endfacet
 facet normal -0.57735026918962584 -0.57735026918962584 -0.57735026918962584
  outer loop
   vertex 91.5 135 275
   vertex 91 135 275.5
   vertex 91 135.5 275
  endloop
 endfacet
 facet normal 0.70710678118654746 -0.70710678118654746 0
  outer loop
   vertex 97.5 135 275
   vertex 98 135.5 276
   vertex 97.5 135 276
  endloop
 endfacet
 facet normal 0.70710678118654746 -0.70710678118654746 0
  outer loop
   vertex 98 135.5 275
   vertex 98 135.5 276
   vertex 97.5 135 275
  endloop
 endfacet
 facet normal 0 -1 -0
  outer loop
   vertex 99 135.5 275
   vertex 99 135.5 276
   vertex 98 135.5 275
  endloop
 endfacet
 facet normal -0 -1 0
  outer loop
   vertex 98 135.5 275
   vertex 99 135.5 276
   vertex 98 135.5 276
  endloop
 endfacet
 facet normal 0.70710678118654746 -0.70710678118654746 0
  outer loop
   vertex 99 135.5 276
   vertex 99 135.5 275
   vertex 99.5 136 275
  endloop
 endfacet
 facet normal 0.70710678118654746 -0.70710678118654746 0
  outer loop
   vertex 99.5 136 276
   vertex 99 135.5 276
   vertex 99.5 136 275
  endloop
 endfacet
 facet normal -0.57735026918962584 -0.57735026918962584 -0.57735026918962584
  outer loop
   vertex 89 136.5 275
   vertex 89 136 275.5
   vertex 88.5 136 276
  endloop
 endfacet
 facet normal -0.57735026918962584 -0.57735026918962584 -0.57735026918962584
  outer loop
   vertex 89 136.5 275
   vertex 88.5 136 276
   vertex 88.5 137 275
  endloop
 endfacet
 facet normal -1 0 0
  outer loop
   vertex 88.5 137 275
   vertex 88.5 136 276
   vertex 88.5 137 276
  endloop
 endfacet
 facet normal -0.57735026918962584 -0.57735026918962584 -0.57735026918962584
  outer loop
   vertex 89.5 136 275
   vertex 89 136 275.5
   vertex 89 136.5 275
  endloop
 endfacet
 facet normal 0.70710678118654746 -0.70710678118654746 0
  outer loop
   vertex 99.5 136 275
   vertex 100 136.5 276
   vertex 99.5 136 276
  endloop
 endfacet
 facet normal 0.70710678118654746 -0.70710678118654746 0
  outer loop
   vertex 100 136.5 275
   vertex 100 136.5 276
   vertex 99.5 136 275
  endloop
 endfacet
 facet normal 0.70710678118654746 -0.70710678118654746 0
  outer loop
   vertex 100 136.5 276
   vertex 100 136.5 275
   vertex 100.5 137 275
  endloop
 endfacet
 facet normal 0.70710678118654746 -0.70710678118654746 0
  outer loop
   vertex 100.5 137 276
   vertex 100 136.5 276
   vertex 100.5 137 275
  endloop
 endfacet
 facet normal -0.57735026918962584 -0.57735026918962584 -0.57735026918962584
  outer loop
   vertex 88 138 275.5
   vertex 88 137.5 276
   vertex 87.5 138 276
  endloop
 endfacet
 facet normal -0.57735026918962584 -0.57735026918962584 -0.57735026918962584
  outer loop
   vertex 88 138 275.5
   vertex 88.5 137 276
   vertex 88 137.5 276
  endloop
 endfacet
 facet normal -0.57735026918962584 -0.57735026918962584 -0.57735026918962584
  outer loop
   vertex 88 138 275.5
   vertex 88.5 138 275
   vertex 88.5 137 276
  endloop
 endfacet
 facet normal -1 0 0
  outer loop
   vertex 88.5 138 275
   vertex 88.5 137 275
   vertex 88.5 137 276
  endloop
 endfacet
 facet normal 0.70710678118654746 -0.70710678118654746 0
  outer loop
   vertex 100.5 137 275
   vertex 101 137.5 276
   vertex 100.5 137 276
  endloop
 endfacet
 facet normal 0.70710678118654746 -0.70710678118654746 0
  outer loop
   vertex 101 137.5 275
   vertex 101 137.5 276
   vertex 100.5 137 275
  endloop
 endfacet
 facet normal 0.70710678118654746 -0.70710678118654746 0
  outer loop
   vertex 101 137.5 276
   vertex 101 137.5 275
   vertex 101.5 138 275
  endloop
 endfacet
 facet normal 0.70710678118654746 -0.70710678118654746 0
  outer loop
   vertex 101.5 138 276
   vertex 101 137.5 276
   vertex 101.5 138 275
  endloop
 endfacet
 facet normal -0.57735026918962584 -0.57735026918962584 -0.57735026918962584
  outer loop
   vertex 88 138.5 275
   vertex 88 138 275.5
   vertex 87.5 138 276
  endloop
 endfacet
 facet normal -0.57735026918962584 -0.57735026918962584 -0.57735026918962584
  outer loop
   vertex 88 138.5 275
   vertex 87.5 138 276
   vertex 87.5 139 275
  endloop
 endfacet
 facet normal -1 0 0
  outer loop
   vertex 87.5 139 275
   vertex 87.5 138 276
   vertex 87.5 139 276
  endloop
 endfacet
 facet normal -0.57735026918962584 -0.57735026918962584 -0.57735026918962584
  outer loop
   vertex 88.5 138 275
   vertex 88 138 275.5
   vertex 88 138.5 275
  endloop
 endfacet
 facet normal 0.70710678118654746 -0.70710678118654746 0
  outer loop
   vertex 101.5 138 275
   vertex 102 138.5 276
   vertex 101.5 138 276
  endloop
 endfacet
 facet normal 0.70710678118654746 -0.70710678118654746 0
  outer loop
   vertex 102 138.5 275
   vertex 102 138.5 276
   vertex 101.5 138 275
  endloop
 endfacet
 facet normal 0.70710678118654746 -0.70710678118654746 0
  outer loop
   vertex 102 138.5 276
   vertex 102 138.5 275
   vertex 102.5 139 275
  endloop
 endfacet
 facet normal 0.70710678118654746 -0.70710678118654746 0
  outer loop
   vertex 102.5 139 276
   vertex 102 138.5 276
   vertex 102.5 139 275
  endloop
 endfacet
 facet normal -1 0 0
  outer loop
   vertex 87.5 139 275
   vertex 87.5 139 276
   vertex 87.5 140 275
  endloop
 endfacet
 facet normal -1 -0 -0
  outer loop
   vertex 87.5 139 276
   vertex 87.5 140 276
   vertex 87.5 140 275
  endloop
 endfacet
 facet normal 0.70710678118654746 -0.70710678118654746 0
  outer loop
   vertex 102.5 139 275
   vertex 103 139.5 276
   vertex 102.5 139 276
  endloop
 endfacet
 facet normal 0.70710678118654746 -0.70710678118654746 0
  outer loop
   vertex 103 139.5 275
   vertex 103 139.5 276
   vertex 102.5 139 275
  endloop
 endfacet
 facet normal 0.70710678118654746 -0.70710678118654746 0
  outer loop
   vertex 103 139.5 276
   vertex 103 139.5 275
   vertex 103.5 140 275
  endloop
 endfacet
 facet normal 0.70710678118654746 -0.70710678118654746 0
  outer loop
   vertex 103.5 140 276
   vertex 103 139.5 276
   vertex 103.5 140 275
  endloop
 endfacet
 facet normal -1 0 0
  outer loop
   vertex 87.5 140 275
   vertex 87.5 140 276
   vertex 87.5 141 275
  endloop
 endfacet
 facet normal -1 -0 -0
  outer loop
   vertex 87.5 140 276
   vertex 87.5 141 276
   vertex 87.5 141 275
  endloop
 endfacet
 facet normal 1 0 0
  outer loop
   vertex 103.5 140 275
   vertex 103.5 141 275
   vertex 103.5 140 276
  endloop
 endfacet
 facet normal 1 0 -0
  outer loop
   vertex 103.5 140 276
   vertex 103.5 141 275
   vertex 103.5 141 276
  endloop
 endfacet
 facet normal -1 0 0
  outer loop
   vertex 87.5 141 275
   vertex 87.5 141 276
   vertex 87.5 142 275
  endloop
 endfacet
 facet normal -1 -0 -0
  outer loop
   vertex 87.5 141 276
   vertex 87.5 142 276
   vertex 87.5 142 275
  endloop
 endfacet
 facet normal 0.57735026918962584 0.57735026918962584 -0.57735026918962584
  outer loop
   vertex 103 141.5 275
   vertex 102.5 142 275
   vertex 103 142 275.5
  endloop
 endfacet
 facet normal 0.57735026918962584 0.57735026918962584 -0.57735026918962584
  outer loop
   vertex 103 141.5 275
   vertex 103 142 275.5
   vertex 103.5 142 276
  endloop
 endfacet
 facet normal 0.57735026918962584 0.57735026918962584 -0.57735026918962584
  outer loop
   vertex 103 141.5 275
   vertex 103.5 142 276
   vertex 103.5 141 275
  endloop
 endfacet
 facet normal 1 0 0
  outer loop
   vertex 103.5 141 275
   vertex 103.5 142 276
   vertex 103.5 141 276
  endloop
 endfacet
 facet normal -1 0 0
  outer loop
   vertex 87.5 142 275
   vertex 87.5 142 276
   vertex 87.5 143 275
  endloop
 endfacet
 facet normal -1 -0 -0
  outer loop
   vertex 87.5 142 276
   vertex 87.5 143 276
   vertex 87.5 143 275
  endloop
 endfacet
 facet normal 0.57735026918962584 0.57735026918962584 -0.57735026918962584
  outer loop
   vertex 103 142 275.5
   vertex 102.5 143 276
   vertex 103 142.5 276
  endloop
 endfacet
 facet normal 0.57735026918962584 0.57735026918962584 -0.57735026918962584
  outer loop
   vertex 103 142 275.5
   vertex 102.5 142 275
   vertex 102.5 143 276
  endloop
 endfacet
 facet normal 1 0 -0
  outer loop
   vertex 102.5 142 275
   vertex 102.5 143 275
   vertex 102.5 143 276
  endloop
 endfacet
 facet normal 0.57735026918962584 0.57735026918962584 -0.57735026918962584
  outer loop
   vertex 103.5 142 276
   vertex 103 142 275.5
   vertex 103 142.5 276
  endloop
 endfacet
 facet normal -1 0 0
  outer loop
   vertex 87.5 143 275
   vertex 87.5 143 276
   vertex 87.5 144 275
  endloop
 endfacet
 facet normal -1 -0 -0
  outer loop
   vertex 87.5 143 276
   vertex 87.5 144 276
   vertex 87.5 144 275
  endloop
 endfacet
 facet normal 1 0 0
  outer loop
   vertex 102.5 143 275
   vertex 102.5 144 275
   vertex 102.5 143 276
  endloop
 endfacet
 facet normal 1 0 -0
  outer loop
   vertex 102.5 143 276
   vertex 102.5 144 275
   vertex 102.5 144 276
  endloop
 endfacet
 facet normal -1 0 0
  outer loop
   vertex 87.5 144 275
   vertex 87.5 144 276
   vertex 87.5 145 275
  endloop
 endfacet
 facet normal -1 -0 -0
  outer loop
   vertex 87.5 144 276
   vertex 87.5 145 276
   vertex 87.5 145 275
  endloop
 endfacet
 facet normal 1 0 0
  outer loop
   vertex 102.5 144 275
   vertex 102.5 145 275
   vertex 102.5 144 276
  endloop
 endfacet
 facet normal 1 0 -0
  outer loop
   vertex 102.5 144 276
   vertex 102.5 145 275
   vertex 102.5 145 276
  endloop
 endfacet
 facet normal -0.70710678118654746 0.70710678118654746 0
  outer loop
   vertex 87.5 145 275
   vertex 87.5 145 276
   vertex 88 145.5 276
  endloop
 endfacet
 facet normal -0.70710678118654746 0.70710678118654746 0
  outer loop
   vertex 88 145.5 275
   vertex 87.5 145 275
   vertex 88 145.5 276
  endloop
 endfacet
 facet normal -0.70710678118654746 0.70710678118654746 0
  outer loop
   vertex 88 145.5 276
   vertex 88.5 146 275
   vertex 88 145.5 275
  endloop
 endfacet
 facet normal -0.70710678118654746 0.70710678118654746 0
  outer loop
   vertex 88.5 146 276
   vertex 88.5 146 275
   vertex 88 145.5 276
  endloop
 endfacet
 facet normal 0.57735026918962584 0.57735026918962584 -0.57735026918962584
  outer loop
   vertex 102 145.5 275
   vertex 101.5 146 275
   vertex 102 146 275.5
  endloop
 endfacet
 facet normal 0.57735026918962584 0.57735026918962584 -0.57735026918962584
  outer loop
   vertex 102 145.5 275
   vertex 102 146 275.5
   vertex 102.5 146 276
  endloop
 endfacet
 facet normal 0.57735026918962584 0.57735026918962584 -0.57735026918962584
  outer loop
   vertex 102 145.5 275
   vertex 102.5 146 276
   vertex 102.5 145 275
  endloop
 endfacet
 facet normal 1 0 0
  outer loop
   vertex 102.5 145 275
   vertex 102.5 146 276
   vertex 102.5 145 276
  endloop
 endfacet
 facet normal -0.57735026918962584 0.57735026918962584 -0.57735026918962584
  outer loop
   vertex 89 147 275.5
   vertex 89 146.5 275
   vertex 88.5 146 275
  endloop
 endfacet
 facet normal -0.57735026918962584 0.57735026918962584 -0.57735026918962584
  outer loop
   vertex 89 147 275.5
   vertex 88.5 146 275
   vertex 88.5 147 276
  endloop
 endfacet
 facet normal -1 0 0
  outer loop
   vertex 88.5 147 276
   vertex 88.5 146 275
   vertex 88.5 146 276
  endloop
 endfacet
 facet normal -0.57735026918962584 0.57735026918962584 -0.57735026918962584
  outer loop
   vertex 89 146.5 275
   vertex 89 147 275.5
   vertex 89.5 147 275
  endloop
 endfacet
 facet normal 0.57735026918962584 0.57735026918962584 -0.57735026918962584
  outer loop
   vertex 102 146 275.5
   vertex 101.5 147 276
   vertex 102 146.5 276
  endloop
 endfacet
 facet normal 0.57735026918962584 0.57735026918962584 -0.57735026918962584
  outer loop
   vertex 102 146 275.5
   vertex 101.5 146 275
   vertex 101.5 147 276
  endloop
 endfacet
 facet normal 1 0 -0
  outer loop
   vertex 101.5 146 275
   vertex 101.5 147 275
   vertex 101.5 147 276
  endloop
 endfacet
 facet normal 0.57735026918962584 0.57735026918962584 -0.57735026918962584
  outer loop
   vertex 102.5 146 276
   vertex 102 146 275.5
   vertex 102 146.5 276
  endloop
 endfacet
 facet normal -0.57735026918962584 0.57735026918962584 -0.57735026918962584
  outer loop
   vertex 89 147 275.5
   vertex 88.5 147 276
   vertex 89 147.5 276
  endloop
 endfacet
 facet normal -0.57735026918962584 0.57735026918962584 -0.57735026918962584
  outer loop
   vertex 90 148 275.5
   vertex 89 147.5 276
   vertex 89.5 148 276
  endloop
 endfacet
 facet normal -0.57735026918962584 0.57735026918962584 -0.57735026918962584
  outer loop
   vertex 90 147.5 275
   vertex 89 147.5 276
   vertex 90 148 275.5
  endloop
 endfacet
 facet normal -0.57735026918962584 0.57735026918962584 -0.57735026918962584
  outer loop
   vertex 90 147.5 275
   vertex 89 147 275.5
   vertex 89 147.5 276
  endloop
 endfacet
 facet normal -0.57735026918962584 0.57735026918962584 -0.57735026918962584
  outer loop
   vertex 90 147.5 275
   vertex 89.5 147 275
   vertex 89 147 275.5
  endloop
 endfacet
 facet normal -0.57735026918962584 0.57735026918962584 -0.57735026918962584
  outer loop
   vertex 90 147.5 275
   vertex 90 148 275.5
   vertex 90.5 148 275
  endloop
 endfacet
 facet normal 0.70710678118654746 0.70710678118654746 0
  outer loop
   vertex 101 147.5 275
   vertex 100.5 148 276
   vertex 101 147.5 276
  endloop
 endfacet
 facet normal 0.70710678118654746 0.70710678118654746 0
  outer loop
   vertex 100.5 148 275
   vertex 100.5 148 276
   vertex 101 147.5 275
  endloop
 endfacet
 facet normal 0.70710678118654746 0.70710678118654746 -0
  outer loop
   vertex 101.5 147 276
   vertex 101.5 147 275
   vertex 101 147.5 275
  endloop
 endfacet
 facet normal 0.70710678118654746 0.70710678118654746 0
  outer loop
   vertex 101 147.5 276
   vertex 101.5 147 276
   vertex 101 147.5 275
  endloop
 endfacet
 facet normal -0.57735026918962584 0.57735026918962584 -0.57735026918962584
  outer loop
   vertex 90 148 275.5
   vertex 89.5 148 276
   vertex 90 148.5 276
  endloop
 endfacet
 facet normal -0.57735026918962584 0.57735026918962584 -0.57735026918962584
  outer loop
   vertex 91 149 275.5
   vertex 90 148.5 276
   vertex 90.5 149 276
  endloop
 endfacet
 facet normal -0.57735026918962584 0.57735026918962584 -0.57735026918962584
  outer loop
   vertex 91 148.5 275
   vertex 90 148.5 276
   vertex 91 149 275.5
  endloop
 endfacet
 facet normal -0.57735026918962584 0.57735026918962584 -0.57735026918962584
  outer loop
   vertex 91 148.5 275
   vertex 90 148 275.5
   vertex 90 148.5 276
  endloop
 endfacet
 facet normal -0.57735026918962584 0.57735026918962584 -0.57735026918962584
  outer loop
   vertex 91 148.5 275
   vertex 90.5 148 275
   vertex 90 148 275.5
  endloop
 endfacet
 facet normal -0.57735026918962584 0.57735026918962584 -0.57735026918962584
  outer loop
   vertex 91 148.5 275
   vertex 91 149 275.5
   vertex 91.5 149 275
  endloop
 endfacet
 facet normal 1 0 0
  outer loop
   vertex 100.5 148 275
   vertex 100.5 149 275
   vertex 100.5 148 276
  endloop
 endfacet
 facet normal 1 0 -0
  outer loop
   vertex 100.5 148 276
   vertex 100.5 149 275
   vertex 100.5 149 276
  endloop
 endfacet
 facet normal -0.57735026918962584 0.57735026918962584 -0.57735026918962584
  outer loop
   vertex 91 149 275.5
   vertex 90.5 149 276
   vertex 91 149.5 276
  endloop
 endfacet
 facet normal -0.57735026918962584 0.57735026918962584 -0.57735026918962584
  outer loop
   vertex 92 150 275.5
   vertex 91 149.5 276
   vertex 91.5 150 276
  endloop
 endfacet
 facet normal -0.57735026918962584 0.57735026918962584 -0.57735026918962584
  outer loop
   vertex 92 149.5 275
   vertex 91 149.5 276
   vertex 92 150 275.5
  endloop
 endfacet
 facet normal -0.57735026918962584 0.57735026918962584 -0.57735026918962584
  outer loop
   vertex 92 149.5 275
   vertex 91 149 275.5
   vertex 91 149.5 276
  endloop
 endfacet
 facet normal -0.57735026918962584 0.57735026918962584 -0.57735026918962584
  outer loop
   vertex 92 149.5 275
   vertex 91.5 149 275
   vertex 91 149 275.5
  endloop
 endfacet
 facet normal -0.57735026918962584 0.57735026918962584 -0.57735026918962584
  outer loop
   vertex 92 149.5 275
   vertex 92 150 275.5
   vertex 92.5 150 275
  endloop
 endfacet
 facet normal 0.70710678118654746 0.70710678118654746 0
  outer loop
   vertex 100 149.5 275
   vertex 99.5 150 276
   vertex 100 149.5 276
  endloop
 endfacet
 facet normal 0.70710678118654746 0.70710678118654746 0
  outer loop
   vertex 99.5 150 275
   vertex 99.5 150 276
   vertex 100 149.5 275
  endloop
 endfacet
 facet normal 0.70710678118654746 0.70710678118654746 -0
  outer loop
   vertex 100.5 149 276
   vertex 100.5 149 275
   vertex 100 149.5 275
  endloop
 endfacet
 facet normal 0.70710678118654746 0.70710678118654746 0
  outer loop
   vertex 100 149.5 276
   vertex 100.5 149 276
   vertex 100 149.5 275
  endloop
 endfacet
 facet normal -0.57735026918962584 0.57735026918962584 -0.57735026918962584
  outer loop
   vertex 92 150 275.5
   vertex 91.5 150 276
   vertex 92 150.5 276
  endloop
 endfacet
 facet normal -0.57735026918962584 0.57735026918962584 -0.57735026918962584
  outer loop
   vertex 92.5 150 275
   vertex 92 150 275.5
   vertex 92 150.5 276
  endloop
 endfacet
 facet normal -0.57735026918962584 0.57735026918962584 -0.57735026918962584
  outer loop
   vertex 92.5 150 275
   vertex 92 150.5 276
   vertex 93 150.5 275
  endloop
 endfacet
 facet normal -0 1 0
  outer loop
   vertex 93 150.5 275
   vertex 92 150.5 276
   vertex 93 150.5 276
  endloop
 endfacet
 facet normal -0.70710678118654746 0.70710678118654746 0
  outer loop
   vertex 93 150.5 276
   vertex 93.5 151 275
   vertex 93 150.5 275
  endloop
 endfacet
 facet normal -0.70710678118654746 0.70710678118654746 0
  outer loop
   vertex 93.5 151 276
   vertex 93.5 151 275
   vertex 93 150.5 276
  endloop
 endfacet
 facet normal 0.70710678118654746 0.70710678118654746 0
  outer loop
   vertex 99 150.5 275
   vertex 98.5 151 276
   vertex 99 150.5 276
  endloop
 endfacet
 facet normal 0.70710678118654746 0.70710678118654746 0
  outer loop
   vertex 98.5 151 275
   vertex 98.5 151 276
   vertex 99 150.5 275
  endloop
 endfacet
 facet normal 0.70710678118654746 0.70710678118654746 -0
  outer loop
   vertex 99.5 150 276
   vertex 99.5 150 275
   vertex 99 150.5 275
  endloop
 endfacet
 facet normal 0.70710678118654746 0.70710678118654746 0
  outer loop
   vertex 99 150.5 276
   vertex 99.5 150 276
   vertex 99 150.5 275
  endloop
 endfacet
 facet normal -0.70710678118654746 0.70710678118654746 0
  outer loop
   vertex 93.5 151 275
   vertex 93.5 151 276
   vertex 94 151.5 276
  endloop
 endfacet
 facet normal -0.70710678118654746 0.70710678118654746 0
  outer loop
   vertex 94 151.5 275
   vertex 93.5 151 275
   vertex 94 151.5 276
  endloop
 endfacet
 facet normal 0 1 0
  outer loop
   vertex 95 151.5 275
   vertex 94 151.5 275
   vertex 95 151.5 276
  endloop
 endfacet
 facet normal -0 1 0
  outer loop
   vertex 94 151.5 275
   vertex 94 151.5 276
   vertex 95 151.5 276
  endloop
 endfacet
 facet normal 0 1 0
  outer loop
   vertex 96 151.5 275
   vertex 95 151.5 275
   vertex 96 151.5 276
  endloop
 endfacet
 facet normal -0 1 0
  outer loop
   vertex 95 151.5 275
   vertex 95 151.5 276
   vertex 96 151.5 276
  endloop
 endfacet
 facet normal 0 1 0
  outer loop
   vertex 97 151.5 275
   vertex 96 151.5 275
   vertex 97 151.5 276
  endloop
 endfacet
 facet normal -0 1 0
  outer loop
   vertex 96 151.5 275
   vertex 96 151.5 276
   vertex 97 151.5 276
  endloop
 endfacet
 facet normal 0 1 0
  outer loop
   vertex 98 151.5 275
   vertex 97 151.5 275
   vertex 98 151.5 276
  endloop
 endfacet
 facet normal -0 1 0
  outer loop
   vertex 97 151.5 275
   vertex 97 151.5 276
   vertex 98 151.5 276
  endloop
 endfacet
 facet normal 0.70710678118654746 0.70710678118654746 -0
  outer loop
   vertex 98.5 151 276
   vertex 98.5 151 275
   vertex 98 151.5 275
  endloop
 endfacet
 facet normal 0.70710678118654746 0.70710678118654746 0
  outer loop
   vertex 98 151.5 276
   vertex 98.5 151 276
   vertex 98 151.5 275
  endloop
 endfacet
 facet normal -0.70710678118654746 -0.70710678118654746 -0
  outer loop
   vertex 91 134.5 276
   vertex 91 134.5 277
   vertex 90.5 135 277
  endloop
 endfacet
 facet normal -0.70710678118654746 -0.70710678118654746 0
  outer loop
   vertex 90.5 135 276
   vertex 91 134.5 276
   vertex 90.5 135 277
  endloop
 endfacet
 facet normal 0 -1 -0
  outer loop
   vertex 92 134.5 276
   vertex 92 134.5 277
   vertex 91 134.5 276
  endloop
 endfacet
 facet normal -0 -1 0
  outer loop
   vertex 91 134.5 276
   vertex 92 134.5 277
   vertex 91 134.5 277
  endloop
 endfacet
 facet normal 0 -1 -0
  outer loop
   vertex 93 134.5 276
   vertex 93 134.5 277
   vertex 92 134.5 276
  endloop
 endfacet
 facet normal -0 -1 0
  outer loop
   vertex 92 134.5 276
   vertex 93 134.5 277
   vertex 92 134.5 277
  endloop
 endfacet
 facet normal 0 -1 -0
  outer loop
   vertex 94 134.5 276
   vertex 94 134.5 277
   vertex 93 134.5 276
  endloop
 endfacet
 facet normal -0 -1 0
  outer loop
   vertex 93 134.5 276
   vertex 94 134.5 277
   vertex 93 134.5 277
  endloop
 endfacet
 facet normal 0 -1 -0
  outer loop
   vertex 95 134.5 276
   vertex 95 134.5 277
   vertex 94 134.5 276
  endloop
 endfacet
 facet normal -0 -1 0
  outer loop
   vertex 94 134.5 276
   vertex 95 134.5 277
   vertex 94 134.5 277
  endloop
 endfacet
 facet normal 0 -1 -0
  outer loop
   vertex 96 134.5 276
   vertex 96 134.5 277
   vertex 95 134.5 276
  endloop
 endfacet
 facet normal -0 -1 0
  outer loop
   vertex 95 134.5 276
   vertex 96 134.5 277
   vertex 95 134.5 277
  endloop
 endfacet
 facet normal 0 -1 -0
  outer loop
   vertex 97 134.5 276
   vertex 97 134.5 277
   vertex 96 134.5 276
  endloop
 endfacet
 facet normal -0 -1 0
  outer loop
   vertex 96 134.5 276
   vertex 97 134.5 277
   vertex 96 134.5 277
  endloop
 endfacet
 facet normal 0.70710678118654746 -0.70710678118654746 0
  outer loop
   vertex 97 134.5 277
   vertex 97 134.5 276
   vertex 97.5 135 276
  endloop
 endfacet
 facet normal 0.70710678118654746 -0.70710678118654746 0
  outer loop
   vertex 97.5 135 277
   vertex 97 134.5 277
   vertex 97.5 135 276
  endloop
 endfacet
 facet normal -0.70710678118654746 -0.70710678118654746 -0
  outer loop
   vertex 89 135.5 276
   vertex 89 135.5 277
   vertex 88.5 136 277
  endloop
 endfacet
 facet normal -0.70710678118654746 -0.70710678118654746 0
  outer loop
   vertex 88.5 136 276
   vertex 89 135.5 276
   vertex 88.5 136 277
  endloop
 endfacet
 facet normal 0 -1 -0
  outer loop
   vertex 90 135.5 276
   vertex 90 135.5 277
   vertex 89 135.5 276
  endloop
 endfacet
 facet normal -0 -1 0
  outer loop
   vertex 89 135.5 276
   vertex 90 135.5 277
   vertex 89 135.5 277
  endloop
 endfacet
 facet normal -0.70710678118654746 -0.70710678118654746 0
  outer loop
   vertex 90.5 135 277
   vertex 90 135.5 276
   vertex 90.5 135 276
  endloop
 endfacet
 facet normal -0.70710678118654746 -0.70710678118654746 0
  outer loop
   vertex 90 135.5 277
   vertex 90 135.5 276
   vertex 90.5 135 277
  endloop
 endfacet
 facet normal 0.70710678118654746 -0.70710678118654746 0
  outer loop
   vertex 97.5 135 276
   vertex 98 135.5 277
   vertex 97.5 135 277
  endloop
 endfacet
 facet normal 0.70710678118654746 -0.70710678118654746 0
  outer loop
   vertex 98 135.5 276
   vertex 98 135.5 277
   vertex 97.5 135 276
  endloop
 endfacet
 facet normal 0 -1 -0
  outer loop
   vertex 99 135.5 276
   vertex 99 135.5 277
   vertex 98 135.5 276
  endloop
 endfacet
 facet normal -0 -1 0
  outer loop
   vertex 98 135.5 276
   vertex 99 135.5 277
   vertex 98 135.5 277
  endloop
 endfacet
 facet normal 0.70710678118654746 -0.70710678118654746 0
  outer loop
   vertex 99 135.5 277
   vertex 99 135.5 276
   vertex 99.5 136 276
  endloop
 endfacet
 facet normal 0.70710678118654746 -0.70710678118654746 0
  outer loop
   vertex 99.5 136 277
   vertex 99 135.5 277
   vertex 99.5 136 276
  endloop
 endfacet
 facet normal -1 0 0
  outer loop
   vertex 88.5 136 276
   vertex 88.5 136 277
   vertex 88.5 137 276
  endloop
 endfacet
 facet normal -1 -0 -0
  outer loop
   vertex 88.5 136 277
   vertex 88.5 137 277
   vertex 88.5 137 276
  endloop
 endfacet
 facet normal 0.70710678118654746 -0.70710678118654746 0
  outer loop
   vertex 99.5 136 276
   vertex 100 136.5 277
   vertex 99.5 136 277
  endloop
 endfacet
 facet normal 0.70710678118654746 -0.70710678118654746 0
  outer loop
   vertex 100 136.5 276
   vertex 100 136.5 277
   vertex 99.5 136 276
  endloop
 endfacet
 facet normal 0.70710678118654746 -0.70710678118654746 0
  outer loop
   vertex 100 136.5 277
   vertex 100 136.5 276
   vertex 100.5 137 276
  endloop
 endfacet
 facet normal 0.70710678118654746 -0.70710678118654746 0
  outer loop
   vertex 100.5 137 277
   vertex 100 136.5 277
   vertex 100.5 137 276
  endloop
 endfacet
 facet normal -0.70710678118654746 -0.70710678118654746 -0
  outer loop
   vertex 88 137.5 276
   vertex 88 137.5 277
   vertex 87.5 138 277
  endloop
 endfacet
 facet normal -0.70710678118654746 -0.70710678118654746 0
  outer loop
   vertex 87.5 138 276
   vertex 88 137.5 276
   vertex 87.5 138 277
  endloop
 endfacet
 facet normal -0.70710678118654746 -0.70710678118654746 0
  outer loop
   vertex 88.5 137 277
   vertex 88 137.5 276
   vertex 88.5 137 276
  endloop
 endfacet
 facet normal -0.70710678118654746 -0.70710678118654746 0
  outer loop
   vertex 88 137.5 277
   vertex 88 137.5 276
   vertex 88.5 137 277
  endloop
 endfacet
 facet normal 0.70710678118654746 -0.70710678118654746 0
  outer loop
   vertex 100.5 137 276
   vertex 101 137.5 277
   vertex 100.5 137 277
  endloop
 endfacet
 facet normal 0.70710678118654746 -0.70710678118654746 0
  outer loop
   vertex 101 137.5 276
   vertex 101 137.5 277
   vertex 100.5 137 276
  endloop
 endfacet
 facet normal 0.70710678118654746 -0.70710678118654746 0
  outer loop
   vertex 101 137.5 277
   vertex 101 137.5 276
   vertex 101.5 138 276
  endloop
 endfacet
 facet normal 0.70710678118654746 -0.70710678118654746 0
  outer loop
   vertex 101.5 138 277
   vertex 101 137.5 277
   vertex 101.5 138 276
  endloop
 endfacet
 facet normal -1 0 0
  outer loop
   vertex 87.5 138 276
   vertex 87.5 138 277
   vertex 87.5 139 276
  endloop
 endfacet
 facet normal -1 -0 -0
  outer loop
   vertex 87.5 138 277
   vertex 87.5 139 277
   vertex 87.5 139 276
  endloop
 endfacet
 facet normal 0.70710678118654746 -0.70710678118654746 0
  outer loop
   vertex 101.5 138 276
   vertex 102 138.5 277
   vertex 101.5 138 277
  endloop
 endfacet
 facet normal 0.70710678118654746 -0.70710678118654746 0
  outer loop
   vertex 102 138.5 276
   vertex 102 138.5 277
   vertex 101.5 138 276
  endloop
 endfacet
 facet normal 0.70710678118654746 -0.70710678118654746 0
  outer loop
   vertex 102 138.5 277
   vertex 102 138.5 276
   vertex 102.5 139 276
  endloop
 endfacet
 facet normal 0.70710678118654746 -0.70710678118654746 0
  outer loop
   vertex 102.5 139 277
   vertex 102 138.5 277
   vertex 102.5 139 276
  endloop
 endfacet
 facet normal -1 0 0
  outer loop
   vertex 87.5 139 276
   vertex 87.5 139 277
   vertex 87.5 140 276
  endloop
 endfacet
 facet normal -1 -0 -0
  outer loop
   vertex 87.5 139 277
   vertex 87.5 140 277
   vertex 87.5 140 276
  endloop
 endfacet
 facet normal 0.70710678118654746 -0.70710678118654746 0
  outer loop
   vertex 102.5 139 276
   vertex 103 139.5 277
   vertex 102.5 139 277
  endloop
 endfacet
 facet normal 0.70710678118654746 -0.70710678118654746 0
  outer loop
   vertex 103 139.5 276
   vertex 103 139.5 277
   vertex 102.5 139 276
  endloop
 endfacet
 facet normal 0.70710678118654746 -0.70710678118654746 0
  outer loop
   vertex 103 139.5 277
   vertex 103 139.5 276
   vertex 103.5 140 276
  endloop
 endfacet
 facet normal 0.70710678118654746 -0.70710678118654746 0
  outer loop
   vertex 103.5 140 277
   vertex 103 139.5 277
   vertex 103.5 140 276
  endloop
 endfacet
 facet normal -1 0 0
  outer loop
   vertex 87.5 140 276
   vertex 87.5 140 277
   vertex 87.5 141 276
  endloop
 endfacet
 facet normal -1 -0 -0
  outer loop
   vertex 87.5 140 277
   vertex 87.5 141 277
   vertex 87.5 141 276
  endloop
 endfacet
 facet normal 0.57735026918962584 0.57735026918962584 0.57735026918962584
  outer loop
   vertex 103 141 276.5
   vertex 102.5 141 277
   vertex 103 140.5 277
  endloop
 endfacet
 facet normal 0.57735026918962584 0.57735026918962584 0.57735026918962584
  outer loop
   vertex 103 141 276.5
   vertex 103 140.5 277
   vertex 103.5 140 277
  endloop
 endfacet
 facet normal 0.57735026918962584 0.57735026918962584 0.57735026918962584
  outer loop
   vertex 103 141 276.5
   vertex 103.5 140 277
   vertex 103.5 141 276
  endloop
 endfacet
 facet normal 1 0 0
  outer loop
   vertex 103.5 141 276
   vertex 103.5 140 277
   vertex 103.5 140 276
  endloop
 endfacet
 facet normal -1 0 0
  outer loop
   vertex 87.5 141 276
   vertex 87.5 141 277
   vertex 87.5 142 276
  endloop
 endfacet
 facet normal -1 -0 -0
  outer loop
   vertex 87.5 141 277
   vertex 87.5 142 277
   vertex 87.5 142 276
  endloop
 endfacet
 facet normal 0.70710678118654746 0 0.70710678118654746
  outer loop
   vertex 103 142 276.5
   vertex 102.5 141 277
   vertex 103 141 276.5
  endloop
 endfacet
 facet normal 0.70710678118654746 -0 0.70710678118654746
  outer loop
   vertex 102.5 142 277
   vertex 102.5 141 277
   vertex 103 142 276.5
  endloop
 endfacet
 facet normal 0.70710678118654746 0 0.70710678118654746
  outer loop
   vertex 103.5 141 276
   vertex 103.5 142 276
   vertex 103 142 276.5
  endloop
 endfacet
 facet normal 0.70710678118654746 0 0.70710678118654746
  outer loop
   vertex 103 141 276.5
   vertex 103.5 141 276
   vertex 103 142 276.5
  endloop
 endfacet
 facet normal -1 0 0
  outer loop
   vertex 87.5 142 276
   vertex 87.5 142 277
   vertex 87.5 143 276
  endloop
 endfacet
 facet normal -1 -0 -0
  outer loop
   vertex 87.5 142 277
   vertex 87.5 143 277
   vertex 87.5 143 276
  endloop
 endfacet
 facet normal 0.57735026918962584 0.57735026918962584 0.57735026918962584
  outer loop
   vertex 103 142.5 276
   vertex 102.5 142 277
   vertex 103 142 276.5
  endloop
 endfacet
 facet normal 0.57735026918962584 0.57735026918962584 0.57735026918962584
  outer loop
   vertex 103 142.5 276
   vertex 102.5 143 276
   vertex 102.5 142 277
  endloop
 endfacet
 facet normal 1 0 0
  outer loop
   vertex 102.5 143 276
   vertex 102.5 143 277
   vertex 102.5 142 277
  endloop
 endfacet
 facet normal 0.57735026918962584 0.57735026918962584 0.57735026918962584
  outer loop
   vertex 103.5 142 276
   vertex 103 142.5 276
   vertex 103 142 276.5
  endloop
 endfacet
 facet normal -1 0 0
  outer loop
   vertex 87.5 143 276
   vertex 87.5 143 277
   vertex 87.5 144 276
  endloop
 endfacet
 facet normal -1 -0 -0
  outer loop
   vertex 87.5 143 277
   vertex 87.5 144 277
   vertex 87.5 144 276
  endloop
 endfacet
 facet normal 1 0 0
  outer loop
   vertex 102.5 143 276
   vertex 102.5 144 276
   vertex 102.5 143 277
  endloop
 endfacet
 facet normal 1 0 -0
  outer loop
   vertex 102.5 143 277
   vertex 102.5 144 276
   vertex 102.5 144 277
  endloop
 endfacet
 facet normal -1 0 0
  outer loop
   vertex 87.5 144 276
   vertex 87.5 144 277
   vertex 87.5 145 276
  endloop
 endfacet
 facet normal -1 -0 -0
  outer loop
   vertex 87.5 144 277
   vertex 87.5 145 277
   vertex 87.5 145 276
  endloop
 endfacet
 facet normal 1 0 0
  outer loop
   vertex 102.5 144 276
   vertex 102.5 145 276
   vertex 102.5 144 277
  endloop
 endfacet
 facet normal 1 0 -0
  outer loop
   vertex 102.5 144 277
   vertex 102.5 145 276
   vertex 102.5 145 277
  endloop
 endfacet
 facet normal -0.57735026918962584 0.57735026918962584 -0.57735026918962584
  outer loop
   vertex 88 146 276.5
   vertex 88 145.5 276
   vertex 87.5 145 276
  endloop
 endfacet
 facet normal -0.57735026918962584 0.57735026918962584 -0.57735026918962584
  outer loop
   vertex 88 146 276.5
   vertex 87.5 145 276
   vertex 87.5 146 277
  endloop
 endfacet
 facet normal -1 0 0
  outer loop
   vertex 87.5 146 277
   vertex 87.5 145 276
   vertex 87.5 145 277
  endloop
 endfacet
 facet normal -0.57735026918962584 0.57735026918962584 -0.57735026918962584
  outer loop
   vertex 88 145.5 276
   vertex 88 146 276.5
   vertex 88.5 146 276
  endloop
 endfacet
 facet normal 1 0 0
  outer loop
   vertex 102.5 145 276
   vertex 102.5 146 276
   vertex 102.5 145 277
  endloop
 endfacet
 facet normal 1 0 -0
  outer loop
   vertex 102.5 145 277
   vertex 102.5 146 276
   vertex 102.5 146 277
  endloop
 endfacet
 facet normal -0.57735026918962584 0.57735026918962584 -0.57735026918962584
  outer loop
   vertex 88 146 276.5
   vertex 87.5 146 277
   vertex 88 146.5 277
  endloop
 endfacet
 facet normal -0.57735026918962584 0.57735026918962584 -0.57735026918962584
  outer loop
   vertex 88 146.5 277
   vertex 88.5 146 276
   vertex 88 146 276.5
  endloop
 endfacet
 facet normal -0.57735026918962584 0.57735026918962584 -0.57735026918962584
  outer loop
   vertex 88 146.5 277
   vertex 88.5 147 277
   vertex 88.5 146 276
  endloop
 endfacet
 facet normal -1 0 0
  outer loop
   vertex 88.5 147 277
   vertex 88.5 147 276
   vertex 88.5 146 276
  endloop
 endfacet
 facet normal 0.70710678118654746 0.70710678118654746 0
  outer loop
   vertex 102 146.5 276
   vertex 101.5 147 277
   vertex 102 146.5 277
  endloop
 endfacet
 facet normal 0.70710678118654746 0.70710678118654746 0
  outer loop
   vertex 101.5 147 276
   vertex 101.5 147 277
   vertex 102 146.5 276
  endloop
 endfacet
 facet normal 0.70710678118654746 0.70710678118654746 -0
  outer loop
   vertex 102.5 146 277
   vertex 102.5 146 276
   vertex 102 146.5 276
  endloop
 endfacet
 facet normal 0.70710678118654746 0.70710678118654746 0
  outer loop
   vertex 102 146.5 277
   vertex 102.5 146 277
   vertex 102 146.5 276
  endloop
 endfacet
 facet normal -0.70710678118654746 0.70710678118654746 0
  outer loop
   vertex 88.5 147 276
   vertex 88.5 147 277
   vertex 89 147.5 277
  endloop
 endfacet
 facet normal -0.70710678118654746 0.70710678118654746 0
  outer loop
   vertex 89 147.5 276
   vertex 88.5 147 276
   vertex 89 147.5 277
  endloop
 endfacet
 facet normal -0.70710678118654746 0.70710678118654746 0
  outer loop
   vertex 89 147.5 277
   vertex 89.5 148 276
   vertex 89 147.5 276
  endloop
 endfacet
 facet normal -0.70710678118654746 0.70710678118654746 0
  outer loop
   vertex 89.5 148 277
   vertex 89.5 148 276
   vertex 89 147.5 277
  endloop
 endfacet
 facet normal 0.57735026918962584 0.57735026918962584 -0.57735026918962584
  outer loop
   vertex 101 147.5 276
   vertex 100.5 148 276
   vertex 101 148 276.5
  endloop
 endfacet
 facet normal 0.57735026918962584 0.57735026918962584 -0.57735026918962584
  outer loop
   vertex 101 147.5 276
   vertex 101 148 276.5
   vertex 101.5 148 277
  endloop
 endfacet
 facet normal 0.57735026918962584 0.57735026918962584 -0.57735026918962584
  outer loop
   vertex 101 147.5 276
   vertex 101.5 148 277
   vertex 101.5 147 276
  endloop
 endfacet
 facet normal 1 0 0
  outer loop
   vertex 101.5 147 276
   vertex 101.5 148 277
   vertex 101.5 147 277
  endloop
 endfacet
 facet normal -0.70710678118654746 0.70710678118654746 0
  outer loop
   vertex 89.5 148 276
   vertex 89.5 148 277
   vertex 90 148.5 277
  endloop
 endfacet
 facet normal -0.70710678118654746 0.70710678118654746 0
  outer loop
   vertex 90 148.5 276
   vertex 89.5 148 276
   vertex 90 148.5 277
  endloop
 endfacet
 facet normal -0.70710678118654746 0.70710678118654746 0
  outer loop
   vertex 90 148.5 277
   vertex 90.5 149 276
   vertex 90 148.5 276
  endloop
 endfacet
 facet normal -0.70710678118654746 0.70710678118654746 0
  outer loop
   vertex 90.5 149 277
   vertex 90.5 149 276
   vertex 90 148.5 277
  endloop
 endfacet
 facet normal 0.57735026918962584 0.57735026918962584 -0.57735026918962584
  outer loop
   vertex 101 148 276.5
   vertex 100.5 149 277
   vertex 101 148.5 277
  endloop
 endfacet
 facet normal 0.57735026918962584 0.57735026918962584 -0.57735026918962584
  outer loop
   vertex 101 148 276.5
   vertex 100.5 148 276
   vertex 100.5 149 277
  endloop
 endfacet
 facet normal 1 0 -0
  outer loop
   vertex 100.5 148 276
   vertex 100.5 149 276
   vertex 100.5 149 277
  endloop
 endfacet
 facet normal 0.57735026918962584 0.57735026918962584 -0.57735026918962584
  outer loop
   vertex 101.5 148 277
   vertex 101 148 276.5
   vertex 101 148.5 277
  endloop
 endfacet
 facet normal -0.70710678118654746 0.70710678118654746 0
  outer loop
   vertex 90.5 149 276
   vertex 90.5 149 277
   vertex 91 149.5 277
  endloop
 endfacet
 facet normal -0.70710678118654746 0.70710678118654746 0
  outer loop
   vertex 91 149.5 276
   vertex 90.5 149 276
   vertex 91 149.5 277
  endloop
 endfacet
 facet normal -0.70710678118654746 0.70710678118654746 0
  outer loop
   vertex 91 149.5 277
   vertex 91.5 150 276
   vertex 91 149.5 276
  endloop
 endfacet
 facet normal -0.70710678118654746 0.70710678118654746 0
  outer loop
   vertex 91.5 150 277
   vertex 91.5 150 276
   vertex 91 149.5 277
  endloop
 endfacet
 facet normal 0.70710678118654746 0.70710678118654746 0
  outer loop
   vertex 100 149.5 276
   vertex 99.5 150 277
   vertex 100 149.5 277
  endloop
 endfacet
 facet normal 0.70710678118654746 0.70710678118654746 0
  outer loop
   vertex 99.5 150 276
   vertex 99.5 150 277
   vertex 100 149.5 276
  endloop
 endfacet
 facet normal 0.70710678118654746 0.70710678118654746 -0
  outer loop
   vertex 100.5 149 277
   vertex 100.5 149 276
   vertex 100 149.5 276
  endloop
 endfacet
 facet normal 0.70710678118654746 0.70710678118654746 0
  outer loop
   vertex 100 149.5 277
   vertex 100.5 149 277
   vertex 100 149.5 276
  endloop
 endfacet
 facet normal -0.70710678118654746 0.70710678118654746 0
  outer loop
   vertex 91.5 150 276
   vertex 91.5 150 277
   vertex 92 150.5 277
  endloop
 endfacet
 facet normal -0.70710678118654746 0.70710678118654746 0
  outer loop
   vertex 92 150.5 276
   vertex 91.5 150 276
   vertex 92 150.5 277
  endloop
 endfacet
 facet normal 0 1 0
  outer loop
   vertex 93 150.5 276
   vertex 92 150.5 276
   vertex 93 150.5 277
  endloop
 endfacet
 facet normal -0 1 0
  outer loop
   vertex 92 150.5 276
   vertex 92 150.5 277
   vertex 93 150.5 277
  endloop
 endfacet
 facet normal -0.70710678118654746 0.70710678118654746 0
  outer loop
   vertex 93 150.5 277
   vertex 93.5 151 276
   vertex 93 150.5 276
  endloop
 endfacet
 facet normal -0.70710678118654746 0.70710678118654746 0
  outer loop
   vertex 93.5 151 277
   vertex 93.5 151 276
   vertex 93 150.5 277
  endloop
 endfacet
 facet normal 0.70710678118654746 0.70710678118654746 0
  outer loop
   vertex 99 150.5 276
   vertex 98.5 151 277
   vertex 99 150.5 277
  endloop
 endfacet
 facet normal 0.70710678118654746 0.70710678118654746 0
  outer loop
   vertex 98.5 151 276
   vertex 98.5 151 277
   vertex 99 150.5 276
  endloop
 endfacet
 facet normal 0.70710678118654746 0.70710678118654746 -0
  outer loop
   vertex 99.5 150 277
   vertex 99.5 150 276
   vertex 99 150.5 276
  endloop
 endfacet
 facet normal 0.70710678118654746 0.70710678118654746 0
  outer loop
   vertex 99 150.5 277
   vertex 99.5 150 277
   vertex 99 150.5 276
  endloop
 endfacet
 facet normal -0.70710678118654746 0.70710678118654746 0
  outer loop
   vertex 93.5 151 276
   vertex 93.5 151 277
   vertex 94 151.5 277
  endloop
 endfacet
 facet normal -0.70710678118654746 0.70710678118654746 0
  outer loop
   vertex 94 151.5 276
   vertex 93.5 151 276
   vertex 94 151.5 277
  endloop
 endfacet
 facet normal 0 1 0
  outer loop
   vertex 95 151.5 276
   vertex 94 151.5 276
   vertex 95 151.5 277
  endloop
 endfacet
 facet normal -0 1 0
  outer loop
   vertex 94 151.5 276
   vertex 94 151.5 277
   vertex 95 151.5 277
  endloop
 endfacet
 facet normal 0 1 0
  outer loop
   vertex 96 151.5 276
   vertex 95 151.5 276
   vertex 96 151.5 277
  endloop
 endfacet
 facet normal -0 1 0
  outer loop
   vertex 95 151.5 276
   vertex 95 151.5 277
   vertex 96 151.5 277
  endloop
 endfacet
 facet normal 0 1 0
  outer loop
   vertex 97 151.5 276
   vertex 96 151.5 276
   vertex 97 151.5 277
  endloop
 endfacet
 facet normal -0 1 0
  outer loop
   vertex 96 151.5 276
   vertex 96 151.5 277
   vertex 97 151.5 277
  endloop
 endfacet
 facet normal 0 1 0
  outer loop
   vertex 98 151.5 276
   vertex 97 151.5 276
   vertex 98 151.5 277
  endloop
 endfacet
 facet normal -0 1 0
  outer loop
   vertex 97 151.5 276
   vertex 97 151.5 277
   vertex 98 151.5 277
  endloop
 endfacet
 facet normal 0.70710678118654746 0.70710678118654746 -0
  outer loop
   vertex 98.5 151 277
   vertex 98.5 151 276
   vertex 98 151.5 276
  endloop
 endfacet
 facet normal 0.70710678118654746 0.70710678118654746 0
  outer loop
   vertex 98 151.5 277
   vertex 98.5 151 277
   vertex 98 151.5 276
  endloop
 endfacet
 facet normal -0.70710678118654746 -0.70710678118654746 -0
  outer loop
   vertex 91 134.5 277
   vertex 91 134.5 278
   vertex 90.5 135 278
  endloop
 endfacet
 facet normal -0.70710678118654746 -0.70710678118654746 0
  outer loop
   vertex 90.5 135 277
   vertex 91 134.5 277
   vertex 90.5 135 278
  endloop
 endfacet
 facet normal 0 -1 -0
  outer loop
   vertex 92 134.5 277
   vertex 92 134.5 278
   vertex 91 134.5 277
  endloop
 endfacet
 facet normal -0 -1 0
  outer loop
   vertex 91 134.5 277
   vertex 92 134.5 278
   vertex 91 134.5 278
  endloop
 endfacet
 facet normal 0 -1 -0
  outer loop
   vertex 93 134.5 277
   vertex 93 134.5 278
   vertex 92 134.5 277
  endloop
 endfacet
 facet normal -0 -1 0
  outer loop
   vertex 92 134.5 277
   vertex 93 134.5 278
   vertex 92 134.5 278
  endloop
 endfacet
 facet normal 0 -1 -0
  outer loop
   vertex 94 134.5 277
   vertex 94 134.5 278
   vertex 93 134.5 277
  endloop
 endfacet
 facet normal -0 -1 0
  outer loop
   vertex 93 134.5 277
   vertex 94 134.5 278
   vertex 93 134.5 278
  endloop
 endfacet
 facet normal 0 -1 -0
  outer loop
   vertex 95 134.5 277
   vertex 95 134.5 278
   vertex 94 134.5 277
  endloop
 endfacet
 facet normal -0 -1 0
  outer loop
   vertex 94 134.5 277
   vertex 95 134.5 278
   vertex 94 134.5 278
  endloop
 endfacet
 facet normal 0 -1 -0
  outer loop
   vertex 96 134.5 277
   vertex 96 134.5 278
   vertex 95 134.5 277
  endloop
 endfacet
 facet normal -0 -1 0
  outer loop
   vertex 95 134.5 277
   vertex 96 134.5 278
   vertex 95 134.5 278
  endloop
 endfacet
 facet normal 0 -1 -0
  outer loop
   vertex 97 134.5 277
   vertex 97 134.5 278
   vertex 96 134.5 277
  endloop
 endfacet
 facet normal -0 -1 0
  outer loop
   vertex 96 134.5 277
   vertex 97 134.5 278
   vertex 96 134.5 278
  endloop
 endfacet
 facet normal 0.70710678118654746 -0.70710678118654746 0
  outer loop
   vertex 97 134.5 278
   vertex 97 134.5 277
   vertex 97.5 135 277
  endloop
 endfacet
 facet normal 0.70710678118654746 -0.70710678118654746 0
  outer loop
   vertex 97.5 135 278
   vertex 97 134.5 278
   vertex 97.5 135 277
  endloop
 endfacet
 facet normal -0.70710678118654746 -0.70710678118654746 -0
  outer loop
   vertex 89 135.5 277
   vertex 89 135.5 278
   vertex 88.5 136 278
  endloop
 endfacet
 facet normal -0.70710678118654746 -0.70710678118654746 0
  outer loop
   vertex 88.5 136 277
   vertex 89 135.5 277
   vertex 88.5 136 278
  endloop
 endfacet
 facet normal 0 -1 -0
  outer loop
   vertex 90 135.5 277
   vertex 90 135.5 278
   vertex 89 135.5 277
  endloop
 endfacet
 facet normal -0 -1 0
  outer loop
   vertex 89 135.5 277
   vertex 90 135.5 278
   vertex 89 135.5 278
  endloop
 endfacet
 facet normal -0.70710678118654746 -0.70710678118654746 0
  outer loop
   vertex 90.5 135 278
   vertex 90 135.5 277
   vertex 90.5 135 277
  endloop
 endfacet
 facet normal -0.70710678118654746 -0.70710678118654746 0
  outer loop
   vertex 90 135.5 278
   vertex 90 135.5 277
   vertex 90.5 135 278
  endloop
 endfacet
 facet normal 0.70710678118654746 -0.70710678118654746 0
  outer loop
   vertex 97.5 135 277
   vertex 98 135.5 278
   vertex 97.5 135 278
  endloop
 endfacet
 facet normal 0.70710678118654746 -0.70710678118654746 0
  outer loop
   vertex 98 135.5 277
   vertex 98 135.5 278
   vertex 97.5 135 277
  endloop
 endfacet
 facet normal 0 -1 -0
  outer loop
   vertex 99 135.5 277
   vertex 99 135.5 278
   vertex 98 135.5 277
  endloop
 endfacet
 facet normal -0 -1 0
  outer loop
   vertex 98 135.5 277
   vertex 99 135.5 278
   vertex 98 135.5 278
  endloop
 endfacet
 facet normal 0.70710678118654746 -0.70710678118654746 0
  outer loop
   vertex 99 135.5 278
   vertex 99 135.5 277
   vertex 99.5 136 277
  endloop
 endfacet
 facet normal 0.70710678118654746 -0.70710678118654746 0
  outer loop
   vertex 99.5 136 278
   vertex 99 135.5 278
   vertex 99.5 136 277
  endloop
 endfacet
 facet normal -1 0 0
  outer loop
   vertex 88.5 136 277
   vertex 88.5 136 278
   vertex 88.5 137 277
  endloop
 endfacet
 facet normal -1 -0 -0
  outer loop
   vertex 88.5 136 278
   vertex 88.5 137 278
   vertex 88.5 137 277
  endloop
 endfacet
 facet normal 0.70710678118654746 -0.70710678118654746 0
  outer loop
   vertex 99.5 136 277
   vertex 100 136.5 278
   vertex 99.5 136 278
  endloop
 endfacet
 facet normal 0.70710678118654746 -0.70710678118654746 0
  outer loop
   vertex 100 136.5 277
   vertex 100 136.5 278
   vertex 99.5 136 277
  endloop
 endfacet
 facet normal 0.70710678118654746 -0.70710678118654746 0
  outer loop
   vertex 100 136.5 278
   vertex 100 136.5 277
   vertex 100.5 137 277
  endloop
 endfacet
 facet normal 0.70710678118654746 -0.70710678118654746 0
  outer loop
   vertex 100.5 137 278
   vertex 100 136.5 278
   vertex 100.5 137 277
  endloop
 endfacet
 facet normal -0.70710678118654746 -0.70710678118654746 -0
  outer loop
   vertex 88 137.5 277
   vertex 88 137.5 278
   vertex 87.5 138 278
  endloop
 endfacet
 facet normal -0.70710678118654746 -0.70710678118654746 0
  outer loop
   vertex 87.5 138 277
   vertex 88 137.5 277
   vertex 87.5 138 278
  endloop
 endfacet
 facet normal -0.70710678118654746 -0.70710678118654746 0
  outer loop
   vertex 88.5 137 278
   vertex 88 137.5 277
   vertex 88.5 137 277
  endloop
 endfacet
 facet normal -0.70710678118654746 -0.70710678118654746 0
  outer loop
   vertex 88 137.5 278
   vertex 88 137.5 277
   vertex 88.5 137 278
  endloop
 endfacet
 facet normal 0.70710678118654746 -0.70710678118654746 0
  outer loop
   vertex 100.5 137 277
   vertex 101 137.5 278
   vertex 100.5 137 278
  endloop
 endfacet
 facet normal 0.70710678118654746 -0.70710678118654746 0
  outer loop
   vertex 101 137.5 277
   vertex 101 137.5 278
   vertex 100.5 137 277
  endloop
 endfacet
 facet normal 0.70710678118654746 -0.70710678118654746 0
  outer loop
   vertex 101 137.5 278
   vertex 101 137.5 277
   vertex 101.5 138 277
  endloop
 endfacet
 facet normal 0.70710678118654746 -0.70710678118654746 0
  outer loop
   vertex 101.5 138 278
   vertex 101 137.5 278
   vertex 101.5 138 277
  endloop
 endfacet
 facet normal -1 0 0
  outer loop
   vertex 87.5 138 277
   vertex 87.5 138 278
   vertex 87.5 139 277
  endloop
 endfacet
 facet normal -1 -0 -0
  outer loop
   vertex 87.5 138 278
   vertex 87.5 139 278
   vertex 87.5 139 277
  endloop
 endfacet
 facet normal 0.57735026918962584 -0.57735026918962584 0.57735026918962584
  outer loop
   vertex 102 139 277.5
   vertex 101.5 138 277
   vertex 102 138.5 277
  endloop
 endfacet
 facet normal 0.57735026918962584 -0.57735026918962584 0.57735026918962584
  outer loop
   vertex 102 139 277.5
   vertex 101.5 139 278
   vertex 101.5 138 277
  endloop
 endfacet
 facet normal 1 -0 0
  outer loop
   vertex 101.5 139 278
   vertex 101.5 138 278
   vertex 101.5 138 277
  endloop
 endfacet
 facet normal 0.57735026918962584 -0.57735026918962584 0.57735026918962584
  outer loop
   vertex 102 138.5 277
   vertex 102.5 139 277
   vertex 102 139 277.5
  endloop
 endfacet
 facet normal -1 0 0
  outer loop
   vertex 87.5 139 277
   vertex 87.5 139 278
   vertex 87.5 140 277
  endloop
 endfacet
 facet normal -1 -0 -0
  outer loop
   vertex 87.5 139 278
   vertex 87.5 140 278
   vertex 87.5 140 277
  endloop
 endfacet
 facet normal 0.57735026918962584 -0.57735026918962584 0.57735026918962584
  outer loop
   vertex 102 139 277.5
   vertex 102 139.5 278
   vertex 101.5 139 278
  endloop
 endfacet
 facet normal 0.57735026918962584 -0.57735026918962584 0.57735026918962584
  outer loop
   vertex 103 140 277.5
   vertex 102.5 140 278
   vertex 102 139.5 278
  endloop
 endfacet
 facet normal 0.57735026918962584 -0.57735026918962584 0.57735026918962584
  outer loop
   vertex 103 139.5 277
   vertex 103 140 277.5
   vertex 102 139.5 278
  endloop
 endfacet
 facet normal 0.57735026918962584 -0.57735026918962584 0.57735026918962584
  outer loop
   vertex 103 139.5 277
   vertex 102 139.5 278
   vertex 102 139 277.5
  endloop
 endfacet
 facet normal 0.57735026918962584 -0.57735026918962584 0.57735026918962584
  outer loop
   vertex 103 139.5 277
   vertex 102 139 277.5
   vertex 102.5 139 277
  endloop
 endfacet
 facet normal 0.57735026918962584 -0.57735026918962584 0.57735026918962584
  outer loop
   vertex 103 139.5 277
   vertex 103.5 140 277
   vertex 103 140 277.5
  endloop
 endfacet
 facet normal -1 0 0
  outer loop
   vertex 87.5 140 277
   vertex 87.5 140 278
   vertex 87.5 141 277
  endloop
 endfacet
 facet normal -1 -0 -0
  outer loop
   vertex 87.5 140 278
   vertex 87.5 141 278
   vertex 87.5 141 277
  endloop
 endfacet
 facet normal 0.57735026918962584 0.57735026918962584 0.57735026918962584
  outer loop
   vertex 103 140.5 277
   vertex 102.5 140 278
   vertex 103 140 277.5
  endloop
 endfacet
 facet normal 0.57735026918962584 0.57735026918962584 0.57735026918962584
  outer loop
   vertex 103 140.5 277
   vertex 102.5 141 277
   vertex 102.5 140 278
  endloop
 endfacet
 facet normal 1 0 0
  outer loop
   vertex 102.5 141 277
   vertex 102.5 141 278
   vertex 102.5 140 278
  endloop
 endfacet
 facet normal 0.57735026918962584 0.57735026918962584 0.57735026918962584
  outer loop
   vertex 103.5 140 277
   vertex 103 140.5 277
   vertex 103 140 277.5
  endloop
 endfacet
 facet normal -1 0 0
  outer loop
   vertex 87.5 141 277
   vertex 87.5 141 278
   vertex 87.5 142 277
  endloop
 endfacet
 facet normal -1 -0 -0
  outer loop
   vertex 87.5 141 278
   vertex 87.5 142 278
   vertex 87.5 142 277
  endloop
 endfacet
 facet normal 1 0 0
  outer loop
   vertex 102.5 141 277
   vertex 102.5 142 277
   vertex 102.5 141 278
  endloop
 endfacet
 facet normal 1 0 -0
  outer loop
   vertex 102.5 141 278
   vertex 102.5 142 277
   vertex 102.5 142 278
  endloop
 endfacet
 facet normal -1 0 0
  outer loop
   vertex 87.5 142 277
   vertex 87.5 142 278
   vertex 87.5 143 277
  endloop
 endfacet
 facet normal -1 -0 -0
  outer loop
   vertex 87.5 142 278
   vertex 87.5 143 278
   vertex 87.5 143 277
  endloop
 endfacet
 facet normal 1 0 0
  outer loop
   vertex 102.5 142 277
   vertex 102.5 143 277
   vertex 102.5 142 278
  endloop
 endfacet
 facet normal 1 0 -0
  outer loop
   vertex 102.5 142 278
   vertex 102.5 143 277
   vertex 102.5 143 278
  endloop
 endfacet
 facet normal -1 0 0
  outer loop
   vertex 87.5 143 277
   vertex 87.5 143 278
   vertex 87.5 144 277
  endloop
 endfacet
 facet normal -1 -0 -0
  outer loop
   vertex 87.5 143 278
   vertex 87.5 144 278
   vertex 87.5 144 277
  endloop
 endfacet
 facet normal 1 0 0
  outer loop
   vertex 102.5 143 277
   vertex 102.5 144 277
   vertex 102.5 143 278
  endloop
 endfacet
 facet normal 1 0 -0
  outer loop
   vertex 102.5 143 278
   vertex 102.5 144 277
   vertex 102.5 144 278
  endloop
 endfacet
 facet normal -1 0 0
  outer loop
   vertex 87.5 144 277
   vertex 87.5 144 278
   vertex 87.5 145 277
  endloop
 endfacet
 facet normal -1 -0 -0
  outer loop
   vertex 87.5 144 278
   vertex 87.5 145 278
   vertex 87.5 145 277
  endloop
 endfacet
 facet normal 1 0 0
  outer loop
   vertex 102.5 144 277
   vertex 102.5 145 277
   vertex 102.5 144 278
  endloop
 endfacet
 facet normal 1 0 -0
  outer loop
   vertex 102.5 144 278
   vertex 102.5 145 277
   vertex 102.5 145 278
  endloop
 endfacet
 facet normal -1 0 0
  outer loop
   vertex 87.5 145 277
   vertex 87.5 145 278
   vertex 87.5 146 277
  endloop
 endfacet
 facet normal -1 -0 -0
  outer loop
   vertex 87.5 145 278
   vertex 87.5 146 278
   vertex 87.5 146 277
  endloop
 endfacet
 facet normal 1 0 0
  outer loop
   vertex 102.5 145 277
   vertex 102.5 146 277
   vertex 102.5 145 278
  endloop
 endfacet
 facet normal 1 0 -0
  outer loop
   vertex 102.5 145 278
   vertex 102.5 146 277
   vertex 102.5 146 278
  endloop
 endfacet
 facet normal -0.70710678118654746 0.70710678118654746 0
  outer loop
   vertex 87.5 146 277
   vertex 87.5 146 278
   vertex 88 146.5 278
  endloop
 endfacet
 facet normal -0.70710678118654746 0.70710678118654746 0
  outer loop
   vertex 88 146.5 277
   vertex 87.5 146 277
   vertex 88 146.5 278
  endloop
 endfacet
 facet normal -0.70710678118654746 0.70710678118654746 0
  outer loop
   vertex 88 146.5 278
   vertex 88.5 147 277
   vertex 88 146.5 277
  endloop
 endfacet
 facet normal -0.70710678118654746 0.70710678118654746 0
  outer loop
   vertex 88.5 147 278
   vertex 88.5 147 277
   vertex 88 146.5 278
  endloop
 endfacet
 facet normal 0.70710678118654746 0.70710678118654746 0
  outer loop
   vertex 102 146.5 277
   vertex 101.5 147 278
   vertex 102 146.5 278
  endloop
 endfacet
 facet normal 0.70710678118654746 0.70710678118654746 0
  outer loop
   vertex 101.5 147 277
   vertex 101.5 147 278
   vertex 102 146.5 277
  endloop
 endfacet
 facet normal 0.70710678118654746 0.70710678118654746 -0
  outer loop
   vertex 102.5 146 278
   vertex 102.5 146 277
   vertex 102 146.5 277
  endloop
 endfacet
 facet normal 0.70710678118654746 0.70710678118654746 0
  outer loop
   vertex 102 146.5 278
   vertex 102.5 146 278
   vertex 102 146.5 277
  endloop
 endfacet
 facet normal -0.70710678118654746 0.70710678118654746 0
  outer loop
   vertex 88.5 147 277
   vertex 88.5 147 278
   vertex 89 147.5 278
  endloop
 endfacet
 facet normal -0.70710678118654746 0.70710678118654746 0
  outer loop
   vertex 89 147.5 277
   vertex 88.5 147 277
   vertex 89 147.5 278
  endloop
 endfacet
 facet normal -0.70710678118654746 0.70710678118654746 0
  outer loop
   vertex 89 147.5 278
   vertex 89.5 148 277
   vertex 89 147.5 277
  endloop
 endfacet
 facet normal -0.70710678118654746 0.70710678118654746 0
  outer loop
   vertex 89.5 148 278
   vertex 89.5 148 277
   vertex 89 147.5 278
  endloop
 endfacet
 facet normal 1 0 0
  outer loop
   vertex 101.5 147 277
   vertex 101.5 148 277
   vertex 101.5 147 278
  endloop
 endfacet
 facet normal 1 0 -0
  outer loop
   vertex 101.5 147 278
   vertex 101.5 148 277
   vertex 101.5 148 278
  endloop
 endfacet
 facet normal -0.70710678118654746 0.70710678118654746 0
  outer loop
   vertex 89.5 148 277
   vertex 89.5 148 278
   vertex 90 148.5 278
  endloop
 endfacet
 facet normal -0.70710678118654746 0.70710678118654746 0
  outer loop
   vertex 90 148.5 277
   vertex 89.5 148 277
   vertex 90 148.5 278
  endloop
 endfacet
 facet normal -0.70710678118654746 0.70710678118654746 0
  outer loop
   vertex 90 148.5 278
   vertex 90.5 149 277
   vertex 90 148.5 277
  endloop
 endfacet
 facet normal -0.70710678118654746 0.70710678118654746 0
  outer loop
   vertex 90.5 149 278
   vertex 90.5 149 277
   vertex 90 148.5 278
  endloop
 endfacet
 facet normal 0.70710678118654746 0.70710678118654746 0
  outer loop
   vertex 101 148.5 277
   vertex 100.5 149 278
   vertex 101 148.5 278
  endloop
 endfacet
 facet normal 0.70710678118654746 0.70710678118654746 0
  outer loop
   vertex 100.5 149 277
   vertex 100.5 149 278
   vertex 101 148.5 277
  endloop
 endfacet
 facet normal 0.70710678118654746 0.70710678118654746 -0
  outer loop
   vertex 101.5 148 278
   vertex 101.5 148 277
   vertex 101 148.5 277
  endloop
 endfacet
 facet normal 0.70710678118654746 0.70710678118654746 0
  outer loop
   vertex 101 148.5 278
   vertex 101.5 148 278
   vertex 101 148.5 277
  endloop
 endfacet
 facet normal -0.70710678118654746 0.70710678118654746 0
  outer loop
   vertex 90.5 149 277
   vertex 90.5 149 278
   vertex 91 149.5 278
  endloop
 endfacet
 facet normal -0.70710678118654746 0.70710678118654746 0
  outer loop
   vertex 91 149.5 277
   vertex 90.5 149 277
   vertex 91 149.5 278
  endloop
 endfacet
 facet normal -0.70710678118654746 0.70710678118654746 0
  outer loop
   vertex 91 149.5 278
   vertex 91.5 150 277
   vertex 91 149.5 277
  endloop
 endfacet
 facet normal -0.70710678118654746 0.70710678118654746 0
  outer loop
   vertex 91.5 150 278
   vertex 91.5 150 277
   vertex 91 149.5 278
  endloop
 endfacet
 facet normal 0.70710678118654746 0.70710678118654746 0
  outer loop
   vertex 100 149.5 277
   vertex 99.5 150 278
   vertex 100 149.5 278
  endloop
 endfacet
 facet normal 0.70710678118654746 0.70710678118654746 0
  outer loop
   vertex 99.5 150 277
   vertex 99.5 150 278
   vertex 100 149.5 277
  endloop
 endfacet
 facet normal 0.70710678118654746 0.70710678118654746 -0
  outer loop
   vertex 100.5 149 278
   vertex 100.5 149 277
   vertex 100 149.5 277
  endloop
 endfacet
 facet normal 0.70710678118654746 0.70710678118654746 0
  outer loop
   vertex 100 149.5 278
   vertex 100.5 149 278
   vertex 100 149.5 277
  endloop
 endfacet
 facet normal -0.70710678118654746 0.70710678118654746 0
  outer loop
   vertex 91.5 150 277
   vertex 91.5 150 278
   vertex 92 150.5 278
  endloop
 endfacet
 facet normal -0.70710678118654746 0.70710678118654746 0
  outer loop
   vertex 92 150.5 277
   vertex 91.5 150 277
   vertex 92 150.5 278
  endloop
 endfacet
 facet normal 0 1 0
  outer loop
   vertex 93 150.5 277
   vertex 92 150.5 277
   vertex 93 150.5 278
  endloop
 endfacet
 facet normal -0 1 0
  outer loop
   vertex 92 150.5 277
   vertex 92 150.5 278
   vertex 93 150.5 278
  endloop
 endfacet
 facet normal -0.70710678118654746 0.70710678118654746 0
  outer loop
   vertex 93 150.5 278
   vertex 93.5 151 277
   vertex 93 150.5 277
  endloop
 endfacet
 facet normal -0.70710678118654746 0.70710678118654746 0
  outer loop
   vertex 93.5 151 278
   vertex 93.5 151 277
   vertex 93 150.5 278
  endloop
 endfacet
 facet normal 0.70710678118654746 0.70710678118654746 0
  outer loop
   vertex 99 150.5 277
   vertex 98.5 151 278
   vertex 99 150.5 278
  endloop
 endfacet
 facet normal 0.70710678118654746 0.70710678118654746 0
  outer loop
   vertex 98.5 151 277
   vertex 98.5 151 278
   vertex 99 150.5 277
  endloop
 endfacet
 facet normal 0.70710678118654746 0.70710678118654746 -0
  outer loop
   vertex 99.5 150 278
   vertex 99.5 150 277
   vertex 99 150.5 277
  endloop
 endfacet
 facet normal 0.70710678118654746 0.70710678118654746 0
  outer loop
   vertex 99 150.5 278
   vertex 99.5 150 278
   vertex 99 150.5 277
  endloop
 endfacet
 facet normal -0.70710678118654746 0.70710678118654746 0
  outer loop
   vertex 93.5 151 277
   vertex 93.5 151 278
   vertex 94 151.5 278
  endloop
 endfacet
 facet normal -0.70710678118654746 0.70710678118654746 0
  outer loop
   vertex 94 151.5 277
   vertex 93.5 151 277
   vertex 94 151.5 278
  endloop
 endfacet
 facet normal 0 1 0
  outer loop
   vertex 95 151.5 277
   vertex 94 151.5 277
   vertex 95 151.5 278
  endloop
 endfacet
 facet normal -0 1 0
  outer loop
   vertex 94 151.5 277
   vertex 94 151.5 278
   vertex 95 151.5 278
  endloop
 endfacet
 facet normal 0 1 0
  outer loop
   vertex 96 151.5 277
   vertex 95 151.5 277
   vertex 96 151.5 278
  endloop
 endfacet
 facet normal -0 1 0
  outer loop
   vertex 95 151.5 277
   vertex 95 151.5 278
   vertex 96 151.5 278
  endloop
 endfacet
 facet normal 0 1 0
  outer loop
   vertex 97 151.5 277
   vertex 96 151.5 277
   vertex 97 151.5 278
  endloop
 endfacet
 facet normal -0 1 0
  outer loop
   vertex 96 151.5 277
   vertex 96 151.5 278
   vertex 97 151.5 278
  endloop
 endfacet
 facet normal 0 1 0
  outer loop
   vertex 98 151.5 277
   vertex 97 151.5 277
   vertex 98 151.5 278
  endloop
 endfacet
 facet normal -0 1 0
  outer loop
   vertex 97 151.5 277
   vertex 97 151.5 278
   vertex 98 151.5 278
  endloop
 endfacet
 facet normal 0.70710678118654746 0.70710678118654746 -0
  outer loop
   vertex 98.5 151 278
   vertex 98.5 151 277
   vertex 98 151.5 277
  endloop
 endfacet
 facet normal 0.70710678118654746 0.70710678118654746 0
  outer loop
   vertex 98 151.5 278
   vertex 98.5 151 278
   vertex 98 151.5 277
  endloop
 endfacet
 facet normal -0.70710678118654746 -0.70710678118654746 -0
  outer loop
   vertex 91 134.5 278
   vertex 91 134.5 279
   vertex 90.5 135 279
  endloop
 endfacet
 facet normal -0.70710678118654746 -0.70710678118654746 0
  outer loop
   vertex 90.5 135 278
   vertex 91 134.5 278
   vertex 90.5 135 279
  endloop
 endfacet
 facet normal 0 -1 -0
  outer loop
   vertex 92 134.5 278
   vertex 92 134.5 279
   vertex 91 134.5 278
  endloop
 endfacet
 facet normal -0 -1 0
  outer loop
   vertex 91 134.5 278
   vertex 92 134.5 279
   vertex 91 134.5 279
  endloop
 endfacet
 facet normal 0 -1 -0
  outer loop
   vertex 93 134.5 278
   vertex 93 134.5 279
   vertex 92 134.5 278
  endloop
 endfacet
 facet normal -0 -1 0
  outer loop
   vertex 92 134.5 278
   vertex 93 134.5 279
   vertex 92 134.5 279
  endloop
 endfacet
 facet normal 0 -1 -0
  outer loop
   vertex 94 134.5 278
   vertex 94 134.5 279
   vertex 93 134.5 278
  endloop
 endfacet
 facet normal -0 -1 0
  outer loop
   vertex 93 134.5 278
   vertex 94 134.5 279
   vertex 93 134.5 279
  endloop
 endfacet
 facet normal 0 -1 -0
  outer loop
   vertex 95 134.5 278
   vertex 95 134.5 279
   vertex 94 134.5 278
  endloop
 endfacet
 facet normal -0 -1 0
  outer loop
   vertex 94 134.5 278
   vertex 95 134.5 279
   vertex 94 134.5 279
  endloop
 endfacet
 facet normal 0 -1 -0
  outer loop
   vertex 96 134.5 278
   vertex 96 134.5 279
   vertex 95 134.5 278
  endloop
 endfacet
 facet normal -0 -1 0
  outer loop
   vertex 95 134.5 278
   vertex 96 134.5 279
   vertex 95 134.5 279
  endloop
 endfacet
 facet normal 0.57735026918962584 -0.57735026918962584 0.57735026918962584
  outer loop
   vertex 97 135 278.5
   vertex 96.5 135 279
   vertex 96 134.5 279
  endloop
 endfacet
 facet normal 0.57735026918962584 -0.57735026918962584 0.57735026918962584
  outer loop
   vertex 97 135 278.5
   vertex 96 134.5 279
   vertex 97 134.5 278
  endloop
 endfacet
 facet normal 0 -1 0
  outer loop
   vertex 97 134.5 278
   vertex 96 134.5 279
   vertex 96 134.5 278
  endloop
 endfacet
 facet normal 0.57735026918962584 -0.57735026918962584 0.57735026918962584
  outer loop
   vertex 97 134.5 278
   vertex 97.5 135 278
   vertex 97 135 278.5
  endloop
 endfacet
 facet normal -0.57735026918962584 -0.57735026918962584 0.57735026918962584
  outer loop
   vertex 89 135.5 278
   vertex 89 136 278.5
   vertex 88.5 136 278
  endloop
 endfacet
 facet normal -0.57735026918962584 -0.57735026918962584 0.57735026918962584
  outer loop
   vertex 89.5 136 279
   vertex 89 136 278.5
   vertex 89 135.5 278
  endloop
 endfacet
 facet normal -0.57735026918962584 -0.57735026918962584 0.57735026918962584
  outer loop
   vertex 89.5 136 279
   vertex 89 135.5 278
   vertex 90 135.5 279
  endloop
 endfacet
 facet normal 0 -1 0
  outer loop
   vertex 90 135.5 279
   vertex 89 135.5 278
   vertex 90 135.5 278
  endloop
 endfacet
 facet normal -0.70710678118654746 -0.70710678118654746 0
  outer loop
   vertex 90.5 135 279
   vertex 90 135.5 278
   vertex 90.5 135 278
  endloop
 endfacet
 facet normal -0.70710678118654746 -0.70710678118654746 0
  outer loop
   vertex 90 135.5 279
   vertex 90 135.5 278
   vertex 90.5 135 279
  endloop
 endfacet
 facet normal 0.57735026918962584 -0.57735026918962584 0.57735026918962584
  outer loop
   vertex 97 135 278.5
   vertex 97 135.5 279
   vertex 96.5 135 279
  endloop
 endfacet
 facet normal 0.57735026918962584 -0.57735026918962584 0.57735026918962584
  outer loop
   vertex 97.5 135 278
   vertex 97 135.5 279
   vertex 97 135 278.5
  endloop
 endfacet
 facet normal 0.57735026918962584 -0.57735026918962584 0.57735026918962584
  outer loop
   vertex 97.5 135 278
   vertex 98 135.5 278
   vertex 97 135.5 279
  endloop
 endfacet
 facet normal -0 -1 -0
  outer loop
   vertex 98 135.5 278
   vertex 98 135.5 279
   vertex 97 135.5 279
  endloop
 endfacet
 facet normal 0.57735026918962584 -0.57735026918962584 0.57735026918962584
  outer loop
   vertex 99 136 278.5
   vertex 98.5 136 279
   vertex 98 135.5 279
  endloop
 endfacet
 facet normal 0.57735026918962584 -0.57735026918962584 0.57735026918962584
  outer loop
   vertex 99 136 278.5
   vertex 98 135.5 279
   vertex 99 135.5 278
  endloop
 endfacet
 facet normal 0 -1 0
  outer loop
   vertex 99 135.5 278
   vertex 98 135.5 279
   vertex 98 135.5 278
  endloop
 endfacet
 facet normal 0.57735026918962584 -0.57735026918962584 0.57735026918962584
  outer loop
   vertex 99 135.5 278
   vertex 99.5 136 278
   vertex 99 136 278.5
  endloop
 endfacet
 facet normal -0.57735026918962584 -0.57735026918962584 0.57735026918962584
  outer loop
   vertex 89 136 278.5
   vertex 89 136.5 279
   vertex 88.5 137 279
  endloop
 endfacet
 facet normal -0.57735026918962584 -0.57735026918962584 0.57735026918962584
  outer loop
   vertex 89 136 278.5
   vertex 88.5 137 279
   vertex 88.5 136 278
  endloop
 endfacet
 facet normal -1 0 -0
  outer loop
   vertex 88.5 136 278
   vertex 88.5 137 279
   vertex 88.5 137 278
  endloop
 endfacet
 facet normal -0.57735026918962584 -0.57735026918962584 0.57735026918962584
  outer loop
   vertex 89.5 136 279
   vertex 89 136.5 279
   vertex 89 136 278.5
  endloop
 endfacet
 facet normal 0.57735026918962584 -0.57735026918962584 0.57735026918962584
  outer loop
   vertex 99 136 278.5
   vertex 99 136.5 279
   vertex 98.5 136 279
  endloop
 endfacet
 facet normal 0.57735026918962584 -0.57735026918962584 0.57735026918962584
  outer loop
   vertex 100 137 278.5
   vertex 99.5 137 279
   vertex 99 136.5 279
  endloop
 endfacet
 facet normal 0.57735026918962584 -0.57735026918962584 0.57735026918962584
  outer loop
   vertex 100 136.5 278
   vertex 100 137 278.5
   vertex 99 136.5 279
  endloop
 endfacet
 facet normal 0.57735026918962584 -0.57735026918962584 0.57735026918962584
  outer loop
   vertex 100 136.5 278
   vertex 99 136.5 279
   vertex 99 136 278.5
  endloop
 endfacet
 facet normal 0.57735026918962584 -0.57735026918962584 0.57735026918962584
  outer loop
   vertex 100 136.5 278
   vertex 99 136 278.5
   vertex 99.5 136 278
  endloop
 endfacet
 facet normal 0.57735026918962584 -0.57735026918962584 0.57735026918962584
  outer loop
   vertex 100 136.5 278
   vertex 100.5 137 278
   vertex 100 137 278.5
  endloop
 endfacet
 facet normal -0.57735026918962584 -0.57735026918962584 0.57735026918962584
  outer loop
   vertex 88 137.5 278
   vertex 88 138 278.5
   vertex 87.5 138 278
  endloop
 endfacet
 facet normal -0.57735026918962584 -0.57735026918962584 0.57735026918962584
  outer loop
   vertex 88 137.5 278
   vertex 88.5 138 279
   vertex 88 138 278.5
  endloop
 endfacet
 facet normal -0.57735026918962584 -0.57735026918962584 0.57735026918962584
  outer loop
   vertex 88 137.5 278
   vertex 88.5 137 278
   vertex 88.5 138 279
  endloop
 endfacet
 facet normal -1 0 0
  outer loop
   vertex 88.5 137 278
   vertex 88.5 137 279
   vertex 88.5 138 279
  endloop
 endfacet
 facet normal 0.57735026918962584 -0.57735026918962584 0.57735026918962584
  outer loop
   vertex 100 137 278.5
   vertex 100 137.5 279
   vertex 99.5 137 279
  endloop
 endfacet
 facet normal 0.57735026918962584 -0.57735026918962584 0.57735026918962584
  outer loop
   vertex 101 138 278.5
   vertex 100.5 138 279
   vertex 100 137.5 279
  endloop
 endfacet
 facet normal 0.57735026918962584 -0.57735026918962584 0.57735026918962584
  outer loop
   vertex 101 137.5 278
   vertex 101 138 278.5
   vertex 100 137.5 279
  endloop
 endfacet
 facet normal 0.57735026918962584 -0.57735026918962584 0.57735026918962584
  outer loop
   vertex 101 137.5 278
   vertex 100 137.5 279
   vertex 100 137 278.5
  endloop
 endfacet
 facet normal 0.57735026918962584 -0.57735026918962584 0.57735026918962584
  outer loop
   vertex 101 137.5 278
   vertex 100 137 278.5
   vertex 100.5 137 278
  endloop
 endfacet
 facet normal 0.57735026918962584 -0.57735026918962584 0.57735026918962584
  outer loop
   vertex 101 137.5 278
   vertex 101.5 138 278
   vertex 101 138 278.5
  endloop
 endfacet
 facet normal -0.57735026918962584 -0.57735026918962584 0.57735026918962584
  outer loop
   vertex 88 138 278.5
   vertex 88 138.5 279
   vertex 87.5 139 279
  endloop
 endfacet
 facet normal -0.57735026918962584 -0.57735026918962584 0.57735026918962584
  outer loop
   vertex 88 138 278.5
   vertex 87.5 139 279
   vertex 87.5 138 278
  endloop
 endfacet
 facet normal -1 0 -0
  outer loop
   vertex 87.5 138 278
   vertex 87.5 139 279
   vertex 87.5 139 278
  endloop
 endfacet
 facet normal -0.57735026918962584 -0.57735026918962584 0.57735026918962584
  outer loop
   vertex 88.5 138 279
   vertex 88 138.5 279
   vertex 88 138 278.5
  endloop
 endfacet
 facet normal 0.57735026918962584 -0.57735026918962584 0.57735026918962584
  outer loop
   vertex 101 138 278.5
   vertex 101 138.5 279
   vertex 100.5 138 279
  endloop
 endfacet
 facet normal 0.57735026918962584 -0.57735026918962584 0.57735026918962584
  outer loop
   vertex 101 138.5 279
   vertex 101 138 278.5
   vertex 101.5 138 278
  endloop
 endfacet
 facet normal 0.57735026918962584 -0.57735026918962584 0.57735026918962584
  outer loop
   vertex 101 138.5 279
   vertex 101.5 138 278
   vertex 101.5 139 279
  endloop
 endfacet
 facet normal 1 0 0
  outer loop
   vertex 101.5 139 279
   vertex 101.5 138 278
   vertex 101.5 139 278
  endloop
 endfacet
 facet normal -1 0 0
  outer loop
   vertex 87.5 139 278
   vertex 87.5 139 279
   vertex 87.5 140 278
  endloop
 endfacet
 facet normal -1 -0 -0
  outer loop
   vertex 87.5 139 279
   vertex 87.5 140 279
   vertex 87.5 140 278
  endloop
 endfacet
 facet normal 0.57735026918962584 -0.57735026918962584 0.57735026918962584
  outer loop
   vertex 102 140 278.5
   vertex 101.5 139 278
   vertex 102 139.5 278
  endloop
 endfacet
 facet normal 0.57735026918962584 -0.57735026918962584 0.57735026918962584
  outer loop
   vertex 102 140 278.5
   vertex 101.5 140 279
   vertex 101.5 139 278
  endloop
 endfacet
 facet normal 1 -0 0
  outer loop
   vertex 101.5 140 279
   vertex 101.5 139 279
   vertex 101.5 139 278
  endloop
 endfacet
 facet normal 0.57735026918962584 -0.57735026918962584 0.57735026918962584
  outer loop
   vertex 102 139.5 278
   vertex 102.5 140 278
   vertex 102 140 278.5
  endloop
 endfacet
 facet normal -1 0 0
  outer loop
   vertex 87.5 140 278
   vertex 87.5 140 279
   vertex 87.5 141 278
  endloop
 endfacet
 facet normal -1 -0 -0
  outer loop
   vertex 87.5 140 279
   vertex 87.5 141 279
   vertex 87.5 141 278
  endloop
 endfacet
 facet normal 0.57735026918962584 -0.57735026918962584 0.57735026918962584
  outer loop
   vertex 102 140 278.5
   vertex 102 140.5 279
   vertex 101.5 140 279
  endloop
 endfacet
 facet normal 0.57735026918962584 -0.57735026918962584 0.57735026918962584
  outer loop
   vertex 102 140.5 279
   vertex 102 140 278.5
   vertex 102.5 140 278
  endloop
 endfacet
 facet normal 0.57735026918962584 -0.57735026918962584 0.57735026918962584
  outer loop
   vertex 102 140.5 279
   vertex 102.5 140 278
   vertex 102.5 141 279
  endloop
 endfacet
 facet normal 1 0 0
  outer loop
   vertex 102.5 141 279
   vertex 102.5 140 278
   vertex 102.5 141 278
  endloop
 endfacet
 facet normal -1 0 0
  outer loop
   vertex 87.5 141 278
   vertex 87.5 141 279
   vertex 87.5 142 278
  endloop
 endfacet
 facet normal -1 -0 -0
  outer loop
   vertex 87.5 141 279
   vertex 87.5 142 279
   vertex 87.5 142 278
  endloop
 endfacet
 facet normal 1 0 0
  outer loop
   vertex 102.5 141 278
   vertex 102.5 142 278
   vertex 102.5 141 279
  endloop
 endfacet
 facet normal 1 0 -0
  outer loop
   vertex 102.5 141 279
   vertex 102.5 142 278
   vertex 102.5 142 279
  endloop
 endfacet
 facet normal -1 0 0
  outer loop
   vertex 87.5 142 278
   vertex 87.5 142 279
   vertex 87.5 143 278
  endloop
 endfacet
 facet normal -1 -0 -0
  outer loop
   vertex 87.5 142 279
   vertex 87.5 143 279
   vertex 87.5 143 278
  endloop
 endfacet
 facet normal 1 0 0
  outer loop
   vertex 102.5 142 278
   vertex 102.5 143 278
   vertex 102.5 142 279
  endloop
 endfacet
 facet normal 1 0 -0
  outer loop
   vertex 102.5 142 279
   vertex 102.5 143 278
   vertex 102.5 143 279
  endloop
 endfacet
 facet normal -1 0 0
  outer loop
   vertex 87.5 143 278
   vertex 87.5 143 279
   vertex 87.5 144 278
  endloop
 endfacet
 facet normal -1 -0 -0
  outer loop
   vertex 87.5 143 279
   vertex 87.5 144 279
   vertex 87.5 144 278
  endloop
 endfacet
 facet normal 1 0 0
  outer loop
   vertex 102.5 143 278
   vertex 102.5 144 278
   vertex 102.5 143 279
  endloop
 endfacet
 facet normal 1 0 -0
  outer loop
   vertex 102.5 143 279
   vertex 102.5 144 278
   vertex 102.5 144 279
  endloop
 endfacet
 facet normal -1 0 0
  outer loop
   vertex 87.5 144 278
   vertex 87.5 144 279
   vertex 87.5 145 278
  endloop
 endfacet
 facet normal -1 -0 -0
  outer loop
   vertex 87.5 144 279
   vertex 87.5 145 279
   vertex 87.5 145 278
  endloop
 endfacet
 facet normal 1 0 0
  outer loop
   vertex 102.5 144 278
   vertex 102.5 145 278
   vertex 102.5 144 279
  endloop
 endfacet
 facet normal 1 0 -0
  outer loop
   vertex 102.5 144 279
   vertex 102.5 145 278
   vertex 102.5 145 279
  endloop
 endfacet
 facet normal -0.57735026918962584 0.57735026918962584 0.57735026918962584
  outer loop
   vertex 88 145.5 279
   vertex 88 146 278.5
   vertex 87.5 146 278
  endloop
 endfacet
 facet normal -0.57735026918962584 0.57735026918962584 0.57735026918962584
  outer loop
   vertex 88 145.5 279
   vertex 87.5 146 278
   vertex 87.5 145 279
  endloop
 endfacet
 facet normal -1 0 0
  outer loop
   vertex 87.5 145 279
   vertex 87.5 146 278
   vertex 87.5 145 278
  endloop
 endfacet
 facet normal -0.57735026918962584 0.57735026918962584 0.57735026918962584
  outer loop
   vertex 88 145.5 279
   vertex 88.5 146 279
   vertex 88 146 278.5
  endloop
 endfacet
 facet normal 1 0 0
  outer loop
   vertex 102.5 145 278
   vertex 102.5 146 278
   vertex 102.5 145 279
  endloop
 endfacet
 facet normal 1 0 -0
  outer loop
   vertex 102.5 145 279
   vertex 102.5 146 278
   vertex 102.5 146 279
  endloop
 endfacet
 facet normal -0.57735026918962584 0.57735026918962584 0.57735026918962584
  outer loop
   vertex 87.5 146 278
   vertex 88 146 278.5
   vertex 88 146.5 278
  endloop
 endfacet
 facet normal -0.57735026918962584 0.57735026918962584 0.57735026918962584
  outer loop
   vertex 88 146 278.5
   vertex 88.5 147 278
   vertex 88 146.5 278
  endloop
 endfacet
 facet normal -0.57735026918962584 0.57735026918962584 0.57735026918962584
  outer loop
   vertex 88 146 278.5
   vertex 88.5 146 279
   vertex 88.5 147 278
  endloop
 endfacet
 facet normal -1 -0 -0
  outer loop
   vertex 88.5 146 279
   vertex 88.5 147 279
   vertex 88.5 147 278
  endloop
 endfacet
 facet normal 0.70710678118654746 0.70710678118654746 0
  outer loop
   vertex 102 146.5 278
   vertex 101.5 147 279
   vertex 102 146.5 279
  endloop
 endfacet
 facet normal 0.70710678118654746 0.70710678118654746 0
  outer loop
   vertex 101.5 147 278
   vertex 101.5 147 279
   vertex 102 146.5 278
  endloop
 endfacet
 facet normal 0.70710678118654746 0.70710678118654746 -0
  outer loop
   vertex 102.5 146 279
   vertex 102.5 146 278
   vertex 102 146.5 278
  endloop
 endfacet
 facet normal 0.70710678118654746 0.70710678118654746 0
  outer loop
   vertex 102 146.5 279
   vertex 102.5 146 279
   vertex 102 146.5 278
  endloop
 endfacet
 facet normal -0.70710678118654746 0.70710678118654746 0
  outer loop
   vertex 88.5 147 278
   vertex 88.5 147 279
   vertex 89 147.5 279
  endloop
 endfacet
 facet normal -0.70710678118654746 0.70710678118654746 0
  outer loop
   vertex 89 147.5 278
   vertex 88.5 147 278
   vertex 89 147.5 279
  endloop
 endfacet
 facet normal -0.70710678118654746 0.70710678118654746 0
  outer loop
   vertex 89 147.5 279
   vertex 89.5 148 278
   vertex 89 147.5 278
  endloop
 endfacet
 facet normal -0.70710678118654746 0.70710678118654746 0
  outer loop
   vertex 89.5 148 279
   vertex 89.5 148 278
   vertex 89 147.5 279
  endloop
 endfacet
 facet normal 1 0 0
  outer loop
   vertex 101.5 147 278
   vertex 101.5 148 278
   vertex 101.5 147 279
  endloop
 endfacet
 facet normal 1 0 -0
  outer loop
   vertex 101.5 147 279
   vertex 101.5 148 278
   vertex 101.5 148 279
  endloop
 endfacet
 facet normal -0.70710678118654746 0.70710678118654746 0
  outer loop
   vertex 89.5 148 278
   vertex 89.5 148 279
   vertex 90 148.5 279
  endloop
 endfacet
 facet normal -0.70710678118654746 0.70710678118654746 0
  outer loop
   vertex 90 148.5 278
   vertex 89.5 148 278
   vertex 90 148.5 279
  endloop
 endfacet
 facet normal -0.70710678118654746 0.70710678118654746 0
  outer loop
   vertex 90 148.5 279
   vertex 90.5 149 278
   vertex 90 148.5 278
  endloop
 endfacet
 facet normal -0.70710678118654746 0.70710678118654746 0
  outer loop
   vertex 90.5 149 279
   vertex 90.5 149 278
   vertex 90 148.5 279
  endloop
 endfacet
 facet normal 0.70710678118654746 0.70710678118654746 0
  outer loop
   vertex 101 148.5 278
   vertex 100.5 149 279
   vertex 101 148.5 279
  endloop
 endfacet
 facet normal 0.70710678118654746 0.70710678118654746 0
  outer loop
   vertex 100.5 149 278
   vertex 100.5 149 279
   vertex 101 148.5 278
  endloop
 endfacet
 facet normal 0.70710678118654746 0.70710678118654746 -0
  outer loop
   vertex 101.5 148 279
   vertex 101.5 148 278
   vertex 101 148.5 278
  endloop
 endfacet
 facet normal 0.70710678118654746 0.70710678118654746 0
  outer loop
   vertex 101 148.5 279
   vertex 101.5 148 279
   vertex 101 148.5 278
  endloop
 endfacet
 facet normal -0.70710678118654746 0.70710678118654746 0
  outer loop
   vertex 90.5 149 278
   vertex 90.5 149 279
   vertex 91 149.5 279
  endloop
 endfacet
 facet normal -0.70710678118654746 0.70710678118654746 0
  outer loop
   vertex 91 149.5 278
   vertex 90.5 149 278
   vertex 91 149.5 279
  endloop
 endfacet
 facet normal -0.57735026918962584 0.57735026918962584 0.57735026918962584
  outer loop
   vertex 91.5 150 278
   vertex 92 149.5 279
   vertex 92 150 278.5
  endloop
 endfacet
 facet normal -0.57735026918962584 0.57735026918962584 0.57735026918962584
  outer loop
   vertex 91.5 150 278
   vertex 91 149.5 278
   vertex 92 149.5 279
  endloop
 endfacet
 facet normal -0 1 0
  outer loop
   vertex 91 149.5 278
   vertex 91 149.5 279
   vertex 92 149.5 279
  endloop
 endfacet
 facet normal -0.57735026918962584 0.57735026918962584 0.57735026918962584
  outer loop
   vertex 92 149.5 279
   vertex 92.5 150 279
   vertex 92 150 278.5
  endloop
 endfacet
 facet normal 0.70710678118654746 0.70710678118654746 0
  outer loop
   vertex 100 149.5 278
   vertex 99.5 150 279
   vertex 100 149.5 279
  endloop
 endfacet
 facet normal 0.70710678118654746 0.70710678118654746 0
  outer loop
   vertex 99.5 150 278
   vertex 99.5 150 279
   vertex 100 149.5 278
  endloop
 endfacet
 facet normal 0.70710678118654746 0.70710678118654746 -0
  outer loop
   vertex 100.5 149 279
   vertex 100.5 149 278
   vertex 100 149.5 278
  endloop
 endfacet
 facet normal 0.70710678118654746 0.70710678118654746 0
  outer loop
   vertex 100 149.5 279
   vertex 100.5 149 279
   vertex 100 149.5 278
  endloop
 endfacet
 facet normal -0.57735026918962584 0.57735026918962584 0.57735026918962584
  outer loop
   vertex 91.5 150 278
   vertex 92 150 278.5
   vertex 92 150.5 278
  endloop
 endfacet
 facet normal -0.57735026918962584 0.57735026918962584 0.57735026918962584
  outer loop
   vertex 92 150 278.5
   vertex 92.5 150 279
   vertex 93 150.5 279
  endloop
 endfacet
 facet normal -0.57735026918962584 0.57735026918962584 0.57735026918962584
  outer loop
   vertex 92 150 278.5
   vertex 93 150.5 279
   vertex 92 150.5 278
  endloop
 endfacet
 facet normal 0 1 0
  outer loop
   vertex 92 150.5 278
   vertex 93 150.5 279
   vertex 93 150.5 278
  endloop
 endfacet
 facet normal -0.70710678118654746 0.70710678118654746 0
  outer loop
   vertex 93 150.5 279
   vertex 93.5 151 278
   vertex 93 150.5 278
  endloop
 endfacet
 facet normal -0.70710678118654746 0.70710678118654746 0
  outer loop
   vertex 93.5 151 279
   vertex 93.5 151 278
   vertex 93 150.5 279
  endloop
 endfacet
 facet normal 0.57735026918962584 0.57735026918962584 0.57735026918962584
  outer loop
   vertex 98 151 278.5
   vertex 97.5 151 279
   vertex 98 150.5 279
  endloop
 endfacet
 facet normal 0.57735026918962584 0.57735026918962584 0.57735026918962584
  outer loop
   vertex 98 151 278.5
   vertex 99 150.5 278
   vertex 98.5 151 278
  endloop
 endfacet
 facet normal 0.57735026918962584 0.57735026918962584 0.57735026918962584
  outer loop
   vertex 98 151 278.5
   vertex 98 150.5 279
   vertex 99 150.5 278
  endloop
 endfacet
 facet normal 0 1 0
  outer loop
   vertex 98 150.5 279
   vertex 99 150.5 279
   vertex 99 150.5 278
  endloop
 endfacet
 facet normal 0.70710678118654746 0.70710678118654746 -0
  outer loop
   vertex 99.5 150 279
   vertex 99.5 150 278
   vertex 99 150.5 278
  endloop
 endfacet
 facet normal 0.70710678118654746 0.70710678118654746 0
  outer loop
   vertex 99 150.5 279
   vertex 99.5 150 279
   vertex 99 150.5 278
  endloop
 endfacet
 facet normal -0.70710678118654746 0.70710678118654746 0
  outer loop
   vertex 93.5 151 278
   vertex 93.5 151 279
   vertex 94 151.5 279
  endloop
 endfacet
 facet normal -0.70710678118654746 0.70710678118654746 0
  outer loop
   vertex 94 151.5 278
   vertex 93.5 151 278
   vertex 94 151.5 279
  endloop
 endfacet
 facet normal 0 1 0
  outer loop
   vertex 95 151.5 278
   vertex 94 151.5 278
   vertex 95 151.5 279
  endloop
 endfacet
 facet normal -0 1 0
  outer loop
   vertex 94 151.5 278
   vertex 94 151.5 279
   vertex 95 151.5 279
  endloop
 endfacet
 facet normal 0 1 0
  outer loop
   vertex 96 151.5 278
   vertex 95 151.5 278
   vertex 96 151.5 279
  endloop
 endfacet
 facet normal -0 1 0
  outer loop
   vertex 95 151.5 278
   vertex 95 151.5 279
   vertex 96 151.5 279
  endloop
 endfacet
 facet normal 0 1 0
  outer loop
   vertex 97 151.5 278
   vertex 96 151.5 278
   vertex 97 151.5 279
  endloop
 endfacet
 facet normal -0 1 0
  outer loop
   vertex 96 151.5 278
   vertex 96 151.5 279
   vertex 97 151.5 279
  endloop
 endfacet
 facet normal 0.57735026918962584 0.57735026918962584 0.57735026918962584
  outer loop
   vertex 97.5 151 279
   vertex 98 151 278.5
   vertex 98 151.5 278
  endloop
 endfacet
 facet normal 0.57735026918962584 0.57735026918962584 0.57735026918962584
  outer loop
   vertex 97.5 151 279
   vertex 98 151.5 278
   vertex 97 151.5 279
  endloop
 endfacet
 facet normal 0 1 0
  outer loop
   vertex 97 151.5 279
   vertex 98 151.5 278
   vertex 97 151.5 278
  endloop
 endfacet
 facet normal 0.57735026918962584 0.57735026918962584 0.57735026918962584
  outer loop
   vertex 98.5 151 278
   vertex 98 151.5 278
   vertex 98 151 278.5
  endloop
 endfacet
 facet normal -0.57735026918962584 -0.57735026918962584 0.57735026918962584
  outer loop
   vertex 91 134.5 279
   vertex 91 135 279.5
   vertex 90.5 135 279
  endloop
 endfacet
 facet normal -0.57735026918962584 -0.57735026918962584 0.57735026918962584
  outer loop
   vertex 91.5 135 280
   vertex 91 135 279.5
   vertex 91 134.5 279
  endloop
 endfacet
 facet normal -0.57735026918962584 -0.57735026918962584 0.57735026918962584
  outer loop
   vertex 91.5 135 280
   vertex 91 134.5 279
   vertex 92 134.5 280
  endloop
 endfacet
 facet normal 0 -1 0
  outer loop
   vertex 92 134.5 280
   vertex 91 134.5 279
   vertex 92 134.5 279
  endloop
 endfacet
 facet normal 0 -1 -0
  outer loop
   vertex 93 134.5 279
   vertex 93 134.5 280
   vertex 92 134.5 279
  endloop
 endfacet
 facet normal -0 -1 0
  outer loop
   vertex 92 134.5 279
   vertex 93 134.5 280
   vertex 92 134.5 280
  endloop
 endfacet
 facet normal 0 -1 -0
  outer loop
   vertex 94 134.5 279
   vertex 94 134.5 280
   vertex 93 134.5 279
  endloop
 endfacet
 facet normal -0 -1 0
  outer loop
   vertex 93 134.5 279
   vertex 94 134.5 280
   vertex 93 134.5 280
  endloop
 endfacet
 facet normal 0 -1 -0
  outer loop
   vertex 95 134.5 279
   vertex 95 134.5 280
   vertex 94 134.5 279
  endloop
 endfacet
 facet normal -0 -1 0
  outer loop
   vertex 94 134.5 279
   vertex 95 134.5 280
   vertex 94 134.5 280
  endloop
 endfacet
 facet normal 0.57735026918962584 -0.57735026918962584 0.57735026918962584
  outer loop
   vertex 96 135 279.5
   vertex 95.5 135 280
   vertex 95 134.5 280
  endloop
 endfacet
 facet normal 0.57735026918962584 -0.57735026918962584 0.57735026918962584
  outer loop
   vertex 96 135 279.5
   vertex 95 134.5 280
   vertex 96 134.5 279
  endloop
 endfacet
 facet normal 0 -1 0
  outer loop
   vertex 96 134.5 279
   vertex 95 134.5 280
   vertex 95 134.5 279
  endloop
 endfacet
 facet normal 0.57735026918962584 -0.57735026918962584 0.57735026918962584
  outer loop
   vertex 96 134.5 279
   vertex 96.5 135 279
   vertex 96 135 279.5
  endloop
 endfacet
 facet normal -0.70710678118654746 -0.70710678118654746 -0
  outer loop
   vertex 90 135.5 279
   vertex 90 135.5 280
   vertex 89.5 136 280
  endloop
 endfacet
 facet normal -0.70710678118654746 -0.70710678118654746 0
  outer loop
   vertex 89.5 136 279
   vertex 90 135.5 279
   vertex 89.5 136 280
  endloop
 endfacet
 facet normal -0.57735026918962584 -0.57735026918962584 0.57735026918962584
  outer loop
   vertex 91 135 279.5
   vertex 90 135.5 279
   vertex 90.5 135 279
  endloop
 endfacet
 facet normal -0.57735026918962584 -0.57735026918962584 0.57735026918962584
  outer loop
   vertex 91 135 279.5
   vertex 91 135.5 280
   vertex 90 135.5 279
  endloop
 endfacet
 facet normal 0 -1 0
  outer loop
   vertex 91 135.5 280
   vertex 90 135.5 280
   vertex 90 135.5 279
  endloop
 endfacet
 facet normal -0.57735026918962584 -0.57735026918962584 0.57735026918962584
  outer loop
   vertex 91.5 135 280
   vertex 91 135.5 280
   vertex 91 135 279.5
  endloop
 endfacet
 facet normal 0.57735026918962584 -0.57735026918962584 0.57735026918962584
  outer loop
   vertex 96 135 279.5
   vertex 96 135.5 280
   vertex 95.5 135 280
  endloop
 endfacet
 facet normal 0.57735026918962584 -0.57735026918962584 0.57735026918962584
  outer loop
   vertex 96.5 135 279
   vertex 96 135.5 280
   vertex 96 135 279.5
  endloop
 endfacet
 facet normal 0.57735026918962584 -0.57735026918962584 0.57735026918962584
  outer loop
   vertex 96.5 135 279
   vertex 97 135.5 279
   vertex 96 135.5 280
  endloop
 endfacet
 facet normal -0 -1 -0
  outer loop
   vertex 97 135.5 279
   vertex 97 135.5 280
   vertex 96 135.5 280
  endloop
 endfacet
 facet normal 0.57735026918962584 -0.57735026918962584 0.57735026918962584
  outer loop
   vertex 98 136 279.5
   vertex 97.5 136 280
   vertex 97 135.5 280
  endloop
 endfacet
 facet normal 0.57735026918962584 -0.57735026918962584 0.57735026918962584
  outer loop
   vertex 98 136 279.5
   vertex 97 135.5 280
   vertex 98 135.5 279
  endloop
 endfacet
 facet normal 0 -1 0
  outer loop
   vertex 98 135.5 279
   vertex 97 135.5 280
   vertex 97 135.5 279
  endloop
 endfacet
 facet normal 0.57735026918962584 -0.57735026918962584 0.57735026918962584
  outer loop
   vertex 98 135.5 279
   vertex 98.5 136 279
   vertex 98 136 279.5
  endloop
 endfacet
 facet normal -0.70710678118654746 -0.70710678118654746 -0
  outer loop
   vertex 89 136.5 279
   vertex 89 136.5 280
   vertex 88.5 137 280
  endloop
 endfacet
 facet normal -0.70710678118654746 -0.70710678118654746 0
  outer loop
   vertex 88.5 137 279
   vertex 89 136.5 279
   vertex 88.5 137 280
  endloop
 endfacet
 facet normal -0.70710678118654746 -0.70710678118654746 0
  outer loop
   vertex 89.5 136 280
   vertex 89 136.5 279
   vertex 89.5 136 279
  endloop
 endfacet
 facet normal -0.70710678118654746 -0.70710678118654746 0
  outer loop
   vertex 89 136.5 280
   vertex 89 136.5 279
   vertex 89.5 136 280
  endloop
 endfacet
 facet normal 0.57735026918962584 -0.57735026918962584 0.57735026918962584
  outer loop
   vertex 98 136 279.5
   vertex 98 136.5 280
   vertex 97.5 136 280
  endloop
 endfacet
 facet normal 0.57735026918962584 -0.57735026918962584 0.57735026918962584
  outer loop
   vertex 98.5 136 279
   vertex 98 136.5 280
   vertex 98 136 279.5
  endloop
 endfacet
 facet normal 0.57735026918962584 -0.57735026918962584 0.57735026918962584
  outer loop
   vertex 98.5 136 279
   vertex 99 136.5 279
   vertex 98 136.5 280
  endloop
 endfacet
 facet normal -0 -1 -0
  outer loop
   vertex 99 136.5 279
   vertex 99 136.5 280
   vertex 98 136.5 280
  endloop
 endfacet
 facet normal 0.70710678118654746 -0.70710678118654746 0
  outer loop
   vertex 99 136.5 280
   vertex 99 136.5 279
   vertex 99.5 137 279
  endloop
 endfacet
 facet normal 0.70710678118654746 -0.70710678118654746 0
  outer loop
   vertex 99.5 137 280
   vertex 99 136.5 280
   vertex 99.5 137 279
  endloop
 endfacet
 facet normal -1 0 0
  outer loop
   vertex 88.5 137 279
   vertex 88.5 137 280
   vertex 88.5 138 279
  endloop
 endfacet
 facet normal -1 -0 -0
  outer loop
   vertex 88.5 137 280
   vertex 88.5 138 280
   vertex 88.5 138 279
  endloop
 endfacet
 facet normal 0.57735026918962584 -0.57735026918962584 0.57735026918962584
  outer loop
   vertex 100 138 279.5
   vertex 99.5 137 279
   vertex 100 137.5 279
  endloop
 endfacet
 facet normal 0.57735026918962584 -0.57735026918962584 0.57735026918962584
  outer loop
   vertex 100 138 279.5
   vertex 99.5 138 280
   vertex 99.5 137 279
  endloop
 endfacet
 facet normal 1 -0 0
  outer loop
   vertex 99.5 138 280
   vertex 99.5 137 280
   vertex 99.5 137 279
  endloop
 endfacet
 facet normal 0.57735026918962584 -0.57735026918962584 0.57735026918962584
  outer loop
   vertex 100 137.5 279
   vertex 100.5 138 279
   vertex 100 138 279.5
  endloop
 endfacet
 facet normal -0.57735026918962584 -0.57735026918962584 0.57735026918962584
  outer loop
   vertex 88 138.5 279
   vertex 88 139 279.5
   vertex 87.5 139 279
  endloop
 endfacet
 facet normal -0.57735026918962584 -0.57735026918962584 0.57735026918962584
  outer loop
   vertex 88 138.5 279
   vertex 88.5 139 280
   vertex 88 139 279.5
  endloop
 endfacet
 facet normal -0.57735026918962584 -0.57735026918962584 0.57735026918962584
  outer loop
   vertex 88 138.5 279
   vertex 88.5 138 279
   vertex 88.5 139 280
  endloop
 endfacet
 facet normal -1 0 0
  outer loop
   vertex 88.5 138 279
   vertex 88.5 138 280
   vertex 88.5 139 280
  endloop
 endfacet
 facet normal 0.57735026918962584 -0.57735026918962584 0.57735026918962584
  outer loop
   vertex 100 138 279.5
   vertex 100 138.5 280
   vertex 99.5 138 280
  endloop
 endfacet
 facet normal 0.57735026918962584 -0.57735026918962584 0.57735026918962584
  outer loop
   vertex 101 139 279.5
   vertex 100.5 139 280
   vertex 100 138.5 280
  endloop
 endfacet
 facet normal 0.57735026918962584 -0.57735026918962584 0.57735026918962584
  outer loop
   vertex 101 138.5 279
   vertex 101 139 279.5
   vertex 100 138.5 280
  endloop
 endfacet
 facet normal 0.57735026918962584 -0.57735026918962584 0.57735026918962584
  outer loop
   vertex 101 138.5 279
   vertex 100 138.5 280
   vertex 100 138 279.5
  endloop
 endfacet
 facet normal 0.57735026918962584 -0.57735026918962584 0.57735026918962584
  outer loop
   vertex 101 138.5 279
   vertex 100 138 279.5
   vertex 100.5 138 279
  endloop
 endfacet
 facet normal 0.57735026918962584 -0.57735026918962584 0.57735026918962584
  outer loop
   vertex 101 138.5 279
   vertex 101.5 139 279
   vertex 101 139 279.5
  endloop
 endfacet
 facet normal -0.57735026918962584 -0.57735026918962584 0.57735026918962584
  outer loop
   vertex 88 139 279.5
   vertex 88 139.5 280
   vertex 87.5 140 280
  endloop
 endfacet
 facet normal -0.57735026918962584 -0.57735026918962584 0.57735026918962584
  outer loop
   vertex 88 139 279.5
   vertex 87.5 140 280
   vertex 87.5 139 279
  endloop
 endfacet
 facet normal -1 0 -0
  outer loop
   vertex 87.5 139 279
   vertex 87.5 140 280
   vertex 87.5 140 279
  endloop
 endfacet
 facet normal -0.57735026918962584 -0.57735026918962584 0.57735026918962584
  outer loop
   vertex 88.5 139 280
   vertex 88 139.5 280
   vertex 88 139 279.5
  endloop
 endfacet
 facet normal 0.57735026918962584 -0.57735026918962584 0.57735026918962584
  outer loop
   vertex 101 139 279.5
   vertex 101 139.5 280
   vertex 100.5 139 280
  endloop
 endfacet
 facet normal 0.57735026918962584 -0.57735026918962584 0.57735026918962584
  outer loop
   vertex 101 139.5 280
   vertex 101 139 279.5
   vertex 101.5 139 279
  endloop
 endfacet
 facet normal 0.57735026918962584 -0.57735026918962584 0.57735026918962584
  outer loop
   vertex 101 139.5 280
   vertex 101.5 139 279
   vertex 101.5 140 280
  endloop
 endfacet
 facet normal 1 0 0
  outer loop
   vertex 101.5 140 280
   vertex 101.5 139 279
   vertex 101.5 140 279
  endloop
 endfacet
 facet normal -1 0 0
  outer loop
   vertex 87.5 140 279
   vertex 87.5 140 280
   vertex 87.5 141 279
  endloop
 endfacet
 facet normal -1 -0 -0
  outer loop
   vertex 87.5 140 280
   vertex 87.5 141 280
   vertex 87.5 141 279
  endloop
 endfacet
 facet normal 0.57735026918962584 -0.57735026918962584 0.57735026918962584
  outer loop
   vertex 102 141 279.5
   vertex 101.5 140 279
   vertex 102 140.5 279
  endloop
 endfacet
 facet normal 0.57735026918962584 -0.57735026918962584 0.57735026918962584
  outer loop
   vertex 102 141 279.5
   vertex 101.5 141 280
   vertex 101.5 140 279
  endloop
 endfacet
 facet normal 1 -0 0
  outer loop
   vertex 101.5 141 280
   vertex 101.5 140 280
   vertex 101.5 140 279
  endloop
 endfacet
 facet normal 0.57735026918962584 -0.57735026918962584 0.57735026918962584
  outer loop
   vertex 102 140.5 279
   vertex 102.5 141 279
   vertex 102 141 279.5
  endloop
 endfacet
 facet normal -1 0 0
  outer loop
   vertex 87.5 141 279
   vertex 87.5 141 280
   vertex 87.5 142 279
  endloop
 endfacet
 facet normal -1 -0 -0
  outer loop
   vertex 87.5 141 280
   vertex 87.5 142 280
   vertex 87.5 142 279
  endloop
 endfacet
 facet normal 0.70710678118654746 0 0.70710678118654746
  outer loop
   vertex 102 142 279.5
   vertex 101.5 141 280
   vertex 102 141 279.5
  endloop
 endfacet
 facet normal 0.70710678118654746 -0 0.70710678118654746
  outer loop
   vertex 101.5 142 280
   vertex 101.5 141 280
   vertex 102 142 279.5
  endloop
 endfacet
 facet normal 0.70710678118654746 0 0.70710678118654746
  outer loop
   vertex 102.5 141 279
   vertex 102.5 142 279
   vertex 102 142 279.5
  endloop
 endfacet
 facet normal 0.70710678118654746 0 0.70710678118654746
  outer loop
   vertex 102 141 279.5
   vertex 102.5 141 279
   vertex 102 142 279.5
  endloop
 endfacet
 facet normal -1 0 0
  outer loop
   vertex 87.5 142 279
   vertex 87.5 142 280
   vertex 87.5 143 279
  endloop
 endfacet
 facet normal -1 -0 -0
  outer loop
   vertex 87.5 142 280
   vertex 87.5 143 280
   vertex 87.5 143 279
  endloop
 endfacet
 facet normal 0.70710678118654746 0 0.70710678118654746
  outer loop
   vertex 102 143 279.5
   vertex 101.5 142 280
   vertex 102 142 279.5
  endloop
 endfacet
 facet normal 0.70710678118654746 -0 0.70710678118654746
  outer loop
   vertex 101.5 143 280
   vertex 101.5 142 280
   vertex 102 143 279.5
  endloop
 endfacet
 facet normal 0.70710678118654746 0 0.70710678118654746
  outer loop
   vertex 102.5 142 279
   vertex 102.5 143 279
   vertex 102 143 279.5
  endloop
 endfacet
 facet normal 0.70710678118654746 0 0.70710678118654746
  outer loop
   vertex 102 142 279.5
   vertex 102.5 142 279
   vertex 102 143 279.5
  endloop
 endfacet
 facet normal -1 0 0
  outer loop
   vertex 87.5 143 279
   vertex 87.5 143 280
   vertex 87.5 144 279
  endloop
 endfacet
 facet normal -1 -0 -0
  outer loop
   vertex 87.5 143 280
   vertex 87.5 144 280
   vertex 87.5 144 279
  endloop
 endfacet
 facet normal 0.70710678118654746 0 0.70710678118654746
  outer loop
   vertex 102 144 279.5
   vertex 101.5 143 280
   vertex 102 143 279.5
  endloop
 endfacet
 facet normal 0.70710678118654746 -0 0.70710678118654746
  outer loop
   vertex 101.5 144 280
   vertex 101.5 143 280
   vertex 102 144 279.5
  endloop
 endfacet
 facet normal 0.70710678118654746 0 0.70710678118654746
  outer loop
   vertex 102.5 143 279
   vertex 102.5 144 279
   vertex 102 144 279.5
  endloop
 endfacet
 facet normal 0.70710678118654746 0 0.70710678118654746
  outer loop
   vertex 102 143 279.5
   vertex 102.5 143 279
   vertex 102 144 279.5
  endloop
 endfacet
 facet normal -1 0 0
  outer loop
   vertex 87.5 144 279
   vertex 87.5 144 280
   vertex 87.5 145 279
  endloop
 endfacet
 facet normal -1 -0 -0
  outer loop
   vertex 87.5 144 280
   vertex 87.5 145 280
   vertex 87.5 145 279
  endloop
 endfacet
 facet normal 0.70710678118654746 0 0.70710678118654746
  outer loop
   vertex 102 145 279.5
   vertex 101.5 144 280
   vertex 102 144 279.5
  endloop
 endfacet
 facet normal 0.70710678118654746 -0 0.70710678118654746
  outer loop
   vertex 101.5 145 280
   vertex 101.5 144 280
   vertex 102 145 279.5
  endloop
 endfacet
 facet normal 0.70710678118654746 0 0.70710678118654746
  outer loop
   vertex 102.5 144 279
   vertex 102.5 145 279
   vertex 102 145 279.5
  endloop
 endfacet
 facet normal 0.70710678118654746 0 0.70710678118654746
  outer loop
   vertex 102 144 279.5
   vertex 102.5 144 279
   vertex 102 145 279.5
  endloop
 endfacet
 facet normal -0.70710678118654746 0.70710678118654746 0
  outer loop
   vertex 87.5 145 279
   vertex 87.5 145 280
   vertex 88 145.5 280
  endloop
 endfacet
 facet normal -0.70710678118654746 0.70710678118654746 0
  outer loop
   vertex 88 145.5 279
   vertex 87.5 145 279
   vertex 88 145.5 280
  endloop
 endfacet
 facet normal -0.70710678118654746 0.70710678118654746 0
  outer loop
   vertex 88 145.5 280
   vertex 88.5 146 279
   vertex 88 145.5 279
  endloop
 endfacet
 facet normal -0.70710678118654746 0.70710678118654746 0
  outer loop
   vertex 88.5 146 280
   vertex 88.5 146 279
   vertex 88 145.5 280
  endloop
 endfacet
 facet normal 0.70710678118654746 0 0.70710678118654746
  outer loop
   vertex 102 146 279.5
   vertex 101.5 145 280
   vertex 102 145 279.5
  endloop
 endfacet
 facet normal 0.70710678118654746 -0 0.70710678118654746
  outer loop
   vertex 101.5 146 280
   vertex 101.5 145 280
   vertex 102 146 279.5
  endloop
 endfacet
 facet normal 0.70710678118654746 0 0.70710678118654746
  outer loop
   vertex 102.5 145 279
   vertex 102.5 146 279
   vertex 102 146 279.5
  endloop
 endfacet
 facet normal 0.70710678118654746 0 0.70710678118654746
  outer loop
   vertex 102 145 279.5
   vertex 102.5 145 279
   vertex 102 146 279.5
  endloop
 endfacet
 facet normal -1 0 0
  outer loop
   vertex 88.5 146 279
   vertex 88.5 146 280
   vertex 88.5 147 279
  endloop
 endfacet
 facet normal -1 -0 -0
  outer loop
   vertex 88.5 146 280
   vertex 88.5 147 280
   vertex 88.5 147 279
  endloop
 endfacet
 facet normal 0.57735026918962584 0.57735026918962584 0.57735026918962584
  outer loop
   vertex 102 146.5 279
   vertex 101.5 146 280
   vertex 102 146 279.5
  endloop
 endfacet
 facet normal 0.57735026918962584 0.57735026918962584 0.57735026918962584
  outer loop
   vertex 102 146.5 279
   vertex 101.5 147 279
   vertex 101.5 146 280
  endloop
 endfacet
 facet normal 1 0 0
  outer loop
   vertex 101.5 147 279
   vertex 101.5 147 280
   vertex 101.5 146 280
  endloop
 endfacet
 facet normal 0.57735026918962584 0.57735026918962584 0.57735026918962584
  outer loop
   vertex 102.5 146 279
   vertex 102 146.5 279
   vertex 102 146 279.5
  endloop
 endfacet
 facet normal -0.70710678118654746 0.70710678118654746 0
  outer loop
   vertex 88.5 147 279
   vertex 88.5 147 280
   vertex 89 147.5 280
  endloop
 endfacet
 facet normal -0.70710678118654746 0.70710678118654746 0
  outer loop
   vertex 89 147.5 279
   vertex 88.5 147 279
   vertex 89 147.5 280
  endloop
 endfacet
 facet normal -0.70710678118654746 0.70710678118654746 0
  outer loop
   vertex 89 147.5 280
   vertex 89.5 148 279
   vertex 89 147.5 279
  endloop
 endfacet
 facet normal -0.70710678118654746 0.70710678118654746 0
  outer loop
   vertex 89.5 148 280
   vertex 89.5 148 279
   vertex 89 147.5 280
  endloop
 endfacet
 facet normal 0.57735026918962584 0.57735026918962584 0.57735026918962584
  outer loop
   vertex 101 148 279.5
   vertex 100.5 148 280
   vertex 101 147.5 280
  endloop
 endfacet
 facet normal 0.57735026918962584 0.57735026918962584 0.57735026918962584
  outer loop
   vertex 101 148 279.5
   vertex 101 147.5 280
   vertex 101.5 147 280
  endloop
 endfacet
 facet normal 0.57735026918962584 0.57735026918962584 0.57735026918962584
  outer loop
   vertex 101 148 279.5
   vertex 101.5 147 280
   vertex 101.5 148 279
  endloop
 endfacet
 facet normal 1 0 0
  outer loop
   vertex 101.5 148 279
   vertex 101.5 147 280
   vertex 101.5 147 279
  endloop
 endfacet
 facet normal -0.70710678118654746 0.70710678118654746 0
  outer loop
   vertex 89.5 148 279
   vertex 89.5 148 280
   vertex 90 148.5 280
  endloop
 endfacet
 facet normal -0.70710678118654746 0.70710678118654746 0
  outer loop
   vertex 90 148.5 279
   vertex 89.5 148 279
   vertex 90 148.5 280
  endloop
 endfacet
 facet normal -0.70710678118654746 0.70710678118654746 0
  outer loop
   vertex 90 148.5 280
   vertex 90.5 149 279
   vertex 90 148.5 279
  endloop
 endfacet
 facet normal -0.70710678118654746 0.70710678118654746 0
  outer loop
   vertex 90.5 149 280
   vertex 90.5 149 279
   vertex 90 148.5 280
  endloop
 endfacet
 facet normal 0.57735026918962584 0.57735026918962584 0.57735026918962584
  outer loop
   vertex 100 149 279.5
   vertex 99.5 149 280
   vertex 100 148.5 280
  endloop
 endfacet
 facet normal 0.57735026918962584 0.57735026918962584 0.57735026918962584
  outer loop
   vertex 100.5 148 280
   vertex 100 149 279.5
   vertex 100 148.5 280
  endloop
 endfacet
 facet normal 0.57735026918962584 0.57735026918962584 0.57735026918962584
  outer loop
   vertex 101 148 279.5
   vertex 100 149 279.5
   vertex 100.5 148 280
  endloop
 endfacet
 facet normal 0.57735026918962584 0.57735026918962584 0.57735026918962584
  outer loop
   vertex 101 148 279.5
   vertex 100.5 149 279
   vertex 100 149 279.5
  endloop
 endfacet
 facet normal 0.57735026918962584 0.57735026918962584 0.57735026918962584
  outer loop
   vertex 101 148 279.5
   vertex 101 148.5 279
   vertex 100.5 149 279
  endloop
 endfacet
 facet normal 0.57735026918962584 0.57735026918962584 0.57735026918962584
  outer loop
   vertex 101.5 148 279
   vertex 101 148.5 279
   vertex 101 148 279.5
  endloop
 endfacet
 facet normal -0.70710678118654746 0.70710678118654746 0
  outer loop
   vertex 90.5 149 279
   vertex 90.5 149 280
   vertex 91 149.5 280
  endloop
 endfacet
 facet normal -0.70710678118654746 0.70710678118654746 0
  outer loop
   vertex 91 149.5 279
   vertex 90.5 149 279
   vertex 91 149.5 280
  endloop
 endfacet
 facet normal 0 1 0
  outer loop
   vertex 92 149.5 279
   vertex 91 149.5 279
   vertex 92 149.5 280
  endloop
 endfacet
 facet normal -0 1 0
  outer loop
   vertex 91 149.5 279
   vertex 91 149.5 280
   vertex 92 149.5 280
  endloop
 endfacet
 facet normal -0.70710678118654746 0.70710678118654746 0
  outer loop
   vertex 92 149.5 280
   vertex 92.5 150 279
   vertex 92 149.5 279
  endloop
 endfacet
 facet normal -0.70710678118654746 0.70710678118654746 0
  outer loop
   vertex 92.5 150 280
   vertex 92.5 150 279
   vertex 92 149.5 280
  endloop
 endfacet
 facet normal 0.57735026918962584 0.57735026918962584 0.57735026918962584
  outer loop
   vertex 99 150 279.5
   vertex 98.5 150 280
   vertex 99 149.5 280
  endloop
 endfacet
 facet normal 0.57735026918962584 0.57735026918962584 0.57735026918962584
  outer loop
   vertex 99.5 149 280
   vertex 99 150 279.5
   vertex 99 149.5 280
  endloop
 endfacet
 facet normal 0.57735026918962584 0.57735026918962584 0.57735026918962584
  outer loop
   vertex 100 149 279.5
   vertex 99 150 279.5
   vertex 99.5 149 280
  endloop
 endfacet
 facet normal 0.57735026918962584 0.57735026918962584 0.57735026918962584
  outer loop
   vertex 100 149 279.5
   vertex 99.5 150 279
   vertex 99 150 279.5
  endloop
 endfacet
 facet normal 0.57735026918962584 0.57735026918962584 0.57735026918962584
  outer loop
   vertex 100 149 279.5
   vertex 100 149.5 279
   vertex 99.5 150 279
  endloop
 endfacet
 facet normal 0.57735026918962584 0.57735026918962584 0.57735026918962584
  outer loop
   vertex 100.5 149 279
   vertex 100 149.5 279
   vertex 100 149 279.5
  endloop
 endfacet
 facet normal -0.70710678118654746 0.70710678118654746 0
  outer loop
   vertex 92.5 150 279
   vertex 92.5 150 280
   vertex 93 150.5 280
  endloop
 endfacet
 facet normal -0.70710678118654746 0.70710678118654746 0
  outer loop
   vertex 93 150.5 279
   vertex 92.5 150 279
   vertex 93 150.5 280
  endloop
 endfacet
 facet normal -0.57735026918962584 0.57735026918962584 0.57735026918962584
  outer loop
   vertex 93.5 151 279
   vertex 94 150.5 280
   vertex 94 151 279.5
  endloop
 endfacet
 facet normal -0.57735026918962584 0.57735026918962584 0.57735026918962584
  outer loop
   vertex 93.5 151 279
   vertex 93 150.5 279
   vertex 94 150.5 280
  endloop
 endfacet
 facet normal -0 1 0
  outer loop
   vertex 93 150.5 279
   vertex 93 150.5 280
   vertex 94 150.5 280
  endloop
 endfacet
 facet normal -0.57735026918962584 0.57735026918962584 0.57735026918962584
  outer loop
   vertex 94 150.5 280
   vertex 94.5 151 280
   vertex 94 151 279.5
  endloop
 endfacet
 facet normal 0.57735026918962584 0.57735026918962584 0.57735026918962584
  outer loop
   vertex 97 151 279.5
   vertex 96.5 151 280
   vertex 97 150.5 280
  endloop
 endfacet
 facet normal 0.57735026918962584 0.57735026918962584 0.57735026918962584
  outer loop
   vertex 97 151 279.5
   vertex 98 150.5 279
   vertex 97.5 151 279
  endloop
 endfacet
 facet normal 0.57735026918962584 0.57735026918962584 0.57735026918962584
  outer loop
   vertex 97 151 279.5
   vertex 97 150.5 280
   vertex 98 150.5 279
  endloop
 endfacet
 facet normal 0 1 0
  outer loop
   vertex 97 150.5 280
   vertex 98 150.5 280
   vertex 98 150.5 279
  endloop
 endfacet
 facet normal 0.57735026918962584 0.57735026918962584 0.57735026918962584
  outer loop
   vertex 98.5 150 280
   vertex 99 150 279.5
   vertex 99 150.5 279
  endloop
 endfacet
 facet normal 0.57735026918962584 0.57735026918962584 0.57735026918962584
  outer loop
   vertex 98.5 150 280
   vertex 99 150.5 279
   vertex 98 150.5 280
  endloop
 endfacet
 facet normal 0 1 0
  outer loop
   vertex 98 150.5 280
   vertex 99 150.5 279
   vertex 98 150.5 279
  endloop
 endfacet
 facet normal 0.57735026918962584 0.57735026918962584 0.57735026918962584
  outer loop
   vertex 99.5 150 279
   vertex 99 150.5 279
   vertex 99 150 279.5
  endloop
 endfacet
 facet normal -0.57735026918962584 0.57735026918962584 0.57735026918962584
  outer loop
   vertex 93.5 151 279
   vertex 94 151 279.5
   vertex 94 151.5 279
  endloop
 endfacet
 facet normal -0.57735026918962584 0.57735026918962584 0.57735026918962584
  outer loop
   vertex 94 151 279.5
   vertex 94.5 151 280
   vertex 95 151.5 280
  endloop
 endfacet
 facet normal -0.57735026918962584 0.57735026918962584 0.57735026918962584
  outer loop
   vertex 94 151 279.5
   vertex 95 151.5 280
   vertex 94 151.5 279
  endloop
 endfacet
 facet normal 0 1 0
  outer loop
   vertex 94 151.5 279
   vertex 95 151.5 280
   vertex 95 151.5 279
  endloop
 endfacet
 facet normal 0 1 0
  outer loop
   vertex 96 151.5 279
   vertex 95 151.5 279
   vertex 96 151.5 280
  endloop
 endfacet
 facet normal -0 1 0
  outer loop
   vertex 95 151.5 279
   vertex 95 151.5 280
   vertex 96 151.5 280
  endloop
 endfacet
 facet normal 0.57735026918962584 0.57735026918962584 0.57735026918962584
  outer loop
   vertex 96.5 151 280
   vertex 97 151 279.5
   vertex 97 151.5 279
  endloop
 endfacet
 facet normal 0.57735026918962584 0.57735026918962584 0.57735026918962584
  outer loop
   vertex 96.5 151 280
   vertex 97 151.5 279
   vertex 96 151.5 280
  endloop
 endfacet
 facet normal 0 1 0
  outer loop
   vertex 96 151.5 280
   vertex 97 151.5 279
   vertex 96 151.5 279
  endloop
 endfacet
 facet normal 0.57735026918962584 0.57735026918962584 0.57735026918962584
  outer loop
   vertex 97.5 151 279
   vertex 97 151.5 279
   vertex 97 151 279.5
  endloop
 endfacet
 facet normal -0.57735026918962584 -0.57735026918962584 0.57735026918962584
  outer loop
   vertex 92 134.5 280
   vertex 92 135 280.5
   vertex 91.5 135 280
  endloop
 endfacet
 facet normal 0 -0.70710678118654746 0.70710678118654746
  outer loop
   vertex 92 134.5 280
   vertex 93 134.5 280
   vertex 93 135 280.5
  endloop
 endfacet
 facet normal 0 -0.70710678118654746 0.70710678118654746
  outer loop
   vertex 92 135 280.5
   vertex 92 134.5 280
   vertex 93 135 280.5
  endloop
 endfacet
 facet normal 0 -0.70710678118654746 0.70710678118654746
  outer loop
   vertex 93 134.5 280
   vertex 94 134.5 280
   vertex 94 135 280.5
  endloop
 endfacet
 facet normal 0 -0.70710678118654746 0.70710678118654746
  outer loop
   vertex 93 135 280.5
   vertex 93 134.5 280
   vertex 94 135 280.5
  endloop
 endfacet
 facet normal 0 -0.70710678118654746 0.70710678118654746
  outer loop
   vertex 94 134.5 280
   vertex 95 134.5 280
   vertex 95 135 280.5
  endloop
 endfacet
 facet normal 0 -0.70710678118654746 0.70710678118654746
  outer loop
   vertex 94 135 280.5
   vertex 94 134.5 280
   vertex 95 135 280.5
  endloop
 endfacet
 facet normal 0.57735026918962584 -0.57735026918962584 0.57735026918962584
  outer loop
   vertex 95 134.5 280
   vertex 95.5 135 280
   vertex 95 135 280.5
  endloop
 endfacet
 facet normal -0.57735026918962584 -0.57735026918962584 0.57735026918962584
  outer loop
   vertex 90 135.5 280
   vertex 90 136 280.5
   vertex 89.5 136 280
  endloop
 endfacet
 facet normal -0.57735026918962584 -0.57735026918962584 0.57735026918962584
  outer loop
   vertex 90.5 136 281
   vertex 90 136 280.5
   vertex 90 135.5 280
  endloop
 endfacet
 facet normal -0.57735026918962584 -0.57735026918962584 0.57735026918962584
  outer loop
   vertex 90.5 136 281
   vertex 90 135.5 280
   vertex 91 135.5 281
  endloop
 endfacet
 facet normal 0 -1 0
  outer loop
   vertex 91 135.5 281
   vertex 90 135.5 280
   vertex 91 135.5 280
  endloop
 endfacet
 facet normal -0.57735026918962584 -0.57735026918962584 0.57735026918962584
  outer loop
   vertex 92 135 280.5
   vertex 91 135.5 280
   vertex 91.5 135 280
  endloop
 endfacet
 facet normal -0.57735026918962584 -0.57735026918962584 0.57735026918962584
  outer loop
   vertex 92 135 280.5
   vertex 92 135.5 281
   vertex 91 135.5 280
  endloop
 endfacet
 facet normal 0 -1 0
  outer loop
   vertex 92 135.5 281
   vertex 91 135.5 281
   vertex 91 135.5 280
  endloop
 endfacet
 facet normal 0 -0.70710678118654746 0.70710678118654746
  outer loop
   vertex 93 135 280.5
   vertex 92 135.5 281
   vertex 92 135 280.5
  endloop
 endfacet
 facet normal 0 -0.70710678118654746 0.70710678118654746
  outer loop
   vertex 93 135.5 281
   vertex 92 135.5 281
   vertex 93 135 280.5
  endloop
 endfacet
 facet normal 0 -0.70710678118654746 0.70710678118654746
  outer loop
   vertex 94 135 280.5
   vertex 93 135.5 281
   vertex 93 135 280.5
  endloop
 endfacet
 facet normal 0 -0.70710678118654746 0.70710678118654746
  outer loop
   vertex 94 135.5 281
   vertex 93 135.5 281
   vertex 94 135 280.5
  endloop
 endfacet
 facet normal 0 -0.70710678118654746 0.70710678118654746
  outer loop
   vertex 95 135 280.5
   vertex 94 135.5 281
   vertex 94 135 280.5
  endloop
 endfacet
 facet normal 0 -0.70710678118654746 0.70710678118654746
  outer loop
   vertex 95 135.5 281
   vertex 94 135.5 281
   vertex 95 135 280.5
  endloop
 endfacet
 facet normal 0.57735026918962584 -0.57735026918962584 0.57735026918962584
  outer loop
   vertex 95.5 135 280
   vertex 95 135.5 281
   vertex 95 135 280.5
  endloop
 endfacet
 facet normal 0.57735026918962584 -0.57735026918962584 0.57735026918962584
  outer loop
   vertex 95.5 135 280
   vertex 96 135.5 280
   vertex 95 135.5 281
  endloop
 endfacet
 facet normal -0 -1 -0
  outer loop
   vertex 96 135.5 280
   vertex 96 135.5 281
   vertex 95 135.5 281
  endloop
 endfacet
 facet normal 0.57735026918962584 -0.57735026918962584 0.57735026918962584
  outer loop
   vertex 97 136 280.5
   vertex 96.5 136 281
   vertex 96 135.5 281
  endloop
 endfacet
 facet normal 0.57735026918962584 -0.57735026918962584 0.57735026918962584
  outer loop
   vertex 97 136 280.5
   vertex 96 135.5 281
   vertex 97 135.5 280
  endloop
 endfacet
 facet normal 0 -1 0
  outer loop
   vertex 97 135.5 280
   vertex 96 135.5 281
   vertex 96 135.5 280
  endloop
 endfacet
 facet normal 0.57735026918962584 -0.57735026918962584 0.57735026918962584
  outer loop
   vertex 97 135.5 280
   vertex 97.5 136 280
   vertex 97 136 280.5
  endloop
 endfacet
 facet normal -0.57735026918962584 -0.57735026918962584 0.57735026918962584
  outer loop
   vertex 89 136.5 280
   vertex 89 137 280.5
   vertex 88.5 137 280
  endloop
 endfacet
 facet normal -0.57735026918962584 -0.57735026918962584 0.57735026918962584
  outer loop
   vertex 89 136.5 280
   vertex 89.5 137 281
   vertex 89 137 280.5
  endloop
 endfacet
 facet normal -0.57735026918962584 -0.57735026918962584 0.57735026918962584
  outer loop
   vertex 89.5 136 280
   vertex 89.5 137 281
   vertex 89 136.5 280
  endloop
 endfacet
 facet normal -0.57735026918962584 -0.57735026918962584 0.57735026918962584
  outer loop
   vertex 89.5 136 280
   vertex 90 136.5 281
   vertex 89.5 137 281
  endloop
 endfacet
 facet normal -0.57735026918962584 -0.57735026918962584 0.57735026918962584
  outer loop
   vertex 89.5 136 280
   vertex 90 136 280.5
   vertex 90 136.5 281
  endloop
 endfacet
 facet normal -0.57735026918962584 -0.57735026918962584 0.57735026918962584
  outer loop
   vertex 90.5 136 281
   vertex 90 136.5 281
   vertex 90 136 280.5
  endloop
 endfacet
 facet normal 0.57735026918962584 -0.57735026918962584 0.57735026918962584
  outer loop
   vertex 97 136 280.5
   vertex 97 136.5 281
   vertex 96.5 136 281
  endloop
 endfacet
 facet normal 0.57735026918962584 -0.57735026918962584 0.57735026918962584
  outer loop
   vertex 97.5 136 280
   vertex 97 136.5 281
   vertex 97 136 280.5
  endloop
 endfacet
 facet normal 0.57735026918962584 -0.57735026918962584 0.57735026918962584
  outer loop
   vertex 97.5 136 280
   vertex 98 136.5 280
   vertex 97 136.5 281
  endloop
 endfacet
 facet normal -0 -1 -0
  outer loop
   vertex 98 136.5 280
   vertex 98 136.5 281
   vertex 97 136.5 281
  endloop
 endfacet
 facet normal 0.57735026918962584 -0.57735026918962584 0.57735026918962584
  outer loop
   vertex 99 137 280.5
   vertex 98.5 137 281
   vertex 98 136.5 281
  endloop
 endfacet
 facet normal 0.57735026918962584 -0.57735026918962584 0.57735026918962584
  outer loop
   vertex 99 137 280.5
   vertex 98 136.5 281
   vertex 99 136.5 280
  endloop
 endfacet
 facet normal 0 -1 0
  outer loop
   vertex 99 136.5 280
   vertex 98 136.5 281
   vertex 98 136.5 280
  endloop
 endfacet
 facet normal 0.57735026918962584 -0.57735026918962584 0.57735026918962584
  outer loop
   vertex 99 136.5 280
   vertex 99.5 137 280
   vertex 99 137 280.5
  endloop
 endfacet
 facet normal -0.57735026918962584 -0.57735026918962584 0.57735026918962584
  outer loop
   vertex 89 137 280.5
   vertex 89 137.5 281
   vertex 88.5 138 281
  endloop
 endfacet
 facet normal -0.57735026918962584 -0.57735026918962584 0.57735026918962584
  outer loop
   vertex 89 137 280.5
   vertex 88.5 138 281
   vertex 88.5 137 280
  endloop
 endfacet
 facet normal -1 0 -0
  outer loop
   vertex 88.5 137 280
   vertex 88.5 138 281
   vertex 88.5 138 280
  endloop
 endfacet
 facet normal -0.57735026918962584 -0.57735026918962584 0.57735026918962584
  outer loop
   vertex 89.5 137 281
   vertex 89 137.5 281
   vertex 89 137 280.5
  endloop
 endfacet
 facet normal 0.57735026918962584 -0.57735026918962584 0.57735026918962584
  outer loop
   vertex 99 137 280.5
   vertex 99 137.5 281
   vertex 98.5 137 281
  endloop
 endfacet
 facet normal 0.57735026918962584 -0.57735026918962584 0.57735026918962584
  outer loop
   vertex 99 137.5 281
   vertex 99 137 280.5
   vertex 99.5 137 280
  endloop
 endfacet
 facet normal 0.57735026918962584 -0.57735026918962584 0.57735026918962584
  outer loop
   vertex 99 137.5 281
   vertex 99.5 137 280
   vertex 99.5 138 281
  endloop
 endfacet
 facet normal 1 0 0
  outer loop
   vertex 99.5 138 281
   vertex 99.5 137 280
   vertex 99.5 138 280
  endloop
 endfacet
 facet normal -1 0 0
  outer loop
   vertex 88.5 138 280
   vertex 88.5 138 281
   vertex 88.5 139 280
  endloop
 endfacet
 facet normal -1 -0 -0
  outer loop
   vertex 88.5 138 281
   vertex 88.5 139 281
   vertex 88.5 139 280
  endloop
 endfacet
 facet normal 0.70710678118654746 -0.70710678118654746 0
  outer loop
   vertex 99.5 138 280
   vertex 100 138.5 281
   vertex 99.5 138 281
  endloop
 endfacet
 facet normal 0.70710678118654746 -0.70710678118654746 0
  outer loop
   vertex 100 138.5 280
   vertex 100 138.5 281
   vertex 99.5 138 280
  endloop
 endfacet
 facet normal 0.70710678118654746 -0.70710678118654746 0
  outer loop
   vertex 100 138.5 281
   vertex 100 138.5 280
   vertex 100.5 139 280
  endloop
 endfacet
 facet normal 0.70710678118654746 -0.70710678118654746 0
  outer loop
   vertex 100.5 139 281
   vertex 100 138.5 281
   vertex 100.5 139 280
  endloop
 endfacet
 facet normal -0.57735026918962584 -0.57735026918962584 0.57735026918962584
  outer loop
   vertex 88 139.5 280
   vertex 88 140 280.5
   vertex 87.5 140 280
  endloop
 endfacet
 facet normal -0.57735026918962584 -0.57735026918962584 0.57735026918962584
  outer loop
   vertex 88 139.5 280
   vertex 88.5 140 281
   vertex 88 140 280.5
  endloop
 endfacet
 facet normal -0.57735026918962584 -0.57735026918962584 0.57735026918962584
  outer loop
   vertex 88 139.5 280
   vertex 88.5 139 280
   vertex 88.5 140 281
  endloop
 endfacet
 facet normal -1 0 0
  outer loop
   vertex 88.5 139 280
   vertex 88.5 139 281
   vertex 88.5 140 281
  endloop
 endfacet
 facet normal 0.57735026918962584 -0.57735026918962584 0.57735026918962584
  outer loop
   vertex 101 140 280.5
   vertex 100.5 139 280
   vertex 101 139.5 280
  endloop
 endfacet
 facet normal 0.57735026918962584 -0.57735026918962584 0.57735026918962584
  outer loop
   vertex 101 140 280.5
   vertex 100.5 140 281
   vertex 100.5 139 280
  endloop
 endfacet
 facet normal 1 -0 0
  outer loop
   vertex 100.5 140 281
   vertex 100.5 139 281
   vertex 100.5 139 280
  endloop
 endfacet
 facet normal 0.57735026918962584 -0.57735026918962584 0.57735026918962584
  outer loop
   vertex 101 139.5 280
   vertex 101.5 140 280
   vertex 101 140 280.5
  endloop
 endfacet
 facet normal -0.70710678118654746 0 0.70710678118654746
  outer loop
   vertex 88 140 280.5
   vertex 88 141 280.5
   vertex 87.5 141 280
  endloop
 endfacet
 facet normal -0.70710678118654746 0 0.70710678118654746
  outer loop
   vertex 87.5 140 280
   vertex 88 140 280.5
   vertex 87.5 141 280
  endloop
 endfacet
 facet normal -0.70710678118654746 0 0.70710678118654746
  outer loop
   vertex 88.5 141 281
   vertex 88 140 280.5
   vertex 88.5 140 281
  endloop
 endfacet
 facet normal -0.70710678118654746 0 0.70710678118654746
  outer loop
   vertex 88 141 280.5
   vertex 88 140 280.5
   vertex 88.5 141 281
  endloop
 endfacet
 facet normal 0.57735026918962584 -0.57735026918962584 0.57735026918962584
  outer loop
   vertex 101 140 280.5
   vertex 101 140.5 281
   vertex 100.5 140 281
  endloop
 endfacet
 facet normal 0.57735026918962584 -0.57735026918962584 0.57735026918962584
  outer loop
   vertex 101 140.5 281
   vertex 101 140 280.5
   vertex 101.5 140 280
  endloop
 endfacet
 facet normal 0.57735026918962584 -0.57735026918962584 0.57735026918962584
  outer loop
   vertex 101 140.5 281
   vertex 101.5 140 280
   vertex 101.5 141 281
  endloop
 endfacet
 facet normal 1 0 0
  outer loop
   vertex 101.5 141 281
   vertex 101.5 140 280
   vertex 101.5 141 280
  endloop
 endfacet
 facet normal -0.70710678118654746 0 0.70710678118654746
  outer loop
   vertex 88 141 280.5
   vertex 88 142 280.5
   vertex 87.5 142 280
  endloop
 endfacet
 facet normal -0.70710678118654746 0 0.70710678118654746
  outer loop
   vertex 87.5 141 280
   vertex 88 141 280.5
   vertex 87.5 142 280
  endloop
 endfacet
 facet normal -0.70710678118654746 0 0.70710678118654746
  outer loop
   vertex 88.5 142 281
   vertex 88 141 280.5
   vertex 88.5 141 281
  endloop
 endfacet
 facet normal -0.70710678118654746 0 0.70710678118654746
  outer loop
   vertex 88 142 280.5
   vertex 88 141 280.5
   vertex 88.5 142 281
  endloop
 endfacet
 facet normal 1 0 0
  outer loop
   vertex 101.5 141 280
   vertex 101.5 142 280
   vertex 101.5 141 281
  endloop
 endfacet
 facet normal 1 0 -0
  outer loop
   vertex 101.5 141 281
   vertex 101.5 142 280
   vertex 101.5 142 281
  endloop
 endfacet
 facet normal -0.70710678118654746 0 0.70710678118654746
  outer loop
   vertex 88 142 280.5
   vertex 88 143 280.5
   vertex 87.5 143 280
  endloop
 endfacet
 facet normal -0.70710678118654746 0 0.70710678118654746
  outer loop
   vertex 87.5 142 280
   vertex 88 142 280.5
   vertex 87.5 143 280
  endloop
 endfacet
 facet normal -0.70710678118654746 0 0.70710678118654746
  outer loop
   vertex 88.5 143 281
   vertex 88 142 280.5
   vertex 88.5 142 281
  endloop
 endfacet
 facet normal -0.70710678118654746 0 0.70710678118654746
  outer loop
   vertex 88 143 280.5
   vertex 88 142 280.5
   vertex 88.5 143 281
  endloop
 endfacet
 facet normal 1 0 0
  outer loop
   vertex 101.5 142 280
   vertex 101.5 143 280
   vertex 101.5 142 281
  endloop
 endfacet
 facet normal 1 0 -0
  outer loop
   vertex 101.5 142 281
   vertex 101.5 143 280
   vertex 101.5 143 281
  endloop
 endfacet
 facet normal -0.70710678118654746 0 0.70710678118654746
  outer loop
   vertex 88 143 280.5
   vertex 88 144 280.5
   vertex 87.5 144 280
  endloop
 endfacet
 facet normal -0.70710678118654746 0 0.70710678118654746
  outer loop
   vertex 87.5 143 280
   vertex 88 143 280.5
   vertex 87.5 144 280
  endloop
 endfacet
 facet normal -0.70710678118654746 0 0.70710678118654746
  outer loop
   vertex 88.5 144 281
   vertex 88 143 280.5
   vertex 88.5 143 281
  endloop
 endfacet
 facet normal -0.70710678118654746 0 0.70710678118654746
  outer loop
   vertex 88 144 280.5
   vertex 88 143 280.5
   vertex 88.5 144 281
  endloop
 endfacet
 facet normal 1 0 0
  outer loop
   vertex 101.5 143 280
   vertex 101.5 144 280
   vertex 101.5 143 281
  endloop
 endfacet
 facet normal 1 0 -0
  outer loop
   vertex 101.5 143 281
   vertex 101.5 144 280
   vertex 101.5 144 281
  endloop
 endfacet
 facet normal -0.70710678118654746 0 0.70710678118654746
  outer loop
   vertex 88 144 280.5
   vertex 88 145 280.5
   vertex 87.5 145 280
  endloop
 endfacet
 facet normal -0.70710678118654746 0 0.70710678118654746
  outer loop
   vertex 87.5 144 280
   vertex 88 144 280.5
   vertex 87.5 145 280
  endloop
 endfacet
 facet normal -0.70710678118654746 0 0.70710678118654746
  outer loop
   vertex 88.5 145 281
   vertex 88 144 280.5
   vertex 88.5 144 281
  endloop
 endfacet
 facet normal -0.70710678118654746 0 0.70710678118654746
  outer loop
   vertex 88 145 280.5
   vertex 88 144 280.5
   vertex 88.5 145 281
  endloop
 endfacet
 facet normal 1 0 0
  outer loop
   vertex 101.5 144 280
   vertex 101.5 145 280
   vertex 101.5 144 281
  endloop
 endfacet
 facet normal 1 0 -0
  outer loop
   vertex 101.5 144 281
   vertex 101.5 145 280
   vertex 101.5 145 281
  endloop
 endfacet
 facet normal -0.57735026918962584 0.57735026918962584 0.57735026918962584
  outer loop
   vertex 87.5 145 280
   vertex 88 145 280.5
   vertex 88 145.5 280
  endloop
 endfacet
 facet normal -0.57735026918962584 0.57735026918962584 0.57735026918962584
  outer loop
   vertex 88 145 280.5
   vertex 88.5 146 280
   vertex 88 145.5 280
  endloop
 endfacet
 facet normal -0.57735026918962584 0.57735026918962584 0.57735026918962584
  outer loop
   vertex 88 145 280.5
   vertex 88.5 145 281
   vertex 88.5 146 280
  endloop
 endfacet
 facet normal -1 -0 -0
  outer loop
   vertex 88.5 145 281
   vertex 88.5 146 281
   vertex 88.5 146 280
  endloop
 endfacet
 facet normal 0.57735026918962584 0.57735026918962584 0.57735026918962584
  outer loop
   vertex 101 146 280.5
   vertex 100.5 146 281
   vertex 101 145.5 281
  endloop
 endfacet
 facet normal 0.57735026918962584 0.57735026918962584 0.57735026918962584
  outer loop
   vertex 101 146 280.5
   vertex 101 145.5 281
   vertex 101.5 145 281
  endloop
 endfacet
 facet normal 0.57735026918962584 0.57735026918962584 0.57735026918962584
  outer loop
   vertex 101 146 280.5
   vertex 101.5 145 281
   vertex 101.5 146 280
  endloop
 endfacet
 facet normal 1 0 0
  outer loop
   vertex 101.5 146 280
   vertex 101.5 145 281
   vertex 101.5 145 280
  endloop
 endfacet
 facet normal -0.57735026918962584 0.57735026918962584 0.57735026918962584
  outer loop
   vertex 89 146.5 281
   vertex 89 147 280.5
   vertex 88.5 147 280
  endloop
 endfacet
 facet normal -0.57735026918962584 0.57735026918962584 0.57735026918962584
  outer loop
   vertex 89 146.5 281
   vertex 88.5 147 280
   vertex 88.5 146 281
  endloop
 endfacet
 facet normal -1 0 0
  outer loop
   vertex 88.5 146 281
   vertex 88.5 147 280
   vertex 88.5 146 280
  endloop
 endfacet
 facet normal -0.57735026918962584 0.57735026918962584 0.57735026918962584
  outer loop
   vertex 89 146.5 281
   vertex 89.5 147 281
   vertex 89 147 280.5
  endloop
 endfacet
 facet normal 0.70710678118654746 0 0.70710678118654746
  outer loop
   vertex 101 147 280.5
   vertex 100.5 146 281
   vertex 101 146 280.5
  endloop
 endfacet
 facet normal 0.70710678118654746 -0 0.70710678118654746
  outer loop
   vertex 100.5 147 281
   vertex 100.5 146 281
   vertex 101 147 280.5
  endloop
 endfacet
 facet normal 0.70710678118654746 0 0.70710678118654746
  outer loop
   vertex 101.5 146 280
   vertex 101.5 147 280
   vertex 101 147 280.5
  endloop
 endfacet
 facet normal 0.70710678118654746 0 0.70710678118654746
  outer loop
   vertex 101 146 280.5
   vertex 101.5 146 280
   vertex 101 147 280.5
  endloop
 endfacet
 facet normal -0.57735026918962584 0.57735026918962584 0.57735026918962584
  outer loop
   vertex 88.5 147 280
   vertex 89 147 280.5
   vertex 89 147.5 280
  endloop
 endfacet
 facet normal -0.57735026918962584 0.57735026918962584 0.57735026918962584
  outer loop
   vertex 89.5 148 280
   vertex 90 147.5 281
   vertex 90 148 280.5
  endloop
 endfacet
 facet normal -0.57735026918962584 0.57735026918962584 0.57735026918962584
  outer loop
   vertex 89 147.5 280
   vertex 90 147.5 281
   vertex 89.5 148 280
  endloop
 endfacet
 facet normal -0.57735026918962584 0.57735026918962584 0.57735026918962584
  outer loop
   vertex 89 147.5 280
   vertex 89.5 147 281
   vertex 90 147.5 281
  endloop
 endfacet
 facet normal -0.57735026918962584 0.57735026918962584 0.57735026918962584
  outer loop
   vertex 89 147.5 280
   vertex 89 147 280.5
   vertex 89.5 147 281
  endloop
 endfacet
 facet normal -0.57735026918962584 0.57735026918962584 0.57735026918962584
  outer loop
   vertex 90 147.5 281
   vertex 90.5 148 281
   vertex 90 148 280.5
  endloop
 endfacet
 facet normal 0.57735026918962584 0.57735026918962584 0.57735026918962584
  outer loop
   vertex 100 148 280.5
   vertex 99.5 148 281
   vertex 100 147.5 281
  endloop
 endfacet
 facet normal 0.57735026918962584 0.57735026918962584 0.57735026918962584
  outer loop
   vertex 100.5 147 281
   vertex 100 148 280.5
   vertex 100 147.5 281
  endloop
 endfacet
 facet normal 0.57735026918962584 0.57735026918962584 0.57735026918962584
  outer loop
   vertex 101 147 280.5
   vertex 100 148 280.5
   vertex 100.5 147 281
  endloop
 endfacet
 facet normal 0.57735026918962584 0.57735026918962584 0.57735026918962584
  outer loop
   vertex 101 147 280.5
   vertex 100.5 148 280
   vertex 100 148 280.5
  endloop
 endfacet
 facet normal 0.57735026918962584 0.57735026918962584 0.57735026918962584
  outer loop
   vertex 101 147 280.5
   vertex 101 147.5 280
   vertex 100.5 148 280
  endloop
 endfacet
 facet normal 0.57735026918962584 0.57735026918962584 0.57735026918962584
  outer loop
   vertex 101.5 147 280
   vertex 101 147.5 280
   vertex 101 147 280.5
  endloop
 endfacet
 facet normal -0.57735026918962584 0.57735026918962584 0.57735026918962584
  outer loop
   vertex 89.5 148 280
   vertex 90 148 280.5
   vertex 90 148.5 280
  endloop
 endfacet
 facet normal -0.57735026918962584 0.57735026918962584 0.57735026918962584
  outer loop
   vertex 90.5 149 280
   vertex 91 148.5 281
   vertex 91 149 280.5
  endloop
 endfacet
 facet normal -0.57735026918962584 0.57735026918962584 0.57735026918962584
  outer loop
   vertex 90 148.5 280
   vertex 91 148.5 281
   vertex 90.5 149 280
  endloop
 endfacet
 facet normal -0.57735026918962584 0.57735026918962584 0.57735026918962584
  outer loop
   vertex 90 148.5 280
   vertex 90.5 148 281
   vertex 91 148.5 281
  endloop
 endfacet
 facet normal -0.57735026918962584 0.57735026918962584 0.57735026918962584
  outer loop
   vertex 90 148.5 280
   vertex 90 148 280.5
   vertex 90.5 148 281
  endloop
 endfacet
 facet normal -0.57735026918962584 0.57735026918962584 0.57735026918962584
  outer loop
   vertex 91 148.5 281
   vertex 91.5 149 281
   vertex 91 149 280.5
  endloop
 endfacet
 facet normal 0.57735026918962584 0.57735026918962584 0.57735026918962584
  outer loop
   vertex 99 149 280.5
   vertex 98.5 149 281
   vertex 99 148.5 281
  endloop
 endfacet
 facet normal 0.57735026918962584 0.57735026918962584 0.57735026918962584
  outer loop
   vertex 99.5 148 281
   vertex 99 149 280.5
   vertex 99 148.5 281
  endloop
 endfacet
 facet normal 0.57735026918962584 0.57735026918962584 0.57735026918962584
  outer loop
   vertex 100 148 280.5
   vertex 99 149 280.5
   vertex 99.5 148 281
  endloop
 endfacet
 facet normal 0.57735026918962584 0.57735026918962584 0.57735026918962584
  outer loop
   vertex 100 148 280.5
   vertex 99.5 149 280
   vertex 99 149 280.5
  endloop
 endfacet
 facet normal 0.57735026918962584 0.57735026918962584 0.57735026918962584
  outer loop
   vertex 100 148 280.5
   vertex 100 148.5 280
   vertex 99.5 149 280
  endloop
 endfacet
 facet normal 0.57735026918962584 0.57735026918962584 0.57735026918962584
  outer loop
   vertex 100.5 148 280
   vertex 100 148.5 280
   vertex 100 148 280.5
  endloop
 endfacet
 facet normal -0.57735026918962584 0.57735026918962584 0.57735026918962584
  outer loop
   vertex 90.5 149 280
   vertex 91 149 280.5
   vertex 91 149.5 280
  endloop
 endfacet
 facet normal -0.57735026918962584 0.57735026918962584 0.57735026918962584
  outer loop
   vertex 91 149 280.5
   vertex 91.5 149 281
   vertex 92 149.5 281
  endloop
 endfacet
 facet normal -0.57735026918962584 0.57735026918962584 0.57735026918962584
  outer loop
   vertex 91 149 280.5
   vertex 92 149.5 281
   vertex 91 149.5 280
  endloop
 endfacet
 facet normal 0 1 0
  outer loop
   vertex 91 149.5 280
   vertex 92 149.5 281
   vertex 92 149.5 280
  endloop
 endfacet
 facet normal -0.57735026918962584 0.57735026918962584 0.57735026918962584
  outer loop
   vertex 92.5 150 280
   vertex 93 149.5 281
   vertex 93 150 280.5
  endloop
 endfacet
 facet normal -0.57735026918962584 0.57735026918962584 0.57735026918962584
  outer loop
   vertex 92.5 150 280
   vertex 92 149.5 280
   vertex 93 149.5 281
  endloop
 endfacet
 facet normal -0 1 0
  outer loop
   vertex 92 149.5 280
   vertex 92 149.5 281
   vertex 93 149.5 281
  endloop
 endfacet
 facet normal -0.57735026918962584 0.57735026918962584 0.57735026918962584
  outer loop
   vertex 93 149.5 281
   vertex 93.5 150 281
   vertex 93 150 280.5
  endloop
 endfacet
 facet normal 0.57735026918962584 0.57735026918962584 0.57735026918962584
  outer loop
   vertex 98 150 280.5
   vertex 97.5 150 281
   vertex 98 149.5 281
  endloop
 endfacet
 facet normal 0.57735026918962584 0.57735026918962584 0.57735026918962584
  outer loop
   vertex 98.5 149 281
   vertex 98 150 280.5
   vertex 98 149.5 281
  endloop
 endfacet
 facet normal 0.57735026918962584 0.57735026918962584 0.57735026918962584
  outer loop
   vertex 99 149 280.5
   vertex 98 150 280.5
   vertex 98.5 149 281
  endloop
 endfacet
 facet normal 0.57735026918962584 0.57735026918962584 0.57735026918962584
  outer loop
   vertex 99 149 280.5
   vertex 98.5 150 280
   vertex 98 150 280.5
  endloop
 endfacet
 facet normal 0.57735026918962584 0.57735026918962584 0.57735026918962584
  outer loop
   vertex 99 149 280.5
   vertex 99 149.5 280
   vertex 98.5 150 280
  endloop
 endfacet
 facet normal 0.57735026918962584 0.57735026918962584 0.57735026918962584
  outer loop
   vertex 99.5 149 280
   vertex 99 149.5 280
   vertex 99 149 280.5
  endloop
 endfacet
 facet normal -0.57735026918962584 0.57735026918962584 0.57735026918962584
  outer loop
   vertex 92.5 150 280
   vertex 93 150 280.5
   vertex 93 150.5 280
  endloop
 endfacet
 facet normal -0.57735026918962584 0.57735026918962584 0.57735026918962584
  outer loop
   vertex 93 150 280.5
   vertex 93.5 150 281
   vertex 94 150.5 281
  endloop
 endfacet
 facet normal -0.57735026918962584 0.57735026918962584 0.57735026918962584
  outer loop
   vertex 93 150 280.5
   vertex 94 150.5 281
   vertex 93 150.5 280
  endloop
 endfacet
 facet normal 0 1 0
  outer loop
   vertex 93 150.5 280
   vertex 94 150.5 281
   vertex 94 150.5 280
  endloop
 endfacet
 facet normal -0.57735026918962584 0.57735026918962584 0.57735026918962584
  outer loop
   vertex 94.5 151 280
   vertex 95 150.5 281
   vertex 95 151 280.5
  endloop
 endfacet
 facet normal -0.57735026918962584 0.57735026918962584 0.57735026918962584
  outer loop
   vertex 94.5 151 280
   vertex 94 150.5 280
   vertex 95 150.5 281
  endloop
 endfacet
 facet normal -0 1 0
  outer loop
   vertex 94 150.5 280
   vertex 94 150.5 281
   vertex 95 150.5 281
  endloop
 endfacet
 facet normal 0 0.70710678118654746 0.70710678118654746
  outer loop
   vertex 95 151 280.5
   vertex 96 150.5 281
   vertex 96 151 280.5
  endloop
 endfacet
 facet normal 0 0.70710678118654746 0.70710678118654746
  outer loop
   vertex 95 150.5 281
   vertex 96 150.5 281
   vertex 95 151 280.5
  endloop
 endfacet
 facet normal 0.57735026918962584 0.57735026918962584 0.57735026918962584
  outer loop
   vertex 96 151 280.5
   vertex 97 150.5 280
   vertex 96.5 151 280
  endloop
 endfacet
 facet normal 0.57735026918962584 0.57735026918962584 0.57735026918962584
  outer loop
   vertex 96 151 280.5
   vertex 96 150.5 281
   vertex 97 150.5 280
  endloop
 endfacet
 facet normal 0 1 0
  outer loop
   vertex 96 150.5 281
   vertex 97 150.5 281
   vertex 97 150.5 280
  endloop
 endfacet
 facet normal 0.57735026918962584 0.57735026918962584 0.57735026918962584
  outer loop
   vertex 97.5 150 281
   vertex 98 150 280.5
   vertex 98 150.5 280
  endloop
 endfacet
 facet normal 0.57735026918962584 0.57735026918962584 0.57735026918962584
  outer loop
   vertex 97.5 150 281
   vertex 98 150.5 280
   vertex 97 150.5 281
  endloop
 endfacet
 facet normal 0 1 0
  outer loop
   vertex 97 150.5 281
   vertex 98 150.5 280
   vertex 97 150.5 280
  endloop
 endfacet
 facet normal 0.57735026918962584 0.57735026918962584 0.57735026918962584
  outer loop
   vertex 98.5 150 280
   vertex 98 150.5 280
   vertex 98 150 280.5
  endloop
 endfacet
 facet normal -0.57735026918962584 0.57735026918962584 0.57735026918962584
  outer loop
   vertex 94.5 151 280
   vertex 95 151 280.5
   vertex 95 151.5 280
  endloop
 endfacet
 facet normal -0 0.70710678118654746 0.70710678118654746
  outer loop
   vertex 96 151.5 280
   vertex 95 151.5 280
   vertex 95 151 280.5
  endloop
 endfacet
 facet normal 0 0.70710678118654746 0.70710678118654746
  outer loop
   vertex 96 151 280.5
   vertex 96 151.5 280
   vertex 95 151 280.5
  endloop
 endfacet
 facet normal 0.57735026918962584 0.57735026918962584 0.57735026918962584
  outer loop
   vertex 96.5 151 280
   vertex 96 151.5 280
   vertex 96 151 280.5
  endloop
 endfacet
 facet normal -0.57735026918962584 -0.57735026918962584 0.57735026918962584
  outer loop
   vertex 91 135.5 281
   vertex 91 136 281.5
   vertex 90.5 136 281
  endloop
 endfacet
 facet normal 0 -0.70710678118654746 0.70710678118654746
  outer loop
   vertex 91 135.5 281
   vertex 92 135.5 281
   vertex 92 136 281.5
  endloop
 endfacet
 facet normal 0 -0.70710678118654746 0.70710678118654746
  outer loop
   vertex 91 136 281.5
   vertex 91 135.5 281
   vertex 92 136 281.5
  endloop
 endfacet
 facet normal 0 -0.70710678118654746 0.70710678118654746
  outer loop
   vertex 92 135.5 281
   vertex 93 135.5 281
   vertex 93 136 281.5
  endloop
 endfacet
 facet normal 0 -0.70710678118654746 0.70710678118654746
  outer loop
   vertex 92 136 281.5
   vertex 92 135.5 281
   vertex 93 136 281.5
  endloop
 endfacet
 facet normal 0 -0.70710678118654746 0.70710678118654746
  outer loop
   vertex 93 135.5 281
   vertex 94 135.5 281
   vertex 94 136 281.5
  endloop
 endfacet
 facet normal 0 -0.70710678118654746 0.70710678118654746
  outer loop
   vertex 93 136 281.5
   vertex 93 135.5 281
   vertex 94 136 281.5
  endloop
 endfacet
 facet normal 0 -0.70710678118654746 0.70710678118654746
  outer loop
   vertex 94 135.5 281
   vertex 95 135.5 281
   vertex 95 136 281.5
  endloop
 endfacet
 facet normal 0 -0.70710678118654746 0.70710678118654746
  outer loop
   vertex 94 136 281.5
   vertex 94 135.5 281
   vertex 95 136 281.5
  endloop
 endfacet
 facet normal 0 -0.70710678118654746 0.70710678118654746
  outer loop
   vertex 95 135.5 281
   vertex 96 135.5 281
   vertex 96 136 281.5
  endloop
 endfacet
 facet normal 0 -0.70710678118654746 0.70710678118654746
  outer loop
   vertex 95 136 281.5
   vertex 95 135.5 281
   vertex 96 136 281.5
  endloop
 endfacet
 facet normal 0.57735026918962584 -0.57735026918962584 0.57735026918962584
  outer loop
   vertex 96 135.5 281
   vertex 96.5 136 281
   vertex 96 136 281.5
  endloop
 endfacet
 facet normal -0.57735026918962584 -0.57735026918962584 0.57735026918962584
  outer loop
   vertex 90 136.5 281
   vertex 90 137 281.5
   vertex 89.5 137 281
  endloop
 endfacet
 facet normal -0.57735026918962584 -0.57735026918962584 0.57735026918962584
  outer loop
   vertex 90 136.5 281
   vertex 90.5 137 282
   vertex 90 137 281.5
  endloop
 endfacet
 facet normal -0.57735026918962584 -0.57735026918962584 0.57735026918962584
  outer loop
   vertex 90.5 136 281
   vertex 90.5 137 282
   vertex 90 136.5 281
  endloop
 endfacet
 facet normal -0.57735026918962584 -0.57735026918962584 0.57735026918962584
  outer loop
   vertex 90.5 136 281
   vertex 91 136.5 282
   vertex 90.5 137 282
  endloop
 endfacet
 facet normal -0.57735026918962584 -0.57735026918962584 0.57735026918962584
  outer loop
   vertex 90.5 136 281
   vertex 91 136 281.5
   vertex 91 136.5 282
  endloop
 endfacet
 facet normal 0 -0.70710678118654746 0.70710678118654746
  outer loop
   vertex 92 136 281.5
   vertex 91 136.5 282
   vertex 91 136 281.5
  endloop
 endfacet
 facet normal 0 -0.70710678118654746 0.70710678118654746
  outer loop
   vertex 92 136.5 282
   vertex 91 136.5 282
   vertex 92 136 281.5
  endloop
 endfacet
 facet normal 0 -0.70710678118654746 0.70710678118654746
  outer loop
   vertex 93 136 281.5
   vertex 92 136.5 282
   vertex 92 136 281.5
  endloop
 endfacet
 facet normal 0 -0.70710678118654746 0.70710678118654746
  outer loop
   vertex 93 136.5 282
   vertex 92 136.5 282
   vertex 93 136 281.5
  endloop
 endfacet
 facet normal 0 -0.70710678118654746 0.70710678118654746
  outer loop
   vertex 94 136 281.5
   vertex 93 136.5 282
   vertex 93 136 281.5
  endloop
 endfacet
 facet normal 0 -0.70710678118654746 0.70710678118654746
  outer loop
   vertex 94 136.5 282
   vertex 93 136.5 282
   vertex 94 136 281.5
  endloop
 endfacet
 facet normal 0 -0.70710678118654746 0.70710678118654746
  outer loop
   vertex 95 136 281.5
   vertex 94 136.5 282
   vertex 94 136 281.5
  endloop
 endfacet
 facet normal 0 -0.70710678118654746 0.70710678118654746
  outer loop
   vertex 95 136.5 282
   vertex 94 136.5 282
   vertex 95 136 281.5
  endloop
 endfacet
 facet normal 0 -0.70710678118654746 0.70710678118654746
  outer loop
   vertex 96 136 281.5
   vertex 95 136.5 282
   vertex 95 136 281.5
  endloop
 endfacet
 facet normal 0 -0.70710678118654746 0.70710678118654746
  outer loop
   vertex 96 136.5 282
   vertex 95 136.5 282
   vertex 96 136 281.5
  endloop
 endfacet
 facet normal 0.57735026918962584 -0.57735026918962584 0.57735026918962584
  outer loop
   vertex 96.5 136 281
   vertex 96 136.5 282
   vertex 96 136 281.5
  endloop
 endfacet
 facet normal 0.57735026918962584 -0.57735026918962584 0.57735026918962584
  outer loop
   vertex 96.5 136 281
   vertex 97 136.5 281
   vertex 96 136.5 282
  endloop
 endfacet
 facet normal -0 -1 -0
  outer loop
   vertex 97 136.5 281
   vertex 97 136.5 282
   vertex 96 136.5 282
  endloop
 endfacet
 facet normal 0.57735026918962584 -0.57735026918962584 0.57735026918962584
  outer loop
   vertex 98 137 281.5
   vertex 97.5 137 282
   vertex 97 136.5 282
  endloop
 endfacet
 facet normal 0.57735026918962584 -0.57735026918962584 0.57735026918962584
  outer loop
   vertex 98 137 281.5
   vertex 97 136.5 282
   vertex 98 136.5 281
  endloop
 endfacet
 facet normal 0 -1 0
  outer loop
   vertex 98 136.5 281
   vertex 97 136.5 282
   vertex 97 136.5 281
  endloop
 endfacet
 facet normal 0.57735026918962584 -0.57735026918962584 0.57735026918962584
  outer loop
   vertex 98 136.5 281
   vertex 98.5 137 281
   vertex 98 137 281.5
  endloop
 endfacet
 facet normal -0.57735026918962584 -0.57735026918962584 0.57735026918962584
  outer loop
   vertex 89 137.5 281
   vertex 89 138 281.5
   vertex 88.5 138 281
  endloop
 endfacet
 facet normal -0.57735026918962584 -0.57735026918962584 0.57735026918962584
  outer loop
   vertex 89 137.5 281
   vertex 89.5 138 282
   vertex 89 138 281.5
  endloop
 endfacet
 facet normal -0.57735026918962584 -0.57735026918962584 0.57735026918962584
  outer loop
   vertex 89.5 137 281
   vertex 89.5 138 282
   vertex 89 137.5 281
  endloop
 endfacet
 facet normal -0.57735026918962584 -0.57735026918962584 0.57735026918962584
  outer loop
   vertex 89.5 137 281
   vertex 90 137.5 282
   vertex 89.5 138 282
  endloop
 endfacet
 facet normal -0.57735026918962584 -0.57735026918962584 0.57735026918962584
  outer loop
   vertex 89.5 137 281
   vertex 90 137 281.5
   vertex 90 137.5 282
  endloop
 endfacet
 facet normal -0.57735026918962584 -0.57735026918962584 0.57735026918962584
  outer loop
   vertex 90.5 137 282
   vertex 90 137.5 282
   vertex 90 137 281.5
  endloop
 endfacet
 facet normal 0.57735026918962584 -0.57735026918962584 0.57735026918962584
  outer loop
   vertex 98 137 281.5
   vertex 98 137.5 282
   vertex 97.5 137 282
  endloop
 endfacet
 facet normal 0.57735026918962584 -0.57735026918962584 0.57735026918962584
  outer loop
   vertex 99 138 281.5
   vertex 98.5 138 282
   vertex 98 137.5 282
  endloop
 endfacet
 facet normal 0.57735026918962584 -0.57735026918962584 0.57735026918962584
  outer loop
   vertex 99 137.5 281
   vertex 99 138 281.5
   vertex 98 137.5 282
  endloop
 endfacet
 facet normal 0.57735026918962584 -0.57735026918962584 0.57735026918962584
  outer loop
   vertex 99 137.5 281
   vertex 98 137.5 282
   vertex 98 137 281.5
  endloop
 endfacet
 facet normal 0.57735026918962584 -0.57735026918962584 0.57735026918962584
  outer loop
   vertex 99 137.5 281
   vertex 98 137 281.5
   vertex 98.5 137 281
  endloop
 endfacet
 facet normal 0.57735026918962584 -0.57735026918962584 0.57735026918962584
  outer loop
   vertex 99 137.5 281
   vertex 99.5 138 281
   vertex 99 138 281.5
  endloop
 endfacet
 facet normal -0.57735026918962584 -0.57735026918962584 0.57735026918962584
  outer loop
   vertex 89 138 281.5
   vertex 89 138.5 282
   vertex 88.5 139 282
  endloop
 endfacet
 facet normal -0.57735026918962584 -0.57735026918962584 0.57735026918962584
  outer loop
   vertex 89 138 281.5
   vertex 88.5 139 282
   vertex 88.5 138 281
  endloop
 endfacet
 facet normal -1 0 -0
  outer loop
   vertex 88.5 138 281
   vertex 88.5 139 282
   vertex 88.5 139 281
  endloop
 endfacet
 facet normal -0.57735026918962584 -0.57735026918962584 0.57735026918962584
  outer loop
   vertex 89.5 138 282
   vertex 89 138.5 282
   vertex 89 138 281.5
  endloop
 endfacet
 facet normal 0.57735026918962584 -0.57735026918962584 0.57735026918962584
  outer loop
   vertex 99 138 281.5
   vertex 99 138.5 282
   vertex 98.5 138 282
  endloop
 endfacet
 facet normal 0.57735026918962584 -0.57735026918962584 0.57735026918962584
  outer loop
   vertex 100 139 281.5
   vertex 99.5 139 282
   vertex 99 138.5 282
  endloop
 endfacet
 facet normal 0.57735026918962584 -0.57735026918962584 0.57735026918962584
  outer loop
   vertex 100 138.5 281
   vertex 100 139 281.5
   vertex 99 138.5 282
  endloop
 endfacet
 facet normal 0.57735026918962584 -0.57735026918962584 0.57735026918962584
  outer loop
   vertex 100 138.5 281
   vertex 99 138.5 282
   vertex 99 138 281.5
  endloop
 endfacet
 facet normal 0.57735026918962584 -0.57735026918962584 0.57735026918962584
  outer loop
   vertex 100 138.5 281
   vertex 99 138 281.5
   vertex 99.5 138 281
  endloop
 endfacet
 facet normal 0.57735026918962584 -0.57735026918962584 0.57735026918962584
  outer loop
   vertex 100 138.5 281
   vertex 100.5 139 281
   vertex 100 139 281.5
  endloop
 endfacet
 facet normal -1 0 0
  outer loop
   vertex 88.5 139 281
   vertex 88.5 139 282
   vertex 88.5 140 281
  endloop
 endfacet
 facet normal -1 -0 -0
  outer loop
   vertex 88.5 139 282
   vertex 88.5 140 282
   vertex 88.5 140 281
  endloop
 endfacet
 facet normal 0.57735026918962584 -0.57735026918962584 0.57735026918962584
  outer loop
   vertex 100 139 281.5
   vertex 100 139.5 282
   vertex 99.5 139 282
  endloop
 endfacet
 facet normal 0.57735026918962584 -0.57735026918962584 0.57735026918962584
  outer loop
   vertex 100 139.5 282
   vertex 100 139 281.5
   vertex 100.5 139 281
  endloop
 endfacet
 facet normal 0.57735026918962584 -0.57735026918962584 0.57735026918962584
  outer loop
   vertex 100 139.5 282
   vertex 100.5 139 281
   vertex 100.5 140 282
  endloop
 endfacet
 facet normal 1 0 0
  outer loop
   vertex 100.5 140 282
   vertex 100.5 139 281
   vertex 100.5 140 281
  endloop
 endfacet
 facet normal -1 0 0
  outer loop
   vertex 88.5 140 281
   vertex 88.5 140 282
   vertex 88.5 141 281
  endloop
 endfacet
 facet normal -1 -0 -0
  outer loop
   vertex 88.5 140 282
   vertex 88.5 141 282
   vertex 88.5 141 281
  endloop
 endfacet
 facet normal 0.57735026918962584 -0.57735026918962584 0.57735026918962584
  outer loop
   vertex 101 141 281.5
   vertex 100.5 140 281
   vertex 101 140.5 281
  endloop
 endfacet
 facet normal 0.57735026918962584 -0.57735026918962584 0.57735026918962584
  outer loop
   vertex 101 141 281.5
   vertex 100.5 141 282
   vertex 100.5 140 281
  endloop
 endfacet
 facet normal 1 -0 0
  outer loop
   vertex 100.5 141 282
   vertex 100.5 140 282
   vertex 100.5 140 281
  endloop
 endfacet
 facet normal 0.57735026918962584 -0.57735026918962584 0.57735026918962584
  outer loop
   vertex 101 140.5 281
   vertex 101.5 141 281
   vertex 101 141 281.5
  endloop
 endfacet
 facet normal -1 0 0
  outer loop
   vertex 88.5 141 281
   vertex 88.5 141 282
   vertex 88.5 142 281
  endloop
 endfacet
 facet normal -1 -0 -0
  outer loop
   vertex 88.5 141 282
   vertex 88.5 142 282
   vertex 88.5 142 281
  endloop
 endfacet
 facet normal 0.70710678118654746 0 0.70710678118654746
  outer loop
   vertex 101 142 281.5
   vertex 100.5 141 282
   vertex 101 141 281.5
  endloop
 endfacet
 facet normal 0.70710678118654746 -0 0.70710678118654746
  outer loop
   vertex 100.5 142 282
   vertex 100.5 141 282
   vertex 101 142 281.5
  endloop
 endfacet
 facet normal 0.70710678118654746 0 0.70710678118654746
  outer loop
   vertex 101.5 141 281
   vertex 101.5 142 281
   vertex 101 142 281.5
  endloop
 endfacet
 facet normal 0.70710678118654746 0 0.70710678118654746
  outer loop
   vertex 101 141 281.5
   vertex 101.5 141 281
   vertex 101 142 281.5
  endloop
 endfacet
 facet normal -1 0 0
  outer loop
   vertex 88.5 142 281
   vertex 88.5 142 282
   vertex 88.5 143 281
  endloop
 endfacet
 facet normal -1 -0 -0
  outer loop
   vertex 88.5 142 282
   vertex 88.5 143 282
   vertex 88.5 143 281
  endloop
 endfacet
 facet normal 0.70710678118654746 0 0.70710678118654746
  outer loop
   vertex 101 143 281.5
   vertex 100.5 142 282
   vertex 101 142 281.5
  endloop
 endfacet
 facet normal 0.70710678118654746 -0 0.70710678118654746
  outer loop
   vertex 100.5 143 282
   vertex 100.5 142 282
   vertex 101 143 281.5
  endloop
 endfacet
 facet normal 0.70710678118654746 0 0.70710678118654746
  outer loop
   vertex 101.5 142 281
   vertex 101.5 143 281
   vertex 101 143 281.5
  endloop
 endfacet
 facet normal 0.70710678118654746 0 0.70710678118654746
  outer loop
   vertex 101 142 281.5
   vertex 101.5 142 281
   vertex 101 143 281.5
  endloop
 endfacet
 facet normal -1 0 0
  outer loop
   vertex 88.5 143 281
   vertex 88.5 143 282
   vertex 88.5 144 281
  endloop
 endfacet
 facet normal -1 -0 -0
  outer loop
   vertex 88.5 143 282
   vertex 88.5 144 282
   vertex 88.5 144 281
  endloop
 endfacet
 facet normal 0.70710678118654746 0 0.70710678118654746
  outer loop
   vertex 101 144 281.5
   vertex 100.5 143 282
   vertex 101 143 281.5
  endloop
 endfacet
 facet normal 0.70710678118654746 -0 0.70710678118654746
  outer loop
   vertex 100.5 144 282
   vertex 100.5 143 282
   vertex 101 144 281.5
  endloop
 endfacet
 facet normal 0.70710678118654746 0 0.70710678118654746
  outer loop
   vertex 101.5 143 281
   vertex 101.5 144 281
   vertex 101 144 281.5
  endloop
 endfacet
 facet normal 0.70710678118654746 0 0.70710678118654746
  outer loop
   vertex 101 143 281.5
   vertex 101.5 143 281
   vertex 101 144 281.5
  endloop
 endfacet
 facet normal -1 0 0
  outer loop
   vertex 88.5 144 281
   vertex 88.5 144 282
   vertex 88.5 145 281
  endloop
 endfacet
 facet normal -1 -0 -0
  outer loop
   vertex 88.5 144 282
   vertex 88.5 145 282
   vertex 88.5 145 281
  endloop
 endfacet
 facet normal 0.70710678118654746 0 0.70710678118654746
  outer loop
   vertex 101 145 281.5
   vertex 100.5 144 282
   vertex 101 144 281.5
  endloop
 endfacet
 facet normal 0.70710678118654746 -0 0.70710678118654746
  outer loop
   vertex 100.5 145 282
   vertex 100.5 144 282
   vertex 101 145 281.5
  endloop
 endfacet
 facet normal 0.70710678118654746 0 0.70710678118654746
  outer loop
   vertex 101.5 144 281
   vertex 101.5 145 281
   vertex 101 145 281.5
  endloop
 endfacet
 facet normal 0.70710678118654746 0 0.70710678118654746
  outer loop
   vertex 101 144 281.5
   vertex 101.5 144 281
   vertex 101 145 281.5
  endloop
 endfacet
 facet normal -0.57735026918962584 0.57735026918962584 0.57735026918962584
  outer loop
   vertex 89 145.5 282
   vertex 89 146 281.5
   vertex 88.5 146 281
  endloop
 endfacet
 facet normal -0.57735026918962584 0.57735026918962584 0.57735026918962584
  outer loop
   vertex 89 145.5 282
   vertex 88.5 146 281
   vertex 88.5 145 282
  endloop
 endfacet
 facet normal -1 0 0
  outer loop
   vertex 88.5 145 282
   vertex 88.5 146 281
   vertex 88.5 145 281
  endloop
 endfacet
 facet normal -0.57735026918962584 0.57735026918962584 0.57735026918962584
  outer loop
   vertex 89 145.5 282
   vertex 89.5 146 282
   vertex 89 146 281.5
  endloop
 endfacet
 facet normal 0.57735026918962584 0.57735026918962584 0.57735026918962584
  outer loop
   vertex 101 145.5 281
   vertex 100.5 145 282
   vertex 101 145 281.5
  endloop
 endfacet
 facet normal 0.57735026918962584 0.57735026918962584 0.57735026918962584
  outer loop
   vertex 101 145.5 281
   vertex 100.5 146 281
   vertex 100.5 145 282
  endloop
 endfacet
 facet normal 1 0 0
  outer loop
   vertex 100.5 146 281
   vertex 100.5 146 282
   vertex 100.5 145 282
  endloop
 endfacet
 facet normal 0.57735026918962584 0.57735026918962584 0.57735026918962584
  outer loop
   vertex 101.5 145 281
   vertex 101 145.5 281
   vertex 101 145 281.5
  endloop
 endfacet
 facet normal -0.57735026918962584 0.57735026918962584 0.57735026918962584
  outer loop
   vertex 88.5 146 281
   vertex 89 146 281.5
   vertex 89 146.5 281
  endloop
 endfacet
 facet normal -0.57735026918962584 0.57735026918962584 0.57735026918962584
  outer loop
   vertex 89.5 147 281
   vertex 90 146.5 282
   vertex 90 147 281.5
  endloop
 endfacet
 facet normal -0.57735026918962584 0.57735026918962584 0.57735026918962584
  outer loop
   vertex 89 146.5 281
   vertex 90 146.5 282
   vertex 89.5 147 281
  endloop
 endfacet
 facet normal -0.57735026918962584 0.57735026918962584 0.57735026918962584
  outer loop
   vertex 89 146.5 281
   vertex 89.5 146 282
   vertex 90 146.5 282
  endloop
 endfacet
 facet normal -0.57735026918962584 0.57735026918962584 0.57735026918962584
  outer loop
   vertex 89 146.5 281
   vertex 89 146 281.5
   vertex 89.5 146 282
  endloop
 endfacet
 facet normal -0.57735026918962584 0.57735026918962584 0.57735026918962584
  outer loop
   vertex 90 146.5 282
   vertex 90.5 147 282
   vertex 90 147 281.5
  endloop
 endfacet
 facet normal 0.57735026918962584 0.57735026918962584 0.57735026918962584
  outer loop
   vertex 100 147 281.5
   vertex 99.5 147 282
   vertex 100 146.5 282
  endloop
 endfacet
 facet normal 0.57735026918962584 0.57735026918962584 0.57735026918962584
  outer loop
   vertex 100 147 281.5
   vertex 100 146.5 282
   vertex 100.5 146 282
  endloop
 endfacet
 facet normal 0.57735026918962584 0.57735026918962584 0.57735026918962584
  outer loop
   vertex 100 147 281.5
   vertex 100.5 146 282
   vertex 100.5 147 281
  endloop
 endfacet
 facet normal 1 0 0
  outer loop
   vertex 100.5 147 281
   vertex 100.5 146 282
   vertex 100.5 146 281
  endloop
 endfacet
 facet normal -0.57735026918962584 0.57735026918962584 0.57735026918962584
  outer loop
   vertex 89.5 147 281
   vertex 90 147 281.5
   vertex 90 147.5 281
  endloop
 endfacet
 facet normal -0.57735026918962584 0.57735026918962584 0.57735026918962584
  outer loop
   vertex 90.5 148 281
   vertex 91 147.5 282
   vertex 91 148 281.5
  endloop
 endfacet
 facet normal -0.57735026918962584 0.57735026918962584 0.57735026918962584
  outer loop
   vertex 90 147.5 281
   vertex 91 147.5 282
   vertex 90.5 148 281
  endloop
 endfacet
 facet normal -0.57735026918962584 0.57735026918962584 0.57735026918962584
  outer loop
   vertex 90 147.5 281
   vertex 90.5 147 282
   vertex 91 147.5 282
  endloop
 endfacet
 facet normal -0.57735026918962584 0.57735026918962584 0.57735026918962584
  outer loop
   vertex 90 147.5 281
   vertex 90 147 281.5
   vertex 90.5 147 282
  endloop
 endfacet
 facet normal -0.57735026918962584 0.57735026918962584 0.57735026918962584
  outer loop
   vertex 91 147.5 282
   vertex 91.5 148 282
   vertex 91 148 281.5
  endloop
 endfacet
 facet normal 0.57735026918962584 0.57735026918962584 0.57735026918962584
  outer loop
   vertex 99 148 281.5
   vertex 98.5 148 282
   vertex 99 147.5 282
  endloop
 endfacet
 facet normal 0.57735026918962584 0.57735026918962584 0.57735026918962584
  outer loop
   vertex 99.5 147 282
   vertex 99 148 281.5
   vertex 99 147.5 282
  endloop
 endfacet
 facet normal 0.57735026918962584 0.57735026918962584 0.57735026918962584
  outer loop
   vertex 100 147 281.5
   vertex 99 148 281.5
   vertex 99.5 147 282
  endloop
 endfacet
 facet normal 0.57735026918962584 0.57735026918962584 0.57735026918962584
  outer loop
   vertex 100 147 281.5
   vertex 99.5 148 281
   vertex 99 148 281.5
  endloop
 endfacet
 facet normal 0.57735026918962584 0.57735026918962584 0.57735026918962584
  outer loop
   vertex 100 147 281.5
   vertex 100 147.5 281
   vertex 99.5 148 281
  endloop
 endfacet
 facet normal 0.57735026918962584 0.57735026918962584 0.57735026918962584
  outer loop
   vertex 100.5 147 281
   vertex 100 147.5 281
   vertex 100 147 281.5
  endloop
 endfacet
 facet normal -0.57735026918962584 0.57735026918962584 0.57735026918962584
  outer loop
   vertex 90.5 148 281
   vertex 91 148 281.5
   vertex 91 148.5 281
  endloop
 endfacet
 facet normal -0.57735026918962584 0.57735026918962584 0.57735026918962584
  outer loop
   vertex 91.5 149 281
   vertex 92 148.5 282
   vertex 92 149 281.5
  endloop
 endfacet
 facet normal -0.57735026918962584 0.57735026918962584 0.57735026918962584
  outer loop
   vertex 91 148.5 281
   vertex 92 148.5 282
   vertex 91.5 149 281
  endloop
 endfacet
 facet normal -0.57735026918962584 0.57735026918962584 0.57735026918962584
  outer loop
   vertex 91 148.5 281
   vertex 91.5 148 282
   vertex 92 148.5 282
  endloop
 endfacet
 facet normal -0.57735026918962584 0.57735026918962584 0.57735026918962584
  outer loop
   vertex 91 148.5 281
   vertex 91 148 281.5
   vertex 91.5 148 282
  endloop
 endfacet
 facet normal -0.57735026918962584 0.57735026918962584 0.57735026918962584
  outer loop
   vertex 92 148.5 282
   vertex 92.5 149 282
   vertex 92 149 281.5
  endloop
 endfacet
 facet normal 0.57735026918962584 0.57735026918962584 0.57735026918962584
  outer loop
   vertex 98 149 281.5
   vertex 97.5 149 282
   vertex 98 148.5 282
  endloop
 endfacet
 facet normal 0.57735026918962584 0.57735026918962584 0.57735026918962584
  outer loop
   vertex 98.5 148 282
   vertex 98 149 281.5
   vertex 98 148.5 282
  endloop
 endfacet
 facet normal 0.57735026918962584 0.57735026918962584 0.57735026918962584
  outer loop
   vertex 99 148 281.5
   vertex 98 149 281.5
   vertex 98.5 148 282
  endloop
 endfacet
 facet normal 0.57735026918962584 0.57735026918962584 0.57735026918962584
  outer loop
   vertex 99 148 281.5
   vertex 98.5 149 281
   vertex 98 149 281.5
  endloop
 endfacet
 facet normal 0.57735026918962584 0.57735026918962584 0.57735026918962584
  outer loop
   vertex 99 148 281.5
   vertex 99 148.5 281
   vertex 98.5 149 281
  endloop
 endfacet
 facet normal 0.57735026918962584 0.57735026918962584 0.57735026918962584
  outer loop
   vertex 99.5 148 281
   vertex 99 148.5 281
   vertex 99 148 281.5
  endloop
 endfacet
 facet normal -0.57735026918962584 0.57735026918962584 0.57735026918962584
  outer loop
   vertex 91.5 149 281
   vertex 92 149 281.5
   vertex 92 149.5 281
  endloop
 endfacet
 facet normal -0.57735026918962584 0.57735026918962584 0.57735026918962584
  outer loop
   vertex 92 149 281.5
   vertex 92.5 149 282
   vertex 93 149.5 282
  endloop
 endfacet
 facet normal -0.57735026918962584 0.57735026918962584 0.57735026918962584
  outer loop
   vertex 92 149 281.5
   vertex 93 149.5 282
   vertex 92 149.5 281
  endloop
 endfacet
 facet normal 0 1 0
  outer loop
   vertex 92 149.5 281
   vertex 93 149.5 282
   vertex 93 149.5 281
  endloop
 endfacet
 facet normal -0.57735026918962584 0.57735026918962584 0.57735026918962584
  outer loop
   vertex 93.5 150 281
   vertex 94 149.5 282
   vertex 94 150 281.5
  endloop
 endfacet
 facet normal -0.57735026918962584 0.57735026918962584 0.57735026918962584
  outer loop
   vertex 93.5 150 281
   vertex 93 149.5 281
   vertex 94 149.5 282
  endloop
 endfacet
 facet normal -0 1 0
  outer loop
   vertex 93 149.5 281
   vertex 93 149.5 282
   vertex 94 149.5 282
  endloop
 endfacet
 facet normal 0 0.70710678118654746 0.70710678118654746
  outer loop
   vertex 94 150 281.5
   vertex 95 149.5 282
   vertex 95 150 281.5
  endloop
 endfacet
 facet normal 0 0.70710678118654746 0.70710678118654746
  outer loop
   vertex 94 149.5 282
   vertex 95 149.5 282
   vertex 94 150 281.5
  endloop
 endfacet
 facet normal 0 0.70710678118654746 0.70710678118654746
  outer loop
   vertex 95 150 281.5
   vertex 96 149.5 282
   vertex 96 150 281.5
  endloop
 endfacet
 facet normal 0 0.70710678118654746 0.70710678118654746
  outer loop
   vertex 95 149.5 282
   vertex 96 149.5 282
   vertex 95 150 281.5
  endloop
 endfacet
 facet normal 0 0.70710678118654746 0.70710678118654746
  outer loop
   vertex 96 150 281.5
   vertex 97 149.5 282
   vertex 97 150 281.5
  endloop
 endfacet
 facet normal 0 0.70710678118654746 0.70710678118654746
  outer loop
   vertex 96 149.5 282
   vertex 97 149.5 282
   vertex 96 150 281.5
  endloop
 endfacet
 facet normal 0.57735026918962584 0.57735026918962584 0.57735026918962584
  outer loop
   vertex 97.5 149 282
   vertex 97 150 281.5
   vertex 97 149.5 282
  endloop
 endfacet
 facet normal 0.57735026918962584 0.57735026918962584 0.57735026918962584
  outer loop
   vertex 98 149 281.5
   vertex 97 150 281.5
   vertex 97.5 149 282
  endloop
 endfacet
 facet normal 0.57735026918962584 0.57735026918962584 0.57735026918962584
  outer loop
   vertex 98 149 281.5
   vertex 97.5 150 281
   vertex 97 150 281.5
  endloop
 endfacet
 facet normal 0.57735026918962584 0.57735026918962584 0.57735026918962584
  outer loop
   vertex 98 149 281.5
   vertex 98 149.5 281
   vertex 97.5 150 281
  endloop
 endfacet
 facet normal 0.57735026918962584 0.57735026918962584 0.57735026918962584
  outer loop
   vertex 98.5 149 281
   vertex 98 149.5 281
   vertex 98 149 281.5
  endloop
 endfacet
 facet normal -0.57735026918962584 0.57735026918962584 0.57735026918962584
  outer loop
   vertex 93.5 150 281
   vertex 94 150 281.5
   vertex 94 150.5 281
  endloop
 endfacet
 facet normal -0 0.70710678118654746 0.70710678118654746
  outer loop
   vertex 95 150.5 281
   vertex 94 150.5 281
   vertex 94 150 281.5
  endloop
 endfacet
 facet normal 0 0.70710678118654746 0.70710678118654746
  outer loop
   vertex 95 150 281.5
   vertex 95 150.5 281
   vertex 94 150 281.5
  endloop
 endfacet
 facet normal -0 0.70710678118654746 0.70710678118654746
  outer loop
   vertex 96 150.5 281
   vertex 95 150.5 281
   vertex 95 150 281.5
  endloop
 endfacet
 facet normal 0 0.70710678118654746 0.70710678118654746
  outer loop
   vertex 96 150 281.5
   vertex 96 150.5 281
   vertex 95 150 281.5
  endloop
 endfacet
 facet normal -0 0.70710678118654746 0.70710678118654746
  outer loop
   vertex 97 150.5 281
   vertex 96 150.5 281
   vertex 96 150 281.5
  endloop
 endfacet
 facet normal 0 0.70710678118654746 0.70710678118654746
  outer loop
   vertex 97 150 281.5
   vertex 97 150.5 281
   vertex 96 150 281.5
  endloop
 endfacet
 facet normal 0.57735026918962584 0.57735026918962584 0.57735026918962584
  outer loop
   vertex 97.5 150 281
   vertex 97 150.5 281
   vertex 97 150 281.5
  endloop
 endfacet
 facet normal -0.57735026918962584 -0.57735026918962584 0.57735026918962584
  outer loop
   vertex 91 136.5 282
   vertex 91 137 282.5
   vertex 90.5 137 282
  endloop
 endfacet
 facet normal 0 -0.70710678118654746 0.70710678118654746
  outer loop
   vertex 91 136.5 282
   vertex 92 136.5 282
   vertex 92 137 282.5
  endloop
 endfacet
 facet normal 0 -0.70710678118654746 0.70710678118654746
  outer loop
   vertex 91 137 282.5
   vertex 91 136.5 282
   vertex 92 137 282.5
  endloop
 endfacet
 facet normal -0.57735026918962584 -0.57735026918962584 0.57735026918962584
  outer loop
   vertex 92.5 137 283
   vertex 92 137 282.5
   vertex 92 136.5 282
  endloop
 endfacet
 facet normal -0.57735026918962584 -0.57735026918962584 0.57735026918962584
  outer loop
   vertex 92.5 137 283
   vertex 92 136.5 282
   vertex 93 136.5 283
  endloop
 endfacet
 facet normal 0 -1 0
  outer loop
   vertex 93 136.5 283
   vertex 92 136.5 282
   vertex 93 136.5 282
  endloop
 endfacet
 facet normal 0 -1 -0
  outer loop
   vertex 94 136.5 282
   vertex 94 136.5 283
   vertex 93 136.5 282
  endloop
 endfacet
 facet normal -0 -1 0
  outer loop
   vertex 93 136.5 282
   vertex 94 136.5 283
   vertex 93 136.5 283
  endloop
 endfacet
 facet normal 0.57735026918962584 -0.57735026918962584 0.57735026918962584
  outer loop
   vertex 95 137 282.5
   vertex 94.5 137 283
   vertex 94 136.5 283
  endloop
 endfacet
 facet normal 0.57735026918962584 -0.57735026918962584 0.57735026918962584
  outer loop
   vertex 95 137 282.5
   vertex 94 136.5 283
   vertex 95 136.5 282
  endloop
 endfacet
 facet normal 0 -1 0
  outer loop
   vertex 95 136.5 282
   vertex 94 136.5 283
   vertex 94 136.5 282
  endloop
 endfacet
 facet normal 0 -0.70710678118654746 0.70710678118654746
  outer loop
   vertex 95 136.5 282
   vertex 96 136.5 282
   vertex 96 137 282.5
  endloop
 endfacet
 facet normal 0 -0.70710678118654746 0.70710678118654746
  outer loop
   vertex 95 137 282.5
   vertex 95 136.5 282
   vertex 96 137 282.5
  endloop
 endfacet
 facet normal 0 -0.70710678118654746 0.70710678118654746
  outer loop
   vertex 96 136.5 282
   vertex 97 136.5 282
   vertex 97 137 282.5
  endloop
 endfacet
 facet normal 0 -0.70710678118654746 0.70710678118654746
  outer loop
   vertex 96 137 282.5
   vertex 96 136.5 282
   vertex 97 137 282.5
  endloop
 endfacet
 facet normal 0.57735026918962584 -0.57735026918962584 0.57735026918962584
  outer loop
   vertex 97 136.5 282
   vertex 97.5 137 282
   vertex 97 137 282.5
  endloop
 endfacet
 facet normal -0.57735026918962584 -0.57735026918962584 0.57735026918962584
  outer loop
   vertex 90 137.5 282
   vertex 90 138 282.5
   vertex 89.5 138 282
  endloop
 endfacet
 facet normal -0.57735026918962584 -0.57735026918962584 0.57735026918962584
  outer loop
   vertex 90 137.5 282
   vertex 90.5 138 283
   vertex 90 138 282.5
  endloop
 endfacet
 facet normal -0.57735026918962584 -0.57735026918962584 0.57735026918962584
  outer loop
   vertex 90.5 137 282
   vertex 90.5 138 283
   vertex 90 137.5 282
  endloop
 endfacet
 facet normal -0.57735026918962584 -0.57735026918962584 0.57735026918962584
  outer loop
   vertex 90.5 137 282
   vertex 91 137.5 283
   vertex 90.5 138 283
  endloop
 endfacet
 facet normal -0.57735026918962584 -0.57735026918962584 0.57735026918962584
  outer loop
   vertex 90.5 137 282
   vertex 91 137 282.5
   vertex 91 137.5 283
  endloop
 endfacet
 facet normal 0 -0.70710678118654746 0.70710678118654746
  outer loop
   vertex 92 137 282.5
   vertex 91 137.5 283
   vertex 91 137 282.5
  endloop
 endfacet
 facet normal 0 -0.70710678118654746 0.70710678118654746
  outer loop
   vertex 92 137.5 283
   vertex 91 137.5 283
   vertex 92 137 282.5
  endloop
 endfacet
 facet normal -0.57735026918962584 -0.57735026918962584 0.57735026918962584
  outer loop
   vertex 92.5 137 283
   vertex 92 137.5 283
   vertex 92 137 282.5
  endloop
 endfacet
 facet normal 0.57735026918962584 -0.57735026918962584 0.57735026918962584
  outer loop
   vertex 95 137 282.5
   vertex 95 137.5 283
   vertex 94.5 137 283
  endloop
 endfacet
 facet normal 0 -0.70710678118654746 0.70710678118654746
  outer loop
   vertex 96 137 282.5
   vertex 95 137.5 283
   vertex 95 137 282.5
  endloop
 endfacet
 facet normal 0 -0.70710678118654746 0.70710678118654746
  outer loop
   vertex 96 137.5 283
   vertex 95 137.5 283
   vertex 96 137 282.5
  endloop
 endfacet
 facet normal 0.57735026918962584 -0.57735026918962584 0.57735026918962584
  outer loop
   vertex 96 137.5 283
   vertex 97 138 282.5
   vertex 96.5 138 283
  endloop
 endfacet
 facet normal 0.57735026918962584 -0.57735026918962584 0.57735026918962584
  outer loop
   vertex 96 137.5 283
   vertex 96 137 282.5
   vertex 97 138 282.5
  endloop
 endfacet
 facet normal 0 -0 1
  outer loop
   vertex 96 137 282.5
   vertex 97 137 282.5
   vertex 97 138 282.5
  endloop
 endfacet
 facet normal 0.57735026918962584 -0.57735026918962584 0.57735026918962584
  outer loop
   vertex 97.5 137 282
   vertex 98 137.5 282
   vertex 98 138 282.5
  endloop
 endfacet
 facet normal 0.57735026918962584 -0.57735026918962584 0.57735026918962584
  outer loop
   vertex 97.5 137 282
   vertex 98 138 282.5
   vertex 97 137 282.5
  endloop
 endfacet
 facet normal 0 0 1
  outer loop
   vertex 97 137 282.5
   vertex 98 138 282.5
   vertex 97 138 282.5
  endloop
 endfacet
 facet normal 0.57735026918962584 -0.57735026918962584 0.57735026918962584
  outer loop
   vertex 98 137.5 282
   vertex 98.5 138 282
   vertex 98 138 282.5
  endloop
 endfacet
 facet normal -0.57735026918962584 -0.57735026918962584 0.57735026918962584
  outer loop
   vertex 89 138.5 282
   vertex 89 139 282.5
   vertex 88.5 139 282
  endloop
 endfacet
 facet normal -0.57735026918962584 -0.57735026918962584 0.57735026918962584
  outer loop
   vertex 89 138.5 282
   vertex 89.5 139 283
   vertex 89 139 282.5
  endloop
 endfacet
 facet normal -0.57735026918962584 -0.57735026918962584 0.57735026918962584
  outer loop
   vertex 89.5 138 282
   vertex 89.5 139 283
   vertex 89 138.5 282
  endloop
 endfacet
 facet normal -0.57735026918962584 -0.57735026918962584 0.57735026918962584
  outer loop
   vertex 89.5 138 282
   vertex 90 138.5 283
   vertex 89.5 139 283
  endloop
 endfacet
 facet normal -0.57735026918962584 -0.57735026918962584 0.57735026918962584
  outer loop
   vertex 89.5 138 282
   vertex 90 138 282.5
   vertex 90 138.5 283
  endloop
 endfacet
 facet normal -0.57735026918962584 -0.57735026918962584 0.57735026918962584
  outer loop
   vertex 90.5 138 283
   vertex 90 138.5 283
   vertex 90 138 282.5
  endloop
 endfacet
 facet normal 0.57735026918962584 -0.57735026918962584 0.57735026918962584
  outer loop
   vertex 97 138 282.5
   vertex 97 138.5 283
   vertex 96.5 138 283
  endloop
 endfacet
 facet normal 0 -0.70710678118654746 0.70710678118654746
  outer loop
   vertex 98 138 282.5
   vertex 97 138.5 283
   vertex 97 138 282.5
  endloop
 endfacet
 facet normal 0 -0.70710678118654746 0.70710678118654746
  outer loop
   vertex 98 138.5 283
   vertex 97 138.5 283
   vertex 98 138 282.5
  endloop
 endfacet
 facet normal 0.57735026918962584 -0.57735026918962584 0.57735026918962584
  outer loop
   vertex 99 139 282.5
   vertex 98.5 139 283
   vertex 98 138.5 283
  endloop
 endfacet
 facet normal 0.57735026918962584 -0.57735026918962584 0.57735026918962584
  outer loop
   vertex 99 138.5 282
   vertex 99 139 282.5
   vertex 98 138.5 283
  endloop
 endfacet
 facet normal 0.57735026918962584 -0.57735026918962584 0.57735026918962584
  outer loop
   vertex 99 138.5 282
   vertex 98 138.5 283
   vertex 98 138 282.5
  endloop
 endfacet
 facet normal 0.57735026918962584 -0.57735026918962584 0.57735026918962584
  outer loop
   vertex 99 138.5 282
   vertex 98 138 282.5
   vertex 98.5 138 282
  endloop
 endfacet
 facet normal 0.57735026918962584 -0.57735026918962584 0.57735026918962584
  outer loop
   vertex 99 138.5 282
   vertex 99.5 139 282
   vertex 99 139 282.5
  endloop
 endfacet
 facet normal -0.70710678118654746 0 0.70710678118654746
  outer loop
   vertex 89 139 282.5
   vertex 89 140 282.5
   vertex 88.5 140 282
  endloop
 endfacet
 facet normal -0.70710678118654746 0 0.70710678118654746
  outer loop
   vertex 88.5 139 282
   vertex 89 139 282.5
   vertex 88.5 140 282
  endloop
 endfacet
 facet normal -0.70710678118654746 0 0.70710678118654746
  outer loop
   vertex 89.5 140 283
   vertex 89 139 282.5
   vertex 89.5 139 283
  endloop
 endfacet
 facet normal -0.70710678118654746 0 0.70710678118654746
  outer loop
   vertex 89 140 282.5
   vertex 89 139 282.5
   vertex 89.5 140 283
  endloop
 endfacet
 facet normal 0.57735026918962584 -0.57735026918962584 0.57735026918962584
  outer loop
   vertex 99 139 282.5
   vertex 99 139.5 283
   vertex 98.5 139 283
  endloop
 endfacet
 facet normal 0.57735026918962584 -0.57735026918962584 0.57735026918962584
  outer loop
   vertex 100 140 282.5
   vertex 99.5 140 283
   vertex 99 139.5 283
  endloop
 endfacet
 facet normal 0.57735026918962584 -0.57735026918962584 0.57735026918962584
  outer loop
   vertex 100 139.5 282
   vertex 100 140 282.5
   vertex 99 139.5 283
  endloop
 endfacet
 facet normal 0.57735026918962584 -0.57735026918962584 0.57735026918962584
  outer loop
   vertex 100 139.5 282
   vertex 99 139.5 283
   vertex 99 139 282.5
  endloop
 endfacet
 facet normal 0.57735026918962584 -0.57735026918962584 0.57735026918962584
  outer loop
   vertex 100 139.5 282
   vertex 99 139 282.5
   vertex 99.5 139 282
  endloop
 endfacet
 facet normal 0.57735026918962584 -0.57735026918962584 0.57735026918962584
  outer loop
   vertex 100 139.5 282
   vertex 100.5 140 282
   vertex 100 140 282.5
  endloop
 endfacet
 facet normal -0.57735026918962584 -0.57735026918962584 0.57735026918962584
  outer loop
   vertex 89 140 282.5
   vertex 89 140.5 283
   vertex 88.5 141 283
  endloop
 endfacet
 facet normal -0.57735026918962584 -0.57735026918962584 0.57735026918962584
  outer loop
   vertex 89 140 282.5
   vertex 88.5 141 283
   vertex 88.5 140 282
  endloop
 endfacet
 facet normal -1 0 -0
  outer loop
   vertex 88.5 140 282
   vertex 88.5 141 283
   vertex 88.5 141 282
  endloop
 endfacet
 facet normal -0.57735026918962584 -0.57735026918962584 0.57735026918962584
  outer loop
   vertex 89.5 140 283
   vertex 89 140.5 283
   vertex 89 140 282.5
  endloop
 endfacet
 facet normal 0.70710678118654746 0 0.70710678118654746
  outer loop
   vertex 100 141 282.5
   vertex 99.5 140 283
   vertex 100 140 282.5
  endloop
 endfacet
 facet normal 0.70710678118654746 -0 0.70710678118654746
  outer loop
   vertex 99.5 141 283
   vertex 99.5 140 283
   vertex 100 141 282.5
  endloop
 endfacet
 facet normal 0.70710678118654746 0 0.70710678118654746
  outer loop
   vertex 100.5 140 282
   vertex 100.5 141 282
   vertex 100 141 282.5
  endloop
 endfacet
 facet normal 0.70710678118654746 0 0.70710678118654746
  outer loop
   vertex 100 140 282.5
   vertex 100.5 140 282
   vertex 100 141 282.5
  endloop
 endfacet
 facet normal -0.57735026918962584 0.57735026918962584 0.57735026918962584
  outer loop
   vertex 89 141.5 283
   vertex 89 142 282.5
   vertex 88.5 142 282
  endloop
 endfacet
 facet normal -0.57735026918962584 0.57735026918962584 0.57735026918962584
  outer loop
   vertex 89 141.5 283
   vertex 88.5 142 282
   vertex 88.5 141 283
  endloop
 endfacet
 facet normal -1 0 0
  outer loop
   vertex 88.5 141 283
   vertex 88.5 142 282
   vertex 88.5 141 282
  endloop
 endfacet
 facet normal -0.57735026918962584 0.57735026918962584 0.57735026918962584
  outer loop
   vertex 89 141.5 283
   vertex 89.5 142 283
   vertex 89 142 282.5
  endloop
 endfacet
 facet normal 0.70710678118654746 0 0.70710678118654746
  outer loop
   vertex 100 142 282.5
   vertex 99.5 141 283
   vertex 100 141 282.5
  endloop
 endfacet
 facet normal 0.70710678118654746 -0 0.70710678118654746
  outer loop
   vertex 99.5 142 283
   vertex 99.5 141 283
   vertex 100 142 282.5
  endloop
 endfacet
 facet normal 0.70710678118654746 0 0.70710678118654746
  outer loop
   vertex 100.5 141 282
   vertex 100.5 142 282
   vertex 100 142 282.5
  endloop
 endfacet
 facet normal 0.70710678118654746 0 0.70710678118654746
  outer loop
   vertex 100 141 282.5
   vertex 100.5 141 282
   vertex 100 142 282.5
  endloop
 endfacet
 facet normal -0.70710678118654746 0 0.70710678118654746
  outer loop
   vertex 89 142 282.5
   vertex 89 143 282.5
   vertex 88.5 143 282
  endloop
 endfacet
 facet normal -0.70710678118654746 0 0.70710678118654746
  outer loop
   vertex 88.5 142 282
   vertex 89 142 282.5
   vertex 88.5 143 282
  endloop
 endfacet
 facet normal -0.70710678118654746 0 0.70710678118654746
  outer loop
   vertex 89.5 143 283
   vertex 89 142 282.5
   vertex 89.5 142 283
  endloop
 endfacet
 facet normal -0.70710678118654746 0 0.70710678118654746
  outer loop
   vertex 89 143 282.5
   vertex 89 142 282.5
   vertex 89.5 143 283
  endloop
 endfacet
 facet normal 0.57735026918962584 -0.57735026918962584 0.57735026918962584
  outer loop
   vertex 100 142 282.5
   vertex 100 142.5 283
   vertex 99.5 142 283
  endloop
 endfacet
 facet normal 0.57735026918962584 -0.57735026918962584 0.57735026918962584
  outer loop
   vertex 100 142.5 283
   vertex 100 142 282.5
   vertex 100.5 142 282
  endloop
 endfacet
 facet normal 0.57735026918962584 -0.57735026918962584 0.57735026918962584
  outer loop
   vertex 100 142.5 283
   vertex 100.5 142 282
   vertex 100.5 143 283
  endloop
 endfacet
 facet normal 1 0 0
  outer loop
   vertex 100.5 143 283
   vertex 100.5 142 282
   vertex 100.5 143 282
  endloop
 endfacet
 facet normal -0.70710678118654746 0 0.70710678118654746
  outer loop
   vertex 89 143 282.5
   vertex 89 144 282.5
   vertex 88.5 144 282
  endloop
 endfacet
 facet normal -0.70710678118654746 0 0.70710678118654746
  outer loop
   vertex 88.5 143 282
   vertex 89 143 282.5
   vertex 88.5 144 282
  endloop
 endfacet
 facet normal -0.70710678118654746 0 0.70710678118654746
  outer loop
   vertex 89.5 144 283
   vertex 89 143 282.5
   vertex 89.5 143 283
  endloop
 endfacet
 facet normal -0.70710678118654746 0 0.70710678118654746
  outer loop
   vertex 89 144 282.5
   vertex 89 143 282.5
   vertex 89.5 144 283
  endloop
 endfacet
 facet normal 1 0 0
  outer loop
   vertex 100.5 143 282
   vertex 100.5 144 282
   vertex 100.5 143 283
  endloop
 endfacet
 facet normal 1 0 -0
  outer loop
   vertex 100.5 143 283
   vertex 100.5 144 282
   vertex 100.5 144 283
  endloop
 endfacet
 facet normal -0.70710678118654746 0 0.70710678118654746
  outer loop
   vertex 89 144 282.5
   vertex 89 145 282.5
   vertex 88.5 145 282
  endloop
 endfacet
 facet normal -0.70710678118654746 0 0.70710678118654746
  outer loop
   vertex 88.5 144 282
   vertex 89 144 282.5
   vertex 88.5 145 282
  endloop
 endfacet
 facet normal -0.70710678118654746 0 0.70710678118654746
  outer loop
   vertex 89.5 145 283
   vertex 89 144 282.5
   vertex 89.5 144 283
  endloop
 endfacet
 facet normal -0.70710678118654746 0 0.70710678118654746
  outer loop
   vertex 89 145 282.5
   vertex 89 144 282.5
   vertex 89.5 145 283
  endloop
 endfacet
 facet normal 0.57735026918962584 0.57735026918962584 0.57735026918962584
  outer loop
   vertex 100 145 282.5
   vertex 99.5 145 283
   vertex 100 144.5 283
  endloop
 endfacet
 facet normal 0.57735026918962584 0.57735026918962584 0.57735026918962584
  outer loop
   vertex 100 145 282.5
   vertex 100 144.5 283
   vertex 100.5 144 283
  endloop
 endfacet
 facet normal 0.57735026918962584 0.57735026918962584 0.57735026918962584
  outer loop
   vertex 100 145 282.5
   vertex 100.5 144 283
   vertex 100.5 145 282
  endloop
 endfacet
 facet normal 1 0 0
  outer loop
   vertex 100.5 145 282
   vertex 100.5 144 283
   vertex 100.5 144 282
  endloop
 endfacet
 facet normal -0.57735026918962584 0.57735026918962584 0.57735026918962584
  outer loop
   vertex 88.5 145 282
   vertex 89 145 282.5
   vertex 89 145.5 282
  endloop
 endfacet
 facet normal -0.57735026918962584 0.57735026918962584 0.57735026918962584
  outer loop
   vertex 89.5 146 282
   vertex 90 145.5 283
   vertex 90 146 282.5
  endloop
 endfacet
 facet normal -0.57735026918962584 0.57735026918962584 0.57735026918962584
  outer loop
   vertex 89 145.5 282
   vertex 90 145.5 283
   vertex 89.5 146 282
  endloop
 endfacet
 facet normal -0.57735026918962584 0.57735026918962584 0.57735026918962584
  outer loop
   vertex 89 145.5 282
   vertex 89.5 145 283
   vertex 90 145.5 283
  endloop
 endfacet
 facet normal -0.57735026918962584 0.57735026918962584 0.57735026918962584
  outer loop
   vertex 89 145.5 282
   vertex 89 145 282.5
   vertex 89.5 145 283
  endloop
 endfacet
 facet normal -0.57735026918962584 0.57735026918962584 0.57735026918962584
  outer loop
   vertex 90 145.5 283
   vertex 90.5 146 283
   vertex 90 146 282.5
  endloop
 endfacet
 facet normal 0.70710678118654746 0 0.70710678118654746
  outer loop
   vertex 100 146 282.5
   vertex 99.5 145 283
   vertex 100 145 282.5
  endloop
 endfacet
 facet normal 0.70710678118654746 -0 0.70710678118654746
  outer loop
   vertex 99.5 146 283
   vertex 99.5 145 283
   vertex 100 146 282.5
  endloop
 endfacet
 facet normal 0.70710678118654746 0 0.70710678118654746
  outer loop
   vertex 100.5 145 282
   vertex 100.5 146 282
   vertex 100 146 282.5
  endloop
 endfacet
 facet normal 0.70710678118654746 0 0.70710678118654746
  outer loop
   vertex 100 145 282.5
   vertex 100.5 145 282
   vertex 100 146 282.5
  endloop
 endfacet
 facet normal -0.57735026918962584 0.57735026918962584 0.57735026918962584
  outer loop
   vertex 89.5 146 282
   vertex 90 146 282.5
   vertex 90 146.5 282
  endloop
 endfacet
 facet normal -0.57735026918962584 0.57735026918962584 0.57735026918962584
  outer loop
   vertex 90 146 282.5
   vertex 90.5 147 282
   vertex 90 146.5 282
  endloop
 endfacet
 facet normal -0.57735026918962584 0.57735026918962584 0.57735026918962584
  outer loop
   vertex 90 146 282.5
   vertex 90.5 146 283
   vertex 90.5 147 282
  endloop
 endfacet
 facet normal -1 -0 -0
  outer loop
   vertex 90.5 146 283
   vertex 90.5 147 283
   vertex 90.5 147 282
  endloop
 endfacet
 facet normal 0.57735026918962584 0.57735026918962584 0.57735026918962584
  outer loop
   vertex 100 146.5 282
   vertex 99.5 146 283
   vertex 100 146 282.5
  endloop
 endfacet
 facet normal 0.57735026918962584 0.57735026918962584 0.57735026918962584
  outer loop
   vertex 100 146.5 282
   vertex 99.5 147 282
   vertex 99.5 146 283
  endloop
 endfacet
 facet normal 1 0 0
  outer loop
   vertex 99.5 147 282
   vertex 99.5 147 283
   vertex 99.5 146 283
  endloop
 endfacet
 facet normal 0.57735026918962584 0.57735026918962584 0.57735026918962584
  outer loop
   vertex 100.5 146 282
   vertex 100 146.5 282
   vertex 100 146 282.5
  endloop
 endfacet
 facet normal -0.70710678118654746 0.70710678118654746 0
  outer loop
   vertex 90.5 147 282
   vertex 90.5 147 283
   vertex 91 147.5 283
  endloop
 endfacet
 facet normal -0.70710678118654746 0.70710678118654746 0
  outer loop
   vertex 91 147.5 282
   vertex 90.5 147 282
   vertex 91 147.5 283
  endloop
 endfacet
 facet normal -0.70710678118654746 0.70710678118654746 0
  outer loop
   vertex 91 147.5 283
   vertex 91.5 148 282
   vertex 91 147.5 282
  endloop
 endfacet
 facet normal -0.70710678118654746 0.70710678118654746 0
  outer loop
   vertex 91.5 148 283
   vertex 91.5 148 282
   vertex 91 147.5 283
  endloop
 endfacet
 facet normal 0.57735026918962584 0.57735026918962584 0.57735026918962584
  outer loop
   vertex 98 148 282.5
   vertex 97.5 148 283
   vertex 98 147.5 283
  endloop
 endfacet
 facet normal 0.57735026918962584 0.57735026918962584 0.57735026918962584
  outer loop
   vertex 98 148 282.5
   vertex 99 147.5 282
   vertex 98.5 148 282
  endloop
 endfacet
 facet normal 0.57735026918962584 0.57735026918962584 0.57735026918962584
  outer loop
   vertex 98 148 282.5
   vertex 98 147.5 283
   vertex 99 147.5 282
  endloop
 endfacet
 facet normal 0 1 0
  outer loop
   vertex 98 147.5 283
   vertex 99 147.5 283
   vertex 99 147.5 282
  endloop
 endfacet
 facet normal 0.70710678118654746 0.70710678118654746 -0
  outer loop
   vertex 99.5 147 283
   vertex 99.5 147 282
   vertex 99 147.5 282
  endloop
 endfacet
 facet normal 0.70710678118654746 0.70710678118654746 0
  outer loop
   vertex 99 147.5 283
   vertex 99.5 147 283
   vertex 99 147.5 282
  endloop
 endfacet
 facet normal -0.70710678118654746 0.70710678118654746 0
  outer loop
   vertex 91.5 148 282
   vertex 91.5 148 283
   vertex 92 148.5 283
  endloop
 endfacet
 facet normal -0.70710678118654746 0.70710678118654746 0
  outer loop
   vertex 92 148.5 282
   vertex 91.5 148 282
   vertex 92 148.5 283
  endloop
 endfacet
 facet normal -0.57735026918962584 0.57735026918962584 0.57735026918962584
  outer loop
   vertex 92.5 149 282
   vertex 93 148.5 283
   vertex 93 149 282.5
  endloop
 endfacet
 facet normal -0.57735026918962584 0.57735026918962584 0.57735026918962584
  outer loop
   vertex 92.5 149 282
   vertex 92 148.5 282
   vertex 93 148.5 283
  endloop
 endfacet
 facet normal -0 1 0
  outer loop
   vertex 92 148.5 282
   vertex 92 148.5 283
   vertex 93 148.5 283
  endloop
 endfacet
 facet normal -0.57735026918962584 0.57735026918962584 0.57735026918962584
  outer loop
   vertex 93 148.5 283
   vertex 93.5 149 283
   vertex 93 149 282.5
  endloop
 endfacet
 facet normal 0.57735026918962584 0.57735026918962584 0.57735026918962584
  outer loop
   vertex 96 149 282.5
   vertex 95.5 149 283
   vertex 96 148.5 283
  endloop
 endfacet
 facet normal 0 0.70710678118654746 0.70710678118654746
  outer loop
   vertex 96 149 282.5
   vertex 97 148.5 283
   vertex 97 149 282.5
  endloop
 endfacet
 facet normal 0 0.70710678118654746 0.70710678118654746
  outer loop
   vertex 96 148.5 283
   vertex 97 148.5 283
   vertex 96 149 282.5
  endloop
 endfacet
 facet normal 0.57735026918962584 0.57735026918962584 0.57735026918962584
  outer loop
   vertex 97.5 148 283
   vertex 97 149 282.5
   vertex 97 148.5 283
  endloop
 endfacet
 facet normal 0.57735026918962584 0.57735026918962584 0.57735026918962584
  outer loop
   vertex 98 148 282.5
   vertex 97 149 282.5
   vertex 97.5 148 283
  endloop
 endfacet
 facet normal 0.57735026918962584 0.57735026918962584 0.57735026918962584
  outer loop
   vertex 98 148 282.5
   vertex 97.5 149 282
   vertex 97 149 282.5
  endloop
 endfacet
 facet normal 0.57735026918962584 0.57735026918962584 0.57735026918962584
  outer loop
   vertex 98 148 282.5
   vertex 98 148.5 282
   vertex 97.5 149 282
  endloop
 endfacet
 facet normal 0.57735026918962584 0.57735026918962584 0.57735026918962584
  outer loop
   vertex 98.5 148 282
   vertex 98 148.5 282
   vertex 98 148 282.5
  endloop
 endfacet
 facet normal -0.57735026918962584 0.57735026918962584 0.57735026918962584
  outer loop
   vertex 92.5 149 282
   vertex 93 149 282.5
   vertex 93 149.5 282
  endloop
 endfacet
 facet normal -0.57735026918962584 0.57735026918962584 0.57735026918962584
  outer loop
   vertex 93 149 282.5
   vertex 93.5 149 283
   vertex 94 149.5 283
  endloop
 endfacet
 facet normal -0.57735026918962584 0.57735026918962584 0.57735026918962584
  outer loop
   vertex 93 149 282.5
   vertex 94 149.5 283
   vertex 93 149.5 282
  endloop
 endfacet
 facet normal 0 1 0
  outer loop
   vertex 93 149.5 282
   vertex 94 149.5 283
   vertex 94 149.5 282
  endloop
 endfacet
 facet normal 0 1 0
  outer loop
   vertex 95 149.5 282
   vertex 94 149.5 282
   vertex 95 149.5 283
  endloop
 endfacet
 facet normal -0 1 0
  outer loop
   vertex 94 149.5 282
   vertex 94 149.5 283
   vertex 95 149.5 283
  endloop
 endfacet
 facet normal 0.57735026918962584 0.57735026918962584 0.57735026918962584
  outer loop
   vertex 95.5 149 283
   vertex 96 149 282.5
   vertex 96 149.5 282
  endloop
 endfacet
 facet normal 0.57735026918962584 0.57735026918962584 0.57735026918962584
  outer loop
   vertex 95.5 149 283
   vertex 96 149.5 282
   vertex 95 149.5 283
  endloop
 endfacet
 facet normal 0 1 0
  outer loop
   vertex 95 149.5 283
   vertex 96 149.5 282
   vertex 95 149.5 282
  endloop
 endfacet
 facet normal -0 0.70710678118654746 0.70710678118654746
  outer loop
   vertex 97 149.5 282
   vertex 96 149.5 282
   vertex 96 149 282.5
  endloop
 endfacet
 facet normal 0 0.70710678118654746 0.70710678118654746
  outer loop
   vertex 97 149 282.5
   vertex 97 149.5 282
   vertex 96 149 282.5
  endloop
 endfacet
 facet normal 0.57735026918962584 0.57735026918962584 0.57735026918962584
  outer loop
   vertex 97.5 149 282
   vertex 97 149.5 282
   vertex 97 149 282.5
  endloop
 endfacet
 facet normal -0.57735026918962584 -0.57735026918962584 0.57735026918962584
  outer loop
   vertex 93 136.5 283
   vertex 93 137 283.5
   vertex 92.5 137 283
  endloop
 endfacet
 facet normal 0 -0.70710678118654746 0.70710678118654746
  outer loop
   vertex 93 136.5 283
   vertex 94 136.5 283
   vertex 94 137 283.5
  endloop
 endfacet
 facet normal 0 -0.70710678118654746 0.70710678118654746
  outer loop
   vertex 93 137 283.5
   vertex 93 136.5 283
   vertex 94 137 283.5
  endloop
 endfacet
 facet normal 0.57735026918962584 -0.57735026918962584 0.57735026918962584
  outer loop
   vertex 94 136.5 283
   vertex 94.5 137 283
   vertex 94 137 283.5
  endloop
 endfacet
 facet normal -0.57735026918962584 -0.57735026918962584 0.57735026918962584
  outer loop
   vertex 91 137.5 283
   vertex 91 138 283.5
   vertex 90.5 138 283
  endloop
 endfacet
 facet normal 0 -0.70710678118654746 0.70710678118654746
  outer loop
   vertex 91 137.5 283
   vertex 92 137.5 283
   vertex 92 138 283.5
  endloop
 endfacet
 facet normal 0 -0.70710678118654746 0.70710678118654746
  outer loop
   vertex 91 138 283.5
   vertex 91 137.5 283
   vertex 92 138 283.5
  endloop
 endfacet
 facet normal -0.57735026918962584 -0.57735026918962584 0.57735026918962584
  outer loop
   vertex 92 137.5 283
   vertex 92.5 137 283
   vertex 93 137 283.5
  endloop
 endfacet
 facet normal -0.57735026918962584 -0.57735026918962584 0.57735026918962584
  outer loop
   vertex 92 137.5 283
   vertex 93 137 283.5
   vertex 92 138 283.5
  endloop
 endfacet
 facet normal 0 -0 1
  outer loop
   vertex 92 138 283.5
   vertex 93 137 283.5
   vertex 93 138 283.5
  endloop
 endfacet
 facet normal 0 0 1
  outer loop
   vertex 94 137 283.5
   vertex 94 138 283.5
   vertex 93 137 283.5
  endloop
 endfacet
 facet normal -0 0 1
  outer loop
   vertex 94 138 283.5
   vertex 93 138 283.5
   vertex 93 137 283.5
  endloop
 endfacet
 facet normal 0.57735026918962584 -0.57735026918962584 0.57735026918962584
  outer loop
   vertex 94.5 137 283
   vertex 95 137.5 283
   vertex 95 138 283.5
  endloop
 endfacet
 facet normal 0.57735026918962584 -0.57735026918962584 0.57735026918962584
  outer loop
   vertex 94.5 137 283
   vertex 95 138 283.5
   vertex 94 137 283.5
  endloop
 endfacet
 facet normal 0 0 1
  outer loop
   vertex 94 137 283.5
   vertex 95 138 283.5
   vertex 94 138 283.5
  endloop
 endfacet
 facet normal 0 -0.70710678118654746 0.70710678118654746
  outer loop
   vertex 95 137.5 283
   vertex 96 137.5 283
   vertex 96 138 283.5
  endloop
 endfacet
 facet normal 0 -0.70710678118654746 0.70710678118654746
  outer loop
   vertex 95 138 283.5
   vertex 95 137.5 283
   vertex 96 138 283.5
  endloop
 endfacet
 facet normal 0.57735026918962584 -0.57735026918962584 0.57735026918962584
  outer loop
   vertex 96 137.5 283
   vertex 96.5 138 283
   vertex 96 138 283.5
  endloop
 endfacet
 facet normal -0.57735026918962584 -0.57735026918962584 0.57735026918962584
  outer loop
   vertex 90 138.5 283
   vertex 90 139 283.5
   vertex 89.5 139 283
  endloop
 endfacet
 facet normal -0.57735026918962584 -0.57735026918962584 0.57735026918962584
  outer loop
   vertex 90 138.5 283
   vertex 90.5 139 284
   vertex 90 139 283.5
  endloop
 endfacet
 facet normal -0.57735026918962584 -0.57735026918962584 0.57735026918962584
  outer loop
   vertex 90.5 138 283
   vertex 90.5 139 284
   vertex 90 138.5 283
  endloop
 endfacet
 facet normal -0.57735026918962584 -0.57735026918962584 0.57735026918962584
  outer loop
   vertex 90.5 138 283
   vertex 91 138.5 284
   vertex 90.5 139 284
  endloop
 endfacet
 facet normal -0.57735026918962584 -0.57735026918962584 0.57735026918962584
  outer loop
   vertex 90.5 138 283
   vertex 91 138 283.5
   vertex 91 138.5 284
  endloop
 endfacet
 facet normal 0 -0.70710678118654746 0.70710678118654746
  outer loop
   vertex 92 138 283.5
   vertex 91 138.5 284
   vertex 91 138 283.5
  endloop
 endfacet
 facet normal 0 -0.70710678118654746 0.70710678118654746
  outer loop
   vertex 92 138.5 284
   vertex 91 138.5 284
   vertex 92 138 283.5
  endloop
 endfacet
 facet normal 0 -0.70710678118654746 0.70710678118654746
  outer loop
   vertex 93 138 283.5
   vertex 92 138.5 284
   vertex 92 138 283.5
  endloop
 endfacet
 facet normal 0 -0.70710678118654746 0.70710678118654746
  outer loop
   vertex 93 138.5 284
   vertex 92 138.5 284
   vertex 93 138 283.5
  endloop
 endfacet
 facet normal 0 -0.70710678118654746 0.70710678118654746
  outer loop
   vertex 94 138 283.5
   vertex 93 138.5 284
   vertex 93 138 283.5
  endloop
 endfacet
 facet normal 0 -0.70710678118654746 0.70710678118654746
  outer loop
   vertex 94 138.5 284
   vertex 93 138.5 284
   vertex 94 138 283.5
  endloop
 endfacet
 facet normal 0 -0.70710678118654746 0.70710678118654746
  outer loop
   vertex 95 138 283.5
   vertex 94 138.5 284
   vertex 94 138 283.5
  endloop
 endfacet
 facet normal 0 -0.70710678118654746 0.70710678118654746
  outer loop
   vertex 95 138.5 284
   vertex 94 138.5 284
   vertex 95 138 283.5
  endloop
 endfacet
 facet normal 0.57735026918962584 -0.57735026918962584 0.57735026918962584
  outer loop
   vertex 95 138.5 284
   vertex 96 139 283.5
   vertex 95.5 139 284
  endloop
 endfacet
 facet normal 0.57735026918962584 -0.57735026918962584 0.57735026918962584
  outer loop
   vertex 95 138.5 284
   vertex 95 138 283.5
   vertex 96 139 283.5
  endloop
 endfacet
 facet normal 0 -0 1
  outer loop
   vertex 95 138 283.5
   vertex 96 138 283.5
   vertex 96 139 283.5
  endloop
 endfacet
 facet normal 0.57735026918962584 -0.57735026918962584 0.57735026918962584
  outer loop
   vertex 96.5 138 283
   vertex 97 138.5 283
   vertex 97 139 283.5
  endloop
 endfacet
 facet normal 0.57735026918962584 -0.57735026918962584 0.57735026918962584
  outer loop
   vertex 96.5 138 283
   vertex 97 139 283.5
   vertex 96 138 283.5
  endloop
 endfacet
 facet normal 0 0 1
  outer loop
   vertex 96 138 283.5
   vertex 97 139 283.5
   vertex 96 139 283.5
  endloop
 endfacet
 facet normal 0 -0.70710678118654746 0.70710678118654746
  outer loop
   vertex 97 138.5 283
   vertex 98 138.5 283
   vertex 98 139 283.5
  endloop
 endfacet
 facet normal 0 -0.70710678118654746 0.70710678118654746
  outer loop
   vertex 97 139 283.5
   vertex 97 138.5 283
   vertex 98 139 283.5
  endloop
 endfacet
 facet normal 0.57735026918962584 -0.57735026918962584 0.57735026918962584
  outer loop
   vertex 98 138.5 283
   vertex 98.5 139 283
   vertex 98 139 283.5
  endloop
 endfacet
 facet normal -0.57735026918962584 -0.57735026918962584 0.57735026918962584
  outer loop
   vertex 90 139 283.5
   vertex 90 139.5 284
   vertex 89.5 140 284
  endloop
 endfacet
 facet normal -0.57735026918962584 -0.57735026918962584 0.57735026918962584
  outer loop
   vertex 90 139 283.5
   vertex 89.5 140 284
   vertex 89.5 139 283
  endloop
 endfacet
 facet normal -1 0 -0
  outer loop
   vertex 89.5 139 283
   vertex 89.5 140 284
   vertex 89.5 140 283
  endloop
 endfacet
 facet normal -0.57735026918962584 -0.57735026918962584 0.57735026918962584
  outer loop
   vertex 90.5 139 284
   vertex 90 139.5 284
   vertex 90 139 283.5
  endloop
 endfacet
 facet normal 0.57735026918962584 -0.57735026918962584 0.57735026918962584
  outer loop
   vertex 96 139 283.5
   vertex 96 139.5 284
   vertex 95.5 139 284
  endloop
 endfacet
 facet normal 0 -0.70710678118654746 0.70710678118654746
  outer loop
   vertex 97 139 283.5
   vertex 96 139.5 284
   vertex 96 139 283.5
  endloop
 endfacet
 facet normal 0 -0.70710678118654746 0.70710678118654746
  outer loop
   vertex 97 139.5 284
   vertex 96 139.5 284
   vertex 97 139 283.5
  endloop
 endfacet
 facet normal 0.57735026918962584 -0.57735026918962584 0.57735026918962584
  outer loop
   vertex 97 139.5 284
   vertex 98 140 283.5
   vertex 97.5 140 284
  endloop
 endfacet
 facet normal 0.57735026918962584 -0.57735026918962584 0.57735026918962584
  outer loop
   vertex 97 139.5 284
   vertex 97 139 283.5
   vertex 98 140 283.5
  endloop
 endfacet
 facet normal 0 -0 1
  outer loop
   vertex 97 139 283.5
   vertex 98 139 283.5
   vertex 98 140 283.5
  endloop
 endfacet
 facet normal 0.57735026918962584 -0.57735026918962584 0.57735026918962584
  outer loop
   vertex 98.5 139 283
   vertex 99 139.5 283
   vertex 99 140 283.5
  endloop
 endfacet
 facet normal 0.57735026918962584 -0.57735026918962584 0.57735026918962584
  outer loop
   vertex 98.5 139 283
   vertex 99 140 283.5
   vertex 98 139 283.5
  endloop
 endfacet
 facet normal 0 0 1
  outer loop
   vertex 98 139 283.5
   vertex 99 140 283.5
   vertex 98 140 283.5
  endloop
 endfacet
 facet normal 0.57735026918962584 -0.57735026918962584 0.57735026918962584
  outer loop
   vertex 99 139.5 283
   vertex 99.5 140 283
   vertex 99 140 283.5
  endloop
 endfacet
 facet normal -0.57735026918962584 -0.57735026918962584 0.57735026918962584
  outer loop
   vertex 89 140.5 283
   vertex 89 141 283.5
   vertex 88.5 141 283
  endloop
 endfacet
 facet normal -0.57735026918962584 -0.57735026918962584 0.57735026918962584
  outer loop
   vertex 89 140.5 283
   vertex 89.5 141 284
   vertex 89 141 283.5
  endloop
 endfacet
 facet normal -0.57735026918962584 -0.57735026918962584 0.57735026918962584
  outer loop
   vertex 89 140.5 283
   vertex 89.5 140 283
   vertex 89.5 141 284
  endloop
 endfacet
 facet normal -1 0 0
  outer loop
   vertex 89.5 140 283
   vertex 89.5 140 284
   vertex 89.5 141 284
  endloop
 endfacet
 facet normal 0.70710678118654746 0 0.70710678118654746
  outer loop
   vertex 98 141 283.5
   vertex 97.5 140 284
   vertex 98 140 283.5
  endloop
 endfacet
 facet normal 0.70710678118654746 -0 0.70710678118654746
  outer loop
   vertex 97.5 141 284
   vertex 97.5 140 284
   vertex 98 141 283.5
  endloop
 endfacet
 facet normal 0 0 1
  outer loop
   vertex 99 140 283.5
   vertex 99 141 283.5
   vertex 98 140 283.5
  endloop
 endfacet
 facet normal -0 0 1
  outer loop
   vertex 99 141 283.5
   vertex 98 141 283.5
   vertex 98 140 283.5
  endloop
 endfacet
 facet normal 0.70710678118654746 0 0.70710678118654746
  outer loop
   vertex 99.5 140 283
   vertex 99.5 141 283
   vertex 99 141 283.5
  endloop
 endfacet
 facet normal 0.70710678118654746 0 0.70710678118654746
  outer loop
   vertex 99 140 283.5
   vertex 99.5 140 283
   vertex 99 141 283.5
  endloop
 endfacet
 facet normal -0.57735026918962584 0.57735026918962584 0.57735026918962584
  outer loop
   vertex 88.5 141 283
   vertex 89 141 283.5
   vertex 89 141.5 283
  endloop
 endfacet
 facet normal -0.57735026918962584 0.57735026918962584 0.57735026918962584
  outer loop
   vertex 89 141 283.5
   vertex 89.5 142 283
   vertex 89 141.5 283
  endloop
 endfacet
 facet normal -0.57735026918962584 0.57735026918962584 0.57735026918962584
  outer loop
   vertex 89 141 283.5
   vertex 89.5 141 284
   vertex 89.5 142 283
  endloop
 endfacet
 facet normal -1 -0 -0
  outer loop
   vertex 89.5 141 284
   vertex 89.5 142 284
   vertex 89.5 142 283
  endloop
 endfacet
 facet normal 0.57735026918962584 -0.57735026918962584 0.57735026918962584
  outer loop
   vertex 98 141 283.5
   vertex 98 141.5 284
   vertex 97.5 141 284
  endloop
 endfacet
 facet normal 0.57735026918962584 -0.57735026918962584 0.57735026918962584
  outer loop
   vertex 98 141.5 284
   vertex 99 142 283.5
   vertex 98.5 142 284
  endloop
 endfacet
 facet normal 0.57735026918962584 -0.57735026918962584 0.57735026918962584
  outer loop
   vertex 98 141.5 284
   vertex 98 141 283.5
   vertex 99 142 283.5
  endloop
 endfacet
 facet normal 0 -0 1
  outer loop
   vertex 98 141 283.5
   vertex 99 141 283.5
   vertex 99 142 283.5
  endloop
 endfacet
 facet normal 0.70710678118654746 0 0.70710678118654746
  outer loop
   vertex 99.5 141 283
   vertex 99.5 142 283
   vertex 99 142 283.5
  endloop
 endfacet
 facet normal 0.70710678118654746 0 0.70710678118654746
  outer loop
   vertex 99 141 283.5
   vertex 99.5 141 283
   vertex 99 142 283.5
  endloop
 endfacet
 facet normal -1 0 0
  outer loop
   vertex 89.5 142 283
   vertex 89.5 142 284
   vertex 89.5 143 283
  endloop
 endfacet
 facet normal -1 -0 -0
  outer loop
   vertex 89.5 142 284
   vertex 89.5 143 284
   vertex 89.5 143 283
  endloop
 endfacet
 facet normal 0.70710678118654746 0 0.70710678118654746
  outer loop
   vertex 99 143 283.5
   vertex 98.5 142 284
   vertex 99 142 283.5
  endloop
 endfacet
 facet normal 0.70710678118654746 -0 0.70710678118654746
  outer loop
   vertex 98.5 143 284
   vertex 98.5 142 284
   vertex 99 143 283.5
  endloop
 endfacet
 facet normal 0.57735026918962584 -0.57735026918962584 0.57735026918962584
  outer loop
   vertex 99.5 142 283
   vertex 100 142.5 283
   vertex 100 143 283.5
  endloop
 endfacet
 facet normal 0.57735026918962584 -0.57735026918962584 0.57735026918962584
  outer loop
   vertex 99.5 142 283
   vertex 100 143 283.5
   vertex 99 142 283.5
  endloop
 endfacet
 facet normal 0 0 1
  outer loop
   vertex 99 142 283.5
   vertex 100 143 283.5
   vertex 99 143 283.5
  endloop
 endfacet
 facet normal 0.57735026918962584 -0.57735026918962584 0.57735026918962584
  outer loop
   vertex 100 142.5 283
   vertex 100.5 143 283
   vertex 100 143 283.5
  endloop
 endfacet
 facet normal -1 0 0
  outer loop
   vertex 89.5 143 283
   vertex 89.5 143 284
   vertex 89.5 144 283
  endloop
 endfacet
 facet normal -1 -0 -0
  outer loop
   vertex 89.5 143 284
   vertex 89.5 144 284
   vertex 89.5 144 283
  endloop
 endfacet
 facet normal 0.57735026918962584 -0.57735026918962584 0.57735026918962584
  outer loop
   vertex 99 143 283.5
   vertex 99 143.5 284
   vertex 98.5 143 284
  endloop
 endfacet
 facet normal 0.57735026918962584 -0.57735026918962584 0.57735026918962584
  outer loop
   vertex 99 143.5 284
   vertex 100 144 283.5
   vertex 99.5 144 284
  endloop
 endfacet
 facet normal 0.57735026918962584 -0.57735026918962584 0.57735026918962584
  outer loop
   vertex 99 143.5 284
   vertex 99 143 283.5
   vertex 100 144 283.5
  endloop
 endfacet
 facet normal 0 -0 1
  outer loop
   vertex 99 143 283.5
   vertex 100 143 283.5
   vertex 100 144 283.5
  endloop
 endfacet
 facet normal 0.70710678118654746 0 0.70710678118654746
  outer loop
   vertex 100.5 143 283
   vertex 100.5 144 283
   vertex 100 144 283.5
  endloop
 endfacet
 facet normal 0.70710678118654746 0 0.70710678118654746
  outer loop
   vertex 100 143 283.5
   vertex 100.5 143 283
   vertex 100 144 283.5
  endloop
 endfacet
 facet normal -0.57735026918962584 0.57735026918962584 0.57735026918962584
  outer loop
   vertex 90 144.5 284
   vertex 90 145 283.5
   vertex 89.5 145 283
  endloop
 endfacet
 facet normal -0.57735026918962584 0.57735026918962584 0.57735026918962584
  outer loop
   vertex 90 144.5 284
   vertex 89.5 145 283
   vertex 89.5 144 284
  endloop
 endfacet
 facet normal -1 0 0
  outer loop
   vertex 89.5 144 284
   vertex 89.5 145 283
   vertex 89.5 144 283
  endloop
 endfacet
 facet normal -0.57735026918962584 0.57735026918962584 0.57735026918962584
  outer loop
   vertex 90 144.5 284
   vertex 90.5 145 284
   vertex 90 145 283.5
  endloop
 endfacet
 facet normal 0.57735026918962584 0.57735026918962584 0.57735026918962584
  outer loop
   vertex 100 144.5 283
   vertex 99.5 144 284
   vertex 100 144 283.5
  endloop
 endfacet
 facet normal 0.57735026918962584 0.57735026918962584 0.57735026918962584
  outer loop
   vertex 100 144.5 283
   vertex 99.5 145 283
   vertex 99.5 144 284
  endloop
 endfacet
 facet normal 1 0 0
  outer loop
   vertex 99.5 145 283
   vertex 99.5 145 284
   vertex 99.5 144 284
  endloop
 endfacet
 facet normal 0.57735026918962584 0.57735026918962584 0.57735026918962584
  outer loop
   vertex 100.5 144 283
   vertex 100 144.5 283
   vertex 100 144 283.5
  endloop
 endfacet
 facet normal -0.57735026918962584 0.57735026918962584 0.57735026918962584
  outer loop
   vertex 89.5 145 283
   vertex 90 145 283.5
   vertex 90 145.5 283
  endloop
 endfacet
 facet normal -0.57735026918962584 0.57735026918962584 0.57735026918962584
  outer loop
   vertex 90 145 283.5
   vertex 90.5 146 283
   vertex 90 145.5 283
  endloop
 endfacet
 facet normal -0.57735026918962584 0.57735026918962584 0.57735026918962584
  outer loop
   vertex 90 145 283.5
   vertex 90.5 145 284
   vertex 90.5 146 283
  endloop
 endfacet
 facet normal -1 -0 -0
  outer loop
   vertex 90.5 145 284
   vertex 90.5 146 284
   vertex 90.5 146 283
  endloop
 endfacet
 facet normal 0.57735026918962584 0.57735026918962584 0.57735026918962584
  outer loop
   vertex 99 146 283.5
   vertex 98.5 146 284
   vertex 99 145.5 284
  endloop
 endfacet
 facet normal 0.57735026918962584 0.57735026918962584 0.57735026918962584
  outer loop
   vertex 99 146 283.5
   vertex 99 145.5 284
   vertex 99.5 145 284
  endloop
 endfacet
 facet normal 0.57735026918962584 0.57735026918962584 0.57735026918962584
  outer loop
   vertex 99 146 283.5
   vertex 99.5 145 284
   vertex 99.5 146 283
  endloop
 endfacet
 facet normal 1 0 0
  outer loop
   vertex 99.5 146 283
   vertex 99.5 145 284
   vertex 99.5 145 283
  endloop
 endfacet
 facet normal -0.57735026918962584 0.57735026918962584 0.57735026918962584
  outer loop
   vertex 91 146.5 284
   vertex 91 147 283.5
   vertex 90.5 147 283
  endloop
 endfacet
 facet normal -0.57735026918962584 0.57735026918962584 0.57735026918962584
  outer loop
   vertex 91 146.5 284
   vertex 90.5 147 283
   vertex 90.5 146 284
  endloop
 endfacet
 facet normal -1 0 0
  outer loop
   vertex 90.5 146 284
   vertex 90.5 147 283
   vertex 90.5 146 283
  endloop
 endfacet
 facet normal -0.57735026918962584 0.57735026918962584 0.57735026918962584
  outer loop
   vertex 91 146.5 284
   vertex 91.5 147 284
   vertex 91 147 283.5
  endloop
 endfacet
 facet normal 0.57735026918962584 0.57735026918962584 0.57735026918962584
  outer loop
   vertex 98 147 283.5
   vertex 97.5 147 284
   vertex 98 146.5 284
  endloop
 endfacet
 facet normal 0.57735026918962584 0.57735026918962584 0.57735026918962584
  outer loop
   vertex 98.5 146 284
   vertex 98 147 283.5
   vertex 98 146.5 284
  endloop
 endfacet
 facet normal 0.57735026918962584 0.57735026918962584 0.57735026918962584
  outer loop
   vertex 98.5 146 284
   vertex 99 146 283.5
   vertex 98 147 283.5
  endloop
 endfacet
 facet normal 0 0 1
  outer loop
   vertex 99 146 283.5
   vertex 99 147 283.5
   vertex 98 147 283.5
  endloop
 endfacet
 facet normal 0.70710678118654746 0 0.70710678118654746
  outer loop
   vertex 99.5 146 283
   vertex 99.5 147 283
   vertex 99 147 283.5
  endloop
 endfacet
 facet normal 0.70710678118654746 0 0.70710678118654746
  outer loop
   vertex 99 146 283.5
   vertex 99.5 146 283
   vertex 99 147 283.5
  endloop
 endfacet
 facet normal -0.57735026918962584 0.57735026918962584 0.57735026918962584
  outer loop
   vertex 90.5 147 283
   vertex 91 147 283.5
   vertex 91 147.5 283
  endloop
 endfacet
 facet normal -0.57735026918962584 0.57735026918962584 0.57735026918962584
  outer loop
   vertex 91.5 148 283
   vertex 92 147.5 284
   vertex 92 148 283.5
  endloop
 endfacet
 facet normal -0.57735026918962584 0.57735026918962584 0.57735026918962584
  outer loop
   vertex 91 147.5 283
   vertex 92 147.5 284
   vertex 91.5 148 283
  endloop
 endfacet
 facet normal -0.57735026918962584 0.57735026918962584 0.57735026918962584
  outer loop
   vertex 91 147.5 283
   vertex 91.5 147 284
   vertex 92 147.5 284
  endloop
 endfacet
 facet normal -0.57735026918962584 0.57735026918962584 0.57735026918962584
  outer loop
   vertex 91 147.5 283
   vertex 91 147 283.5
   vertex 91.5 147 284
  endloop
 endfacet
 facet normal -0.57735026918962584 0.57735026918962584 0.57735026918962584
  outer loop
   vertex 92 147.5 284
   vertex 92.5 148 284
   vertex 92 148 283.5
  endloop
 endfacet
 facet normal 0.57735026918962584 0.57735026918962584 0.57735026918962584
  outer loop
   vertex 96 148 283.5
   vertex 95.5 148 284
   vertex 96 147.5 284
  endloop
 endfacet
 facet normal 0 0.70710678118654746 0.70710678118654746
  outer loop
   vertex 96 148 283.5
   vertex 97 147.5 284
   vertex 97 148 283.5
  endloop
 endfacet
 facet normal 0 0.70710678118654746 0.70710678118654746
  outer loop
   vertex 96 147.5 284
   vertex 97 147.5 284
   vertex 96 148 283.5
  endloop
 endfacet
 facet normal 0.57735026918962584 0.57735026918962584 0.57735026918962584
  outer loop
   vertex 97.5 147 284
   vertex 97 148 283.5
   vertex 97 147.5 284
  endloop
 endfacet
 facet normal 0.57735026918962584 0.57735026918962584 0.57735026918962584
  outer loop
   vertex 98 147 283.5
   vertex 97 148 283.5
   vertex 97.5 147 284
  endloop
 endfacet
 facet normal 0.57735026918962584 0.57735026918962584 0.57735026918962584
  outer loop
   vertex 98 147 283.5
   vertex 97.5 148 283
   vertex 97 148 283.5
  endloop
 endfacet
 facet normal 0.57735026918962584 0.57735026918962584 0.57735026918962584
  outer loop
   vertex 98 147 283.5
   vertex 98 147.5 283
   vertex 97.5 148 283
  endloop
 endfacet
 facet normal -0 0.70710678118654746 0.70710678118654746
  outer loop
   vertex 99 147.5 283
   vertex 98 147.5 283
   vertex 98 147 283.5
  endloop
 endfacet
 facet normal 0 0.70710678118654746 0.70710678118654746
  outer loop
   vertex 99 147 283.5
   vertex 99 147.5 283
   vertex 98 147 283.5
  endloop
 endfacet
 facet normal 0.57735026918962584 0.57735026918962584 0.57735026918962584
  outer loop
   vertex 99.5 147 283
   vertex 99 147.5 283
   vertex 99 147 283.5
  endloop
 endfacet
 facet normal -0.57735026918962584 0.57735026918962584 0.57735026918962584
  outer loop
   vertex 91.5 148 283
   vertex 92 148 283.5
   vertex 92 148.5 283
  endloop
 endfacet
 facet normal -0.57735026918962584 0.57735026918962584 0.57735026918962584
  outer loop
   vertex 92 148 283.5
   vertex 92.5 148 284
   vertex 93 148.5 284
  endloop
 endfacet
 facet normal -0.57735026918962584 0.57735026918962584 0.57735026918962584
  outer loop
   vertex 92 148 283.5
   vertex 93 148.5 284
   vertex 92 148.5 283
  endloop
 endfacet
 facet normal 0 1 0
  outer loop
   vertex 92 148.5 283
   vertex 93 148.5 284
   vertex 93 148.5 283
  endloop
 endfacet
 facet normal -0.57735026918962584 0.57735026918962584 0.57735026918962584
  outer loop
   vertex 93.5 149 283
   vertex 94 148.5 284
   vertex 94 149 283.5
  endloop
 endfacet
 facet normal -0.57735026918962584 0.57735026918962584 0.57735026918962584
  outer loop
   vertex 93.5 149 283
   vertex 93 148.5 283
   vertex 94 148.5 284
  endloop
 endfacet
 facet normal -0 1 0
  outer loop
   vertex 93 148.5 283
   vertex 93 148.5 284
   vertex 94 148.5 284
  endloop
 endfacet
 facet normal 0 0.70710678118654746 0.70710678118654746
  outer loop
   vertex 94 149 283.5
   vertex 95 148.5 284
   vertex 95 149 283.5
  endloop
 endfacet
 facet normal 0 0.70710678118654746 0.70710678118654746
  outer loop
   vertex 94 148.5 284
   vertex 95 148.5 284
   vertex 94 149 283.5
  endloop
 endfacet
 facet normal 0.57735026918962584 0.57735026918962584 0.57735026918962584
  outer loop
   vertex 95.5 148 284
   vertex 95 149 283.5
   vertex 95 148.5 284
  endloop
 endfacet
 facet normal 0.57735026918962584 0.57735026918962584 0.57735026918962584
  outer loop
   vertex 96 148 283.5
   vertex 95 149 283.5
   vertex 95.5 148 284
  endloop
 endfacet
 facet normal 0.57735026918962584 0.57735026918962584 0.57735026918962584
  outer loop
   vertex 96 148 283.5
   vertex 95.5 149 283
   vertex 95 149 283.5
  endloop
 endfacet
 facet normal 0.57735026918962584 0.57735026918962584 0.57735026918962584
  outer loop
   vertex 96 148 283.5
   vertex 96 148.5 283
   vertex 95.5 149 283
  endloop
 endfacet
 facet normal -0 0.70710678118654746 0.70710678118654746
  outer loop
   vertex 97 148.5 283
   vertex 96 148.5 283
   vertex 96 148 283.5
  endloop
 endfacet
 facet normal 0 0.70710678118654746 0.70710678118654746
  outer loop
   vertex 97 148 283.5
   vertex 97 148.5 283
   vertex 96 148 283.5
  endloop
 endfacet
 facet normal 0.57735026918962584 0.57735026918962584 0.57735026918962584
  outer loop
   vertex 97.5 148 283
   vertex 97 148.5 283
   vertex 97 148 283.5
  endloop
 endfacet
 facet normal -0.57735026918962584 0.57735026918962584 0.57735026918962584
  outer loop
   vertex 93.5 149 283
   vertex 94 149 283.5
   vertex 94 149.5 283
  endloop
 endfacet
 facet normal -0 0.70710678118654746 0.70710678118654746
  outer loop
   vertex 95 149.5 283
   vertex 94 149.5 283
   vertex 94 149 283.5
  endloop
 endfacet
 facet normal 0 0.70710678118654746 0.70710678118654746
  outer loop
   vertex 95 149 283.5
   vertex 95 149.5 283
   vertex 94 149 283.5
  endloop
 endfacet
 facet normal 0.57735026918962584 0.57735026918962584 0.57735026918962584
  outer loop
   vertex 95.5 149 283
   vertex 95 149.5 283
   vertex 95 149 283.5
  endloop
 endfacet
 facet normal -0.57735026918962584 -0.57735026918962584 0.57735026918962584
  outer loop
   vertex 91 138.5 284
   vertex 91 139 284.5
   vertex 90.5 139 284
  endloop
 endfacet
 facet normal 0 -0.70710678118654746 0.70710678118654746
  outer loop
   vertex 91 138.5 284
   vertex 92 138.5 284
   vertex 92 139 284.5
  endloop
 endfacet
 facet normal 0 -0.70710678118654746 0.70710678118654746
  outer loop
   vertex 91 139 284.5
   vertex 91 138.5 284
   vertex 92 139 284.5
  endloop
 endfacet
 facet normal 0 -0.70710678118654746 0.70710678118654746
  outer loop
   vertex 92 138.5 284
   vertex 93 138.5 284
   vertex 93 139 284.5
  endloop
 endfacet
 facet normal 0 -0.70710678118654746 0.70710678118654746
  outer loop
   vertex 92 139 284.5
   vertex 92 138.5 284
   vertex 93 139 284.5
  endloop
 endfacet
 facet normal 0 -0.70710678118654746 0.70710678118654746
  outer loop
   vertex 93 138.5 284
   vertex 94 138.5 284
   vertex 94 139 284.5
  endloop
 endfacet
 facet normal 0 -0.70710678118654746 0.70710678118654746
  outer loop
   vertex 93 139 284.5
   vertex 93 138.5 284
   vertex 94 139 284.5
  endloop
 endfacet
 facet normal 0 -0.70710678118654746 0.70710678118654746
  outer loop
   vertex 94 138.5 284
   vertex 95 138.5 284
   vertex 95 139 284.5
  endloop
 endfacet
 facet normal 0 -0.70710678118654746 0.70710678118654746
  outer loop
   vertex 94 139 284.5
   vertex 94 138.5 284
   vertex 95 139 284.5
  endloop
 endfacet
 facet normal 0.57735026918962584 -0.57735026918962584 0.57735026918962584
  outer loop
   vertex 95 138.5 284
   vertex 95.5 139 284
   vertex 95 139 284.5
  endloop
 endfacet
 facet normal -0.57735026918962584 -0.57735026918962584 0.57735026918962584
  outer loop
   vertex 90 139.5 284
   vertex 90 140 284.5
   vertex 89.5 140 284
  endloop
 endfacet
 facet normal -0.57735026918962584 -0.57735026918962584 0.57735026918962584
  outer loop
   vertex 90 139.5 284
   vertex 90.5 139 284
   vertex 91 139 284.5
  endloop
 endfacet
 facet normal -0.57735026918962584 -0.57735026918962584 0.57735026918962584
  outer loop
   vertex 90 139.5 284
   vertex 91 139 284.5
   vertex 90 140 284.5
  endloop
 endfacet
 facet normal 0 -0 1
  outer loop
   vertex 90 140 284.5
   vertex 91 139 284.5
   vertex 91 140 284.5
  endloop
 endfacet
 facet normal 0 0 1
  outer loop
   vertex 92 139 284.5
   vertex 92 140 284.5
   vertex 91 139 284.5
  endloop
 endfacet
 facet normal -0 0 1
  outer loop
   vertex 92 140 284.5
   vertex 91 140 284.5
   vertex 91 139 284.5
  endloop
 endfacet
 facet normal -0.57735026918962584 -0.57735026918962584 0.57735026918962584
  outer loop
   vertex 92.5 140 285
   vertex 93 139 284.5
   vertex 93 139.5 285
  endloop
 endfacet
 facet normal -0.57735026918962584 -0.57735026918962584 0.57735026918962584
  outer loop
   vertex 92.5 140 285
   vertex 92 140 284.5
   vertex 93 139 284.5
  endloop
 endfacet
 facet normal 0 0 1
  outer loop
   vertex 92 140 284.5
   vertex 92 139 284.5
   vertex 93 139 284.5
  endloop
 endfacet
 facet normal 0 -0.70710678118654746 0.70710678118654746
  outer loop
   vertex 94 139 284.5
   vertex 93 139.5 285
   vertex 93 139 284.5
  endloop
 endfacet
 facet normal 0 -0.70710678118654746 0.70710678118654746
  outer loop
   vertex 94 139.5 285
   vertex 93 139.5 285
   vertex 94 139 284.5
  endloop
 endfacet
 facet normal 0.57735026918962584 -0.57735026918962584 0.57735026918962584
  outer loop
   vertex 94 139.5 285
   vertex 95 140 284.5
   vertex 94.5 140 285
  endloop
 endfacet
 facet normal 0.57735026918962584 -0.57735026918962584 0.57735026918962584
  outer loop
   vertex 94 139.5 285
   vertex 94 139 284.5
   vertex 95 140 284.5
  endloop
 endfacet
 facet normal 0 -0 1
  outer loop
   vertex 94 139 284.5
   vertex 95 139 284.5
   vertex 95 140 284.5
  endloop
 endfacet
 facet normal 0.57735026918962584 -0.57735026918962584 0.57735026918962584
  outer loop
   vertex 95.5 139 284
   vertex 96 139.5 284
   vertex 96 140 284.5
  endloop
 endfacet
 facet normal 0.57735026918962584 -0.57735026918962584 0.57735026918962584
  outer loop
   vertex 95.5 139 284
   vertex 96 140 284.5
   vertex 95 139 284.5
  endloop
 endfacet
 facet normal 0 0 1
  outer loop
   vertex 95 139 284.5
   vertex 96 140 284.5
   vertex 95 140 284.5
  endloop
 endfacet
 facet normal 0 -0.70710678118654746 0.70710678118654746
  outer loop
   vertex 96 139.5 284
   vertex 97 139.5 284
   vertex 97 140 284.5
  endloop
 endfacet
 facet normal 0 -0.70710678118654746 0.70710678118654746
  outer loop
   vertex 96 140 284.5
   vertex 96 139.5 284
   vertex 97 140 284.5
  endloop
 endfacet
 facet normal 0.57735026918962584 -0.57735026918962584 0.57735026918962584
  outer loop
   vertex 97 139.5 284
   vertex 97.5 140 284
   vertex 97 140 284.5
  endloop
 endfacet
 facet normal -0.70710678118654746 0 0.70710678118654746
  outer loop
   vertex 90 140 284.5
   vertex 90 141 284.5
   vertex 89.5 141 284
  endloop
 endfacet
 facet normal -0.70710678118654746 0 0.70710678118654746
  outer loop
   vertex 89.5 140 284
   vertex 90 140 284.5
   vertex 89.5 141 284
  endloop
 endfacet
 facet normal 0 0 1
  outer loop
   vertex 91 140 284.5
   vertex 91 141 284.5
   vertex 90 140 284.5
  endloop
 endfacet
 facet normal -0 0 1
  outer loop
   vertex 91 141 284.5
   vertex 90 141 284.5
   vertex 90 140 284.5
  endloop
 endfacet
 facet normal -0.57735026918962584 -0.57735026918962584 0.57735026918962584
  outer loop
   vertex 91.5 141 285
   vertex 92 140 284.5
   vertex 92 140.5 285
  endloop
 endfacet
 facet normal -0.57735026918962584 -0.57735026918962584 0.57735026918962584
  outer loop
   vertex 91.5 141 285
   vertex 91 141 284.5
   vertex 92 140 284.5
  endloop
 endfacet
 facet normal 0 0 1
  outer loop
   vertex 91 141 284.5
   vertex 91 140 284.5
   vertex 92 140 284.5
  endloop
 endfacet
 facet normal -0.57735026918962584 -0.57735026918962584 0.57735026918962584
  outer loop
   vertex 92.5 140 285
   vertex 92 140.5 285
   vertex 92 140 284.5
  endloop
 endfacet
 facet normal 0.57735026918962584 -0.57735026918962584 0.57735026918962584
  outer loop
   vertex 95 140 284.5
   vertex 95 140.5 285
   vertex 94.5 140 285
  endloop
 endfacet
 facet normal 0 -0.70710678118654746 0.70710678118654746
  outer loop
   vertex 96 140 284.5
   vertex 95 140.5 285
   vertex 95 140 284.5
  endloop
 endfacet
 facet normal 0 -0.70710678118654746 0.70710678118654746
  outer loop
   vertex 96 140.5 285
   vertex 95 140.5 285
   vertex 96 140 284.5
  endloop
 endfacet
 facet normal 0.57735026918962584 -0.57735026918962584 0.57735026918962584
  outer loop
   vertex 96 140.5 285
   vertex 97 141 284.5
   vertex 96.5 141 285
  endloop
 endfacet
 facet normal 0.57735026918962584 -0.57735026918962584 0.57735026918962584
  outer loop
   vertex 96 140.5 285
   vertex 96 140 284.5
   vertex 97 141 284.5
  endloop
 endfacet
 facet normal 0 -0 1
  outer loop
   vertex 96 140 284.5
   vertex 97 140 284.5
   vertex 97 141 284.5
  endloop
 endfacet
 facet normal 0.70710678118654746 0 0.70710678118654746
  outer loop
   vertex 97.5 140 284
   vertex 97.5 141 284
   vertex 97 141 284.5
  endloop
 endfacet
 facet normal 0.70710678118654746 0 0.70710678118654746
  outer loop
   vertex 97 140 284.5
   vertex 97.5 140 284
   vertex 97 141 284.5
  endloop
 endfacet
 facet normal -0.70710678118654746 0 0.70710678118654746
  outer loop
   vertex 90 141 284.5
   vertex 90 142 284.5
   vertex 89.5 142 284
  endloop
 endfacet
 facet normal -0.70710678118654746 0 0.70710678118654746
  outer loop
   vertex 89.5 141 284
   vertex 90 141 284.5
   vertex 89.5 142 284
  endloop
 endfacet
 facet normal -0.57735026918962584 -0.57735026918962584 0.57735026918962584
  outer loop
   vertex 90.5 142 285
   vertex 91 141 284.5
   vertex 91 141.5 285
  endloop
 endfacet
 facet normal -0.57735026918962584 -0.57735026918962584 0.57735026918962584
  outer loop
   vertex 90.5 142 285
   vertex 90 142 284.5
   vertex 91 141 284.5
  endloop
 endfacet
 facet normal 0 0 1
  outer loop
   vertex 90 142 284.5
   vertex 90 141 284.5
   vertex 91 141 284.5
  endloop
 endfacet
 facet normal -0.57735026918962584 -0.57735026918962584 0.57735026918962584
  outer loop
   vertex 91.5 141 285
   vertex 91 141.5 285
   vertex 91 141 284.5
  endloop
 endfacet
 facet normal 0.70710678118654746 0 0.70710678118654746
  outer loop
   vertex 97 142 284.5
   vertex 96.5 141 285
   vertex 97 141 284.5
  endloop
 endfacet
 facet normal 0.70710678118654746 -0 0.70710678118654746
  outer loop
   vertex 96.5 142 285
   vertex 96.5 141 285
   vertex 97 142 284.5
  endloop
 endfacet
 facet normal 0.57735026918962584 -0.57735026918962584 0.57735026918962584
  outer loop
   vertex 97.5 141 284
   vertex 98 141.5 284
   vertex 98 142 284.5
  endloop
 endfacet
 facet normal 0.57735026918962584 -0.57735026918962584 0.57735026918962584
  outer loop
   vertex 97.5 141 284
   vertex 98 142 284.5
   vertex 97 141 284.5
  endloop
 endfacet
 facet normal 0 0 1
  outer loop
   vertex 97 141 284.5
   vertex 98 142 284.5
   vertex 97 142 284.5
  endloop
 endfacet
 facet normal 0.57735026918962584 -0.57735026918962584 0.57735026918962584
  outer loop
   vertex 98 141.5 284
   vertex 98.5 142 284
   vertex 98 142 284.5
  endloop
 endfacet
 facet normal -0.70710678118654746 0 0.70710678118654746
  outer loop
   vertex 90 142 284.5
   vertex 90 143 284.5
   vertex 89.5 143 284
  endloop
 endfacet
 facet normal -0.70710678118654746 0 0.70710678118654746
  outer loop
   vertex 89.5 142 284
   vertex 90 142 284.5
   vertex 89.5 143 284
  endloop
 endfacet
 facet normal -0.70710678118654746 0 0.70710678118654746
  outer loop
   vertex 90.5 143 285
   vertex 90 142 284.5
   vertex 90.5 142 285
  endloop
 endfacet
 facet normal -0.70710678118654746 0 0.70710678118654746
  outer loop
   vertex 90 143 284.5
   vertex 90 142 284.5
   vertex 90.5 143 285
  endloop
 endfacet
 facet normal 0.57735026918962584 -0.57735026918962584 0.57735026918962584
  outer loop
   vertex 97 142 284.5
   vertex 97 142.5 285
   vertex 96.5 142 285
  endloop
 endfacet
 facet normal 0.57735026918962584 -0.57735026918962584 0.57735026918962584
  outer loop
   vertex 97 142.5 285
   vertex 98 143 284.5
   vertex 97.5 143 285
  endloop
 endfacet
 facet normal 0.57735026918962584 -0.57735026918962584 0.57735026918962584
  outer loop
   vertex 97 142.5 285
   vertex 97 142 284.5
   vertex 98 143 284.5
  endloop
 endfacet
 facet normal 0 -0 1
  outer loop
   vertex 97 142 284.5
   vertex 98 142 284.5
   vertex 98 143 284.5
  endloop
 endfacet
 facet normal 0.70710678118654746 0 0.70710678118654746
  outer loop
   vertex 98.5 142 284
   vertex 98.5 143 284
   vertex 98 143 284.5
  endloop
 endfacet
 facet normal 0.70710678118654746 0 0.70710678118654746
  outer loop
   vertex 98 142 284.5
   vertex 98.5 142 284
   vertex 98 143 284.5
  endloop
 endfacet
 facet normal -0.70710678118654746 0 0.70710678118654746
  outer loop
   vertex 90 143 284.5
   vertex 90 144 284.5
   vertex 89.5 144 284
  endloop
 endfacet
 facet normal -0.70710678118654746 0 0.70710678118654746
  outer loop
   vertex 89.5 143 284
   vertex 90 143 284.5
   vertex 89.5 144 284
  endloop
 endfacet
 facet normal -0.70710678118654746 0 0.70710678118654746
  outer loop
   vertex 90.5 144 285
   vertex 90 143 284.5
   vertex 90.5 143 285
  endloop
 endfacet
 facet normal -0.70710678118654746 0 0.70710678118654746
  outer loop
   vertex 90 144 284.5
   vertex 90 143 284.5
   vertex 90.5 144 285
  endloop
 endfacet
 facet normal 0.70710678118654746 0 0.70710678118654746
  outer loop
   vertex 98 144 284.5
   vertex 97.5 143 285
   vertex 98 143 284.5
  endloop
 endfacet
 facet normal 0.70710678118654746 -0 0.70710678118654746
  outer loop
   vertex 97.5 144 285
   vertex 97.5 143 285
   vertex 98 144 284.5
  endloop
 endfacet
 facet normal 0.57735026918962584 -0.57735026918962584 0.57735026918962584
  outer loop
   vertex 98.5 143 284
   vertex 99 143.5 284
   vertex 99 144 284.5
  endloop
 endfacet
 facet normal 0.57735026918962584 -0.57735026918962584 0.57735026918962584
  outer loop
   vertex 98.5 143 284
   vertex 99 144 284.5
   vertex 98 143 284.5
  endloop
 endfacet
 facet normal 0 0 1
  outer loop
   vertex 98 143 284.5
   vertex 99 144 284.5
   vertex 98 144 284.5
  endloop
 endfacet
 facet normal 0.57735026918962584 -0.57735026918962584 0.57735026918962584
  outer loop
   vertex 99 143.5 284
   vertex 99.5 144 284
   vertex 99 144 284.5
  endloop
 endfacet
 facet normal -0.57735026918962584 0.57735026918962584 0.57735026918962584
  outer loop
   vertex 89.5 144 284
   vertex 90 144 284.5
   vertex 90 144.5 284
  endloop
 endfacet
 facet normal -0.57735026918962584 0.57735026918962584 0.57735026918962584
  outer loop
   vertex 90 144 284.5
   vertex 90.5 145 284
   vertex 90 144.5 284
  endloop
 endfacet
 facet normal -0.57735026918962584 0.57735026918962584 0.57735026918962584
  outer loop
   vertex 90 144 284.5
   vertex 90.5 144 285
   vertex 90.5 145 284
  endloop
 endfacet
 facet normal -1 -0 -0
  outer loop
   vertex 90.5 144 285
   vertex 90.5 145 285
   vertex 90.5 145 284
  endloop
 endfacet
 facet normal 0.70710678118654746 0 0.70710678118654746
  outer loop
   vertex 98 145 284.5
   vertex 97.5 144 285
   vertex 98 144 284.5
  endloop
 endfacet
 facet normal 0.70710678118654746 -0 0.70710678118654746
  outer loop
   vertex 97.5 145 285
   vertex 97.5 144 285
   vertex 98 145 284.5
  endloop
 endfacet
 facet normal 0 0 1
  outer loop
   vertex 99 144 284.5
   vertex 99 145 284.5
   vertex 98 144 284.5
  endloop
 endfacet
 facet normal -0 0 1
  outer loop
   vertex 99 145 284.5
   vertex 98 145 284.5
   vertex 98 144 284.5
  endloop
 endfacet
 facet normal 0.70710678118654746 0 0.70710678118654746
  outer loop
   vertex 99.5 144 284
   vertex 99.5 145 284
   vertex 99 145 284.5
  endloop
 endfacet
 facet normal 0.70710678118654746 0 0.70710678118654746
  outer loop
   vertex 99 144 284.5
   vertex 99.5 144 284
   vertex 99 145 284.5
  endloop
 endfacet
 facet normal -0.57735026918962584 0.57735026918962584 0.57735026918962584
  outer loop
   vertex 91 145.5 285
   vertex 91 146 284.5
   vertex 90.5 146 284
  endloop
 endfacet
 facet normal -0.57735026918962584 0.57735026918962584 0.57735026918962584
  outer loop
   vertex 91 145.5 285
   vertex 90.5 146 284
   vertex 90.5 145 285
  endloop
 endfacet
 facet normal -1 0 0
  outer loop
   vertex 90.5 145 285
   vertex 90.5 146 284
   vertex 90.5 145 284
  endloop
 endfacet
 facet normal -0.57735026918962584 0.57735026918962584 0.57735026918962584
  outer loop
   vertex 91 145.5 285
   vertex 91.5 146 285
   vertex 91 146 284.5
  endloop
 endfacet
 facet normal 0.57735026918962584 0.57735026918962584 0.57735026918962584
  outer loop
   vertex 97 146 284.5
   vertex 96.5 146 285
   vertex 97 145.5 285
  endloop
 endfacet
 facet normal 0.57735026918962584 0.57735026918962584 0.57735026918962584
  outer loop
   vertex 97.5 145 285
   vertex 97 146 284.5
   vertex 97 145.5 285
  endloop
 endfacet
 facet normal 0.57735026918962584 0.57735026918962584 0.57735026918962584
  outer loop
   vertex 97.5 145 285
   vertex 98 145 284.5
   vertex 97 146 284.5
  endloop
 endfacet
 facet normal 0 0 1
  outer loop
   vertex 98 145 284.5
   vertex 98 146 284.5
   vertex 97 146 284.5
  endloop
 endfacet
 facet normal 0.57735026918962584 0.57735026918962584 0.57735026918962584
  outer loop
   vertex 99 145.5 284
   vertex 98.5 146 284
   vertex 98 146 284.5
  endloop
 endfacet
 facet normal 0.57735026918962584 0.57735026918962584 0.57735026918962584
  outer loop
   vertex 99 145.5 284
   vertex 98 146 284.5
   vertex 99 145 284.5
  endloop
 endfacet
 facet normal 0 0 1
  outer loop
   vertex 99 145 284.5
   vertex 98 146 284.5
   vertex 98 145 284.5
  endloop
 endfacet
 facet normal 0.57735026918962584 0.57735026918962584 0.57735026918962584
  outer loop
   vertex 99.5 145 284
   vertex 99 145.5 284
   vertex 99 145 284.5
  endloop
 endfacet
 facet normal -0.57735026918962584 0.57735026918962584 0.57735026918962584
  outer loop
   vertex 90.5 146 284
   vertex 91 146 284.5
   vertex 91 146.5 284
  endloop
 endfacet
 facet normal -0.57735026918962584 0.57735026918962584 0.57735026918962584
  outer loop
   vertex 91.5 147 284
   vertex 92 146.5 285
   vertex 92 147 284.5
  endloop
 endfacet
 facet normal -0.57735026918962584 0.57735026918962584 0.57735026918962584
  outer loop
   vertex 91 146.5 284
   vertex 92 146.5 285
   vertex 91.5 147 284
  endloop
 endfacet
 facet normal -0.57735026918962584 0.57735026918962584 0.57735026918962584
  outer loop
   vertex 91 146.5 284
   vertex 91.5 146 285
   vertex 92 146.5 285
  endloop
 endfacet
 facet normal -0.57735026918962584 0.57735026918962584 0.57735026918962584
  outer loop
   vertex 91 146.5 284
   vertex 91 146 284.5
   vertex 91.5 146 285
  endloop
 endfacet
 facet normal 0 0.70710678118654746 0.70710678118654746
  outer loop
   vertex 92 147 284.5
   vertex 93 146.5 285
   vertex 93 147 284.5
  endloop
 endfacet
 facet normal 0 0.70710678118654746 0.70710678118654746
  outer loop
   vertex 92 146.5 285
   vertex 93 146.5 285
   vertex 92 147 284.5
  endloop
 endfacet
 facet normal -0.57735026918962584 0.57735026918962584 0.57735026918962584
  outer loop
   vertex 93 146.5 285
   vertex 93.5 147 285
   vertex 93 147 284.5
  endloop
 endfacet
 facet normal 0.57735026918962584 0.57735026918962584 0.57735026918962584
  outer loop
   vertex 95 147 284.5
   vertex 94.5 147 285
   vertex 95 146.5 285
  endloop
 endfacet
 facet normal 0 0.70710678118654746 0.70710678118654746
  outer loop
   vertex 95 147 284.5
   vertex 96 146.5 285
   vertex 96 147 284.5
  endloop
 endfacet
 facet normal 0 0.70710678118654746 0.70710678118654746
  outer loop
   vertex 95 146.5 285
   vertex 96 146.5 285
   vertex 95 147 284.5
  endloop
 endfacet
 facet normal 0.57735026918962584 0.57735026918962584 0.57735026918962584
  outer loop
   vertex 96.5 146 285
   vertex 96 147 284.5
   vertex 96 146.5 285
  endloop
 endfacet
 facet normal 0.57735026918962584 0.57735026918962584 0.57735026918962584
  outer loop
   vertex 96.5 146 285
   vertex 97 146 284.5
   vertex 96 147 284.5
  endloop
 endfacet
 facet normal 0 0 1
  outer loop
   vertex 97 146 284.5
   vertex 97 147 284.5
   vertex 96 147 284.5
  endloop
 endfacet
 facet normal 0.57735026918962584 0.57735026918962584 0.57735026918962584
  outer loop
   vertex 98 146.5 284
   vertex 97.5 147 284
   vertex 97 147 284.5
  endloop
 endfacet
 facet normal 0.57735026918962584 0.57735026918962584 0.57735026918962584
  outer loop
   vertex 98 146.5 284
   vertex 97 147 284.5
   vertex 98 146 284.5
  endloop
 endfacet
 facet normal 0 0 1
  outer loop
   vertex 98 146 284.5
   vertex 97 147 284.5
   vertex 97 146 284.5
  endloop
 endfacet
 facet normal 0.57735026918962584 0.57735026918962584 0.57735026918962584
  outer loop
   vertex 98.5 146 284
   vertex 98 146.5 284
   vertex 98 146 284.5
  endloop
 endfacet
 facet normal -0.57735026918962584 0.57735026918962584 0.57735026918962584
  outer loop
   vertex 91.5 147 284
   vertex 92 147 284.5
   vertex 92 147.5 284
  endloop
 endfacet
 facet normal -0.57735026918962584 0.57735026918962584 0.57735026918962584
  outer loop
   vertex 92.5 148 284
   vertex 92 147.5 284
   vertex 92 147 284.5
  endloop
 endfacet
 facet normal -0.57735026918962584 0.57735026918962584 0.57735026918962584
  outer loop
   vertex 92.5 148 284
   vertex 92 147 284.5
   vertex 93 148 284.5
  endloop
 endfacet
 facet normal 0 0 1
  outer loop
   vertex 93 148 284.5
   vertex 92 147 284.5
   vertex 93 147 284.5
  endloop
 endfacet
 facet normal -0.57735026918962584 0.57735026918962584 0.57735026918962584
  outer loop
   vertex 94 147.5 285
   vertex 93 147 284.5
   vertex 93.5 147 285
  endloop
 endfacet
 facet normal -0.57735026918962584 0.57735026918962584 0.57735026918962584
  outer loop
   vertex 94 147.5 285
   vertex 94 148 284.5
   vertex 93 147 284.5
  endloop
 endfacet
 facet normal -0 0 1
  outer loop
   vertex 94 148 284.5
   vertex 93 148 284.5
   vertex 93 147 284.5
  endloop
 endfacet
 facet normal 0.57735026918962584 0.57735026918962584 0.57735026918962584
  outer loop
   vertex 94.5 147 285
   vertex 94 148 284.5
   vertex 94 147.5 285
  endloop
 endfacet
 facet normal 0.57735026918962584 0.57735026918962584 0.57735026918962584
  outer loop
   vertex 94.5 147 285
   vertex 95 147 284.5
   vertex 94 148 284.5
  endloop
 endfacet
 facet normal 0 0 1
  outer loop
   vertex 95 147 284.5
   vertex 95 148 284.5
   vertex 94 148 284.5
  endloop
 endfacet
 facet normal 0.57735026918962584 0.57735026918962584 0.57735026918962584
  outer loop
   vertex 96 147.5 284
   vertex 95.5 148 284
   vertex 95 148 284.5
  endloop
 endfacet
 facet normal 0.57735026918962584 0.57735026918962584 0.57735026918962584
  outer loop
   vertex 96 147.5 284
   vertex 95 148 284.5
   vertex 96 147 284.5
  endloop
 endfacet
 facet normal 0 0 1
  outer loop
   vertex 96 147 284.5
   vertex 95 148 284.5
   vertex 95 147 284.5
  endloop
 endfacet
 facet normal -0 0.70710678118654746 0.70710678118654746
  outer loop
   vertex 97 147.5 284
   vertex 96 147.5 284
   vertex 96 147 284.5
  endloop
 endfacet
 facet normal 0 0.70710678118654746 0.70710678118654746
  outer loop
   vertex 97 147 284.5
   vertex 97 147.5 284
   vertex 96 147 284.5
  endloop
 endfacet
 facet normal 0.57735026918962584 0.57735026918962584 0.57735026918962584
  outer loop
   vertex 97.5 147 284
   vertex 97 147.5 284
   vertex 97 147 284.5
  endloop
 endfacet
 facet normal -0.57735026918962584 0.57735026918962584 0.57735026918962584
  outer loop
   vertex 92.5 148 284
   vertex 93 148 284.5
   vertex 93 148.5 284
  endloop
 endfacet
 facet normal -0 0.70710678118654746 0.70710678118654746
  outer loop
   vertex 94 148.5 284
   vertex 93 148.5 284
   vertex 93 148 284.5
  endloop
 endfacet
 facet normal 0 0.70710678118654746 0.70710678118654746
  outer loop
   vertex 94 148 284.5
   vertex 94 148.5 284
   vertex 93 148 284.5
  endloop
 endfacet
 facet normal -0 0.70710678118654746 0.70710678118654746
  outer loop
   vertex 95 148.5 284
   vertex 94 148.5 284
   vertex 94 148 284.5
  endloop
 endfacet
 facet normal 0 0.70710678118654746 0.70710678118654746
  outer loop
   vertex 95 148 284.5
   vertex 95 148.5 284
   vertex 94 148 284.5
  endloop
 endfacet
 facet normal 0.57735026918962584 0.57735026918962584 0.57735026918962584
  outer loop
   vertex 95.5 148 284
   vertex 95 148.5 284
   vertex 95 148 284.5
  endloop
 endfacet
 facet normal -0.57735026918962584 -0.57735026918962584 0.57735026918962584
  outer loop
   vertex 93 139.5 285
   vertex 93 140 285.5
   vertex 92.5 140 285
  endloop
 endfacet
 facet normal 0 -0.70710678118654746 0.70710678118654746
  outer loop
   vertex 93 139.5 285
   vertex 94 139.5 285
   vertex 94 140 285.5
  endloop
 endfacet
 facet normal 0 -0.70710678118654746 0.70710678118654746
  outer loop
   vertex 93 140 285.5
   vertex 93 139.5 285
   vertex 94 140 285.5
  endloop
 endfacet
 facet normal 0.57735026918962584 -0.57735026918962584 0.57735026918962584
  outer loop
   vertex 94 139.5 285
   vertex 94.5 140 285
   vertex 94 140 285.5
  endloop
 endfacet
 facet normal -0.57735026918962584 -0.57735026918962584 0.57735026918962584
  outer loop
   vertex 92 140.5 285
   vertex 92 141 285.5
   vertex 91.5 141 285
  endloop
 endfacet
 facet normal -0.57735026918962584 -0.57735026918962584 0.57735026918962584
  outer loop
   vertex 92 140.5 285
   vertex 92.5 140 285
   vertex 93 140 285.5
  endloop
 endfacet
 facet normal -0.57735026918962584 -0.57735026918962584 0.57735026918962584
  outer loop
   vertex 92 140.5 285
   vertex 93 140 285.5
   vertex 92 141 285.5
  endloop
 endfacet
 facet normal 0 -0 1
  outer loop
   vertex 92 141 285.5
   vertex 93 140 285.5
   vertex 93 141 285.5
  endloop
 endfacet
 facet normal 0 0 1
  outer loop
   vertex 94 140 285.5
   vertex 94 141 285.5
   vertex 93 140 285.5
  endloop
 endfacet
 facet normal -0 0 1
  outer loop
   vertex 94 141 285.5
   vertex 93 141 285.5
   vertex 93 140 285.5
  endloop
 endfacet
 facet normal 0.57735026918962584 -0.57735026918962584 0.57735026918962584
  outer loop
   vertex 94.5 140 285
   vertex 95 140.5 285
   vertex 95 141 285.5
  endloop
 endfacet
 facet normal 0.57735026918962584 -0.57735026918962584 0.57735026918962584
  outer loop
   vertex 94.5 140 285
   vertex 95 141 285.5
   vertex 94 140 285.5
  endloop
 endfacet
 facet normal 0 0 1
  outer loop
   vertex 94 140 285.5
   vertex 95 141 285.5
   vertex 94 141 285.5
  endloop
 endfacet
 facet normal 0 -0.70710678118654746 0.70710678118654746
  outer loop
   vertex 95 140.5 285
   vertex 96 140.5 285
   vertex 96 141 285.5
  endloop
 endfacet
 facet normal 0 -0.70710678118654746 0.70710678118654746
  outer loop
   vertex 95 141 285.5
   vertex 95 140.5 285
   vertex 96 141 285.5
  endloop
 endfacet
 facet normal 0.57735026918962584 -0.57735026918962584 0.57735026918962584
  outer loop
   vertex 96 140.5 285
   vertex 96.5 141 285
   vertex 96 141 285.5
  endloop
 endfacet
 facet normal -0.57735026918962584 -0.57735026918962584 0.57735026918962584
  outer loop
   vertex 91 141.5 285
   vertex 91 142 285.5
   vertex 90.5 142 285
  endloop
 endfacet
 facet normal -0.57735026918962584 -0.57735026918962584 0.57735026918962584
  outer loop
   vertex 91 141.5 285
   vertex 91.5 141 285
   vertex 92 141 285.5
  endloop
 endfacet
 facet normal -0.57735026918962584 -0.57735026918962584 0.57735026918962584
  outer loop
   vertex 91 141.5 285
   vertex 92 141 285.5
   vertex 91 142 285.5
  endloop
 endfacet
 facet normal 0 -0 1
  outer loop
   vertex 91 142 285.5
   vertex 92 141 285.5
   vertex 92 142 285.5
  endloop
 endfacet
 facet normal 0 0 1
  outer loop
   vertex 93 141 285.5
   vertex 93 142 285.5
   vertex 92 141 285.5
  endloop
 endfacet
 facet normal -0 0 1
  outer loop
   vertex 93 142 285.5
   vertex 92 142 285.5
   vertex 92 141 285.5
  endloop
 endfacet
 facet normal 0 0 1
  outer loop
   vertex 94 141 285.5
   vertex 94 142 285.5
   vertex 93 141 285.5
  endloop
 endfacet
 facet normal -0 0 1
  outer loop
   vertex 94 142 285.5
   vertex 93 142 285.5
   vertex 93 141 285.5
  endloop
 endfacet
 facet normal 0 0 1
  outer loop
   vertex 95 141 285.5
   vertex 95 142 285.5
   vertex 94 141 285.5
  endloop
 endfacet
 facet normal -0 0 1
  outer loop
   vertex 95 142 285.5
   vertex 94 142 285.5
   vertex 94 141 285.5
  endloop
 endfacet
 facet normal 0 0 1
  outer loop
   vertex 96 141 285.5
   vertex 96 142 285.5
   vertex 95 141 285.5
  endloop
 endfacet
 facet normal -0 0 1
  outer loop
   vertex 96 142 285.5
   vertex 95 142 285.5
   vertex 95 141 285.5
  endloop
 endfacet
 facet normal 0.70710678118654746 0 0.70710678118654746
  outer loop
   vertex 96.5 141 285
   vertex 96.5 142 285
   vertex 96 142 285.5
  endloop
 endfacet
 facet normal 0.70710678118654746 0 0.70710678118654746
  outer loop
   vertex 96 141 285.5
   vertex 96.5 141 285
   vertex 96 142 285.5
  endloop
 endfacet
 facet normal -0.70710678118654746 0 0.70710678118654746
  outer loop
   vertex 91 142 285.5
   vertex 91 143 285.5
   vertex 90.5 143 285
  endloop
 endfacet
 facet normal -0.70710678118654746 0 0.70710678118654746
  outer loop
   vertex 90.5 142 285
   vertex 91 142 285.5
   vertex 90.5 143 285
  endloop
 endfacet
 facet normal 0 0 1
  outer loop
   vertex 92 142 285.5
   vertex 92 143 285.5
   vertex 91 142 285.5
  endloop
 endfacet
 facet normal -0 0 1
  outer loop
   vertex 92 143 285.5
   vertex 91 143 285.5
   vertex 91 142 285.5
  endloop
 endfacet
 facet normal 0 0 1
  outer loop
   vertex 93 142 285.5
   vertex 93 143 285.5
   vertex 92 142 285.5
  endloop
 endfacet
 facet normal -0 0 1
  outer loop
   vertex 93 143 285.5
   vertex 92 143 285.5
   vertex 92 142 285.5
  endloop
 endfacet
 facet normal 0 0 1
  outer loop
   vertex 94 142 285.5
   vertex 94 143 285.5
   vertex 93 142 285.5
  endloop
 endfacet
 facet normal -0 0 1
  outer loop
   vertex 94 143 285.5
   vertex 93 143 285.5
   vertex 93 142 285.5
  endloop
 endfacet
 facet normal 0 0 1
  outer loop
   vertex 95 142 285.5
   vertex 95 143 285.5
   vertex 94 142 285.5
  endloop
 endfacet
 facet normal -0 0 1
  outer loop
   vertex 95 143 285.5
   vertex 94 143 285.5
   vertex 94 142 285.5
  endloop
 endfacet
 facet normal 0 0 1
  outer loop
   vertex 96 142 285.5
   vertex 96 143 285.5
   vertex 95 142 285.5
  endloop
 endfacet
 facet normal -0 0 1
  outer loop
   vertex 96 143 285.5
   vertex 95 143 285.5
   vertex 95 142 285.5
  endloop
 endfacet
 facet normal 0.57735026918962584 -0.57735026918962584 0.57735026918962584
  outer loop
   vertex 96.5 142 285
   vertex 97 142.5 285
   vertex 97 143 285.5
  endloop
 endfacet
 facet normal 0.57735026918962584 -0.57735026918962584 0.57735026918962584
  outer loop
   vertex 96.5 142 285
   vertex 97 143 285.5
   vertex 96 142 285.5
  endloop
 endfacet
 facet normal 0 0 1
  outer loop
   vertex 96 142 285.5
   vertex 97 143 285.5
   vertex 96 143 285.5
  endloop
 endfacet
 facet normal 0.57735026918962584 -0.57735026918962584 0.57735026918962584
  outer loop
   vertex 97 142.5 285
   vertex 97.5 143 285
   vertex 97 143 285.5
  endloop
 endfacet
 facet normal -0.70710678118654746 0 0.70710678118654746
  outer loop
   vertex 91 143 285.5
   vertex 91 144 285.5
   vertex 90.5 144 285
  endloop
 endfacet
 facet normal -0.70710678118654746 0 0.70710678118654746
  outer loop
   vertex 90.5 143 285
   vertex 91 143 285.5
   vertex 90.5 144 285
  endloop
 endfacet
 facet normal 0 0 1
  outer loop
   vertex 92 143 285.5
   vertex 92 144 285.5
   vertex 91 143 285.5
  endloop
 endfacet
 facet normal -0 0 1
  outer loop
   vertex 92 144 285.5
   vertex 91 144 285.5
   vertex 91 143 285.5
  endloop
 endfacet
 facet normal -0.57735026918962584 -0.57735026918962584 0.57735026918962584
  outer loop
   vertex 92.5 144 286
   vertex 93 143 285.5
   vertex 93 143.5 286
  endloop
 endfacet
 facet normal -0.57735026918962584 -0.57735026918962584 0.57735026918962584
  outer loop
   vertex 92.5 144 286
   vertex 92 144 285.5
   vertex 93 143 285.5
  endloop
 endfacet
 facet normal 0 0 1
  outer loop
   vertex 92 144 285.5
   vertex 92 143 285.5
   vertex 93 143 285.5
  endloop
 endfacet
 facet normal 0.57735026918962584 -0.57735026918962584 0.57735026918962584
  outer loop
   vertex 93 143.5 286
   vertex 94 144 285.5
   vertex 93.5 144 286
  endloop
 endfacet
 facet normal 0.57735026918962584 -0.57735026918962584 0.57735026918962584
  outer loop
   vertex 93 143.5 286
   vertex 93 143 285.5
   vertex 94 144 285.5
  endloop
 endfacet
 facet normal 0 -0 1
  outer loop
   vertex 93 143 285.5
   vertex 94 143 285.5
   vertex 94 144 285.5
  endloop
 endfacet
 facet normal 0 0 1
  outer loop
   vertex 95 143 285.5
   vertex 95 144 285.5
   vertex 94 143 285.5
  endloop
 endfacet
 facet normal -0 0 1
  outer loop
   vertex 95 144 285.5
   vertex 94 144 285.5
   vertex 94 143 285.5
  endloop
 endfacet
 facet normal 0 0 1
  outer loop
   vertex 96 143 285.5
   vertex 96 144 285.5
   vertex 95 143 285.5
  endloop
 endfacet
 facet normal -0 0 1
  outer loop
   vertex 96 144 285.5
   vertex 95 144 285.5
   vertex 95 143 285.5
  endloop
 endfacet
 facet normal 0 0 1
  outer loop
   vertex 97 143 285.5
   vertex 97 144 285.5
   vertex 96 143 285.5
  endloop
 endfacet
 facet normal -0 0 1
  outer loop
   vertex 97 144 285.5
   vertex 96 144 285.5
   vertex 96 143 285.5
  endloop
 endfacet
 facet normal 0.70710678118654746 0 0.70710678118654746
  outer loop
   vertex 97.5 143 285
   vertex 97.5 144 285
   vertex 97 144 285.5
  endloop
 endfacet
 facet normal 0.70710678118654746 0 0.70710678118654746
  outer loop
   vertex 97 143 285.5
   vertex 97.5 143 285
   vertex 97 144 285.5
  endloop
 endfacet
 facet normal -0.70710678118654746 0 0.70710678118654746
  outer loop
   vertex 91 144 285.5
   vertex 91 145 285.5
   vertex 90.5 145 285
  endloop
 endfacet
 facet normal -0.70710678118654746 0 0.70710678118654746
  outer loop
   vertex 90.5 144 285
   vertex 91 144 285.5
   vertex 90.5 145 285
  endloop
 endfacet
 facet normal 0 0 1
  outer loop
   vertex 92 144 285.5
   vertex 92 145 285.5
   vertex 91 144 285.5
  endloop
 endfacet
 facet normal -0 0 1
  outer loop
   vertex 92 145 285.5
   vertex 91 145 285.5
   vertex 91 144 285.5
  endloop
 endfacet
 facet normal -0.57735026918962584 0.57735026918962584 0.57735026918962584
  outer loop
   vertex 93 144.5 286
   vertex 92 144 285.5
   vertex 92.5 144 286
  endloop
 endfacet
 facet normal -0.57735026918962584 0.57735026918962584 0.57735026918962584
  outer loop
   vertex 93 144.5 286
   vertex 93 145 285.5
   vertex 92 144 285.5
  endloop
 endfacet
 facet normal -0 0 1
  outer loop
   vertex 93 145 285.5
   vertex 92 145 285.5
   vertex 92 144 285.5
  endloop
 endfacet
 facet normal 0.57735026918962584 0.57735026918962584 0.57735026918962584
  outer loop
   vertex 93.5 144 286
   vertex 93 145 285.5
   vertex 93 144.5 286
  endloop
 endfacet
 facet normal 0.57735026918962584 0.57735026918962584 0.57735026918962584
  outer loop
   vertex 93.5 144 286
   vertex 94 144 285.5
   vertex 93 145 285.5
  endloop
 endfacet
 facet normal 0 0 1
  outer loop
   vertex 94 144 285.5
   vertex 94 145 285.5
   vertex 93 145 285.5
  endloop
 endfacet
 facet normal 0 0 1
  outer loop
   vertex 95 144 285.5
   vertex 95 145 285.5
   vertex 94 144 285.5
  endloop
 endfacet
 facet normal -0 0 1
  outer loop
   vertex 95 145 285.5
   vertex 94 145 285.5
   vertex 94 144 285.5
  endloop
 endfacet
 facet normal 0 0 1
  outer loop
   vertex 96 144 285.5
   vertex 96 145 285.5
   vertex 95 144 285.5
  endloop
 endfacet
 facet normal -0 0 1
  outer loop
   vertex 96 145 285.5
   vertex 95 145 285.5
   vertex 95 144 285.5
  endloop
 endfacet
 facet normal 0 0 1
  outer loop
   vertex 97 144 285.5
   vertex 97 145 285.5
   vertex 96 144 285.5
  endloop
 endfacet
 facet normal -0 0 1
  outer loop
   vertex 97 145 285.5
   vertex 96 145 285.5
   vertex 96 144 285.5
  endloop
 endfacet
 facet normal 0.70710678118654746 0 0.70710678118654746
  outer loop
   vertex 97.5 144 285
   vertex 97.5 145 285
   vertex 97 145 285.5
  endloop
 endfacet
 facet normal 0.70710678118654746 0 0.70710678118654746
  outer loop
   vertex 97 144 285.5
   vertex 97.5 144 285
   vertex 97 145 285.5
  endloop
 endfacet
 facet normal -0.57735026918962584 0.57735026918962584 0.57735026918962584
  outer loop
   vertex 90.5 145 285
   vertex 91 145 285.5
   vertex 91 145.5 285
  endloop
 endfacet
 facet normal -0.57735026918962584 0.57735026918962584 0.57735026918962584
  outer loop
   vertex 91.5 146 285
   vertex 91 145.5 285
   vertex 91 145 285.5
  endloop
 endfacet
 facet normal -0.57735026918962584 0.57735026918962584 0.57735026918962584
  outer loop
   vertex 91.5 146 285
   vertex 91 145 285.5
   vertex 92 146 285.5
  endloop
 endfacet
 facet normal 0 0 1
  outer loop
   vertex 92 146 285.5
   vertex 91 145 285.5
   vertex 92 145 285.5
  endloop
 endfacet
 facet normal 0 0 1
  outer loop
   vertex 93 145 285.5
   vertex 93 146 285.5
   vertex 92 145 285.5
  endloop
 endfacet
 facet normal -0 0 1
  outer loop
   vertex 93 146 285.5
   vertex 92 146 285.5
   vertex 92 145 285.5
  endloop
 endfacet
 facet normal 0 0 1
  outer loop
   vertex 94 145 285.5
   vertex 94 146 285.5
   vertex 93 145 285.5
  endloop
 endfacet
 facet normal -0 0 1
  outer loop
   vertex 94 146 285.5
   vertex 93 146 285.5
   vertex 93 145 285.5
  endloop
 endfacet
 facet normal 0 0 1
  outer loop
   vertex 95 145 285.5
   vertex 95 146 285.5
   vertex 94 145 285.5
  endloop
 endfacet
 facet normal -0 0 1
  outer loop
   vertex 95 146 285.5
   vertex 94 146 285.5
   vertex 94 145 285.5
  endloop
 endfacet
 facet normal 0 0 1
  outer loop
   vertex 96 145 285.5
   vertex 96 146 285.5
   vertex 95 145 285.5
  endloop
 endfacet
 facet normal -0 0 1
  outer loop
   vertex 96 146 285.5
   vertex 95 146 285.5
   vertex 95 145 285.5
  endloop
 endfacet
 facet normal 0.57735026918962584 0.57735026918962584 0.57735026918962584
  outer loop
   vertex 97 145.5 285
   vertex 96.5 146 285
   vertex 96 146 285.5
  endloop
 endfacet
 facet normal 0.57735026918962584 0.57735026918962584 0.57735026918962584
  outer loop
   vertex 97 145.5 285
   vertex 96 146 285.5
   vertex 97 145 285.5
  endloop
 endfacet
 facet normal 0 0 1
  outer loop
   vertex 97 145 285.5
   vertex 96 146 285.5
   vertex 96 145 285.5
  endloop
 endfacet
 facet normal 0.57735026918962584 0.57735026918962584 0.57735026918962584
  outer loop
   vertex 97.5 145 285
   vertex 97 145.5 285
   vertex 97 145 285.5
  endloop
 endfacet
 facet normal -0.57735026918962584 0.57735026918962584 0.57735026918962584
  outer loop
   vertex 91.5 146 285
   vertex 92 146 285.5
   vertex 92 146.5 285
  endloop
 endfacet
 facet normal -0 0.70710678118654746 0.70710678118654746
  outer loop
   vertex 93 146.5 285
   vertex 92 146.5 285
   vertex 92 146 285.5
  endloop
 endfacet
 facet normal 0 0.70710678118654746 0.70710678118654746
  outer loop
   vertex 93 146 285.5
   vertex 93 146.5 285
   vertex 92 146 285.5
  endloop
 endfacet
 facet normal -0.57735026918962584 0.57735026918962584 0.57735026918962584
  outer loop
   vertex 93.5 147 285
   vertex 93 146.5 285
   vertex 93 146 285.5
  endloop
 endfacet
 facet normal -0.57735026918962584 0.57735026918962584 0.57735026918962584
  outer loop
   vertex 93.5 147 285
   vertex 93 146 285.5
   vertex 94 147 285.5
  endloop
 endfacet
 facet normal 0 0 1
  outer loop
   vertex 94 147 285.5
   vertex 93 146 285.5
   vertex 94 146 285.5
  endloop
 endfacet
 facet normal 0.57735026918962584 0.57735026918962584 0.57735026918962584
  outer loop
   vertex 95 146.5 285
   vertex 94.5 147 285
   vertex 94 147 285.5
  endloop
 endfacet
 facet normal 0.57735026918962584 0.57735026918962584 0.57735026918962584
  outer loop
   vertex 95 146.5 285
   vertex 94 147 285.5
   vertex 95 146 285.5
  endloop
 endfacet
 facet normal 0 0 1
  outer loop
   vertex 95 146 285.5
   vertex 94 147 285.5
   vertex 94 146 285.5
  endloop
 endfacet
 facet normal -0 0.70710678118654746 0.70710678118654746
  outer loop
   vertex 96 146.5 285
   vertex 95 146.5 285
   vertex 95 146 285.5
  endloop
 endfacet
 facet normal 0 0.70710678118654746 0.70710678118654746
  outer loop
   vertex 96 146 285.5
   vertex 96 146.5 285
   vertex 95 146 285.5
  endloop
 endfacet
 facet normal 0.57735026918962584 0.57735026918962584 0.57735026918962584
  outer loop
   vertex 96.5 146 285
   vertex 96 146.5 285
   vertex 96 146 285.5
  endloop
 endfacet
 facet normal -0.57735026918962584 0.57735026918962584 0.57735026918962584
  outer loop
   vertex 93.5 147 285
   vertex 94 147 285.5
   vertex 94 147.5 285
  endloop
 endfacet
 facet normal 0.57735026918962584 0.57735026918962584 0.57735026918962584
  outer loop
   vertex 94.5 147 285
   vertex 94 147.5 285
   vertex 94 147 285.5
  endloop
 endfacet
 facet normal -0.57735026918962584 -0.57735026918962584 0.57735026918962584
  outer loop
   vertex 93 143.5 286
   vertex 93 144 286.5
   vertex 92.5 144 286
  endloop
 endfacet
 facet normal 0.57735026918962584 -0.57735026918962584 0.57735026918962584
  outer loop
   vertex 93 143.5 286
   vertex 93.5 144 286
   vertex 93 144 286.5
  endloop
 endfacet
 facet normal -0.57735026918962584 0.57735026918962584 0.57735026918962584
  outer loop
   vertex 92.5 144 286
   vertex 93 144 286.5
   vertex 93 144.5 286
  endloop
 endfacet
 facet normal 0.57735026918962584 0.57735026918962584 0.57735026918962584
  outer loop
   vertex 93.5 144 286
   vertex 93 144.5 286
   vertex 93 144 286.5
  endloop
 endfacet
endsolid
