solid Visualization Toolkit generated SLA File
 facet normal -0.57735026918962584 -0.57735026918962584 -0.57735026918962584
  outer loop
   vertex 147 101 195.5
   vertex 147 100.5 196
   vertex 146.5 101 196
  endloop
 endfacet
 facet normal -0 -0.70710678118654746 -0.70710678118654746
  outer loop
   vertex 147 101 195.5
   vertex 148 101 195.5
   vertex 148 100.5 196
  endloop
 endfacet
 facet normal 0 -0.70710678118654746 -0.70710678118654746
  outer loop
   vertex 147 100.5 196
   vertex 147 101 195.5
   vertex 148 100.5 196
  endloop
 endfacet
 facet normal 0.57735026918962584 -0.57735026918962584 -0.57735026918962584
  outer loop
   vertex 148 100.5 196
   vertex 148 101 195.5
   vertex 148.5 101 196
  endloop
 endfacet
 facet normal -0.70710678118654746 0 -0.70710678118654746
  outer loop
   vertex 147 102 195.5
   vertex 147 101 195.5
   vertex 146.5 101 196
  endloop
 endfacet
 facet normal -0.70710678118654746 0 -0.70710678118654746
  outer loop
   vertex 146.5 102 196
   vertex 147 102 195.5
   vertex 146.5 101 196
  endloop
 endfacet
 facet normal 0 0 -1
  outer loop
   vertex 148 101 195.5
   vertex 147 101 195.5
   vertex 148 102 195.5
  endloop
 endfacet
 facet normal 0 0 -1
  outer loop
   vertex 148 102 195.5
   vertex 147 101 195.5
   vertex 147 102 195.5
  endloop
 endfacet
 facet normal 0.57735026918962584 -0.57735026918962584 -0.57735026918962584
  outer loop
   vertex 149 101.5 196
   vertex 148.5 101 196
   vertex 148 101 195.5
  endloop
 endfacet
 facet normal 0.57735026918962584 -0.57735026918962584 -0.57735026918962584
  outer loop
   vertex 149 101.5 196
   vertex 148 101 195.5
   vertex 149 102 195.5
  endloop
 endfacet
 facet normal 0 0 -1
  outer loop
   vertex 149 102 195.5
   vertex 148 101 195.5
   vertex 148 102 195.5
  endloop
 endfacet
 facet normal 0.57735026918962584 -0.57735026918962584 -0.57735026918962584
  outer loop
   vertex 149 101.5 196
   vertex 149 102 195.5
   vertex 149.5 102 196
  endloop
 endfacet
 facet normal -0.57735026918962584 -0.57735026918962584 -0.57735026918962584
  outer loop
   vertex 146 103 195.5
   vertex 146 102.5 196
   vertex 145.5 103 196
  endloop
 endfacet
 facet normal -0.57735026918962584 -0.57735026918962584 -0.57735026918962584
  outer loop
   vertex 146.5 102 196
   vertex 146 102.5 196
   vertex 146 103 195.5
  endloop
 endfacet
 facet normal -0.57735026918962584 -0.57735026918962584 -0.57735026918962584
  outer loop
   vertex 146.5 102 196
   vertex 146 103 195.5
   vertex 147 102 195.5
  endloop
 endfacet
 facet normal 0 0 -1
  outer loop
   vertex 147 102 195.5
   vertex 146 103 195.5
   vertex 147 103 195.5
  endloop
 endfacet
 facet normal 0 0 -1
  outer loop
   vertex 148 102 195.5
   vertex 147 102 195.5
   vertex 148 103 195.5
  endloop
 endfacet
 facet normal 0 0 -1
  outer loop
   vertex 148 103 195.5
   vertex 147 102 195.5
   vertex 147 103 195.5
  endloop
 endfacet
 facet normal 0 0 -1
  outer loop
   vertex 149 102 195.5
   vertex 148 102 195.5
   vertex 149 103 195.5
  endloop
 endfacet
 facet normal 0 0 -1
  outer loop
   vertex 149 103 195.5
   vertex 148 102 195.5
   vertex 148 103 195.5
  endloop
 endfacet
 facet normal 0.70710678118654746 0 -0.70710678118654746
  outer loop
   vertex 149.5 103 196
   vertex 149.5 102 196
   vertex 149 102 195.5
  endloop
 endfacet
 facet normal 0.70710678118654746 0 -0.70710678118654746
  outer loop
   vertex 149 103 195.5
   vertex 149.5 103 196
   vertex 149 102 195.5
  endloop
 endfacet
 facet normal -0.70710678118654746 0 -0.70710678118654746
  outer loop
   vertex 146 104 195.5
   vertex 146 103 195.5
   vertex 145.5 103 196
  endloop
 endfacet
 facet normal -0.70710678118654746 0 -0.70710678118654746
  outer loop
   vertex 145.5 104 196
   vertex 146 104 195.5
   vertex 145.5 103 196
  endloop
 endfacet
 facet normal 0 0 -1
  outer loop
   vertex 147 103 195.5
   vertex 146 103 195.5
   vertex 147 104 195.5
  endloop
 endfacet
 facet normal 0 0 -1
  outer loop
   vertex 147 104 195.5
   vertex 146 103 195.5
   vertex 146 104 195.5
  endloop
 endfacet
 facet normal 0 0 -1
  outer loop
   vertex 148 103 195.5
   vertex 147 103 195.5
   vertex 148 104 195.5
  endloop
 endfacet
 facet normal 0 0 -1
  outer loop
   vertex 148 104 195.5
   vertex 147 103 195.5
   vertex 147 104 195.5
  endloop
 endfacet
 facet normal 0.57735026918962584 0.57735026918962584 -0.57735026918962584
  outer loop
   vertex 148.5 104 196
   vertex 149 103.5 196
   vertex 149 103 195.5
  endloop
 endfacet
 facet normal 0.57735026918962584 0.57735026918962584 -0.57735026918962584
  outer loop
   vertex 148.5 104 196
   vertex 149 103 195.5
   vertex 148 104 195.5
  endloop
 endfacet
 facet normal 0 0 -1
  outer loop
   vertex 148 104 195.5
   vertex 149 103 195.5
   vertex 148 103 195.5
  endloop
 endfacet
 facet normal 0.57735026918962584 0.57735026918962584 -0.57735026918962584
  outer loop
   vertex 149.5 103 196
   vertex 149 103 195.5
   vertex 149 103.5 196
  endloop
 endfacet
 facet normal -0.57735026918962584 0.57735026918962584 -0.57735026918962584
  outer loop
   vertex 146 104 195.5
   vertex 145.5 104 196
   vertex 146 104.5 196
  endloop
 endfacet
 facet normal -0.57735026918962584 0.57735026918962584 -0.57735026918962584
  outer loop
   vertex 146 104.5 196
   vertex 146.5 105 196
   vertex 147 105 195.5
  endloop
 endfacet
 facet normal -0.57735026918962584 0.57735026918962584 -0.57735026918962584
  outer loop
   vertex 146 104.5 196
   vertex 147 105 195.5
   vertex 146 104 195.5
  endloop
 endfacet
 facet normal 0 -0 -1
  outer loop
   vertex 146 104 195.5
   vertex 147 105 195.5
   vertex 147 104 195.5
  endloop
 endfacet
 facet normal 0 0 -1
  outer loop
   vertex 148 104 195.5
   vertex 147 104 195.5
   vertex 148 105 195.5
  endloop
 endfacet
 facet normal 0 0 -1
  outer loop
   vertex 148 105 195.5
   vertex 147 104 195.5
   vertex 147 105 195.5
  endloop
 endfacet
 facet normal 0.70710678118654746 0 -0.70710678118654746
  outer loop
   vertex 148.5 105 196
   vertex 148.5 104 196
   vertex 148 104 195.5
  endloop
 endfacet
 facet normal 0.70710678118654746 0 -0.70710678118654746
  outer loop
   vertex 148 105 195.5
   vertex 148.5 105 196
   vertex 148 104 195.5
  endloop
 endfacet
 facet normal -0.57735026918962584 0.57735026918962584 -0.57735026918962584
  outer loop
   vertex 147 105 195.5
   vertex 146.5 105 196
   vertex 147 105.5 196
  endloop
 endfacet
 facet normal 0 0.70710678118654746 -0.70710678118654746
  outer loop
   vertex 148 105 195.5
   vertex 147 105 195.5
   vertex 147 105.5 196
  endloop
 endfacet
 facet normal 0 0.70710678118654746 -0.70710678118654746
  outer loop
   vertex 148 105.5 196
   vertex 148 105 195.5
   vertex 147 105.5 196
  endloop
 endfacet
 facet normal 0.57735026918962584 0.57735026918962584 -0.57735026918962584
  outer loop
   vertex 148.5 105 196
   vertex 148 105 195.5
   vertex 148 105.5 196
  endloop
 endfacet
 facet normal -0.57735026918962584 -0.57735026918962584 -0.57735026918962584
  outer loop
   vertex 148 100 196.5
   vertex 148 99.5 197
   vertex 147.5 100 197
  endloop
 endfacet
 facet normal -0 -0.70710678118654746 -0.70710678118654746
  outer loop
   vertex 148 100 196.5
   vertex 149 100 196.5
   vertex 149 99.5 197
  endloop
 endfacet
 facet normal 0 -0.70710678118654746 -0.70710678118654746
  outer loop
   vertex 148 99.5 197
   vertex 148 100 196.5
   vertex 149 99.5 197
  endloop
 endfacet
 facet normal 0.57735026918962584 -0.57735026918962584 -0.57735026918962584
  outer loop
   vertex 149 99.5 197
   vertex 149 100 196.5
   vertex 149.5 100 197
  endloop
 endfacet
 facet normal -0.70710678118654746 -0.70710678118654746 -0
  outer loop
   vertex 147 100.5 196
   vertex 147 100.5 197
   vertex 146.5 101 197
  endloop
 endfacet
 facet normal -0.70710678118654746 -0.70710678118654746 0
  outer loop
   vertex 146.5 101 196
   vertex 147 100.5 196
   vertex 146.5 101 197
  endloop
 endfacet
 facet normal -0.57735026918962584 -0.57735026918962584 -0.57735026918962584
  outer loop
   vertex 147.5 100 197
   vertex 148 100.5 196
   vertex 148 100 196.5
  endloop
 endfacet
 facet normal -0.57735026918962584 -0.57735026918962584 -0.57735026918962584
  outer loop
   vertex 147.5 100 197
   vertex 147 100.5 197
   vertex 148 100.5 196
  endloop
 endfacet
 facet normal 0 -1 0
  outer loop
   vertex 147 100.5 197
   vertex 147 100.5 196
   vertex 148 100.5 196
  endloop
 endfacet
 facet normal 0.57735026918962584 -0.57735026918962584 -0.57735026918962584
  outer loop
   vertex 148.5 101 196
   vertex 148 100 196.5
   vertex 148 100.5 196
  endloop
 endfacet
 facet normal 0.57735026918962584 -0.57735026918962584 -0.57735026918962584
  outer loop
   vertex 148.5 101 196
   vertex 149 101 196.5
   vertex 148 100 196.5
  endloop
 endfacet
 facet normal 0 0 -1
  outer loop
   vertex 149 101 196.5
   vertex 149 100 196.5
   vertex 148 100 196.5
  endloop
 endfacet
 facet normal 0.57735026918962584 -0.57735026918962584 -0.57735026918962584
  outer loop
   vertex 150 100.5 197
   vertex 149.5 100 197
   vertex 149 100 196.5
  endloop
 endfacet
 facet normal 0.57735026918962584 -0.57735026918962584 -0.57735026918962584
  outer loop
   vertex 150 100.5 197
   vertex 149 100 196.5
   vertex 150 101 196.5
  endloop
 endfacet
 facet normal 0 0 -1
  outer loop
   vertex 150 101 196.5
   vertex 149 100 196.5
   vertex 149 101 196.5
  endloop
 endfacet
 facet normal 0.57735026918962584 -0.57735026918962584 -0.57735026918962584
  outer loop
   vertex 150 100.5 197
   vertex 150 101 196.5
   vertex 150.5 101 197
  endloop
 endfacet
 facet normal -1 0 0
  outer loop
   vertex 146.5 101 196
   vertex 146.5 101 197
   vertex 146.5 102 196
  endloop
 endfacet
 facet normal -1 -0 -0
  outer loop
   vertex 146.5 101 197
   vertex 146.5 102 197
   vertex 146.5 102 196
  endloop
 endfacet
 facet normal 0.57735026918962584 -0.57735026918962584 -0.57735026918962584
  outer loop
   vertex 148.5 101 196
   vertex 149 101.5 196
   vertex 149 101 196.5
  endloop
 endfacet
 facet normal 0.57735026918962584 -0.57735026918962584 -0.57735026918962584
  outer loop
   vertex 149.5 102 196
   vertex 149 101 196.5
   vertex 149 101.5 196
  endloop
 endfacet
 facet normal 0.57735026918962584 -0.57735026918962584 -0.57735026918962584
  outer loop
   vertex 149.5 102 196
   vertex 150 102 196.5
   vertex 149 101 196.5
  endloop
 endfacet
 facet normal 0 0 -1
  outer loop
   vertex 150 102 196.5
   vertex 150 101 196.5
   vertex 149 101 196.5
  endloop
 endfacet
 facet normal 0.70710678118654746 0 -0.70710678118654746
  outer loop
   vertex 150.5 102 197
   vertex 150.5 101 197
   vertex 150 101 196.5
  endloop
 endfacet
 facet normal 0.70710678118654746 0 -0.70710678118654746
  outer loop
   vertex 150 102 196.5
   vertex 150.5 102 197
   vertex 150 101 196.5
  endloop
 endfacet
 facet normal -0.57735026918962584 -0.57735026918962584 0.57735026918962584
  outer loop
   vertex 146 102.5 196
   vertex 146 103 196.5
   vertex 145.5 103 196
  endloop
 endfacet
 facet normal -0.57735026918962584 -0.57735026918962584 0.57735026918962584
  outer loop
   vertex 146 102.5 196
   vertex 146.5 103 197
   vertex 146 103 196.5
  endloop
 endfacet
 facet normal -0.57735026918962584 -0.57735026918962584 0.57735026918962584
  outer loop
   vertex 146 102.5 196
   vertex 146.5 102 196
   vertex 146.5 103 197
  endloop
 endfacet
 facet normal -1 0 0
  outer loop
   vertex 146.5 102 196
   vertex 146.5 102 197
   vertex 146.5 103 197
  endloop
 endfacet
 facet normal 0.70710678118654746 0 -0.70710678118654746
  outer loop
   vertex 150 102 196.5
   vertex 149.5 103 196
   vertex 150 103 196.5
  endloop
 endfacet
 facet normal 0.70710678118654746 0 -0.70710678118654746
  outer loop
   vertex 149.5 102 196
   vertex 149.5 103 196
   vertex 150 102 196.5
  endloop
 endfacet
 facet normal 0.70710678118654746 0 -0.70710678118654746
  outer loop
   vertex 150.5 103 197
   vertex 150.5 102 197
   vertex 150 102 196.5
  endloop
 endfacet
 facet normal 0.70710678118654746 0 -0.70710678118654746
  outer loop
   vertex 150 103 196.5
   vertex 150.5 103 197
   vertex 150 102 196.5
  endloop
 endfacet
 facet normal -0.57735026918962584 -0.57735026918962584 0.57735026918962584
  outer loop
   vertex 146 103 196.5
   vertex 146 103.5 197
   vertex 145.5 104 197
  endloop
 endfacet
 facet normal -0.57735026918962584 -0.57735026918962584 0.57735026918962584
  outer loop
   vertex 146 103 196.5
   vertex 145.5 104 197
   vertex 145.5 103 196
  endloop
 endfacet
 facet normal -1 0 -0
  outer loop
   vertex 145.5 103 196
   vertex 145.5 104 197
   vertex 145.5 104 196
  endloop
 endfacet
 facet normal -0.57735026918962584 -0.57735026918962584 0.57735026918962584
  outer loop
   vertex 146.5 103 197
   vertex 146 103.5 197
   vertex 146 103 196.5
  endloop
 endfacet
 facet normal 0.57735026918962584 0.57735026918962584 -0.57735026918962584
  outer loop
   vertex 149 103.5 196
   vertex 148.5 104 196
   vertex 149 104 196.5
  endloop
 endfacet
 facet normal 0.57735026918962584 0.57735026918962584 -0.57735026918962584
  outer loop
   vertex 149 103.5 196
   vertex 150 103 196.5
   vertex 149.5 103 196
  endloop
 endfacet
 facet normal 0.57735026918962584 0.57735026918962584 -0.57735026918962584
  outer loop
   vertex 149 103.5 196
   vertex 149 104 196.5
   vertex 150 103 196.5
  endloop
 endfacet
 facet normal -0 -0 -1
  outer loop
   vertex 149 104 196.5
   vertex 150 104 196.5
   vertex 150 103 196.5
  endloop
 endfacet
 facet normal 0.70710678118654746 0 -0.70710678118654746
  outer loop
   vertex 150.5 104 197
   vertex 150.5 103 197
   vertex 150 103 196.5
  endloop
 endfacet
 facet normal 0.70710678118654746 0 -0.70710678118654746
  outer loop
   vertex 150 104 196.5
   vertex 150.5 104 197
   vertex 150 103 196.5
  endloop
 endfacet
 facet normal -0.57735026918962584 -0.57735026918962584 -0.57735026918962584
  outer loop
   vertex 145 105 196.5
   vertex 145 104.5 197
   vertex 144.5 105 197
  endloop
 endfacet
 facet normal 0 0.70710678118654746 -0.70710678118654746
  outer loop
   vertex 146 104.5 196
   vertex 145 105 196.5
   vertex 146 105 196.5
  endloop
 endfacet
 facet normal -0.57735026918962573 -0.57735026918962573 -0.57735026918962573
  outer loop
   vertex 146 104.5 196
   vertex 145.5 104 197
   vertex 145 105 196.5
  endloop
 endfacet
 facet normal -0.70710678118654746 0.70710678118654746 0
  outer loop
   vertex 146 104.5 196
   vertex 145.5 104 196
   vertex 145.5 104 197
  endloop
 endfacet
 facet normal -0.57735026918962584 -0.57735026918962584 -0.57735026918962584
  outer loop
   vertex 145 104.5 197
   vertex 145 105 196.5
   vertex 145.5 104 197
  endloop
 endfacet
 facet normal -0.57735026918962584 0.57735026918962584 -0.57735026918962584
  outer loop
   vertex 146 104.5 196
   vertex 146 105 196.5
   vertex 146.5 105 196
  endloop
 endfacet
 facet normal 0.70710678118654746 0 -0.70710678118654746
  outer loop
   vertex 149 104 196.5
   vertex 148.5 105 196
   vertex 149 105 196.5
  endloop
 endfacet
 facet normal 0.70710678118654746 0 -0.70710678118654746
  outer loop
   vertex 148.5 104 196
   vertex 148.5 105 196
   vertex 149 104 196.5
  endloop
 endfacet
 facet normal 0.57735026918962584 0.57735026918962584 -0.57735026918962584
  outer loop
   vertex 149.5 105 197
   vertex 150 104.5 197
   vertex 150 104 196.5
  endloop
 endfacet
 facet normal 0.57735026918962584 0.57735026918962584 -0.57735026918962584
  outer loop
   vertex 149.5 105 197
   vertex 150 104 196.5
   vertex 149 105 196.5
  endloop
 endfacet
 facet normal 0 0 -1
  outer loop
   vertex 149 105 196.5
   vertex 150 104 196.5
   vertex 149 104 196.5
  endloop
 endfacet
 facet normal 0.57735026918962584 0.57735026918962584 -0.57735026918962584
  outer loop
   vertex 150.5 104 197
   vertex 150 104 196.5
   vertex 150 104.5 197
  endloop
 endfacet
 facet normal -0.57735026918962584 0.57735026918962584 -0.57735026918962584
  outer loop
   vertex 145 105 196.5
   vertex 144.5 105 197
   vertex 145 105.5 197
  endloop
 endfacet
 facet normal -0.57735026918962584 0.57735026918962584 -0.57735026918962584
  outer loop
   vertex 145 105.5 197
   vertex 145.5 106 197
   vertex 146 106 196.5
  endloop
 endfacet
 facet normal -0.57735026918962584 0.57735026918962584 -0.57735026918962584
  outer loop
   vertex 145 105.5 197
   vertex 146 106 196.5
   vertex 145 105 196.5
  endloop
 endfacet
 facet normal 0 -0 -1
  outer loop
   vertex 145 105 196.5
   vertex 146 106 196.5
   vertex 146 105 196.5
  endloop
 endfacet
 facet normal -0.57735026918962584 0.57735026918962584 -0.57735026918962584
  outer loop
   vertex 146.5 105 196
   vertex 147 106 196.5
   vertex 147 105.5 196
  endloop
 endfacet
 facet normal -0.57735026918962584 0.57735026918962584 -0.57735026918962584
  outer loop
   vertex 146.5 105 196
   vertex 146 105 196.5
   vertex 147 106 196.5
  endloop
 endfacet
 facet normal 0 0 -1
  outer loop
   vertex 146 105 196.5
   vertex 146 106 196.5
   vertex 147 106 196.5
  endloop
 endfacet
 facet normal 0 0.70710678118654746 -0.70710678118654746
  outer loop
   vertex 147 105.5 196
   vertex 148 106 196.5
   vertex 148 105.5 196
  endloop
 endfacet
 facet normal 0 0.70710678118654746 -0.70710678118654746
  outer loop
   vertex 147 106 196.5
   vertex 148 106 196.5
   vertex 147 105.5 196
  endloop
 endfacet
 facet normal 0.57735026918962584 0.57735026918962584 -0.57735026918962584
  outer loop
   vertex 148 105.5 196
   vertex 149 105 196.5
   vertex 148.5 105 196
  endloop
 endfacet
 facet normal 0.57735026918962584 0.57735026918962584 -0.57735026918962584
  outer loop
   vertex 148 105.5 196
   vertex 148 106 196.5
   vertex 149 105 196.5
  endloop
 endfacet
 facet normal -0 -0 -1
  outer loop
   vertex 148 106 196.5
   vertex 149 106 196.5
   vertex 149 105 196.5
  endloop
 endfacet
 facet normal 0.70710678118654746 0 -0.70710678118654746
  outer loop
   vertex 149.5 106 197
   vertex 149.5 105 197
   vertex 149 105 196.5
  endloop
 endfacet
 facet normal 0.70710678118654746 0 -0.70710678118654746
  outer loop
   vertex 149 106 196.5
   vertex 149.5 106 197
   vertex 149 105 196.5
  endloop
 endfacet
 facet normal -0.70710678118654746 0 -0.70710678118654746
  outer loop
   vertex 146 107 196.5
   vertex 146 106 196.5
   vertex 145.5 106 197
  endloop
 endfacet
 facet normal -0.70710678118654746 0 -0.70710678118654746
  outer loop
   vertex 145.5 107 197
   vertex 146 107 196.5
   vertex 145.5 106 197
  endloop
 endfacet
 facet normal 0 0 -1
  outer loop
   vertex 147 106 196.5
   vertex 146 106 196.5
   vertex 147 107 196.5
  endloop
 endfacet
 facet normal 0 0 -1
  outer loop
   vertex 147 107 196.5
   vertex 146 106 196.5
   vertex 146 107 196.5
  endloop
 endfacet
 facet normal 0 0 -1
  outer loop
   vertex 148 106 196.5
   vertex 147 106 196.5
   vertex 148 107 196.5
  endloop
 endfacet
 facet normal 0 0 -1
  outer loop
   vertex 148 107 196.5
   vertex 147 106 196.5
   vertex 147 107 196.5
  endloop
 endfacet
 facet normal 0.57735026918962584 0.57735026918962584 -0.57735026918962584
  outer loop
   vertex 148.5 107 197
   vertex 149 106.5 197
   vertex 149 106 196.5
  endloop
 endfacet
 facet normal 0.57735026918962584 0.57735026918962584 -0.57735026918962584
  outer loop
   vertex 148.5 107 197
   vertex 149 106 196.5
   vertex 148 107 196.5
  endloop
 endfacet
 facet normal 0 0 -1
  outer loop
   vertex 148 107 196.5
   vertex 149 106 196.5
   vertex 148 106 196.5
  endloop
 endfacet
 facet normal 0.57735026918962584 0.57735026918962584 -0.57735026918962584
  outer loop
   vertex 149.5 106 197
   vertex 149 106 196.5
   vertex 149 106.5 197
  endloop
 endfacet
 facet normal -0.57735026918962584 0.57735026918962584 -0.57735026918962584
  outer loop
   vertex 146 107 196.5
   vertex 145.5 107 197
   vertex 146 107.5 197
  endloop
 endfacet
 facet normal 0 0.70710678118654746 -0.70710678118654746
  outer loop
   vertex 147 107 196.5
   vertex 146 107 196.5
   vertex 146 107.5 197
  endloop
 endfacet
 facet normal 0 0.70710678118654746 -0.70710678118654746
  outer loop
   vertex 147 107.5 197
   vertex 147 107 196.5
   vertex 146 107.5 197
  endloop
 endfacet
 facet normal 0 0.70710678118654746 -0.70710678118654746
  outer loop
   vertex 148 107 196.5
   vertex 147 107 196.5
   vertex 147 107.5 197
  endloop
 endfacet
 facet normal 0 0.70710678118654746 -0.70710678118654746
  outer loop
   vertex 148 107.5 197
   vertex 148 107 196.5
   vertex 147 107.5 197
  endloop
 endfacet
 facet normal 0.57735026918962584 0.57735026918962584 -0.57735026918962584
  outer loop
   vertex 148.5 107 197
   vertex 148 107 196.5
   vertex 148 107.5 197
  endloop
 endfacet
 facet normal -0.57735026918962584 -0.57735026918962584 -0.57735026918962584
  outer loop
   vertex 148 98 197.5
   vertex 148 97.5 198
   vertex 147.5 98 198
  endloop
 endfacet
 facet normal 0.57735026918962584 -0.57735026918962584 -0.57735026918962584
  outer loop
   vertex 148 97.5 198
   vertex 148 98 197.5
   vertex 148.5 98 198
  endloop
 endfacet
 facet normal -0.70710678118654746 0 -0.70710678118654746
  outer loop
   vertex 148 99 197.5
   vertex 148 98 197.5
   vertex 147.5 98 198
  endloop
 endfacet
 facet normal -0.70710678118654746 0 -0.70710678118654746
  outer loop
   vertex 147.5 99 198
   vertex 148 99 197.5
   vertex 147.5 98 198
  endloop
 endfacet
 facet normal 0.57735026918962584 -0.57735026918962584 -0.57735026918962584
  outer loop
   vertex 149 98.5 198
   vertex 148.5 98 198
   vertex 148 98 197.5
  endloop
 endfacet
 facet normal 0.57735026918962584 -0.57735026918962584 -0.57735026918962584
  outer loop
   vertex 149 98.5 198
   vertex 148 98 197.5
   vertex 149 99 197.5
  endloop
 endfacet
 facet normal 0 0 -1
  outer loop
   vertex 149 99 197.5
   vertex 148 98 197.5
   vertex 148 99 197.5
  endloop
 endfacet
 facet normal 0.57735026918962584 -0.57735026918962584 -0.57735026918962584
  outer loop
   vertex 149 98.5 198
   vertex 149 99 197.5
   vertex 149.5 99 198
  endloop
 endfacet
 facet normal -0.57735026918962584 -0.57735026918962584 -0.57735026918962584
  outer loop
   vertex 148 99.5 197
   vertex 148 99 197.5
   vertex 147.5 99 198
  endloop
 endfacet
 facet normal -0.57735026918962584 -0.57735026918962584 -0.57735026918962584
  outer loop
   vertex 148 99.5 197
   vertex 147.5 99 198
   vertex 147.5 100 197
  endloop
 endfacet
 facet normal -1 0 0
  outer loop
   vertex 147.5 100 197
   vertex 147.5 99 198
   vertex 147.5 100 198
  endloop
 endfacet
 facet normal 0 -0.70710678118654746 -0.70710678118654746
  outer loop
   vertex 149 99.5 197
   vertex 148 99 197.5
   vertex 148 99.5 197
  endloop
 endfacet
 facet normal 0 -0.70710678118654746 -0.70710678118654746
  outer loop
   vertex 149 99 197.5
   vertex 148 99 197.5
   vertex 149 99.5 197
  endloop
 endfacet
 facet normal 0.57735026918962584 -0.57735026918962584 -0.57735026918962584
  outer loop
   vertex 149.5 100 197
   vertex 150 100 197.5
   vertex 150 99.5 198
  endloop
 endfacet
 facet normal 0.57735026918962584 -0.57735026918962584 -0.57735026918962584
  outer loop
   vertex 149 99.5 197
   vertex 149.5 100 197
   vertex 150 99.5 198
  endloop
 endfacet
 facet normal 0.57735026918962584 -0.57735026918962584 -0.57735026918962584
  outer loop
   vertex 149 99.5 197
   vertex 150 99.5 198
   vertex 149.5 99 198
  endloop
 endfacet
 facet normal 0.57735026918962584 -0.57735026918962584 -0.57735026918962584
  outer loop
   vertex 149 99.5 197
   vertex 149.5 99 198
   vertex 149 99 197.5
  endloop
 endfacet
 facet normal 0.57735026918962584 -0.57735026918962584 -0.57735026918962584
  outer loop
   vertex 150 99.5 198
   vertex 150 100 197.5
   vertex 150.5 100 198
  endloop
 endfacet
 facet normal -0.57735026918962584 -0.57735026918962584 0.57735026918962584
  outer loop
   vertex 147 100.5 197
   vertex 147 101 197.5
   vertex 146.5 101 197
  endloop
 endfacet
 facet normal -0.57735026918962584 -0.57735026918962584 0.57735026918962584
  outer loop
   vertex 147 100.5 197
   vertex 147.5 101 198
   vertex 147 101 197.5
  endloop
 endfacet
 facet normal -0.57735026918962584 -0.57735026918962584 0.57735026918962584
  outer loop
   vertex 147 100.5 197
   vertex 147.5 100 197
   vertex 147.5 101 198
  endloop
 endfacet
 facet normal -1 0 0
  outer loop
   vertex 147.5 100 197
   vertex 147.5 100 198
   vertex 147.5 101 198
  endloop
 endfacet
 facet normal 0.57735026918962584 -0.57735026918962584 -0.57735026918962584
  outer loop
   vertex 149.5 100 197
   vertex 150 100.5 197
   vertex 150 100 197.5
  endloop
 endfacet
 facet normal 0.57735026918962584 -0.57735026918962584 -0.57735026918962584
  outer loop
   vertex 150.5 101 197
   vertex 151 101 197.5
   vertex 151 100.5 198
  endloop
 endfacet
 facet normal 0.57735026918962584 -0.57735026918962584 -0.57735026918962584
  outer loop
   vertex 150 100.5 197
   vertex 150.5 101 197
   vertex 151 100.5 198
  endloop
 endfacet
 facet normal 0.57735026918962584 -0.57735026918962584 -0.57735026918962584
  outer loop
   vertex 150 100.5 197
   vertex 151 100.5 198
   vertex 150.5 100 198
  endloop
 endfacet
 facet normal 0.57735026918962584 -0.57735026918962584 -0.57735026918962584
  outer loop
   vertex 150 100.5 197
   vertex 150.5 100 198
   vertex 150 100 197.5
  endloop
 endfacet
 facet normal 0.57735026918962584 -0.57735026918962584 -0.57735026918962584
  outer loop
   vertex 151 100.5 198
   vertex 151 101 197.5
   vertex 151.5 101 198
  endloop
 endfacet
 facet normal -0.70710678118654746 0 0.70710678118654746
  outer loop
   vertex 147 101 197.5
   vertex 147 102 197.5
   vertex 146.5 102 197
  endloop
 endfacet
 facet normal -0.70710678118654746 0 0.70710678118654746
  outer loop
   vertex 146.5 101 197
   vertex 147 101 197.5
   vertex 146.5 102 197
  endloop
 endfacet
 facet normal -0.70710678118654746 0 0.70710678118654746
  outer loop
   vertex 147.5 102 198
   vertex 147 101 197.5
   vertex 147.5 101 198
  endloop
 endfacet
 facet normal -0.70710678118654746 0 0.70710678118654746
  outer loop
   vertex 147 102 197.5
   vertex 147 101 197.5
   vertex 147.5 102 198
  endloop
 endfacet
 facet normal 0.70710678118654746 0 -0.70710678118654746
  outer loop
   vertex 151 101 197.5
   vertex 150.5 102 197
   vertex 151 102 197.5
  endloop
 endfacet
 facet normal 0.70710678118654746 0 -0.70710678118654746
  outer loop
   vertex 150.5 101 197
   vertex 150.5 102 197
   vertex 151 101 197.5
  endloop
 endfacet
 facet normal 0.70710678118654746 0 -0.70710678118654746
  outer loop
   vertex 151.5 102 198
   vertex 151.5 101 198
   vertex 151 101 197.5
  endloop
 endfacet
 facet normal 0.70710678118654746 0 -0.70710678118654746
  outer loop
   vertex 151 102 197.5
   vertex 151.5 102 198
   vertex 151 101 197.5
  endloop
 endfacet
 facet normal -0.70710678118654746 0 0.70710678118654746
  outer loop
   vertex 147 102 197.5
   vertex 147 103 197.5
   vertex 146.5 103 197
  endloop
 endfacet
 facet normal -0.70710678118654746 0 0.70710678118654746
  outer loop
   vertex 146.5 102 197
   vertex 147 102 197.5
   vertex 146.5 103 197
  endloop
 endfacet
 facet normal -0.70710678118654746 0 0.70710678118654746
  outer loop
   vertex 147.5 103 198
   vertex 147 102 197.5
   vertex 147.5 102 198
  endloop
 endfacet
 facet normal -0.70710678118654746 0 0.70710678118654746
  outer loop
   vertex 147 103 197.5
   vertex 147 102 197.5
   vertex 147.5 103 198
  endloop
 endfacet
 facet normal 0.70710678118654746 0 -0.70710678118654746
  outer loop
   vertex 151 102 197.5
   vertex 150.5 103 197
   vertex 151 103 197.5
  endloop
 endfacet
 facet normal 0.70710678118654746 0 -0.70710678118654746
  outer loop
   vertex 150.5 102 197
   vertex 150.5 103 197
   vertex 151 102 197.5
  endloop
 endfacet
 facet normal 0.70710678118654746 0 -0.70710678118654746
  outer loop
   vertex 151.5 103 198
   vertex 151.5 102 198
   vertex 151 102 197.5
  endloop
 endfacet
 facet normal 0.70710678118654746 0 -0.70710678118654746
  outer loop
   vertex 151 103 197.5
   vertex 151.5 103 198
   vertex 151 102 197.5
  endloop
 endfacet
 facet normal -0.57735026918962584 -0.57735026918962584 0.57735026918962584
  outer loop
   vertex 146 103.5 197
   vertex 146 104 197.5
   vertex 145.5 104 197
  endloop
 endfacet
 facet normal -0.57735026918962584 -0.57735026918962584 0.57735026918962584
  outer loop
   vertex 146 103.5 197
   vertex 146.5 104 198
   vertex 146 104 197.5
  endloop
 endfacet
 facet normal -0.57735026918962584 -0.57735026918962584 0.57735026918962584
  outer loop
   vertex 146.5 103 197
   vertex 146.5 104 198
   vertex 146 103.5 197
  endloop
 endfacet
 facet normal -0.57735026918962584 -0.57735026918962584 0.57735026918962584
  outer loop
   vertex 146.5 103 197
   vertex 147 103.5 198
   vertex 146.5 104 198
  endloop
 endfacet
 facet normal -0.57735026918962584 -0.57735026918962584 0.57735026918962584
  outer loop
   vertex 146.5 103 197
   vertex 147 103 197.5
   vertex 147 103.5 198
  endloop
 endfacet
 facet normal -0.57735026918962584 -0.57735026918962584 0.57735026918962584
  outer loop
   vertex 147.5 103 198
   vertex 147 103.5 198
   vertex 147 103 197.5
  endloop
 endfacet
 facet normal 0.57735026918962584 0.57735026918962584 -0.57735026918962584
  outer loop
   vertex 151 103 197.5
   vertex 150.5 104 198
   vertex 151 103.5 198
  endloop
 endfacet
 facet normal 0.57735026918962584 0.57735026918962584 -0.57735026918962584
  outer loop
   vertex 151 103 197.5
   vertex 150.5 103 197
   vertex 150.5 104 198
  endloop
 endfacet
 facet normal 1 0 -0
  outer loop
   vertex 150.5 103 197
   vertex 150.5 104 197
   vertex 150.5 104 198
  endloop
 endfacet
 facet normal 0.57735026918962584 0.57735026918962584 -0.57735026918962584
  outer loop
   vertex 151.5 103 198
   vertex 151 103 197.5
   vertex 151 103.5 198
  endloop
 endfacet
 facet normal -0.57735026918962584 -0.57735026918962584 0.57735026918962584
  outer loop
   vertex 145 104.5 197
   vertex 145 105 197.5
   vertex 144.5 105 197
  endloop
 endfacet
 facet normal -0.57735026918962584 -0.57735026918962584 0.57735026918962584
  outer loop
   vertex 145 104.5 197
   vertex 145.5 104 197
   vertex 146 104 197.5
  endloop
 endfacet
 facet normal -0.57735026918962584 -0.57735026918962584 0.57735026918962584
  outer loop
   vertex 145 104.5 197
   vertex 146 104 197.5
   vertex 145 105 197.5
  endloop
 endfacet
 facet normal 0 -0 1
  outer loop
   vertex 145 105 197.5
   vertex 146 104 197.5
   vertex 146 105 197.5
  endloop
 endfacet
 facet normal -0.70710678118654746 0 0.70710678118654746
  outer loop
   vertex 146.5 105 198
   vertex 146 104 197.5
   vertex 146.5 104 198
  endloop
 endfacet
 facet normal -0.70710678118654746 0 0.70710678118654746
  outer loop
   vertex 146 105 197.5
   vertex 146 104 197.5
   vertex 146.5 105 198
  endloop
 endfacet
 facet normal 0.57735026918962584 0.57735026918962584 -0.57735026918962584
  outer loop
   vertex 150 104.5 197
   vertex 149.5 105 197
   vertex 150 105 197.5
  endloop
 endfacet
 facet normal 0.57735026918962584 0.57735026918962584 -0.57735026918962584
  outer loop
   vertex 150 104.5 197
   vertex 150 105 197.5
   vertex 150.5 105 198
  endloop
 endfacet
 facet normal 0.57735026918962584 0.57735026918962584 -0.57735026918962584
  outer loop
   vertex 150 104.5 197
   vertex 150.5 105 198
   vertex 150.5 104 197
  endloop
 endfacet
 facet normal 1 0 0
  outer loop
   vertex 150.5 104 197
   vertex 150.5 105 198
   vertex 150.5 104 198
  endloop
 endfacet
 facet normal -0.57735026918962584 0.57735026918962584 0.57735026918962584
  outer loop
   vertex 144.5 105 197
   vertex 145 105 197.5
   vertex 145 105.5 197
  endloop
 endfacet
 facet normal 0 -0.70710678118654746 0.70710678118654746
  outer loop
   vertex 146 105.5 198
   vertex 145 105 197.5
   vertex 146 105 197.5
  endloop
 endfacet
 facet normal -0.57735026918962573 0.57735026918962573 0.57735026918962573
  outer loop
   vertex 146 105.5 198
   vertex 145.5 106 197
   vertex 145 105 197.5
  endloop
 endfacet
 facet normal -0.70710678118654746 -0.70710678118654746 -0
  outer loop
   vertex 146 105.5 198
   vertex 145.5 106 198
   vertex 145.5 106 197
  endloop
 endfacet
 facet normal -0.57735026918962584 0.57735026918962584 0.57735026918962584
  outer loop
   vertex 145 105.5 197
   vertex 145 105 197.5
   vertex 145.5 106 197
  endloop
 endfacet
 facet normal -0.57735026918962584 -0.57735026918962584 0.57735026918962584
  outer loop
   vertex 146.5 105 198
   vertex 146 105.5 198
   vertex 146 105 197.5
  endloop
 endfacet
 facet normal 0.70710678118654746 0 -0.70710678118654746
  outer loop
   vertex 150 105 197.5
   vertex 149.5 106 197
   vertex 150 106 197.5
  endloop
 endfacet
 facet normal 0.70710678118654746 0 -0.70710678118654746
  outer loop
   vertex 149.5 105 197
   vertex 149.5 106 197
   vertex 150 105 197.5
  endloop
 endfacet
 facet normal 0.70710678118654746 0 -0.70710678118654746
  outer loop
   vertex 150.5 106 198
   vertex 150.5 105 198
   vertex 150 105 197.5
  endloop
 endfacet
 facet normal 0.70710678118654746 0 -0.70710678118654746
  outer loop
   vertex 150 106 197.5
   vertex 150.5 106 198
   vertex 150 105 197.5
  endloop
 endfacet
 facet normal -1 0 0
  outer loop
   vertex 145.5 106 197
   vertex 145.5 106 198
   vertex 145.5 107 197
  endloop
 endfacet
 facet normal -1 -0 -0
  outer loop
   vertex 145.5 106 198
   vertex 145.5 107 198
   vertex 145.5 107 197
  endloop
 endfacet
 facet normal 0.57735026918962584 0.57735026918962584 -0.57735026918962584
  outer loop
   vertex 149 106.5 197
   vertex 148.5 107 197
   vertex 149 107 197.5
  endloop
 endfacet
 facet normal 0.57735026918962584 0.57735026918962584 -0.57735026918962584
  outer loop
   vertex 149 106.5 197
   vertex 150 106 197.5
   vertex 149.5 106 197
  endloop
 endfacet
 facet normal 0.57735026918962584 0.57735026918962584 -0.57735026918962584
  outer loop
   vertex 149 106.5 197
   vertex 149 107 197.5
   vertex 150 106 197.5
  endloop
 endfacet
 facet normal -0 -0 -1
  outer loop
   vertex 149 107 197.5
   vertex 150 107 197.5
   vertex 150 106 197.5
  endloop
 endfacet
 facet normal 0.70710678118654746 0 -0.70710678118654746
  outer loop
   vertex 150.5 107 198
   vertex 150.5 106 198
   vertex 150 106 197.5
  endloop
 endfacet
 facet normal 0.70710678118654746 0 -0.70710678118654746
  outer loop
   vertex 150 107 197.5
   vertex 150.5 107 198
   vertex 150 106 197.5
  endloop
 endfacet
 facet normal -0.57735026918962584 0.57735026918962584 -0.57735026918962584
  outer loop
   vertex 146 108 197.5
   vertex 146 107.5 197
   vertex 145.5 107 197
  endloop
 endfacet
 facet normal -0.57735026918962584 0.57735026918962584 -0.57735026918962584
  outer loop
   vertex 146 108 197.5
   vertex 145.5 107 197
   vertex 145.5 108 198
  endloop
 endfacet
 facet normal -1 0 0
  outer loop
   vertex 145.5 108 198
   vertex 145.5 107 197
   vertex 145.5 107 198
  endloop
 endfacet
 facet normal 0 0.70710678118654746 -0.70710678118654746
  outer loop
   vertex 146 107.5 197
   vertex 147 108 197.5
   vertex 147 107.5 197
  endloop
 endfacet
 facet normal 0 0.70710678118654746 -0.70710678118654746
  outer loop
   vertex 146 108 197.5
   vertex 147 108 197.5
   vertex 146 107.5 197
  endloop
 endfacet
 facet normal 0 0.70710678118654746 -0.70710678118654746
  outer loop
   vertex 147 107.5 197
   vertex 148 108 197.5
   vertex 148 107.5 197
  endloop
 endfacet
 facet normal 0 0.70710678118654746 -0.70710678118654746
  outer loop
   vertex 147 108 197.5
   vertex 148 108 197.5
   vertex 147 107.5 197
  endloop
 endfacet
 facet normal 0.57735026918962584 0.57735026918962584 -0.57735026918962584
  outer loop
   vertex 148 107.5 197
   vertex 149 107 197.5
   vertex 148.5 107 197
  endloop
 endfacet
 facet normal 0.57735026918962584 0.57735026918962584 -0.57735026918962584
  outer loop
   vertex 148 107.5 197
   vertex 148 108 197.5
   vertex 149 107 197.5
  endloop
 endfacet
 facet normal -0 -0 -1
  outer loop
   vertex 148 108 197.5
   vertex 149 108 197.5
   vertex 149 107 197.5
  endloop
 endfacet
 facet normal 0.57735026918962584 0.57735026918962584 -0.57735026918962584
  outer loop
   vertex 149.5 108 198
   vertex 150 107.5 198
   vertex 150 107 197.5
  endloop
 endfacet
 facet normal 0.57735026918962584 0.57735026918962584 -0.57735026918962584
  outer loop
   vertex 149.5 108 198
   vertex 150 107 197.5
   vertex 149 108 197.5
  endloop
 endfacet
 facet normal 0 0 -1
  outer loop
   vertex 149 108 197.5
   vertex 150 107 197.5
   vertex 149 107 197.5
  endloop
 endfacet
 facet normal 0.57735026918962584 0.57735026918962584 -0.57735026918962584
  outer loop
   vertex 150.5 107 198
   vertex 150 107 197.5
   vertex 150 107.5 198
  endloop
 endfacet
 facet normal -0.57735026918962584 0.57735026918962584 -0.57735026918962584
  outer loop
   vertex 146 108 197.5
   vertex 145.5 108 198
   vertex 146 108.5 198
  endloop
 endfacet
 facet normal -0.57735026918962584 0.57735026918962584 -0.57735026918962584
  outer loop
   vertex 146 108.5 198
   vertex 146.5 109 198
   vertex 147 109 197.5
  endloop
 endfacet
 facet normal -0.57735026918962584 0.57735026918962584 -0.57735026918962584
  outer loop
   vertex 146 108.5 198
   vertex 147 109 197.5
   vertex 146 108 197.5
  endloop
 endfacet
 facet normal 0 -0 -1
  outer loop
   vertex 146 108 197.5
   vertex 147 109 197.5
   vertex 147 108 197.5
  endloop
 endfacet
 facet normal 0 0 -1
  outer loop
   vertex 148 108 197.5
   vertex 147 108 197.5
   vertex 148 109 197.5
  endloop
 endfacet
 facet normal 0 0 -1
  outer loop
   vertex 148 109 197.5
   vertex 147 108 197.5
   vertex 147 109 197.5
  endloop
 endfacet
 facet normal 0.57735026918962584 0.57735026918962584 -0.57735026918962584
  outer loop
   vertex 148.5 109 198
   vertex 149 108.5 198
   vertex 149 108 197.5
  endloop
 endfacet
 facet normal 0.57735026918962584 0.57735026918962584 -0.57735026918962584
  outer loop
   vertex 148.5 109 198
   vertex 149 108 197.5
   vertex 148 109 197.5
  endloop
 endfacet
 facet normal 0 0 -1
  outer loop
   vertex 148 109 197.5
   vertex 149 108 197.5
   vertex 148 108 197.5
  endloop
 endfacet
 facet normal 0.57735026918962584 0.57735026918962584 -0.57735026918962584
  outer loop
   vertex 149.5 108 198
   vertex 149 108 197.5
   vertex 149 108.5 198
  endloop
 endfacet
 facet normal -0.57735026918962584 0.57735026918962584 -0.57735026918962584
  outer loop
   vertex 147 109 197.5
   vertex 146.5 109 198
   vertex 147 109.5 198
  endloop
 endfacet
 facet normal 0 0.70710678118654746 -0.70710678118654746
  outer loop
   vertex 148 109 197.5
   vertex 147 109 197.5
   vertex 147 109.5 198
  endloop
 endfacet
 facet normal 0 0.70710678118654746 -0.70710678118654746
  outer loop
   vertex 148 109.5 198
   vertex 148 109 197.5
   vertex 147 109.5 198
  endloop
 endfacet
 facet normal 0.57735026918962584 0.57735026918962584 -0.57735026918962584
  outer loop
   vertex 148.5 109 198
   vertex 148 109 197.5
   vertex 148 109.5 198
  endloop
 endfacet
 facet normal -0.57735026918962584 -0.57735026918962584 -0.57735026918962584
  outer loop
   vertex 149 97 198.5
   vertex 149 96.5 199
   vertex 148.5 97 199
  endloop
 endfacet
 facet normal 0.57735026918962584 -0.57735026918962584 -0.57735026918962584
  outer loop
   vertex 149 96.5 199
   vertex 149 97 198.5
   vertex 149.5 97 199
  endloop
 endfacet
 facet normal -0.70710678118654746 -0.70710678118654746 -0
  outer loop
   vertex 148 97.5 198
   vertex 148 97.5 199
   vertex 147.5 98 199
  endloop
 endfacet
 facet normal -0.70710678118654746 -0.70710678118654746 0
  outer loop
   vertex 147.5 98 198
   vertex 148 97.5 198
   vertex 147.5 98 199
  endloop
 endfacet
 facet normal 0.70710678118654746 0 -0.70710678118654746
  outer loop
   vertex 148.5 98 198
   vertex 149 98 198.5
   vertex 149 97 198.5
  endloop
 endfacet
 facet normal -0.57735026918962573 -0.57735026918962573 -0.57735026918962573
  outer loop
   vertex 148.5 98 198
   vertex 149 97 198.5
   vertex 148 97.5 199
  endloop
 endfacet
 facet normal 0.70710678118654746 -0.70710678118654746 0
  outer loop
   vertex 148.5 98 198
   vertex 148 97.5 199
   vertex 148 97.5 198
  endloop
 endfacet
 facet normal -0.57735026918962584 -0.57735026918962584 -0.57735026918962584
  outer loop
   vertex 148 97.5 199
   vertex 149 97 198.5
   vertex 148.5 97 199
  endloop
 endfacet
 facet normal 0.70710678118654746 0 -0.70710678118654746
  outer loop
   vertex 149.5 98 199
   vertex 149.5 97 199
   vertex 149 97 198.5
  endloop
 endfacet
 facet normal 0.70710678118654746 0 -0.70710678118654746
  outer loop
   vertex 149 98 198.5
   vertex 149.5 98 199
   vertex 149 97 198.5
  endloop
 endfacet
 facet normal -1 0 0
  outer loop
   vertex 147.5 98 198
   vertex 147.5 98 199
   vertex 147.5 99 198
  endloop
 endfacet
 facet normal -1 -0 -0
  outer loop
   vertex 147.5 98 199
   vertex 147.5 99 199
   vertex 147.5 99 198
  endloop
 endfacet
 facet normal 0.57735026918962584 -0.57735026918962584 -0.57735026918962584
  outer loop
   vertex 148.5 98 198
   vertex 149 98.5 198
   vertex 149 98 198.5
  endloop
 endfacet
 facet normal 0.57735026918962584 -0.57735026918962584 -0.57735026918962584
  outer loop
   vertex 149.5 99 198
   vertex 150 99 198.5
   vertex 150 98.5 199
  endloop
 endfacet
 facet normal 0.57735026918962584 -0.57735026918962584 -0.57735026918962584
  outer loop
   vertex 149 98.5 198
   vertex 149.5 99 198
   vertex 150 98.5 199
  endloop
 endfacet
 facet normal 0.57735026918962584 -0.57735026918962584 -0.57735026918962584
  outer loop
   vertex 149 98.5 198
   vertex 150 98.5 199
   vertex 149.5 98 199
  endloop
 endfacet
 facet normal 0.57735026918962584 -0.57735026918962584 -0.57735026918962584
  outer loop
   vertex 149 98.5 198
   vertex 149.5 98 199
   vertex 149 98 198.5
  endloop
 endfacet
 facet normal 0.57735026918962584 -0.57735026918962584 -0.57735026918962584
  outer loop
   vertex 150 98.5 199
   vertex 150 99 198.5
   vertex 150.5 99 199
  endloop
 endfacet
 facet normal -1 0 0
  outer loop
   vertex 147.5 99 198
   vertex 147.5 99 199
   vertex 147.5 100 198
  endloop
 endfacet
 facet normal -1 -0 -0
  outer loop
   vertex 147.5 99 199
   vertex 147.5 100 199
   vertex 147.5 100 198
  endloop
 endfacet
 facet normal 0.57735026918962584 -0.57735026918962584 -0.57735026918962584
  outer loop
   vertex 149.5 99 198
   vertex 150 99.5 198
   vertex 150 99 198.5
  endloop
 endfacet
 facet normal 0.57735026918962584 -0.57735026918962584 -0.57735026918962584
  outer loop
   vertex 150.5 100 198
   vertex 151 100 198.5
   vertex 151 99.5 199
  endloop
 endfacet
 facet normal 0.57735026918962584 -0.57735026918962584 -0.57735026918962584
  outer loop
   vertex 150 99.5 198
   vertex 150.5 100 198
   vertex 151 99.5 199
  endloop
 endfacet
 facet normal 0.57735026918962584 -0.57735026918962584 -0.57735026918962584
  outer loop
   vertex 150 99.5 198
   vertex 151 99.5 199
   vertex 150.5 99 199
  endloop
 endfacet
 facet normal 0.57735026918962584 -0.57735026918962584 -0.57735026918962584
  outer loop
   vertex 150 99.5 198
   vertex 150.5 99 199
   vertex 150 99 198.5
  endloop
 endfacet
 facet normal 0.57735026918962584 -0.57735026918962584 -0.57735026918962584
  outer loop
   vertex 151 99.5 199
   vertex 151 100 198.5
   vertex 151.5 100 199
  endloop
 endfacet
 facet normal -1 0 0
  outer loop
   vertex 147.5 100 198
   vertex 147.5 100 199
   vertex 147.5 101 198
  endloop
 endfacet
 facet normal -1 -0 -0
  outer loop
   vertex 147.5 100 199
   vertex 147.5 101 199
   vertex 147.5 101 198
  endloop
 endfacet
 facet normal 0.57735026918962584 -0.57735026918962584 -0.57735026918962584
  outer loop
   vertex 150.5 100 198
   vertex 151 100.5 198
   vertex 151 100 198.5
  endloop
 endfacet
 facet normal 0.57735026918962584 -0.57735026918962584 -0.57735026918962584
  outer loop
   vertex 151 100 198.5
   vertex 151 100.5 198
   vertex 151.5 101 198
  endloop
 endfacet
 facet normal 0.57735026918962584 -0.57735026918962584 -0.57735026918962584
  outer loop
   vertex 151 100 198.5
   vertex 151.5 101 198
   vertex 151.5 100 199
  endloop
 endfacet
 facet normal 1 0 -0
  outer loop
   vertex 151.5 100 199
   vertex 151.5 101 198
   vertex 151.5 101 199
  endloop
 endfacet
 facet normal -1 0 0
  outer loop
   vertex 147.5 101 198
   vertex 147.5 101 199
   vertex 147.5 102 198
  endloop
 endfacet
 facet normal -1 -0 -0
  outer loop
   vertex 147.5 101 199
   vertex 147.5 102 199
   vertex 147.5 102 198
  endloop
 endfacet
 facet normal 1 0 0
  outer loop
   vertex 151.5 101 198
   vertex 151.5 102 198
   vertex 151.5 101 199
  endloop
 endfacet
 facet normal 1 0 -0
  outer loop
   vertex 151.5 101 199
   vertex 151.5 102 198
   vertex 151.5 102 199
  endloop
 endfacet
 facet normal -1 0 0
  outer loop
   vertex 147.5 102 198
   vertex 147.5 102 199
   vertex 147.5 103 198
  endloop
 endfacet
 facet normal -1 -0 -0
  outer loop
   vertex 147.5 102 199
   vertex 147.5 103 199
   vertex 147.5 103 198
  endloop
 endfacet
 facet normal 1 0 0
  outer loop
   vertex 151.5 102 198
   vertex 151.5 103 198
   vertex 151.5 102 199
  endloop
 endfacet
 facet normal 1 0 -0
  outer loop
   vertex 151.5 102 199
   vertex 151.5 103 198
   vertex 151.5 103 199
  endloop
 endfacet
 facet normal -0.57735026918962584 -0.57735026918962584 0.57735026918962584
  outer loop
   vertex 147 103.5 198
   vertex 147 104 198.5
   vertex 146.5 104 198
  endloop
 endfacet
 facet normal -0.57735026918962584 -0.57735026918962584 0.57735026918962584
  outer loop
   vertex 147 103.5 198
   vertex 147.5 104 199
   vertex 147 104 198.5
  endloop
 endfacet
 facet normal -0.57735026918962584 -0.57735026918962584 0.57735026918962584
  outer loop
   vertex 147 103.5 198
   vertex 147.5 103 198
   vertex 147.5 104 199
  endloop
 endfacet
 facet normal -1 0 0
  outer loop
   vertex 147.5 103 198
   vertex 147.5 103 199
   vertex 147.5 104 199
  endloop
 endfacet
 facet normal 0.57735026918962584 0.57735026918962584 -0.57735026918962584
  outer loop
   vertex 151 103.5 198
   vertex 150.5 104 198
   vertex 151 104 198.5
  endloop
 endfacet
 facet normal 0.57735026918962584 0.57735026918962584 -0.57735026918962584
  outer loop
   vertex 151 103.5 198
   vertex 151 104 198.5
   vertex 151.5 104 199
  endloop
 endfacet
 facet normal 0.57735026918962584 0.57735026918962584 -0.57735026918962584
  outer loop
   vertex 151 103.5 198
   vertex 151.5 104 199
   vertex 151.5 103 198
  endloop
 endfacet
 facet normal 1 0 0
  outer loop
   vertex 151.5 103 198
   vertex 151.5 104 199
   vertex 151.5 103 199
  endloop
 endfacet
 facet normal -0.57735026918962584 -0.57735026918962584 0.57735026918962584
  outer loop
   vertex 147 104 198.5
   vertex 147 104.5 199
   vertex 146.5 105 199
  endloop
 endfacet
 facet normal -0.57735026918962584 -0.57735026918962584 0.57735026918962584
  outer loop
   vertex 147 104 198.5
   vertex 146.5 105 199
   vertex 146.5 104 198
  endloop
 endfacet
 facet normal -1 0 -0
  outer loop
   vertex 146.5 104 198
   vertex 146.5 105 199
   vertex 146.5 105 198
  endloop
 endfacet
 facet normal -0.57735026918962584 -0.57735026918962584 0.57735026918962584
  outer loop
   vertex 147.5 104 199
   vertex 147 104.5 199
   vertex 147 104 198.5
  endloop
 endfacet
 facet normal 0.70710678118654746 0 -0.70710678118654746
  outer loop
   vertex 151 104 198.5
   vertex 150.5 105 198
   vertex 151 105 198.5
  endloop
 endfacet
 facet normal 0.70710678118654746 0 -0.70710678118654746
  outer loop
   vertex 150.5 104 198
   vertex 150.5 105 198
   vertex 151 104 198.5
  endloop
 endfacet
 facet normal 0.70710678118654746 0 -0.70710678118654746
  outer loop
   vertex 151.5 105 199
   vertex 151.5 104 199
   vertex 151 104 198.5
  endloop
 endfacet
 facet normal 0.70710678118654746 0 -0.70710678118654746
  outer loop
   vertex 151 105 198.5
   vertex 151.5 105 199
   vertex 151 104 198.5
  endloop
 endfacet
 facet normal -0.57735026918962584 -0.57735026918962584 0.57735026918962584
  outer loop
   vertex 146 105.5 198
   vertex 146 106 198.5
   vertex 145.5 106 198
  endloop
 endfacet
 facet normal -0.57735026918962584 -0.57735026918962584 0.57735026918962584
  outer loop
   vertex 146 105.5 198
   vertex 146.5 106 199
   vertex 146 106 198.5
  endloop
 endfacet
 facet normal -0.57735026918962584 -0.57735026918962584 0.57735026918962584
  outer loop
   vertex 146 105.5 198
   vertex 146.5 105 198
   vertex 146.5 106 199
  endloop
 endfacet
 facet normal -1 0 0
  outer loop
   vertex 146.5 105 198
   vertex 146.5 105 199
   vertex 146.5 106 199
  endloop
 endfacet
 facet normal 0.70710678118654746 0 -0.70710678118654746
  outer loop
   vertex 151 105 198.5
   vertex 150.5 106 198
   vertex 151 106 198.5
  endloop
 endfacet
 facet normal 0.70710678118654746 0 -0.70710678118654746
  outer loop
   vertex 150.5 105 198
   vertex 150.5 106 198
   vertex 151 105 198.5
  endloop
 endfacet
 facet normal 0.70710678118654746 0 -0.70710678118654746
  outer loop
   vertex 151.5 106 199
   vertex 151.5 105 199
   vertex 151 105 198.5
  endloop
 endfacet
 facet normal 0.70710678118654746 0 -0.70710678118654746
  outer loop
   vertex 151 106 198.5
   vertex 151.5 106 199
   vertex 151 105 198.5
  endloop
 endfacet
 facet normal -0.57735026918962584 -0.57735026918962584 0.57735026918962584
  outer loop
   vertex 146 106 198.5
   vertex 146 106.5 199
   vertex 145.5 107 199
  endloop
 endfacet
 facet normal -0.57735026918962584 -0.57735026918962584 0.57735026918962584
  outer loop
   vertex 146 106 198.5
   vertex 145.5 107 199
   vertex 145.5 106 198
  endloop
 endfacet
 facet normal -1 0 -0
  outer loop
   vertex 145.5 106 198
   vertex 145.5 107 199
   vertex 145.5 107 198
  endloop
 endfacet
 facet normal -0.57735026918962584 -0.57735026918962584 0.57735026918962584
  outer loop
   vertex 146.5 106 199
   vertex 146 106.5 199
   vertex 146 106 198.5
  endloop
 endfacet
 facet normal 0.70710678118654746 0 -0.70710678118654746
  outer loop
   vertex 151 106 198.5
   vertex 150.5 107 198
   vertex 151 107 198.5
  endloop
 endfacet
 facet normal 0.70710678118654746 0 -0.70710678118654746
  outer loop
   vertex 150.5 106 198
   vertex 150.5 107 198
   vertex 151 106 198.5
  endloop
 endfacet
 facet normal 0.70710678118654746 0 -0.70710678118654746
  outer loop
   vertex 151.5 107 199
   vertex 151.5 106 199
   vertex 151 106 198.5
  endloop
 endfacet
 facet normal 0.70710678118654746 0 -0.70710678118654746
  outer loop
   vertex 151 107 198.5
   vertex 151.5 107 199
   vertex 151 106 198.5
  endloop
 endfacet
 facet normal -1 0 0
  outer loop
   vertex 145.5 107 198
   vertex 145.5 107 199
   vertex 145.5 108 198
  endloop
 endfacet
 facet normal -1 -0 -0
  outer loop
   vertex 145.5 107 199
   vertex 145.5 108 199
   vertex 145.5 108 198
  endloop
 endfacet
 facet normal 0.57735026918962584 0.57735026918962584 -0.57735026918962584
  outer loop
   vertex 150 107.5 198
   vertex 149.5 108 198
   vertex 150 108 198.5
  endloop
 endfacet
 facet normal 0.57735026918962584 0.57735026918962584 -0.57735026918962584
  outer loop
   vertex 150 107.5 198
   vertex 150 108 198.5
   vertex 150.5 108 199
  endloop
 endfacet
 facet normal 0.57735026918962584 0.57735026918962584 -0.57735026918962584
  outer loop
   vertex 150.5 107 198
   vertex 150 107.5 198
   vertex 150.5 108 199
  endloop
 endfacet
 facet normal 0.57735026918962584 0.57735026918962584 -0.57735026918962584
  outer loop
   vertex 150.5 107 198
   vertex 150.5 108 199
   vertex 151 107.5 199
  endloop
 endfacet
 facet normal 0.57735026918962584 0.57735026918962584 -0.57735026918962584
  outer loop
   vertex 150.5 107 198
   vertex 151 107.5 199
   vertex 151 107 198.5
  endloop
 endfacet
 facet normal 0.57735026918962584 0.57735026918962584 -0.57735026918962584
  outer loop
   vertex 151.5 107 199
   vertex 151 107 198.5
   vertex 151 107.5 199
  endloop
 endfacet
 facet normal -0.57735026918962584 0.57735026918962584 -0.57735026918962584
  outer loop
   vertex 146 109 198.5
   vertex 146 108.5 198
   vertex 145.5 108 198
  endloop
 endfacet
 facet normal -0.57735026918962584 0.57735026918962584 -0.57735026918962584
  outer loop
   vertex 146 109 198.5
   vertex 145.5 108 198
   vertex 145.5 109 199
  endloop
 endfacet
 facet normal -1 0 0
  outer loop
   vertex 145.5 109 199
   vertex 145.5 108 198
   vertex 145.5 108 199
  endloop
 endfacet
 facet normal -0.57735026918962584 0.57735026918962584 -0.57735026918962584
  outer loop
   vertex 146 108.5 198
   vertex 146 109 198.5
   vertex 146.5 109 198
  endloop
 endfacet
 facet normal 0.57735026918962584 0.57735026918962584 -0.57735026918962584
  outer loop
   vertex 149 108.5 198
   vertex 148.5 109 198
   vertex 149 109 198.5
  endloop
 endfacet
 facet normal 0.57735026918962584 0.57735026918962584 -0.57735026918962584
  outer loop
   vertex 149 108.5 198
   vertex 149 109 198.5
   vertex 149.5 109 199
  endloop
 endfacet
 facet normal 0.57735026918962584 0.57735026918962584 -0.57735026918962584
  outer loop
   vertex 149.5 108 198
   vertex 149 108.5 198
   vertex 149.5 109 199
  endloop
 endfacet
 facet normal 0.57735026918962584 0.57735026918962584 -0.57735026918962584
  outer loop
   vertex 149.5 108 198
   vertex 149.5 109 199
   vertex 150 108.5 199
  endloop
 endfacet
 facet normal 0.57735026918962584 0.57735026918962584 -0.57735026918962584
  outer loop
   vertex 149.5 108 198
   vertex 150 108.5 199
   vertex 150 108 198.5
  endloop
 endfacet
 facet normal 0.57735026918962584 0.57735026918962584 -0.57735026918962584
  outer loop
   vertex 150.5 108 199
   vertex 150 108 198.5
   vertex 150 108.5 199
  endloop
 endfacet
 facet normal -0.57735026918962584 0.57735026918962584 -0.57735026918962584
  outer loop
   vertex 146 109 198.5
   vertex 145.5 109 199
   vertex 146 109.5 199
  endloop
 endfacet
 facet normal -0.57735026918962584 0.57735026918962584 -0.57735026918962584
  outer loop
   vertex 147 110 198.5
   vertex 146 109.5 199
   vertex 146.5 110 199
  endloop
 endfacet
 facet normal -0.57735026918962584 0.57735026918962584 -0.57735026918962584
  outer loop
   vertex 147 109.5 198
   vertex 146 109.5 199
   vertex 147 110 198.5
  endloop
 endfacet
 facet normal -0.57735026918962584 0.57735026918962584 -0.57735026918962584
  outer loop
   vertex 147 109.5 198
   vertex 146 109 198.5
   vertex 146 109.5 199
  endloop
 endfacet
 facet normal -0.57735026918962584 0.57735026918962584 -0.57735026918962584
  outer loop
   vertex 147 109.5 198
   vertex 146.5 109 198
   vertex 146 109 198.5
  endloop
 endfacet
 facet normal 0 0.70710678118654746 -0.70710678118654746
  outer loop
   vertex 147 109.5 198
   vertex 148 110 198.5
   vertex 148 109.5 198
  endloop
 endfacet
 facet normal 0 0.70710678118654746 -0.70710678118654746
  outer loop
   vertex 147 110 198.5
   vertex 148 110 198.5
   vertex 147 109.5 198
  endloop
 endfacet
 facet normal 0.57735026918962584 0.57735026918962584 -0.57735026918962584
  outer loop
   vertex 148 109.5 198
   vertex 148 110 198.5
   vertex 148.5 110 199
  endloop
 endfacet
 facet normal 0.57735026918962584 0.57735026918962584 -0.57735026918962584
  outer loop
   vertex 148.5 109 198
   vertex 148 109.5 198
   vertex 148.5 110 199
  endloop
 endfacet
 facet normal 0.57735026918962584 0.57735026918962584 -0.57735026918962584
  outer loop
   vertex 148.5 109 198
   vertex 148.5 110 199
   vertex 149 109.5 199
  endloop
 endfacet
 facet normal 0.57735026918962584 0.57735026918962584 -0.57735026918962584
  outer loop
   vertex 148.5 109 198
   vertex 149 109.5 199
   vertex 149 109 198.5
  endloop
 endfacet
 facet normal 0.57735026918962584 0.57735026918962584 -0.57735026918962584
  outer loop
   vertex 149.5 109 199
   vertex 149 109 198.5
   vertex 149 109.5 199
  endloop
 endfacet
 facet normal -0.57735026918962584 0.57735026918962584 -0.57735026918962584
  outer loop
   vertex 147 110 198.5
   vertex 146.5 110 199
   vertex 147 110.5 199
  endloop
 endfacet
 facet normal 0 0.70710678118654746 -0.70710678118654746
  outer loop
   vertex 148 110 198.5
   vertex 147 110 198.5
   vertex 147 110.5 199
  endloop
 endfacet
 facet normal 0 0.70710678118654746 -0.70710678118654746
  outer loop
   vertex 148 110.5 199
   vertex 148 110 198.5
   vertex 147 110.5 199
  endloop
 endfacet
 facet normal 0.57735026918962584 0.57735026918962584 -0.57735026918962584
  outer loop
   vertex 148.5 110 199
   vertex 148 110 198.5
   vertex 148 110.5 199
  endloop
 endfacet
 facet normal -0.57735026918962584 -0.57735026918962584 -0.57735026918962584
  outer loop
   vertex 149 96 199.5
   vertex 149 95.5 200
   vertex 148.5 96 200
  endloop
 endfacet
 facet normal 0.57735026918962584 -0.57735026918962584 -0.57735026918962584
  outer loop
   vertex 149 95.5 200
   vertex 149 96 199.5
   vertex 149.5 96 200
  endloop
 endfacet
 facet normal -0.57735026918962584 -0.57735026918962584 -0.57735026918962584
  outer loop
   vertex 148 97 199.5
   vertex 148 96.5 200
   vertex 147.5 97 200
  endloop
 endfacet
 facet normal -0.57735026918962584 -0.57735026918962584 -0.57735026918962584
  outer loop
   vertex 148.5 96 200
   vertex 148 96.5 200
   vertex 148 97 199.5
  endloop
 endfacet
 facet normal -0.57735026918962584 -0.57735026918962584 -0.57735026918962584
  outer loop
   vertex 149 96 199.5
   vertex 148.5 96 200
   vertex 148 97 199.5
  endloop
 endfacet
 facet normal -0.57735026918962584 -0.57735026918962584 -0.57735026918962584
  outer loop
   vertex 149 96 199.5
   vertex 148 97 199.5
   vertex 148.5 97 199
  endloop
 endfacet
 facet normal -0.57735026918962584 -0.57735026918962584 -0.57735026918962584
  outer loop
   vertex 149 96 199.5
   vertex 148.5 97 199
   vertex 149 96.5 199
  endloop
 endfacet
 facet normal 0.57735026918962584 -0.57735026918962584 -0.57735026918962584
  outer loop
   vertex 149.5 97 199
   vertex 150 97 199.5
   vertex 150 96.5 200
  endloop
 endfacet
 facet normal 0.57735026918962584 -0.57735026918962584 -0.57735026918962584
  outer loop
   vertex 149 96.5 199
   vertex 149.5 97 199
   vertex 150 96.5 200
  endloop
 endfacet
 facet normal 0.57735026918962584 -0.57735026918962584 -0.57735026918962584
  outer loop
   vertex 149 96.5 199
   vertex 150 96.5 200
   vertex 149.5 96 200
  endloop
 endfacet
 facet normal 0.57735026918962584 -0.57735026918962584 -0.57735026918962584
  outer loop
   vertex 149 96.5 199
   vertex 149.5 96 200
   vertex 149 96 199.5
  endloop
 endfacet
 facet normal 0.57735026918962584 -0.57735026918962584 -0.57735026918962584
  outer loop
   vertex 150 96.5 200
   vertex 150 97 199.5
   vertex 150.5 97 200
  endloop
 endfacet
 facet normal -0.57735026918962584 -0.57735026918962584 -0.57735026918962584
  outer loop
   vertex 148 97.5 199
   vertex 148 97 199.5
   vertex 147.5 97 200
  endloop
 endfacet
 facet normal -0.57735026918962584 -0.57735026918962584 -0.57735026918962584
  outer loop
   vertex 148 97.5 199
   vertex 147.5 97 200
   vertex 147.5 98 199
  endloop
 endfacet
 facet normal -1 0 0
  outer loop
   vertex 147.5 98 199
   vertex 147.5 97 200
   vertex 147.5 98 200
  endloop
 endfacet
 facet normal -0.57735026918962584 -0.57735026918962584 -0.57735026918962584
  outer loop
   vertex 148.5 97 199
   vertex 148 97 199.5
   vertex 148 97.5 199
  endloop
 endfacet
 facet normal 0.70710678118654746 0 -0.70710678118654746
  outer loop
   vertex 150 97 199.5
   vertex 149.5 98 199
   vertex 150 98 199.5
  endloop
 endfacet
 facet normal 0.70710678118654746 0 -0.70710678118654746
  outer loop
   vertex 149.5 97 199
   vertex 149.5 98 199
   vertex 150 97 199.5
  endloop
 endfacet
 facet normal 0.70710678118654746 0 -0.70710678118654746
  outer loop
   vertex 150.5 98 200
   vertex 150.5 97 200
   vertex 150 97 199.5
  endloop
 endfacet
 facet normal 0.70710678118654746 0 -0.70710678118654746
  outer loop
   vertex 150 98 199.5
   vertex 150.5 98 200
   vertex 150 97 199.5
  endloop
 endfacet
 facet normal -1 0 0
  outer loop
   vertex 147.5 98 199
   vertex 147.5 98 200
   vertex 147.5 99 199
  endloop
 endfacet
 facet normal -1 -0 -0
  outer loop
   vertex 147.5 98 200
   vertex 147.5 99 200
   vertex 147.5 99 199
  endloop
 endfacet
 facet normal 0.57735026918962584 -0.57735026918962584 -0.57735026918962584
  outer loop
   vertex 149.5 98 199
   vertex 150 98.5 199
   vertex 150 98 199.5
  endloop
 endfacet
 facet normal 0.57735026918962584 -0.57735026918962584 -0.57735026918962584
  outer loop
   vertex 150.5 99 199
   vertex 151 99 199.5
   vertex 151 98.5 200
  endloop
 endfacet
 facet normal 0.57735026918962584 -0.57735026918962584 -0.57735026918962584
  outer loop
   vertex 150 98.5 199
   vertex 150.5 99 199
   vertex 151 98.5 200
  endloop
 endfacet
 facet normal 0.57735026918962584 -0.57735026918962584 -0.57735026918962584
  outer loop
   vertex 150 98.5 199
   vertex 151 98.5 200
   vertex 150.5 98 200
  endloop
 endfacet
 facet normal 0.57735026918962584 -0.57735026918962584 -0.57735026918962584
  outer loop
   vertex 150 98.5 199
   vertex 150.5 98 200
   vertex 150 98 199.5
  endloop
 endfacet
 facet normal 0.57735026918962584 -0.57735026918962584 -0.57735026918962584
  outer loop
   vertex 151 98.5 200
   vertex 151 99 199.5
   vertex 151.5 99 200
  endloop
 endfacet
 facet normal -1 0 0
  outer loop
   vertex 147.5 99 199
   vertex 147.5 99 200
   vertex 147.5 100 199
  endloop
 endfacet
 facet normal -1 -0 -0
  outer loop
   vertex 147.5 99 200
   vertex 147.5 100 200
   vertex 147.5 100 199
  endloop
 endfacet
 facet normal 0.57735026918962584 -0.57735026918962584 -0.57735026918962584
  outer loop
   vertex 150.5 99 199
   vertex 151 99.5 199
   vertex 151 99 199.5
  endloop
 endfacet
 facet normal 0.57735026918962584 -0.57735026918962584 -0.57735026918962584
  outer loop
   vertex 151 99 199.5
   vertex 151 99.5 199
   vertex 151.5 100 199
  endloop
 endfacet
 facet normal 0.57735026918962584 -0.57735026918962584 -0.57735026918962584
  outer loop
   vertex 151 99 199.5
   vertex 151.5 100 199
   vertex 151.5 99 200
  endloop
 endfacet
 facet normal 1 0 -0
  outer loop
   vertex 151.5 99 200
   vertex 151.5 100 199
   vertex 151.5 100 200
  endloop
 endfacet
 facet normal -1 0 0
  outer loop
   vertex 147.5 100 199
   vertex 147.5 100 200
   vertex 147.5 101 199
  endloop
 endfacet
 facet normal -1 -0 -0
  outer loop
   vertex 147.5 100 200
   vertex 147.5 101 200
   vertex 147.5 101 199
  endloop
 endfacet
 facet normal 0.57735026918962584 -0.57735026918962584 -0.57735026918962584
  outer loop
   vertex 152 100.5 200
   vertex 151.5 101 199
   vertex 152 101 199.5
  endloop
 endfacet
 facet normal 0.57735026918962584 -0.57735026918962584 -0.57735026918962584
  outer loop
   vertex 152 100.5 200
   vertex 151.5 100 200
   vertex 151.5 101 199
  endloop
 endfacet
 facet normal 1 0 0
  outer loop
   vertex 151.5 100 200
   vertex 151.5 100 199
   vertex 151.5 101 199
  endloop
 endfacet
 facet normal 0.57735026918962584 -0.57735026918962584 -0.57735026918962584
  outer loop
   vertex 152 100.5 200
   vertex 152 101 199.5
   vertex 152.5 101 200
  endloop
 endfacet
 facet normal -1 0 0
  outer loop
   vertex 147.5 101 199
   vertex 147.5 101 200
   vertex 147.5 102 199
  endloop
 endfacet
 facet normal -1 -0 -0
  outer loop
   vertex 147.5 101 200
   vertex 147.5 102 200
   vertex 147.5 102 199
  endloop
 endfacet
 facet normal 0.70710678118654746 0 -0.70710678118654746
  outer loop
   vertex 152 101 199.5
   vertex 151.5 102 199
   vertex 152 102 199.5
  endloop
 endfacet
 facet normal 0.70710678118654746 0 -0.70710678118654746
  outer loop
   vertex 151.5 101 199
   vertex 151.5 102 199
   vertex 152 101 199.5
  endloop
 endfacet
 facet normal 0.70710678118654746 0 -0.70710678118654746
  outer loop
   vertex 152.5 102 200
   vertex 152.5 101 200
   vertex 152 101 199.5
  endloop
 endfacet
 facet normal 0.70710678118654746 0 -0.70710678118654746
  outer loop
   vertex 152 102 199.5
   vertex 152.5 102 200
   vertex 152 101 199.5
  endloop
 endfacet
 facet normal -1 0 0
  outer loop
   vertex 147.5 102 199
   vertex 147.5 102 200
   vertex 147.5 103 199
  endloop
 endfacet
 facet normal -1 -0 -0
  outer loop
   vertex 147.5 102 200
   vertex 147.5 103 200
   vertex 147.5 103 199
  endloop
 endfacet
 facet normal 0.70710678118654746 0 -0.70710678118654746
  outer loop
   vertex 152 102 199.5
   vertex 151.5 103 199
   vertex 152 103 199.5
  endloop
 endfacet
 facet normal 0.70710678118654746 0 -0.70710678118654746
  outer loop
   vertex 151.5 102 199
   vertex 151.5 103 199
   vertex 152 102 199.5
  endloop
 endfacet
 facet normal 0.70710678118654746 0 -0.70710678118654746
  outer loop
   vertex 152.5 103 200
   vertex 152.5 102 200
   vertex 152 102 199.5
  endloop
 endfacet
 facet normal 0.70710678118654746 0 -0.70710678118654746
  outer loop
   vertex 152 103 199.5
   vertex 152.5 103 200
   vertex 152 102 199.5
  endloop
 endfacet
 facet normal -1 0 0
  outer loop
   vertex 147.5 103 199
   vertex 147.5 103 200
   vertex 147.5 104 199
  endloop
 endfacet
 facet normal -1 -0 -0
  outer loop
   vertex 147.5 103 200
   vertex 147.5 104 200
   vertex 147.5 104 199
  endloop
 endfacet
 facet normal 0.57735026918962584 0.57735026918962584 -0.57735026918962584
  outer loop
   vertex 152 103 199.5
   vertex 151.5 104 200
   vertex 152 103.5 200
  endloop
 endfacet
 facet normal 0.57735026918962584 0.57735026918962584 -0.57735026918962584
  outer loop
   vertex 152 103 199.5
   vertex 151.5 103 199
   vertex 151.5 104 200
  endloop
 endfacet
 facet normal 1 0 -0
  outer loop
   vertex 151.5 103 199
   vertex 151.5 104 199
   vertex 151.5 104 200
  endloop
 endfacet
 facet normal 0.57735026918962584 0.57735026918962584 -0.57735026918962584
  outer loop
   vertex 152.5 103 200
   vertex 152 103 199.5
   vertex 152 103.5 200
  endloop
 endfacet
 facet normal -0.57735026918962584 -0.57735026918962584 0.57735026918962584
  outer loop
   vertex 147 104.5 199
   vertex 147 105 199.5
   vertex 146.5 105 199
  endloop
 endfacet
 facet normal -0.57735026918962584 -0.57735026918962584 0.57735026918962584
  outer loop
   vertex 147 104.5 199
   vertex 147.5 105 200
   vertex 147 105 199.5
  endloop
 endfacet
 facet normal -0.57735026918962584 -0.57735026918962584 0.57735026918962584
  outer loop
   vertex 147 104.5 199
   vertex 147.5 104 199
   vertex 147.5 105 200
  endloop
 endfacet
 facet normal -1 0 0
  outer loop
   vertex 147.5 104 199
   vertex 147.5 104 200
   vertex 147.5 105 200
  endloop
 endfacet
 facet normal 1 0 0
  outer loop
   vertex 151.5 104 199
   vertex 151.5 105 199
   vertex 151.5 104 200
  endloop
 endfacet
 facet normal 1 0 -0
  outer loop
   vertex 151.5 104 200
   vertex 151.5 105 199
   vertex 151.5 105 200
  endloop
 endfacet
 facet normal -0.57735026918962584 -0.57735026918962584 0.57735026918962584
  outer loop
   vertex 147 105 199.5
   vertex 147 105.5 200
   vertex 146.5 106 200
  endloop
 endfacet
 facet normal -0.57735026918962584 -0.57735026918962584 0.57735026918962584
  outer loop
   vertex 147 105 199.5
   vertex 146.5 106 200
   vertex 146.5 105 199
  endloop
 endfacet
 facet normal -1 0 -0
  outer loop
   vertex 146.5 105 199
   vertex 146.5 106 200
   vertex 146.5 106 199
  endloop
 endfacet
 facet normal -0.57735026918962584 -0.57735026918962584 0.57735026918962584
  outer loop
   vertex 147.5 105 200
   vertex 147 105.5 200
   vertex 147 105 199.5
  endloop
 endfacet
 facet normal 1 0 0
  outer loop
   vertex 151.5 105 199
   vertex 151.5 106 199
   vertex 151.5 105 200
  endloop
 endfacet
 facet normal 1 0 -0
  outer loop
   vertex 151.5 105 200
   vertex 151.5 106 199
   vertex 151.5 106 200
  endloop
 endfacet
 facet normal -0.57735026918962584 -0.57735026918962584 0.57735026918962584
  outer loop
   vertex 146 106.5 199
   vertex 146 107 199.5
   vertex 145.5 107 199
  endloop
 endfacet
 facet normal -0.57735026918962584 -0.57735026918962584 0.57735026918962584
  outer loop
   vertex 146 106.5 199
   vertex 146.5 107 200
   vertex 146 107 199.5
  endloop
 endfacet
 facet normal -0.57735026918962584 -0.57735026918962584 0.57735026918962584
  outer loop
   vertex 146 106.5 199
   vertex 146.5 106 199
   vertex 146.5 107 200
  endloop
 endfacet
 facet normal -1 0 0
  outer loop
   vertex 146.5 106 199
   vertex 146.5 106 200
   vertex 146.5 107 200
  endloop
 endfacet
 facet normal 1 0 0
  outer loop
   vertex 151.5 106 199
   vertex 151.5 107 199
   vertex 151.5 106 200
  endloop
 endfacet
 facet normal 1 0 -0
  outer loop
   vertex 151.5 106 200
   vertex 151.5 107 199
   vertex 151.5 107 200
  endloop
 endfacet
 facet normal -0.57735026918962584 -0.57735026918962584 0.57735026918962584
  outer loop
   vertex 146 107 199.5
   vertex 146 107.5 200
   vertex 145.5 108 200
  endloop
 endfacet
 facet normal -0.57735026918962584 -0.57735026918962584 0.57735026918962584
  outer loop
   vertex 146 107 199.5
   vertex 145.5 108 200
   vertex 145.5 107 199
  endloop
 endfacet
 facet normal -1 0 -0
  outer loop
   vertex 145.5 107 199
   vertex 145.5 108 200
   vertex 145.5 108 199
  endloop
 endfacet
 facet normal -0.57735026918962584 -0.57735026918962584 0.57735026918962584
  outer loop
   vertex 146.5 107 200
   vertex 146 107.5 200
   vertex 146 107 199.5
  endloop
 endfacet
 facet normal 0.57735026918962584 0.57735026918962584 -0.57735026918962584
  outer loop
   vertex 151 107.5 199
   vertex 150.5 108 199
   vertex 151 108 199.5
  endloop
 endfacet
 facet normal 0.57735026918962584 0.57735026918962584 -0.57735026918962584
  outer loop
   vertex 151 107.5 199
   vertex 151 108 199.5
   vertex 151.5 108 200
  endloop
 endfacet
 facet normal 0.57735026918962584 0.57735026918962584 -0.57735026918962584
  outer loop
   vertex 151 107.5 199
   vertex 151.5 108 200
   vertex 151.5 107 199
  endloop
 endfacet
 facet normal 1 0 0
  outer loop
   vertex 151.5 107 199
   vertex 151.5 108 200
   vertex 151.5 107 200
  endloop
 endfacet
 facet normal -1 0 0
  outer loop
   vertex 145.5 108 199
   vertex 145.5 108 200
   vertex 145.5 109 199
  endloop
 endfacet
 facet normal -1 -0 -0
  outer loop
   vertex 145.5 108 200
   vertex 145.5 109 200
   vertex 145.5 109 199
  endloop
 endfacet
 facet normal 0.57735026918962584 0.57735026918962584 -0.57735026918962584
  outer loop
   vertex 150 108.5 199
   vertex 149.5 109 199
   vertex 150 109 199.5
  endloop
 endfacet
 facet normal 0.57735026918962584 0.57735026918962584 -0.57735026918962584
  outer loop
   vertex 150 108.5 199
   vertex 150 109 199.5
   vertex 150.5 109 200
  endloop
 endfacet
 facet normal 0.57735026918962584 0.57735026918962584 -0.57735026918962584
  outer loop
   vertex 150.5 108 199
   vertex 150 108.5 199
   vertex 150.5 109 200
  endloop
 endfacet
 facet normal 0.57735026918962584 0.57735026918962584 -0.57735026918962584
  outer loop
   vertex 150.5 108 199
   vertex 150.5 109 200
   vertex 151 108.5 200
  endloop
 endfacet
 facet normal 0.57735026918962584 0.57735026918962584 -0.57735026918962584
  outer loop
   vertex 150.5 108 199
   vertex 151 108.5 200
   vertex 151 108 199.5
  endloop
 endfacet
 facet normal 0.57735026918962584 0.57735026918962584 -0.57735026918962584
  outer loop
   vertex 151.5 108 200
   vertex 151 108 199.5
   vertex 151 108.5 200
  endloop
 endfacet
 facet normal -0.57735026918962584 0.57735026918962584 -0.57735026918962584
  outer loop
   vertex 146 110 199.5
   vertex 146 109.5 199
   vertex 145.5 109 199
  endloop
 endfacet
 facet normal -0.57735026918962584 0.57735026918962584 -0.57735026918962584
  outer loop
   vertex 146 110 199.5
   vertex 145.5 109 199
   vertex 145.5 110 200
  endloop
 endfacet
 facet normal -1 0 0
  outer loop
   vertex 145.5 110 200
   vertex 145.5 109 199
   vertex 145.5 109 200
  endloop
 endfacet
 facet normal -0.57735026918962584 0.57735026918962584 -0.57735026918962584
  outer loop
   vertex 146 109.5 199
   vertex 146 110 199.5
   vertex 146.5 110 199
  endloop
 endfacet
 facet normal 0.57735026918962584 0.57735026918962584 -0.57735026918962584
  outer loop
   vertex 149 109.5 199
   vertex 148.5 110 199
   vertex 149 110 199.5
  endloop
 endfacet
 facet normal 0.57735026918962584 0.57735026918962584 -0.57735026918962584
  outer loop
   vertex 149 109.5 199
   vertex 149 110 199.5
   vertex 149.5 110 200
  endloop
 endfacet
 facet normal 0.57735026918962584 0.57735026918962584 -0.57735026918962584
  outer loop
   vertex 149.5 109 199
   vertex 149 109.5 199
   vertex 149.5 110 200
  endloop
 endfacet
 facet normal 0.57735026918962584 0.57735026918962584 -0.57735026918962584
  outer loop
   vertex 149.5 109 199
   vertex 149.5 110 200
   vertex 150 109.5 200
  endloop
 endfacet
 facet normal 0.57735026918962584 0.57735026918962584 -0.57735026918962584
  outer loop
   vertex 149.5 109 199
   vertex 150 109.5 200
   vertex 150 109 199.5
  endloop
 endfacet
 facet normal 0.57735026918962584 0.57735026918962584 -0.57735026918962584
  outer loop
   vertex 150.5 109 200
   vertex 150 109 199.5
   vertex 150 109.5 200
  endloop
 endfacet
 facet normal -0.57735026918962584 0.57735026918962584 -0.57735026918962584
  outer loop
   vertex 146 110 199.5
   vertex 145.5 110 200
   vertex 146 110.5 200
  endloop
 endfacet
 facet normal -0.57735026918962584 0.57735026918962584 -0.57735026918962584
  outer loop
   vertex 146.5 110 199
   vertex 146 110 199.5
   vertex 146 110.5 200
  endloop
 endfacet
 facet normal -0.57735026918962584 0.57735026918962584 -0.57735026918962584
  outer loop
   vertex 146.5 110 199
   vertex 146 110.5 200
   vertex 147 110.5 199
  endloop
 endfacet
 facet normal -0 1 0
  outer loop
   vertex 147 110.5 199
   vertex 146 110.5 200
   vertex 147 110.5 200
  endloop
 endfacet
 facet normal 0 1 0
  outer loop
   vertex 148 110.5 199
   vertex 147 110.5 199
   vertex 148 110.5 200
  endloop
 endfacet
 facet normal -0 1 0
  outer loop
   vertex 147 110.5 199
   vertex 147 110.5 200
   vertex 148 110.5 200
  endloop
 endfacet
 facet normal 0.57735026918962584 0.57735026918962584 -0.57735026918962584
  outer loop
   vertex 149 110 199.5
   vertex 148.5 110 199
   vertex 148 110.5 199
  endloop
 endfacet
 facet normal 0.57735026918962584 0.57735026918962584 -0.57735026918962584
  outer loop
   vertex 149 110 199.5
   vertex 148 110.5 199
   vertex 149 110.5 200
  endloop
 endfacet
 facet normal 0 1 0
  outer loop
   vertex 149 110.5 200
   vertex 148 110.5 199
   vertex 148 110.5 200
  endloop
 endfacet
 facet normal 0.57735026918962584 0.57735026918962584 -0.57735026918962584
  outer loop
   vertex 149.5 110 200
   vertex 149 110 199.5
   vertex 149 110.5 200
  endloop
 endfacet
 facet normal -0.70710678118654746 -0.70710678118654746 -0
  outer loop
   vertex 149 95.5 200
   vertex 149 95.5 201
   vertex 148.5 96 201
  endloop
 endfacet
 facet normal -0.70710678118654746 -0.70710678118654746 0
  outer loop
   vertex 148.5 96 200
   vertex 149 95.5 200
   vertex 148.5 96 201
  endloop
 endfacet
 facet normal 0.70710678118654746 -0.70710678118654746 0
  outer loop
   vertex 149 95.5 201
   vertex 149 95.5 200
   vertex 149.5 96 200
  endloop
 endfacet
 facet normal 0.70710678118654746 -0.70710678118654746 0
  outer loop
   vertex 149.5 96 201
   vertex 149 95.5 201
   vertex 149.5 96 200
  endloop
 endfacet
 facet normal -0.70710678118654746 -0.70710678118654746 -0
  outer loop
   vertex 148 96.5 200
   vertex 148 96.5 201
   vertex 147.5 97 201
  endloop
 endfacet
 facet normal -0.70710678118654746 -0.70710678118654746 0
  outer loop
   vertex 147.5 97 200
   vertex 148 96.5 200
   vertex 147.5 97 201
  endloop
 endfacet
 facet normal -0.70710678118654746 -0.70710678118654746 0
  outer loop
   vertex 148.5 96 201
   vertex 148 96.5 200
   vertex 148.5 96 200
  endloop
 endfacet
 facet normal -0.70710678118654746 -0.70710678118654746 0
  outer loop
   vertex 148 96.5 201
   vertex 148 96.5 200
   vertex 148.5 96 201
  endloop
 endfacet
 facet normal 0.70710678118654746 -0.70710678118654746 0
  outer loop
   vertex 149.5 96 200
   vertex 150 96.5 201
   vertex 149.5 96 201
  endloop
 endfacet
 facet normal 0.70710678118654746 -0.70710678118654746 0
  outer loop
   vertex 150 96.5 200
   vertex 150 96.5 201
   vertex 149.5 96 200
  endloop
 endfacet
 facet normal 0.70710678118654746 -0.70710678118654746 0
  outer loop
   vertex 150 96.5 201
   vertex 150 96.5 200
   vertex 150.5 97 200
  endloop
 endfacet
 facet normal 0.70710678118654746 -0.70710678118654746 0
  outer loop
   vertex 150.5 97 201
   vertex 150 96.5 201
   vertex 150.5 97 200
  endloop
 endfacet
 facet normal -1 0 0
  outer loop
   vertex 147.5 97 200
   vertex 147.5 97 201
   vertex 147.5 98 200
  endloop
 endfacet
 facet normal -1 -0 -0
  outer loop
   vertex 147.5 97 201
   vertex 147.5 98 201
   vertex 147.5 98 200
  endloop
 endfacet
 facet normal 0.57735026918962584 -0.57735026918962584 -0.57735026918962584
  outer loop
   vertex 151 97.5 201
   vertex 150.5 98 200
   vertex 151 98 200.5
  endloop
 endfacet
 facet normal 0.57735026918962584 -0.57735026918962584 -0.57735026918962584
  outer loop
   vertex 151 97.5 201
   vertex 150.5 97 201
   vertex 150.5 98 200
  endloop
 endfacet
 facet normal 1 0 0
  outer loop
   vertex 150.5 97 201
   vertex 150.5 97 200
   vertex 150.5 98 200
  endloop
 endfacet
 facet normal 0.57735026918962584 -0.57735026918962584 -0.57735026918962584
  outer loop
   vertex 151 97.5 201
   vertex 151 98 200.5
   vertex 151.5 98 201
  endloop
 endfacet
 facet normal -1 0 0
  outer loop
   vertex 147.5 98 200
   vertex 147.5 98 201
   vertex 147.5 99 200
  endloop
 endfacet
 facet normal -1 -0 -0
  outer loop
   vertex 147.5 98 201
   vertex 147.5 99 201
   vertex 147.5 99 200
  endloop
 endfacet
 facet normal 0.57735026918962584 -0.57735026918962584 -0.57735026918962584
  outer loop
   vertex 150.5 98 200
   vertex 151 98.5 200
   vertex 151 98 200.5
  endloop
 endfacet
 facet normal 0.57735026918962584 -0.57735026918962584 -0.57735026918962584
  outer loop
   vertex 151 98 200.5
   vertex 151 98.5 200
   vertex 151.5 99 200
  endloop
 endfacet
 facet normal 0.57735026918962584 -0.57735026918962584 -0.57735026918962584
  outer loop
   vertex 151 98 200.5
   vertex 151.5 99 200
   vertex 151.5 98 201
  endloop
 endfacet
 facet normal 1 0 -0
  outer loop
   vertex 151.5 98 201
   vertex 151.5 99 200
   vertex 151.5 99 201
  endloop
 endfacet
 facet normal -1 0 0
  outer loop
   vertex 147.5 99 200
   vertex 147.5 99 201
   vertex 147.5 100 200
  endloop
 endfacet
 facet normal -1 -0 -0
  outer loop
   vertex 147.5 99 201
   vertex 147.5 100 201
   vertex 147.5 100 200
  endloop
 endfacet
 facet normal 0.57735026918962584 -0.57735026918962584 -0.57735026918962584
  outer loop
   vertex 152 99.5 201
   vertex 151.5 100 200
   vertex 152 100 200.5
  endloop
 endfacet
 facet normal 0.57735026918962584 -0.57735026918962584 -0.57735026918962584
  outer loop
   vertex 152 99.5 201
   vertex 151.5 99 201
   vertex 151.5 100 200
  endloop
 endfacet
 facet normal 1 0 0
  outer loop
   vertex 151.5 99 201
   vertex 151.5 99 200
   vertex 151.5 100 200
  endloop
 endfacet
 facet normal 0.57735026918962584 -0.57735026918962584 -0.57735026918962584
  outer loop
   vertex 152 99.5 201
   vertex 152 100 200.5
   vertex 152.5 100 201
  endloop
 endfacet
 facet normal -1 0 0
  outer loop
   vertex 147.5 100 200
   vertex 147.5 100 201
   vertex 147.5 101 200
  endloop
 endfacet
 facet normal -1 -0 -0
  outer loop
   vertex 147.5 100 201
   vertex 147.5 101 201
   vertex 147.5 101 200
  endloop
 endfacet
 facet normal 0.57735026918962584 -0.57735026918962584 -0.57735026918962584
  outer loop
   vertex 151.5 100 200
   vertex 152 100.5 200
   vertex 152 100 200.5
  endloop
 endfacet
 facet normal 0.57735026918962584 -0.57735026918962584 -0.57735026918962584
  outer loop
   vertex 152 100 200.5
   vertex 152 100.5 200
   vertex 152.5 101 200
  endloop
 endfacet
 facet normal 0.57735026918962584 -0.57735026918962584 -0.57735026918962584
  outer loop
   vertex 152 100 200.5
   vertex 152.5 101 200
   vertex 152.5 100 201
  endloop
 endfacet
 facet normal 1 0 -0
  outer loop
   vertex 152.5 100 201
   vertex 152.5 101 200
   vertex 152.5 101 201
  endloop
 endfacet
 facet normal -1 0 0
  outer loop
   vertex 147.5 101 200
   vertex 147.5 101 201
   vertex 147.5 102 200
  endloop
 endfacet
 facet normal -1 -0 -0
  outer loop
   vertex 147.5 101 201
   vertex 147.5 102 201
   vertex 147.5 102 200
  endloop
 endfacet
 facet normal 1 0 0
  outer loop
   vertex 152.5 101 200
   vertex 152.5 102 200
   vertex 152.5 101 201
  endloop
 endfacet
 facet normal 1 0 -0
  outer loop
   vertex 152.5 101 201
   vertex 152.5 102 200
   vertex 152.5 102 201
  endloop
 endfacet
 facet normal -1 0 0
  outer loop
   vertex 147.5 102 200
   vertex 147.5 102 201
   vertex 147.5 103 200
  endloop
 endfacet
 facet normal -1 -0 -0
  outer loop
   vertex 147.5 102 201
   vertex 147.5 103 201
   vertex 147.5 103 200
  endloop
 endfacet
 facet normal 1 0 0
  outer loop
   vertex 152.5 102 200
   vertex 152.5 103 200
   vertex 152.5 102 201
  endloop
 endfacet
 facet normal 1 0 -0
  outer loop
   vertex 152.5 102 201
   vertex 152.5 103 200
   vertex 152.5 103 201
  endloop
 endfacet
 facet normal -1 0 0
  outer loop
   vertex 147.5 103 200
   vertex 147.5 103 201
   vertex 147.5 104 200
  endloop
 endfacet
 facet normal -1 -0 -0
  outer loop
   vertex 147.5 103 201
   vertex 147.5 104 201
   vertex 147.5 104 200
  endloop
 endfacet
 facet normal 0.57735026918962584 0.57735026918962584 -0.57735026918962584
  outer loop
   vertex 152 103.5 200
   vertex 151.5 104 200
   vertex 152 104 200.5
  endloop
 endfacet
 facet normal 0.57735026918962584 0.57735026918962584 -0.57735026918962584
  outer loop
   vertex 152 103.5 200
   vertex 152 104 200.5
   vertex 152.5 104 201
  endloop
 endfacet
 facet normal 0.57735026918962584 0.57735026918962584 -0.57735026918962584
  outer loop
   vertex 152 103.5 200
   vertex 152.5 104 201
   vertex 152.5 103 200
  endloop
 endfacet
 facet normal 1 0 0
  outer loop
   vertex 152.5 103 200
   vertex 152.5 104 201
   vertex 152.5 103 201
  endloop
 endfacet
 facet normal -0.57735026918962584 -0.57735026918962584 -0.57735026918962584
  outer loop
   vertex 147 105 200.5
   vertex 147 104.5 201
   vertex 146.5 105 201
  endloop
 endfacet
 facet normal -0.57735026918962584 -0.57735026918962584 -0.57735026918962584
  outer loop
   vertex 147 105 200.5
   vertex 147.5 104 201
   vertex 147 104.5 201
  endloop
 endfacet
 facet normal -0.57735026918962584 -0.57735026918962584 -0.57735026918962584
  outer loop
   vertex 147 105 200.5
   vertex 147.5 105 200
   vertex 147.5 104 201
  endloop
 endfacet
 facet normal -1 0 0
  outer loop
   vertex 147.5 105 200
   vertex 147.5 104 200
   vertex 147.5 104 201
  endloop
 endfacet
 facet normal 0.70710678118654746 0 -0.70710678118654746
  outer loop
   vertex 152 104 200.5
   vertex 151.5 105 200
   vertex 152 105 200.5
  endloop
 endfacet
 facet normal 0.70710678118654746 0 -0.70710678118654746
  outer loop
   vertex 151.5 104 200
   vertex 151.5 105 200
   vertex 152 104 200.5
  endloop
 endfacet
 facet normal 0.70710678118654746 0 -0.70710678118654746
  outer loop
   vertex 152.5 105 201
   vertex 152.5 104 201
   vertex 152 104 200.5
  endloop
 endfacet
 facet normal 0.70710678118654746 0 -0.70710678118654746
  outer loop
   vertex 152 105 200.5
   vertex 152.5 105 201
   vertex 152 104 200.5
  endloop
 endfacet
 facet normal -0.57735026918962584 -0.57735026918962584 -0.57735026918962584
  outer loop
   vertex 147 105.5 200
   vertex 147 105 200.5
   vertex 146.5 105 201
  endloop
 endfacet
 facet normal -0.57735026918962584 -0.57735026918962584 -0.57735026918962584
  outer loop
   vertex 147 105.5 200
   vertex 146.5 105 201
   vertex 146.5 106 200
  endloop
 endfacet
 facet normal -1 0 0
  outer loop
   vertex 146.5 106 200
   vertex 146.5 105 201
   vertex 146.5 106 201
  endloop
 endfacet
 facet normal -0.57735026918962584 -0.57735026918962584 -0.57735026918962584
  outer loop
   vertex 147.5 105 200
   vertex 147 105 200.5
   vertex 147 105.5 200
  endloop
 endfacet
 facet normal 0.70710678118654746 0 -0.70710678118654746
  outer loop
   vertex 152 105 200.5
   vertex 151.5 106 200
   vertex 152 106 200.5
  endloop
 endfacet
 facet normal 0.70710678118654746 0 -0.70710678118654746
  outer loop
   vertex 151.5 105 200
   vertex 151.5 106 200
   vertex 152 105 200.5
  endloop
 endfacet
 facet normal 0.70710678118654746 0 -0.70710678118654746
  outer loop
   vertex 152.5 106 201
   vertex 152.5 105 201
   vertex 152 105 200.5
  endloop
 endfacet
 facet normal 0.70710678118654746 0 -0.70710678118654746
  outer loop
   vertex 152 106 200.5
   vertex 152.5 106 201
   vertex 152 105 200.5
  endloop
 endfacet
 facet normal -1 0 0
  outer loop
   vertex 146.5 106 200
   vertex 146.5 106 201
   vertex 146.5 107 200
  endloop
 endfacet
 facet normal -1 -0 -0
  outer loop
   vertex 146.5 106 201
   vertex 146.5 107 201
   vertex 146.5 107 200
  endloop
 endfacet
 facet normal 0.70710678118654746 0 -0.70710678118654746
  outer loop
   vertex 152 106 200.5
   vertex 151.5 107 200
   vertex 152 107 200.5
  endloop
 endfacet
 facet normal 0.70710678118654746 0 -0.70710678118654746
  outer loop
   vertex 151.5 106 200
   vertex 151.5 107 200
   vertex 152 106 200.5
  endloop
 endfacet
 facet normal 0.70710678118654746 0 -0.70710678118654746
  outer loop
   vertex 152.5 107 201
   vertex 152.5 106 201
   vertex 152 106 200.5
  endloop
 endfacet
 facet normal 0.70710678118654746 0 -0.70710678118654746
  outer loop
   vertex 152 107 200.5
   vertex 152.5 107 201
   vertex 152 106 200.5
  endloop
 endfacet
 facet normal -0.70710678118654746 -0.70710678118654746 -0
  outer loop
   vertex 146 107.5 200
   vertex 146 107.5 201
   vertex 145.5 108 201
  endloop
 endfacet
 facet normal -0.70710678118654746 -0.70710678118654746 0
  outer loop
   vertex 145.5 108 200
   vertex 146 107.5 200
   vertex 145.5 108 201
  endloop
 endfacet
 facet normal -0.70710678118654746 -0.70710678118654746 0
  outer loop
   vertex 146.5 107 201
   vertex 146 107.5 200
   vertex 146.5 107 200
  endloop
 endfacet
 facet normal -0.70710678118654746 -0.70710678118654746 0
  outer loop
   vertex 146 107.5 201
   vertex 146 107.5 200
   vertex 146.5 107 201
  endloop
 endfacet
 facet normal 0.57735026918962584 0.57735026918962584 -0.57735026918962584
  outer loop
   vertex 152 107 200.5
   vertex 151.5 108 201
   vertex 152 107.5 201
  endloop
 endfacet
 facet normal 0.57735026918962584 0.57735026918962584 -0.57735026918962584
  outer loop
   vertex 152 107 200.5
   vertex 151.5 107 200
   vertex 151.5 108 201
  endloop
 endfacet
 facet normal 1 0 -0
  outer loop
   vertex 151.5 107 200
   vertex 151.5 108 200
   vertex 151.5 108 201
  endloop
 endfacet
 facet normal 0.57735026918962584 0.57735026918962584 -0.57735026918962584
  outer loop
   vertex 152.5 107 201
   vertex 152 107 200.5
   vertex 152 107.5 201
  endloop
 endfacet
 facet normal -1 0 0
  outer loop
   vertex 145.5 108 200
   vertex 145.5 108 201
   vertex 145.5 109 200
  endloop
 endfacet
 facet normal -1 -0 -0
  outer loop
   vertex 145.5 108 201
   vertex 145.5 109 201
   vertex 145.5 109 200
  endloop
 endfacet
 facet normal 0.57735026918962584 0.57735026918962584 -0.57735026918962584
  outer loop
   vertex 151 108.5 200
   vertex 150.5 109 200
   vertex 151 109 200.5
  endloop
 endfacet
 facet normal 0.57735026918962584 0.57735026918962584 -0.57735026918962584
  outer loop
   vertex 151 108.5 200
   vertex 151 109 200.5
   vertex 151.5 109 201
  endloop
 endfacet
 facet normal 0.57735026918962584 0.57735026918962584 -0.57735026918962584
  outer loop
   vertex 151 108.5 200
   vertex 151.5 109 201
   vertex 151.5 108 200
  endloop
 endfacet
 facet normal 1 0 0
  outer loop
   vertex 151.5 108 200
   vertex 151.5 109 201
   vertex 151.5 108 201
  endloop
 endfacet
 facet normal -1 0 0
  outer loop
   vertex 145.5 109 200
   vertex 145.5 109 201
   vertex 145.5 110 200
  endloop
 endfacet
 facet normal -1 -0 -0
  outer loop
   vertex 145.5 109 201
   vertex 145.5 110 201
   vertex 145.5 110 200
  endloop
 endfacet
 facet normal 0.57735026918962584 0.57735026918962584 -0.57735026918962584
  outer loop
   vertex 150 109.5 200
   vertex 149.5 110 200
   vertex 150 110 200.5
  endloop
 endfacet
 facet normal 0.57735026918962584 0.57735026918962584 -0.57735026918962584
  outer loop
   vertex 150 109.5 200
   vertex 150 110 200.5
   vertex 150.5 110 201
  endloop
 endfacet
 facet normal 0.57735026918962584 0.57735026918962584 -0.57735026918962584
  outer loop
   vertex 150.5 109 200
   vertex 150 109.5 200
   vertex 150.5 110 201
  endloop
 endfacet
 facet normal 0.57735026918962584 0.57735026918962584 -0.57735026918962584
  outer loop
   vertex 150.5 109 200
   vertex 150.5 110 201
   vertex 151 109.5 201
  endloop
 endfacet
 facet normal 0.57735026918962584 0.57735026918962584 -0.57735026918962584
  outer loop
   vertex 150.5 109 200
   vertex 151 109.5 201
   vertex 151 109 200.5
  endloop
 endfacet
 facet normal 0.57735026918962584 0.57735026918962584 -0.57735026918962584
  outer loop
   vertex 151.5 109 201
   vertex 151 109 200.5
   vertex 151 109.5 201
  endloop
 endfacet
 facet normal -0.70710678118654746 0.70710678118654746 0
  outer loop
   vertex 145.5 110 200
   vertex 145.5 110 201
   vertex 146 110.5 201
  endloop
 endfacet
 facet normal -0.70710678118654746 0.70710678118654746 0
  outer loop
   vertex 146 110.5 200
   vertex 145.5 110 200
   vertex 146 110.5 201
  endloop
 endfacet
 facet normal -0.57735026918962584 0.57735026918962584 -0.57735026918962584
  outer loop
   vertex 147 111 200.5
   vertex 146 110.5 201
   vertex 146.5 111 201
  endloop
 endfacet
 facet normal -0.57735026918962584 0.57735026918962584 -0.57735026918962584
  outer loop
   vertex 147 111 200.5
   vertex 147 110.5 200
   vertex 146 110.5 201
  endloop
 endfacet
 facet normal 0 1 0
  outer loop
   vertex 147 110.5 200
   vertex 146 110.5 200
   vertex 146 110.5 201
  endloop
 endfacet
 facet normal 0 0.70710678118654746 -0.70710678118654746
  outer loop
   vertex 147 110.5 200
   vertex 148 111 200.5
   vertex 148 110.5 200
  endloop
 endfacet
 facet normal 0 0.70710678118654746 -0.70710678118654746
  outer loop
   vertex 147 111 200.5
   vertex 148 111 200.5
   vertex 147 110.5 200
  endloop
 endfacet
 facet normal 0.57735026918962584 0.57735026918962584 -0.57735026918962584
  outer loop
   vertex 148.5 111 201
   vertex 148 110.5 200
   vertex 148 111 200.5
  endloop
 endfacet
 facet normal 0.57735026918962584 0.57735026918962584 -0.57735026918962584
  outer loop
   vertex 148.5 111 201
   vertex 149 110.5 201
   vertex 148 110.5 200
  endloop
 endfacet
 facet normal 0 1 -0
  outer loop
   vertex 149 110.5 201
   vertex 149 110.5 200
   vertex 148 110.5 200
  endloop
 endfacet
 facet normal 0.57735026918962584 0.57735026918962584 -0.57735026918962584
  outer loop
   vertex 150 110 200.5
   vertex 149.5 110 200
   vertex 149 110.5 200
  endloop
 endfacet
 facet normal 0.57735026918962584 0.57735026918962584 -0.57735026918962584
  outer loop
   vertex 150 110 200.5
   vertex 149 110.5 200
   vertex 150 110.5 201
  endloop
 endfacet
 facet normal 0 1 0
  outer loop
   vertex 150 110.5 201
   vertex 149 110.5 200
   vertex 149 110.5 201
  endloop
 endfacet
 facet normal 0.57735026918962584 0.57735026918962584 -0.57735026918962584
  outer loop
   vertex 150.5 110 201
   vertex 150 110 200.5
   vertex 150 110.5 201
  endloop
 endfacet
 facet normal -0.57735026918962584 0.57735026918962584 -0.57735026918962584
  outer loop
   vertex 147 111 200.5
   vertex 146.5 111 201
   vertex 147 111.5 201
  endloop
 endfacet
 facet normal 0 0.70710678118654746 -0.70710678118654746
  outer loop
   vertex 148 111 200.5
   vertex 147 111 200.5
   vertex 147 111.5 201
  endloop
 endfacet
 facet normal 0 0.70710678118654746 -0.70710678118654746
  outer loop
   vertex 148 111.5 201
   vertex 148 111 200.5
   vertex 147 111.5 201
  endloop
 endfacet
 facet normal 0.57735026918962584 0.57735026918962584 -0.57735026918962584
  outer loop
   vertex 148.5 111 201
   vertex 148 111 200.5
   vertex 148 111.5 201
  endloop
 endfacet
 facet normal -0.70710678118654746 -0.70710678118654746 -0
  outer loop
   vertex 149 95.5 201
   vertex 149 95.5 202
   vertex 148.5 96 202
  endloop
 endfacet
 facet normal -0.70710678118654746 -0.70710678118654746 0
  outer loop
   vertex 148.5 96 201
   vertex 149 95.5 201
   vertex 148.5 96 202
  endloop
 endfacet
 facet normal 0.57735026918962584 -0.57735026918962584 -0.57735026918962584
  outer loop
   vertex 149.5 96 201
   vertex 150 96 201.5
   vertex 150 95.5 202
  endloop
 endfacet
 facet normal 0.57735026918962584 -0.57735026918962584 -0.57735026918962584
  outer loop
   vertex 149.5 96 201
   vertex 150 95.5 202
   vertex 149 95.5 201
  endloop
 endfacet
 facet normal -0 -1 0
  outer loop
   vertex 149 95.5 201
   vertex 150 95.5 202
   vertex 149 95.5 202
  endloop
 endfacet
 facet normal 0.57735026918962584 -0.57735026918962584 -0.57735026918962584
  outer loop
   vertex 150 95.5 202
   vertex 150 96 201.5
   vertex 150.5 96 202
  endloop
 endfacet
 facet normal -0.70710678118654746 -0.70710678118654746 -0
  outer loop
   vertex 148 96.5 201
   vertex 148 96.5 202
   vertex 147.5 97 202
  endloop
 endfacet
 facet normal -0.70710678118654746 -0.70710678118654746 0
  outer loop
   vertex 147.5 97 201
   vertex 148 96.5 201
   vertex 147.5 97 202
  endloop
 endfacet
 facet normal -0.70710678118654746 -0.70710678118654746 0
  outer loop
   vertex 148.5 96 202
   vertex 148 96.5 201
   vertex 148.5 96 201
  endloop
 endfacet
 facet normal -0.70710678118654746 -0.70710678118654746 0
  outer loop
   vertex 148 96.5 202
   vertex 148 96.5 201
   vertex 148.5 96 202
  endloop
 endfacet
 facet normal 0.57735026918962584 -0.57735026918962584 -0.57735026918962584
  outer loop
   vertex 149.5 96 201
   vertex 150 96.5 201
   vertex 150 96 201.5
  endloop
 endfacet
 facet normal 0.57735026918962584 -0.57735026918962584 -0.57735026918962584
  outer loop
   vertex 150 96 201.5
   vertex 150 96.5 201
   vertex 150.5 97 201
  endloop
 endfacet
 facet normal 0.57735026918962584 -0.57735026918962584 -0.57735026918962584
  outer loop
   vertex 150 96 201.5
   vertex 150.5 97 201
   vertex 150.5 96 202
  endloop
 endfacet
 facet normal 1 0 -0
  outer loop
   vertex 150.5 96 202
   vertex 150.5 97 201
   vertex 150.5 97 202
  endloop
 endfacet
 facet normal -1 0 0
  outer loop
   vertex 147.5 97 201
   vertex 147.5 97 202
   vertex 147.5 98 201
  endloop
 endfacet
 facet normal -1 -0 -0
  outer loop
   vertex 147.5 97 202
   vertex 147.5 98 202
   vertex 147.5 98 201
  endloop
 endfacet
 facet normal 0.70710678118654746 -0.70710678118654746 0
  outer loop
   vertex 150.5 97 201
   vertex 151 97.5 202
   vertex 150.5 97 202
  endloop
 endfacet
 facet normal 0.70710678118654746 -0.70710678118654746 0
  outer loop
   vertex 151 97.5 201
   vertex 151 97.5 202
   vertex 150.5 97 201
  endloop
 endfacet
 facet normal 0.70710678118654746 -0.70710678118654746 0
  outer loop
   vertex 151 97.5 202
   vertex 151 97.5 201
   vertex 151.5 98 201
  endloop
 endfacet
 facet normal 0.70710678118654746 -0.70710678118654746 0
  outer loop
   vertex 151.5 98 202
   vertex 151 97.5 202
   vertex 151.5 98 201
  endloop
 endfacet
 facet normal -1 0 0
  outer loop
   vertex 147.5 98 201
   vertex 147.5 98 202
   vertex 147.5 99 201
  endloop
 endfacet
 facet normal -1 -0 -0
  outer loop
   vertex 147.5 98 202
   vertex 147.5 99 202
   vertex 147.5 99 201
  endloop
 endfacet
 facet normal 0.57735026918962584 -0.57735026918962584 -0.57735026918962584
  outer loop
   vertex 152 98.5 202
   vertex 151.5 99 201
   vertex 152 99 201.5
  endloop
 endfacet
 facet normal 0.57735026918962584 -0.57735026918962584 -0.57735026918962584
  outer loop
   vertex 152 98.5 202
   vertex 151.5 98 202
   vertex 151.5 99 201
  endloop
 endfacet
 facet normal 1 0 0
  outer loop
   vertex 151.5 98 202
   vertex 151.5 98 201
   vertex 151.5 99 201
  endloop
 endfacet
 facet normal 0.57735026918962584 -0.57735026918962584 -0.57735026918962584
  outer loop
   vertex 152 98.5 202
   vertex 152 99 201.5
   vertex 152.5 99 202
  endloop
 endfacet
 facet normal -0.57735026918962584 -0.57735026918962584 -0.57735026918962584
  outer loop
   vertex 147 100 201.5
   vertex 147 99.5 202
   vertex 146.5 100 202
  endloop
 endfacet
 facet normal -0.57735026918962584 -0.57735026918962584 -0.57735026918962584
  outer loop
   vertex 147 100 201.5
   vertex 147.5 99 202
   vertex 147 99.5 202
  endloop
 endfacet
 facet normal -0.57735026918962584 -0.57735026918962584 -0.57735026918962584
  outer loop
   vertex 147 100 201.5
   vertex 147.5 100 201
   vertex 147.5 99 202
  endloop
 endfacet
 facet normal -1 0 0
  outer loop
   vertex 147.5 100 201
   vertex 147.5 99 201
   vertex 147.5 99 202
  endloop
 endfacet
 facet normal 0.57735026918962584 -0.57735026918962584 -0.57735026918962584
  outer loop
   vertex 151.5 99 201
   vertex 152 99.5 201
   vertex 152 99 201.5
  endloop
 endfacet
 facet normal 0.57735026918962584 -0.57735026918962584 -0.57735026918962584
  outer loop
   vertex 152 99 201.5
   vertex 152 99.5 201
   vertex 152.5 100 201
  endloop
 endfacet
 facet normal 0.57735026918962584 -0.57735026918962584 -0.57735026918962584
  outer loop
   vertex 152 99 201.5
   vertex 152.5 100 201
   vertex 152.5 99 202
  endloop
 endfacet
 facet normal 1 0 -0
  outer loop
   vertex 152.5 99 202
   vertex 152.5 100 201
   vertex 152.5 100 202
  endloop
 endfacet
 facet normal -0.70710678118654746 0 -0.70710678118654746
  outer loop
   vertex 147 101 201.5
   vertex 147 100 201.5
   vertex 146.5 100 202
  endloop
 endfacet
 facet normal -0.70710678118654746 0 -0.70710678118654746
  outer loop
   vertex 146.5 101 202
   vertex 147 101 201.5
   vertex 146.5 100 202
  endloop
 endfacet
 facet normal -0.70710678118654746 0 -0.70710678118654746
  outer loop
   vertex 147.5 100 201
   vertex 147 101 201.5
   vertex 147.5 101 201
  endloop
 endfacet
 facet normal -0.70710678118654746 -0 -0.70710678118654746
  outer loop
   vertex 147 100 201.5
   vertex 147 101 201.5
   vertex 147.5 100 201
  endloop
 endfacet
 facet normal 1 0 0
  outer loop
   vertex 152.5 100 201
   vertex 152.5 101 201
   vertex 152.5 100 202
  endloop
 endfacet
 facet normal 1 0 -0
  outer loop
   vertex 152.5 100 202
   vertex 152.5 101 201
   vertex 152.5 101 202
  endloop
 endfacet
 facet normal -0.70710678118654746 0 -0.70710678118654746
  outer loop
   vertex 147 102 201.5
   vertex 147 101 201.5
   vertex 146.5 101 202
  endloop
 endfacet
 facet normal -0.70710678118654746 0 -0.70710678118654746
  outer loop
   vertex 146.5 102 202
   vertex 147 102 201.5
   vertex 146.5 101 202
  endloop
 endfacet
 facet normal -0.70710678118654746 0 -0.70710678118654746
  outer loop
   vertex 147.5 101 201
   vertex 147 102 201.5
   vertex 147.5 102 201
  endloop
 endfacet
 facet normal -0.70710678118654746 -0 -0.70710678118654746
  outer loop
   vertex 147 101 201.5
   vertex 147 102 201.5
   vertex 147.5 101 201
  endloop
 endfacet
 facet normal 1 0 0
  outer loop
   vertex 152.5 101 201
   vertex 152.5 102 201
   vertex 152.5 101 202
  endloop
 endfacet
 facet normal 1 0 -0
  outer loop
   vertex 152.5 101 202
   vertex 152.5 102 201
   vertex 152.5 102 202
  endloop
 endfacet
 facet normal -0.70710678118654746 0 -0.70710678118654746
  outer loop
   vertex 147 103 201.5
   vertex 147 102 201.5
   vertex 146.5 102 202
  endloop
 endfacet
 facet normal -0.70710678118654746 0 -0.70710678118654746
  outer loop
   vertex 146.5 103 202
   vertex 147 103 201.5
   vertex 146.5 102 202
  endloop
 endfacet
 facet normal -0.70710678118654746 0 -0.70710678118654746
  outer loop
   vertex 147.5 102 201
   vertex 147 103 201.5
   vertex 147.5 103 201
  endloop
 endfacet
 facet normal -0.70710678118654746 -0 -0.70710678118654746
  outer loop
   vertex 147 102 201.5
   vertex 147 103 201.5
   vertex 147.5 102 201
  endloop
 endfacet
 facet normal 1 0 0
  outer loop
   vertex 152.5 102 201
   vertex 152.5 103 201
   vertex 152.5 102 202
  endloop
 endfacet
 facet normal 1 0 -0
  outer loop
   vertex 152.5 102 202
   vertex 152.5 103 201
   vertex 152.5 103 202
  endloop
 endfacet
 facet normal -0.70710678118654746 0 -0.70710678118654746
  outer loop
   vertex 147 104 201.5
   vertex 147 103 201.5
   vertex 146.5 103 202
  endloop
 endfacet
 facet normal -0.70710678118654746 0 -0.70710678118654746
  outer loop
   vertex 146.5 104 202
   vertex 147 104 201.5
   vertex 146.5 103 202
  endloop
 endfacet
 facet normal -0.70710678118654746 0 -0.70710678118654746
  outer loop
   vertex 147.5 103 201
   vertex 147 104 201.5
   vertex 147.5 104 201
  endloop
 endfacet
 facet normal -0.70710678118654746 -0 -0.70710678118654746
  outer loop
   vertex 147 103 201.5
   vertex 147 104 201.5
   vertex 147.5 103 201
  endloop
 endfacet
 facet normal 1 0 0
  outer loop
   vertex 152.5 103 201
   vertex 152.5 104 201
   vertex 152.5 103 202
  endloop
 endfacet
 facet normal 1 0 -0
  outer loop
   vertex 152.5 103 202
   vertex 152.5 104 201
   vertex 152.5 104 202
  endloop
 endfacet
 facet normal -0.57735026918962584 -0.57735026918962584 -0.57735026918962584
  outer loop
   vertex 147 104.5 201
   vertex 147 104 201.5
   vertex 146.5 104 202
  endloop
 endfacet
 facet normal -0.57735026918962584 -0.57735026918962584 -0.57735026918962584
  outer loop
   vertex 147 104.5 201
   vertex 146.5 104 202
   vertex 146.5 105 201
  endloop
 endfacet
 facet normal -1 0 0
  outer loop
   vertex 146.5 105 201
   vertex 146.5 104 202
   vertex 146.5 105 202
  endloop
 endfacet
 facet normal -0.57735026918962584 -0.57735026918962584 -0.57735026918962584
  outer loop
   vertex 147.5 104 201
   vertex 147 104 201.5
   vertex 147 104.5 201
  endloop
 endfacet
 facet normal 1 0 0
  outer loop
   vertex 152.5 104 201
   vertex 152.5 105 201
   vertex 152.5 104 202
  endloop
 endfacet
 facet normal 1 0 -0
  outer loop
   vertex 152.5 104 202
   vertex 152.5 105 201
   vertex 152.5 105 202
  endloop
 endfacet
 facet normal -1 0 0
  outer loop
   vertex 146.5 105 201
   vertex 146.5 105 202
   vertex 146.5 106 201
  endloop
 endfacet
 facet normal -1 -0 -0
  outer loop
   vertex 146.5 105 202
   vertex 146.5 106 202
   vertex 146.5 106 201
  endloop
 endfacet
 facet normal 1 0 0
  outer loop
   vertex 152.5 105 201
   vertex 152.5 106 201
   vertex 152.5 105 202
  endloop
 endfacet
 facet normal 1 0 -0
  outer loop
   vertex 152.5 105 202
   vertex 152.5 106 201
   vertex 152.5 106 202
  endloop
 endfacet
 facet normal -0.57735026918962584 -0.57735026918962584 -0.57735026918962584
  outer loop
   vertex 146 107 201.5
   vertex 146 106.5 202
   vertex 145.5 107 202
  endloop
 endfacet
 facet normal -0.57735026918962584 -0.57735026918962584 -0.57735026918962584
  outer loop
   vertex 146 107 201.5
   vertex 146.5 106 202
   vertex 146 106.5 202
  endloop
 endfacet
 facet normal -0.57735026918962584 -0.57735026918962584 -0.57735026918962584
  outer loop
   vertex 146 107 201.5
   vertex 146.5 107 201
   vertex 146.5 106 202
  endloop
 endfacet
 facet normal -1 0 0
  outer loop
   vertex 146.5 107 201
   vertex 146.5 106 201
   vertex 146.5 106 202
  endloop
 endfacet
 facet normal 0.57735026918962584 0.57735026918962584 0.57735026918962584
  outer loop
   vertex 152 107 201.5
   vertex 151.5 107 202
   vertex 152 106.5 202
  endloop
 endfacet
 facet normal 0.57735026918962584 0.57735026918962584 0.57735026918962584
  outer loop
   vertex 152 107 201.5
   vertex 152 106.5 202
   vertex 152.5 106 202
  endloop
 endfacet
 facet normal 0.57735026918962584 0.57735026918962584 0.57735026918962584
  outer loop
   vertex 152 107 201.5
   vertex 152.5 106 202
   vertex 152.5 107 201
  endloop
 endfacet
 facet normal 1 0 0
  outer loop
   vertex 152.5 107 201
   vertex 152.5 106 202
   vertex 152.5 106 201
  endloop
 endfacet
 facet normal -0.57735026918962584 -0.57735026918962584 -0.57735026918962584
  outer loop
   vertex 146 107.5 201
   vertex 146 107 201.5
   vertex 145.5 107 202
  endloop
 endfacet
 facet normal -0.57735026918962584 -0.57735026918962584 -0.57735026918962584
  outer loop
   vertex 146 107.5 201
   vertex 145.5 107 202
   vertex 145.5 108 201
  endloop
 endfacet
 facet normal -1 0 0
  outer loop
   vertex 145.5 108 201
   vertex 145.5 107 202
   vertex 145.5 108 202
  endloop
 endfacet
 facet normal -0.57735026918962584 -0.57735026918962584 -0.57735026918962584
  outer loop
   vertex 146.5 107 201
   vertex 146 107 201.5
   vertex 146 107.5 201
  endloop
 endfacet
 facet normal 0.57735026918962584 0.57735026918962584 0.57735026918962584
  outer loop
   vertex 152 107.5 201
   vertex 151.5 107 202
   vertex 152 107 201.5
  endloop
 endfacet
 facet normal 0.57735026918962584 0.57735026918962584 0.57735026918962584
  outer loop
   vertex 152 107.5 201
   vertex 151.5 108 201
   vertex 151.5 107 202
  endloop
 endfacet
 facet normal 1 0 0
  outer loop
   vertex 151.5 108 201
   vertex 151.5 108 202
   vertex 151.5 107 202
  endloop
 endfacet
 facet normal 0.57735026918962584 0.57735026918962584 0.57735026918962584
  outer loop
   vertex 152.5 107 201
   vertex 152 107.5 201
   vertex 152 107 201.5
  endloop
 endfacet
 facet normal -1 0 0
  outer loop
   vertex 145.5 108 201
   vertex 145.5 108 202
   vertex 145.5 109 201
  endloop
 endfacet
 facet normal -1 -0 -0
  outer loop
   vertex 145.5 108 202
   vertex 145.5 109 202
   vertex 145.5 109 201
  endloop
 endfacet
 facet normal 0.57735026918962584 0.57735026918962584 0.57735026918962584
  outer loop
   vertex 151 109 201.5
   vertex 150.5 109 202
   vertex 151 108.5 202
  endloop
 endfacet
 facet normal 0.57735026918962584 0.57735026918962584 0.57735026918962584
  outer loop
   vertex 151 109 201.5
   vertex 151 108.5 202
   vertex 151.5 108 202
  endloop
 endfacet
 facet normal 0.57735026918962584 0.57735026918962584 0.57735026918962584
  outer loop
   vertex 151 109 201.5
   vertex 151.5 108 202
   vertex 151.5 109 201
  endloop
 endfacet
 facet normal 1 0 0
  outer loop
   vertex 151.5 109 201
   vertex 151.5 108 202
   vertex 151.5 108 201
  endloop
 endfacet
 facet normal -1 0 0
  outer loop
   vertex 145.5 109 201
   vertex 145.5 109 202
   vertex 145.5 110 201
  endloop
 endfacet
 facet normal -1 -0 -0
  outer loop
   vertex 145.5 109 202
   vertex 145.5 110 202
   vertex 145.5 110 201
  endloop
 endfacet
 facet normal 0.57735026918962584 0.57735026918962584 0.57735026918962584
  outer loop
   vertex 151 109.5 201
   vertex 150.5 109 202
   vertex 151 109 201.5
  endloop
 endfacet
 facet normal 0.57735026918962584 0.57735026918962584 0.57735026918962584
  outer loop
   vertex 151 109.5 201
   vertex 150.5 110 201
   vertex 150.5 109 202
  endloop
 endfacet
 facet normal 1 0 0
  outer loop
   vertex 150.5 110 201
   vertex 150.5 110 202
   vertex 150.5 109 202
  endloop
 endfacet
 facet normal 0.57735026918962584 0.57735026918962584 0.57735026918962584
  outer loop
   vertex 151.5 109 201
   vertex 151 109.5 201
   vertex 151 109 201.5
  endloop
 endfacet
 facet normal -0.57735026918962584 0.57735026918962584 -0.57735026918962584
  outer loop
   vertex 146 111 201.5
   vertex 146 110.5 201
   vertex 145.5 110 201
  endloop
 endfacet
 facet normal -0.57735026918962584 0.57735026918962584 -0.57735026918962584
  outer loop
   vertex 146 111 201.5
   vertex 145.5 110 201
   vertex 145.5 111 202
  endloop
 endfacet
 facet normal -1 0 0
  outer loop
   vertex 145.5 111 202
   vertex 145.5 110 201
   vertex 145.5 110 202
  endloop
 endfacet
 facet normal -0.57735026918962584 0.57735026918962584 -0.57735026918962584
  outer loop
   vertex 146 110.5 201
   vertex 146 111 201.5
   vertex 146.5 111 201
  endloop
 endfacet
 facet normal 0.57735026918962584 0.57735026918962584 -0.57735026918962584
  outer loop
   vertex 149 110.5 201
   vertex 148.5 111 201
   vertex 149 111 201.5
  endloop
 endfacet
 facet normal 0.57735026918962584 0.57735026918962584 -0.57735026918962584
  outer loop
   vertex 149.5 111 202
   vertex 149 110.5 201
   vertex 149 111 201.5
  endloop
 endfacet
 facet normal 0.57735026918962584 0.57735026918962584 -0.57735026918962584
  outer loop
   vertex 149.5 111 202
   vertex 150 110.5 202
   vertex 149 110.5 201
  endloop
 endfacet
 facet normal 0 1 -0
  outer loop
   vertex 150 110.5 202
   vertex 150 110.5 201
   vertex 149 110.5 201
  endloop
 endfacet
 facet normal 0.70710678118654746 0.70710678118654746 -0
  outer loop
   vertex 150.5 110 202
   vertex 150.5 110 201
   vertex 150 110.5 201
  endloop
 endfacet
 facet normal 0.70710678118654746 0.70710678118654746 0
  outer loop
   vertex 150 110.5 202
   vertex 150.5 110 202
   vertex 150 110.5 201
  endloop
 endfacet
 facet normal -0.57735026918962584 0.57735026918962584 -0.57735026918962584
  outer loop
   vertex 146 111 201.5
   vertex 145.5 111 202
   vertex 146 111.5 202
  endloop
 endfacet
 facet normal -0.57735026918962584 0.57735026918962584 -0.57735026918962584
  outer loop
   vertex 146.5 111 201
   vertex 146 111 201.5
   vertex 146 111.5 202
  endloop
 endfacet
 facet normal -0.57735026918962584 0.57735026918962584 -0.57735026918962584
  outer loop
   vertex 146.5 111 201
   vertex 146 111.5 202
   vertex 147 111.5 201
  endloop
 endfacet
 facet normal -0 1 0
  outer loop
   vertex 147 111.5 201
   vertex 146 111.5 202
   vertex 147 111.5 202
  endloop
 endfacet
 facet normal 0 1 0
  outer loop
   vertex 148 111.5 201
   vertex 147 111.5 201
   vertex 148 111.5 202
  endloop
 endfacet
 facet normal -0 1 0
  outer loop
   vertex 147 111.5 201
   vertex 147 111.5 202
   vertex 148 111.5 202
  endloop
 endfacet
 facet normal 0.57735026918962584 0.57735026918962584 -0.57735026918962584
  outer loop
   vertex 149 111 201.5
   vertex 148.5 111 201
   vertex 148 111.5 201
  endloop
 endfacet
 facet normal 0.57735026918962584 0.57735026918962584 -0.57735026918962584
  outer loop
   vertex 149 111 201.5
   vertex 148 111.5 201
   vertex 149 111.5 202
  endloop
 endfacet
 facet normal 0 1 0
  outer loop
   vertex 149 111.5 202
   vertex 148 111.5 201
   vertex 148 111.5 202
  endloop
 endfacet
 facet normal 0.57735026918962584 0.57735026918962584 -0.57735026918962584
  outer loop
   vertex 149.5 111 202
   vertex 149 111 201.5
   vertex 149 111.5 202
  endloop
 endfacet
 facet normal -0.70710678118654746 -0.70710678118654746 -0
  outer loop
   vertex 149 95.5 202
   vertex 149 95.5 203
   vertex 148.5 96 203
  endloop
 endfacet
 facet normal -0.70710678118654746 -0.70710678118654746 0
  outer loop
   vertex 148.5 96 202
   vertex 149 95.5 202
   vertex 148.5 96 203
  endloop
 endfacet
 facet normal 0 -1 -0
  outer loop
   vertex 150 95.5 202
   vertex 150 95.5 203
   vertex 149 95.5 202
  endloop
 endfacet
 facet normal -0 -1 0
  outer loop
   vertex 149 95.5 202
   vertex 150 95.5 203
   vertex 149 95.5 203
  endloop
 endfacet
 facet normal 0.70710678118654746 -0.70710678118654746 0
  outer loop
   vertex 150 95.5 203
   vertex 150 95.5 202
   vertex 150.5 96 202
  endloop
 endfacet
 facet normal 0.70710678118654746 -0.70710678118654746 0
  outer loop
   vertex 150.5 96 203
   vertex 150 95.5 203
   vertex 150.5 96 202
  endloop
 endfacet
 facet normal -0.70710678118654746 -0.70710678118654746 -0
  outer loop
   vertex 148 96.5 202
   vertex 148 96.5 203
   vertex 147.5 97 203
  endloop
 endfacet
 facet normal -0.70710678118654746 -0.70710678118654746 0
  outer loop
   vertex 147.5 97 202
   vertex 148 96.5 202
   vertex 147.5 97 203
  endloop
 endfacet
 facet normal -0.70710678118654746 -0.70710678118654746 0
  outer loop
   vertex 148.5 96 203
   vertex 148 96.5 202
   vertex 148.5 96 202
  endloop
 endfacet
 facet normal -0.70710678118654746 -0.70710678118654746 0
  outer loop
   vertex 148 96.5 203
   vertex 148 96.5 202
   vertex 148.5 96 203
  endloop
 endfacet
 facet normal 0.57735026918962584 -0.57735026918962584 -0.57735026918962584
  outer loop
   vertex 151 96.5 203
   vertex 150.5 97 202
   vertex 151 97 202.5
  endloop
 endfacet
 facet normal 0.57735026918962584 -0.57735026918962584 -0.57735026918962584
  outer loop
   vertex 151 96.5 203
   vertex 150.5 96 203
   vertex 150.5 97 202
  endloop
 endfacet
 facet normal 1 0 0
  outer loop
   vertex 150.5 96 203
   vertex 150.5 96 202
   vertex 150.5 97 202
  endloop
 endfacet
 facet normal 0.57735026918962584 -0.57735026918962584 -0.57735026918962584
  outer loop
   vertex 151 96.5 203
   vertex 151 97 202.5
   vertex 151.5 97 203
  endloop
 endfacet
 facet normal -1 0 0
  outer loop
   vertex 147.5 97 202
   vertex 147.5 97 203
   vertex 147.5 98 202
  endloop
 endfacet
 facet normal -1 -0 -0
  outer loop
   vertex 147.5 97 203
   vertex 147.5 98 203
   vertex 147.5 98 202
  endloop
 endfacet
 facet normal 0.57735026918962584 -0.57735026918962584 -0.57735026918962584
  outer loop
   vertex 150.5 97 202
   vertex 151 97.5 202
   vertex 151 97 202.5
  endloop
 endfacet
 facet normal 0.57735026918962584 -0.57735026918962584 -0.57735026918962584
  outer loop
   vertex 151 97 202.5
   vertex 151 97.5 202
   vertex 151.5 98 202
  endloop
 endfacet
 facet normal 0.57735026918962584 -0.57735026918962584 -0.57735026918962584
  outer loop
   vertex 151 97 202.5
   vertex 151.5 98 202
   vertex 151.5 97 203
  endloop
 endfacet
 facet normal 1 0 -0
  outer loop
   vertex 151.5 97 203
   vertex 151.5 98 202
   vertex 151.5 98 203
  endloop
 endfacet
 facet normal -0.57735026918962584 -0.57735026918962584 -0.57735026918962584
  outer loop
   vertex 147 99 202.5
   vertex 147 98.5 203
   vertex 146.5 99 203
  endloop
 endfacet
 facet normal -0.57735026918962584 -0.57735026918962584 -0.57735026918962584
  outer loop
   vertex 147 99 202.5
   vertex 147.5 98 203
   vertex 147 98.5 203
  endloop
 endfacet
 facet normal -0.57735026918962584 -0.57735026918962584 -0.57735026918962584
  outer loop
   vertex 147 99 202.5
   vertex 147.5 99 202
   vertex 147.5 98 203
  endloop
 endfacet
 facet normal -1 0 0
  outer loop
   vertex 147.5 99 202
   vertex 147.5 98 202
   vertex 147.5 98 203
  endloop
 endfacet
 facet normal 0.70710678118654746 -0.70710678118654746 0
  outer loop
   vertex 151.5 98 202
   vertex 152 98.5 203
   vertex 151.5 98 203
  endloop
 endfacet
 facet normal 0.70710678118654746 -0.70710678118654746 0
  outer loop
   vertex 152 98.5 202
   vertex 152 98.5 203
   vertex 151.5 98 202
  endloop
 endfacet
 facet normal 0.70710678118654746 -0.70710678118654746 0
  outer loop
   vertex 152 98.5 203
   vertex 152 98.5 202
   vertex 152.5 99 202
  endloop
 endfacet
 facet normal 0.70710678118654746 -0.70710678118654746 0
  outer loop
   vertex 152.5 99 203
   vertex 152 98.5 203
   vertex 152.5 99 202
  endloop
 endfacet
 facet normal -0.57735026918962584 -0.57735026918962584 -0.57735026918962584
  outer loop
   vertex 147 99.5 202
   vertex 147 99 202.5
   vertex 146.5 99 203
  endloop
 endfacet
 facet normal -0.57735026918962584 -0.57735026918962584 -0.57735026918962584
  outer loop
   vertex 147 99.5 202
   vertex 146.5 99 203
   vertex 146.5 100 202
  endloop
 endfacet
 facet normal -1 0 0
  outer loop
   vertex 146.5 100 202
   vertex 146.5 99 203
   vertex 146.5 100 203
  endloop
 endfacet
 facet normal -0.57735026918962584 -0.57735026918962584 -0.57735026918962584
  outer loop
   vertex 147.5 99 202
   vertex 147 99 202.5
   vertex 147 99.5 202
  endloop
 endfacet
 facet normal 1 0 0
  outer loop
   vertex 152.5 99 202
   vertex 152.5 100 202
   vertex 152.5 99 203
  endloop
 endfacet
 facet normal 1 0 -0
  outer loop
   vertex 152.5 99 203
   vertex 152.5 100 202
   vertex 152.5 100 203
  endloop
 endfacet
 facet normal -1 0 0
  outer loop
   vertex 146.5 100 202
   vertex 146.5 100 203
   vertex 146.5 101 202
  endloop
 endfacet
 facet normal -1 -0 -0
  outer loop
   vertex 146.5 100 203
   vertex 146.5 101 203
   vertex 146.5 101 202
  endloop
 endfacet
 facet normal 1 0 0
  outer loop
   vertex 152.5 100 202
   vertex 152.5 101 202
   vertex 152.5 100 203
  endloop
 endfacet
 facet normal 1 0 -0
  outer loop
   vertex 152.5 100 203
   vertex 152.5 101 202
   vertex 152.5 101 203
  endloop
 endfacet
 facet normal -1 0 0
  outer loop
   vertex 146.5 101 202
   vertex 146.5 101 203
   vertex 146.5 102 202
  endloop
 endfacet
 facet normal -1 -0 -0
  outer loop
   vertex 146.5 101 203
   vertex 146.5 102 203
   vertex 146.5 102 202
  endloop
 endfacet
 facet normal 1 0 0
  outer loop
   vertex 152.5 101 202
   vertex 152.5 102 202
   vertex 152.5 101 203
  endloop
 endfacet
 facet normal 1 0 -0
  outer loop
   vertex 152.5 101 203
   vertex 152.5 102 202
   vertex 152.5 102 203
  endloop
 endfacet
 facet normal -1 0 0
  outer loop
   vertex 146.5 102 202
   vertex 146.5 102 203
   vertex 146.5 103 202
  endloop
 endfacet
 facet normal -1 -0 -0
  outer loop
   vertex 146.5 102 203
   vertex 146.5 103 203
   vertex 146.5 103 202
  endloop
 endfacet
 facet normal 0.57735026918962584 0.57735026918962584 0.57735026918962584
  outer loop
   vertex 152 103 202.5
   vertex 151.5 103 203
   vertex 152 102.5 203
  endloop
 endfacet
 facet normal 0.57735026918962584 0.57735026918962584 0.57735026918962584
  outer loop
   vertex 152 103 202.5
   vertex 152 102.5 203
   vertex 152.5 102 203
  endloop
 endfacet
 facet normal 0.57735026918962584 0.57735026918962584 0.57735026918962584
  outer loop
   vertex 152 103 202.5
   vertex 152.5 102 203
   vertex 152.5 103 202
  endloop
 endfacet
 facet normal 1 0 0
  outer loop
   vertex 152.5 103 202
   vertex 152.5 102 203
   vertex 152.5 102 202
  endloop
 endfacet
 facet normal -1 0 0
  outer loop
   vertex 146.5 103 202
   vertex 146.5 103 203
   vertex 146.5 104 202
  endloop
 endfacet
 facet normal -1 -0 -0
  outer loop
   vertex 146.5 103 203
   vertex 146.5 104 203
   vertex 146.5 104 202
  endloop
 endfacet
 facet normal 0.57735026918962584 -0.57735026918962584 0.57735026918962584
  outer loop
   vertex 152 103 202.5
   vertex 152 103.5 203
   vertex 151.5 103 203
  endloop
 endfacet
 facet normal 0.57735026918962584 -0.57735026918962584 0.57735026918962584
  outer loop
   vertex 152 103.5 203
   vertex 152 103 202.5
   vertex 152.5 103 202
  endloop
 endfacet
 facet normal 0.57735026918962584 -0.57735026918962584 0.57735026918962584
  outer loop
   vertex 152 103.5 203
   vertex 152.5 103 202
   vertex 152.5 104 203
  endloop
 endfacet
 facet normal 1 0 0
  outer loop
   vertex 152.5 104 203
   vertex 152.5 103 202
   vertex 152.5 104 202
  endloop
 endfacet
 facet normal -0.57735026918962584 -0.57735026918962584 -0.57735026918962584
  outer loop
   vertex 146 105 202.5
   vertex 146 104.5 203
   vertex 145.5 105 203
  endloop
 endfacet
 facet normal -0.57735026918962584 -0.57735026918962584 -0.57735026918962584
  outer loop
   vertex 146 105 202.5
   vertex 146.5 104 203
   vertex 146 104.5 203
  endloop
 endfacet
 facet normal -0.57735026918962584 -0.57735026918962584 -0.57735026918962584
  outer loop
   vertex 146 105 202.5
   vertex 146.5 105 202
   vertex 146.5 104 203
  endloop
 endfacet
 facet normal -1 0 0
  outer loop
   vertex 146.5 105 202
   vertex 146.5 104 202
   vertex 146.5 104 203
  endloop
 endfacet
 facet normal 1 0 0
  outer loop
   vertex 152.5 104 202
   vertex 152.5 105 202
   vertex 152.5 104 203
  endloop
 endfacet
 facet normal 1 0 -0
  outer loop
   vertex 152.5 104 203
   vertex 152.5 105 202
   vertex 152.5 105 203
  endloop
 endfacet
 facet normal -0.70710678118654746 0 -0.70710678118654746
  outer loop
   vertex 146 106 202.5
   vertex 146 105 202.5
   vertex 145.5 105 203
  endloop
 endfacet
 facet normal -0.70710678118654746 0 -0.70710678118654746
  outer loop
   vertex 145.5 106 203
   vertex 146 106 202.5
   vertex 145.5 105 203
  endloop
 endfacet
 facet normal -0.70710678118654746 0 -0.70710678118654746
  outer loop
   vertex 146.5 105 202
   vertex 146 106 202.5
   vertex 146.5 106 202
  endloop
 endfacet
 facet normal -0.70710678118654746 -0 -0.70710678118654746
  outer loop
   vertex 146 105 202.5
   vertex 146 106 202.5
   vertex 146.5 105 202
  endloop
 endfacet
 facet normal 0.57735026918962584 0.57735026918962584 0.57735026918962584
  outer loop
   vertex 152 106 202.5
   vertex 151.5 106 203
   vertex 152 105.5 203
  endloop
 endfacet
 facet normal 0.57735026918962584 0.57735026918962584 0.57735026918962584
  outer loop
   vertex 152 106 202.5
   vertex 152 105.5 203
   vertex 152.5 105 203
  endloop
 endfacet
 facet normal 0.57735026918962584 0.57735026918962584 0.57735026918962584
  outer loop
   vertex 152 106 202.5
   vertex 152.5 105 203
   vertex 152.5 106 202
  endloop
 endfacet
 facet normal 1 0 0
  outer loop
   vertex 152.5 106 202
   vertex 152.5 105 203
   vertex 152.5 105 202
  endloop
 endfacet
 facet normal -0.57735026918962584 -0.57735026918962584 -0.57735026918962584
  outer loop
   vertex 146 106.5 202
   vertex 146 106 202.5
   vertex 145.5 106 203
  endloop
 endfacet
 facet normal -0.57735026918962584 -0.57735026918962584 -0.57735026918962584
  outer loop
   vertex 146 106.5 202
   vertex 145.5 106 203
   vertex 145.5 107 202
  endloop
 endfacet
 facet normal -1 0 0
  outer loop
   vertex 145.5 107 202
   vertex 145.5 106 203
   vertex 145.5 107 203
  endloop
 endfacet
 facet normal -0.57735026918962584 -0.57735026918962584 -0.57735026918962584
  outer loop
   vertex 146.5 106 202
   vertex 146 106 202.5
   vertex 146 106.5 202
  endloop
 endfacet
 facet normal 0.57735026918962584 0.57735026918962584 0.57735026918962584
  outer loop
   vertex 152 106.5 202
   vertex 151.5 106 203
   vertex 152 106 202.5
  endloop
 endfacet
 facet normal 0.57735026918962584 0.57735026918962584 0.57735026918962584
  outer loop
   vertex 152 106.5 202
   vertex 151.5 107 202
   vertex 151.5 106 203
  endloop
 endfacet
 facet normal 1 0 0
  outer loop
   vertex 151.5 107 202
   vertex 151.5 107 203
   vertex 151.5 106 203
  endloop
 endfacet
 facet normal 0.57735026918962584 0.57735026918962584 0.57735026918962584
  outer loop
   vertex 152.5 106 202
   vertex 152 106.5 202
   vertex 152 106 202.5
  endloop
 endfacet
 facet normal -1 0 0
  outer loop
   vertex 145.5 107 202
   vertex 145.5 107 203
   vertex 145.5 108 202
  endloop
 endfacet
 facet normal -1 -0 -0
  outer loop
   vertex 145.5 107 203
   vertex 145.5 108 203
   vertex 145.5 108 202
  endloop
 endfacet
 facet normal 1 0 0
  outer loop
   vertex 151.5 107 202
   vertex 151.5 108 202
   vertex 151.5 107 203
  endloop
 endfacet
 facet normal 1 0 -0
  outer loop
   vertex 151.5 107 203
   vertex 151.5 108 202
   vertex 151.5 108 203
  endloop
 endfacet
 facet normal -1 0 0
  outer loop
   vertex 145.5 108 202
   vertex 145.5 108 203
   vertex 145.5 109 202
  endloop
 endfacet
 facet normal -1 -0 -0
  outer loop
   vertex 145.5 108 203
   vertex 145.5 109 203
   vertex 145.5 109 202
  endloop
 endfacet
 facet normal 0.70710678118654746 0.70710678118654746 0
  outer loop
   vertex 151 108.5 202
   vertex 150.5 109 203
   vertex 151 108.5 203
  endloop
 endfacet
 facet normal 0.70710678118654746 0.70710678118654746 0
  outer loop
   vertex 150.5 109 202
   vertex 150.5 109 203
   vertex 151 108.5 202
  endloop
 endfacet
 facet normal 0.70710678118654746 0.70710678118654746 -0
  outer loop
   vertex 151.5 108 203
   vertex 151.5 108 202
   vertex 151 108.5 202
  endloop
 endfacet
 facet normal 0.70710678118654746 0.70710678118654746 0
  outer loop
   vertex 151 108.5 203
   vertex 151.5 108 203
   vertex 151 108.5 202
  endloop
 endfacet
 facet normal -1 0 0
  outer loop
   vertex 145.5 109 202
   vertex 145.5 109 203
   vertex 145.5 110 202
  endloop
 endfacet
 facet normal -1 -0 -0
  outer loop
   vertex 145.5 109 203
   vertex 145.5 110 203
   vertex 145.5 110 202
  endloop
 endfacet
 facet normal 1 0 0
  outer loop
   vertex 150.5 109 202
   vertex 150.5 110 202
   vertex 150.5 109 203
  endloop
 endfacet
 facet normal 1 0 -0
  outer loop
   vertex 150.5 109 203
   vertex 150.5 110 202
   vertex 150.5 110 203
  endloop
 endfacet
 facet normal -1 0 0
  outer loop
   vertex 145.5 110 202
   vertex 145.5 110 203
   vertex 145.5 111 202
  endloop
 endfacet
 facet normal -1 -0 -0
  outer loop
   vertex 145.5 110 203
   vertex 145.5 111 203
   vertex 145.5 111 202
  endloop
 endfacet
 facet normal 0.57735026918962584 0.57735026918962584 0.57735026918962584
  outer loop
   vertex 149 111 202.5
   vertex 148.5 111 203
   vertex 149 110.5 203
  endloop
 endfacet
 facet normal 0.57735026918962584 0.57735026918962584 0.57735026918962584
  outer loop
   vertex 149 111 202.5
   vertex 150 110.5 202
   vertex 149.5 111 202
  endloop
 endfacet
 facet normal 0.57735026918962584 0.57735026918962584 0.57735026918962584
  outer loop
   vertex 149 111 202.5
   vertex 149 110.5 203
   vertex 150 110.5 202
  endloop
 endfacet
 facet normal 0 1 0
  outer loop
   vertex 149 110.5 203
   vertex 150 110.5 203
   vertex 150 110.5 202
  endloop
 endfacet
 facet normal 0.70710678118654746 0.70710678118654746 -0
  outer loop
   vertex 150.5 110 203
   vertex 150.5 110 202
   vertex 150 110.5 202
  endloop
 endfacet
 facet normal 0.70710678118654746 0.70710678118654746 0
  outer loop
   vertex 150 110.5 203
   vertex 150.5 110 203
   vertex 150 110.5 202
  endloop
 endfacet
 facet normal -0.70710678118654746 0.70710678118654746 0
  outer loop
   vertex 145.5 111 202
   vertex 145.5 111 203
   vertex 146 111.5 203
  endloop
 endfacet
 facet normal -0.70710678118654746 0.70710678118654746 0
  outer loop
   vertex 146 111.5 202
   vertex 145.5 111 202
   vertex 146 111.5 203
  endloop
 endfacet
 facet normal 0 1 0
  outer loop
   vertex 147 111.5 202
   vertex 146 111.5 202
   vertex 147 111.5 203
  endloop
 endfacet
 facet normal -0 1 0
  outer loop
   vertex 146 111.5 202
   vertex 146 111.5 203
   vertex 147 111.5 203
  endloop
 endfacet
 facet normal 0 1 0
  outer loop
   vertex 148 111.5 202
   vertex 147 111.5 202
   vertex 148 111.5 203
  endloop
 endfacet
 facet normal -0 1 0
  outer loop
   vertex 147 111.5 202
   vertex 147 111.5 203
   vertex 148 111.5 203
  endloop
 endfacet
 facet normal 0.57735026918962584 0.57735026918962584 0.57735026918962584
  outer loop
   vertex 148.5 111 203
   vertex 149 111 202.5
   vertex 149 111.5 202
  endloop
 endfacet
 facet normal 0.57735026918962584 0.57735026918962584 0.57735026918962584
  outer loop
   vertex 148.5 111 203
   vertex 149 111.5 202
   vertex 148 111.5 203
  endloop
 endfacet
 facet normal 0 1 0
  outer loop
   vertex 148 111.5 203
   vertex 149 111.5 202
   vertex 148 111.5 202
  endloop
 endfacet
 facet normal 0.57735026918962584 0.57735026918962584 0.57735026918962584
  outer loop
   vertex 149.5 111 202
   vertex 149 111.5 202
   vertex 149 111 202.5
  endloop
 endfacet
 facet normal -0.57735026918962584 -0.57735026918962584 0.57735026918962584
  outer loop
   vertex 149 95.5 203
   vertex 149 96 203.5
   vertex 148.5 96 203
  endloop
 endfacet
 facet normal 0 -0.70710678118654746 0.70710678118654746
  outer loop
   vertex 149 95.5 203
   vertex 150 95.5 203
   vertex 150 96 203.5
  endloop
 endfacet
 facet normal 0 -0.70710678118654746 0.70710678118654746
  outer loop
   vertex 149 96 203.5
   vertex 149 95.5 203
   vertex 150 96 203.5
  endloop
 endfacet
 facet normal 0.57735026918962584 -0.57735026918962584 0.57735026918962584
  outer loop
   vertex 150 95.5 203
   vertex 150.5 96 203
   vertex 150 96 203.5
  endloop
 endfacet
 facet normal -0.57735026918962584 -0.57735026918962584 0.57735026918962584
  outer loop
   vertex 148 96.5 203
   vertex 148 97 203.5
   vertex 147.5 97 203
  endloop
 endfacet
 facet normal -0.57735026918962584 -0.57735026918962584 0.57735026918962584
  outer loop
   vertex 148 96.5 203
   vertex 148.5 97 204
   vertex 148 97 203.5
  endloop
 endfacet
 facet normal -0.57735026918962584 -0.57735026918962584 0.57735026918962584
  outer loop
   vertex 148.5 96 203
   vertex 148.5 97 204
   vertex 148 96.5 203
  endloop
 endfacet
 facet normal -0.57735026918962584 -0.57735026918962584 0.57735026918962584
  outer loop
   vertex 148.5 96 203
   vertex 149 96.5 204
   vertex 148.5 97 204
  endloop
 endfacet
 facet normal -0.57735026918962584 -0.57735026918962584 0.57735026918962584
  outer loop
   vertex 148.5 96 203
   vertex 149 96 203.5
   vertex 149 96.5 204
  endloop
 endfacet
 facet normal 0 -0.70710678118654746 0.70710678118654746
  outer loop
   vertex 150 96 203.5
   vertex 149 96.5 204
   vertex 149 96 203.5
  endloop
 endfacet
 facet normal 0 -0.70710678118654746 0.70710678118654746
  outer loop
   vertex 150 96.5 204
   vertex 149 96.5 204
   vertex 150 96 203.5
  endloop
 endfacet
 facet normal 0.57735026918962584 -0.57735026918962584 0.57735026918962584
  outer loop
   vertex 151 97 203.5
   vertex 150.5 97 204
   vertex 150 96.5 204
  endloop
 endfacet
 facet normal 0.57735026918962584 -0.57735026918962584 0.57735026918962584
  outer loop
   vertex 151 96.5 203
   vertex 151 97 203.5
   vertex 150 96.5 204
  endloop
 endfacet
 facet normal 0.57735026918962584 -0.57735026918962584 0.57735026918962584
  outer loop
   vertex 151 96.5 203
   vertex 150 96.5 204
   vertex 150 96 203.5
  endloop
 endfacet
 facet normal 0.57735026918962584 -0.57735026918962584 0.57735026918962584
  outer loop
   vertex 151 96.5 203
   vertex 150 96 203.5
   vertex 150.5 96 203
  endloop
 endfacet
 facet normal 0.57735026918962584 -0.57735026918962584 0.57735026918962584
  outer loop
   vertex 151 96.5 203
   vertex 151.5 97 203
   vertex 151 97 203.5
  endloop
 endfacet
 facet normal -0.57735026918962584 -0.57735026918962584 0.57735026918962584
  outer loop
   vertex 148 97 203.5
   vertex 148 97.5 204
   vertex 147.5 98 204
  endloop
 endfacet
 facet normal -0.57735026918962584 -0.57735026918962584 0.57735026918962584
  outer loop
   vertex 148 97 203.5
   vertex 147.5 98 204
   vertex 147.5 97 203
  endloop
 endfacet
 facet normal -1 0 -0
  outer loop
   vertex 147.5 97 203
   vertex 147.5 98 204
   vertex 147.5 98 203
  endloop
 endfacet
 facet normal -0.57735026918962584 -0.57735026918962584 0.57735026918962584
  outer loop
   vertex 148.5 97 204
   vertex 148 97.5 204
   vertex 148 97 203.5
  endloop
 endfacet
 facet normal 0.57735026918962584 -0.57735026918962584 0.57735026918962584
  outer loop
   vertex 151 97 203.5
   vertex 151 97.5 204
   vertex 150.5 97 204
  endloop
 endfacet
 facet normal 0.57735026918962584 -0.57735026918962584 0.57735026918962584
  outer loop
   vertex 151 97.5 204
   vertex 151 97 203.5
   vertex 151.5 97 203
  endloop
 endfacet
 facet normal 0.57735026918962584 -0.57735026918962584 0.57735026918962584
  outer loop
   vertex 151 97.5 204
   vertex 151.5 97 203
   vertex 151.5 98 204
  endloop
 endfacet
 facet normal 1 0 0
  outer loop
   vertex 151.5 98 204
   vertex 151.5 97 203
   vertex 151.5 98 203
  endloop
 endfacet
 facet normal -0.57735026918962584 -0.57735026918962584 0.57735026918962584
  outer loop
   vertex 147 98.5 203
   vertex 147 99 203.5
   vertex 146.5 99 203
  endloop
 endfacet
 facet normal -0.57735026918962584 -0.57735026918962584 0.57735026918962584
  outer loop
   vertex 147 98.5 203
   vertex 147.5 99 204
   vertex 147 99 203.5
  endloop
 endfacet
 facet normal -0.57735026918962584 -0.57735026918962584 0.57735026918962584
  outer loop
   vertex 147 98.5 203
   vertex 147.5 98 203
   vertex 147.5 99 204
  endloop
 endfacet
 facet normal -1 0 0
  outer loop
   vertex 147.5 98 203
   vertex 147.5 98 204
   vertex 147.5 99 204
  endloop
 endfacet
 facet normal 0.57735026918962584 -0.57735026918962584 0.57735026918962584
  outer loop
   vertex 152 99 203.5
   vertex 151.5 98 203
   vertex 152 98.5 203
  endloop
 endfacet
 facet normal 0.57735026918962584 -0.57735026918962584 0.57735026918962584
  outer loop
   vertex 152 99 203.5
   vertex 151.5 99 204
   vertex 151.5 98 203
  endloop
 endfacet
 facet normal 1 -0 0
  outer loop
   vertex 151.5 99 204
   vertex 151.5 98 204
   vertex 151.5 98 203
  endloop
 endfacet
 facet normal 0.57735026918962584 -0.57735026918962584 0.57735026918962584
  outer loop
   vertex 152 98.5 203
   vertex 152.5 99 203
   vertex 152 99 203.5
  endloop
 endfacet
 facet normal -0.57735026918962584 -0.57735026918962584 0.57735026918962584
  outer loop
   vertex 147 99 203.5
   vertex 147 99.5 204
   vertex 146.5 100 204
  endloop
 endfacet
 facet normal -0.57735026918962584 -0.57735026918962584 0.57735026918962584
  outer loop
   vertex 147 99 203.5
   vertex 146.5 100 204
   vertex 146.5 99 203
  endloop
 endfacet
 facet normal -1 0 -0
  outer loop
   vertex 146.5 99 203
   vertex 146.5 100 204
   vertex 146.5 100 203
  endloop
 endfacet
 facet normal -0.57735026918962584 -0.57735026918962584 0.57735026918962584
  outer loop
   vertex 147.5 99 204
   vertex 147 99.5 204
   vertex 147 99 203.5
  endloop
 endfacet
 facet normal 0.70710678118654746 0 0.70710678118654746
  outer loop
   vertex 152 100 203.5
   vertex 151.5 99 204
   vertex 152 99 203.5
  endloop
 endfacet
 facet normal 0.70710678118654746 -0 0.70710678118654746
  outer loop
   vertex 151.5 100 204
   vertex 151.5 99 204
   vertex 152 100 203.5
  endloop
 endfacet
 facet normal 0.70710678118654746 0 0.70710678118654746
  outer loop
   vertex 152.5 99 203
   vertex 152.5 100 203
   vertex 152 100 203.5
  endloop
 endfacet
 facet normal 0.70710678118654746 0 0.70710678118654746
  outer loop
   vertex 152 99 203.5
   vertex 152.5 99 203
   vertex 152 100 203.5
  endloop
 endfacet
 facet normal -0.57735026918962584 -0.57735026918962584 -0.57735026918962584
  outer loop
   vertex 146 101 203.5
   vertex 146 100.5 204
   vertex 145.5 101 204
  endloop
 endfacet
 facet normal -0.57735026918962584 -0.57735026918962584 -0.57735026918962584
  outer loop
   vertex 146 101 203.5
   vertex 146.5 100 204
   vertex 146 100.5 204
  endloop
 endfacet
 facet normal -0.57735026918962584 -0.57735026918962584 -0.57735026918962584
  outer loop
   vertex 146 101 203.5
   vertex 146.5 101 203
   vertex 146.5 100 204
  endloop
 endfacet
 facet normal -1 0 0
  outer loop
   vertex 146.5 101 203
   vertex 146.5 100 203
   vertex 146.5 100 204
  endloop
 endfacet
 facet normal 0.70710678118654746 0 0.70710678118654746
  outer loop
   vertex 152 101 203.5
   vertex 151.5 100 204
   vertex 152 100 203.5
  endloop
 endfacet
 facet normal 0.70710678118654746 -0 0.70710678118654746
  outer loop
   vertex 151.5 101 204
   vertex 151.5 100 204
   vertex 152 101 203.5
  endloop
 endfacet
 facet normal 0.70710678118654746 0 0.70710678118654746
  outer loop
   vertex 152.5 100 203
   vertex 152.5 101 203
   vertex 152 101 203.5
  endloop
 endfacet
 facet normal 0.70710678118654746 0 0.70710678118654746
  outer loop
   vertex 152 100 203.5
   vertex 152.5 100 203
   vertex 152 101 203.5
  endloop
 endfacet
 facet normal -0.70710678118654746 0 -0.70710678118654746
  outer loop
   vertex 146 102 203.5
   vertex 146 101 203.5
   vertex 145.5 101 204
  endloop
 endfacet
 facet normal -0.70710678118654746 0 -0.70710678118654746
  outer loop
   vertex 145.5 102 204
   vertex 146 102 203.5
   vertex 145.5 101 204
  endloop
 endfacet
 facet normal -0.70710678118654746 0 -0.70710678118654746
  outer loop
   vertex 146.5 101 203
   vertex 146 102 203.5
   vertex 146.5 102 203
  endloop
 endfacet
 facet normal -0.70710678118654746 -0 -0.70710678118654746
  outer loop
   vertex 146 101 203.5
   vertex 146 102 203.5
   vertex 146.5 101 203
  endloop
 endfacet
 facet normal 0.70710678118654746 0 0.70710678118654746
  outer loop
   vertex 152 102 203.5
   vertex 151.5 101 204
   vertex 152 101 203.5
  endloop
 endfacet
 facet normal 0.70710678118654746 -0 0.70710678118654746
  outer loop
   vertex 151.5 102 204
   vertex 151.5 101 204
   vertex 152 102 203.5
  endloop
 endfacet
 facet normal 0.70710678118654746 0 0.70710678118654746
  outer loop
   vertex 152.5 101 203
   vertex 152.5 102 203
   vertex 152 102 203.5
  endloop
 endfacet
 facet normal 0.70710678118654746 0 0.70710678118654746
  outer loop
   vertex 152 101 203.5
   vertex 152.5 101 203
   vertex 152 102 203.5
  endloop
 endfacet
 facet normal -0.70710678118654746 0 -0.70710678118654746
  outer loop
   vertex 146 103 203.5
   vertex 146 102 203.5
   vertex 145.5 102 204
  endloop
 endfacet
 facet normal -0.70710678118654746 0 -0.70710678118654746
  outer loop
   vertex 145.5 103 204
   vertex 146 103 203.5
   vertex 145.5 102 204
  endloop
 endfacet
 facet normal -0.70710678118654746 0 -0.70710678118654746
  outer loop
   vertex 146.5 102 203
   vertex 146 103 203.5
   vertex 146.5 103 203
  endloop
 endfacet
 facet normal -0.70710678118654746 -0 -0.70710678118654746
  outer loop
   vertex 146 102 203.5
   vertex 146 103 203.5
   vertex 146.5 102 203
  endloop
 endfacet
 facet normal 0.57735026918962584 0.57735026918962584 0.57735026918962584
  outer loop
   vertex 152 102.5 203
   vertex 151.5 102 204
   vertex 152 102 203.5
  endloop
 endfacet
 facet normal 0.57735026918962584 0.57735026918962584 0.57735026918962584
  outer loop
   vertex 152 102.5 203
   vertex 151.5 103 203
   vertex 151.5 102 204
  endloop
 endfacet
 facet normal 1 0 0
  outer loop
   vertex 151.5 103 203
   vertex 151.5 103 204
   vertex 151.5 102 204
  endloop
 endfacet
 facet normal 0.57735026918962584 0.57735026918962584 0.57735026918962584
  outer loop
   vertex 152.5 102 203
   vertex 152 102.5 203
   vertex 152 102 203.5
  endloop
 endfacet
 facet normal -0.70710678118654746 0 -0.70710678118654746
  outer loop
   vertex 146 104 203.5
   vertex 146 103 203.5
   vertex 145.5 103 204
  endloop
 endfacet
 facet normal -0.70710678118654746 0 -0.70710678118654746
  outer loop
   vertex 145.5 104 204
   vertex 146 104 203.5
   vertex 145.5 103 204
  endloop
 endfacet
 facet normal -0.70710678118654746 0 -0.70710678118654746
  outer loop
   vertex 146.5 103 203
   vertex 146 104 203.5
   vertex 146.5 104 203
  endloop
 endfacet
 facet normal -0.70710678118654746 -0 -0.70710678118654746
  outer loop
   vertex 146 103 203.5
   vertex 146 104 203.5
   vertex 146.5 103 203
  endloop
 endfacet
 facet normal 0.57735026918962584 -0.57735026918962584 0.57735026918962584
  outer loop
   vertex 152 104 203.5
   vertex 151.5 103 203
   vertex 152 103.5 203
  endloop
 endfacet
 facet normal 0.57735026918962584 -0.57735026918962584 0.57735026918962584
  outer loop
   vertex 152 104 203.5
   vertex 151.5 104 204
   vertex 151.5 103 203
  endloop
 endfacet
 facet normal 1 -0 0
  outer loop
   vertex 151.5 104 204
   vertex 151.5 103 204
   vertex 151.5 103 203
  endloop
 endfacet
 facet normal 0.57735026918962584 -0.57735026918962584 0.57735026918962584
  outer loop
   vertex 152 103.5 203
   vertex 152.5 104 203
   vertex 152 104 203.5
  endloop
 endfacet
 facet normal -0.57735026918962584 -0.57735026918962584 -0.57735026918962584
  outer loop
   vertex 146 104.5 203
   vertex 146 104 203.5
   vertex 145.5 104 204
  endloop
 endfacet
 facet normal -0.57735026918962584 -0.57735026918962584 -0.57735026918962584
  outer loop
   vertex 146 104.5 203
   vertex 145.5 104 204
   vertex 145.5 105 203
  endloop
 endfacet
 facet normal -1 0 0
  outer loop
   vertex 145.5 105 203
   vertex 145.5 104 204
   vertex 145.5 105 204
  endloop
 endfacet
 facet normal -0.57735026918962584 -0.57735026918962584 -0.57735026918962584
  outer loop
   vertex 146.5 104 203
   vertex 146 104 203.5
   vertex 146 104.5 203
  endloop
 endfacet
 facet normal 0.70710678118654746 0 0.70710678118654746
  outer loop
   vertex 152 105 203.5
   vertex 151.5 104 204
   vertex 152 104 203.5
  endloop
 endfacet
 facet normal 0.70710678118654746 -0 0.70710678118654746
  outer loop
   vertex 151.5 105 204
   vertex 151.5 104 204
   vertex 152 105 203.5
  endloop
 endfacet
 facet normal 0.70710678118654746 0 0.70710678118654746
  outer loop
   vertex 152.5 104 203
   vertex 152.5 105 203
   vertex 152 105 203.5
  endloop
 endfacet
 facet normal 0.70710678118654746 0 0.70710678118654746
  outer loop
   vertex 152 104 203.5
   vertex 152.5 104 203
   vertex 152 105 203.5
  endloop
 endfacet
 facet normal -0.57735026918962584 0.57735026918962584 0.57735026918962584
  outer loop
   vertex 146 105.5 204
   vertex 146 106 203.5
   vertex 145.5 106 203
  endloop
 endfacet
 facet normal -0.57735026918962584 0.57735026918962584 0.57735026918962584
  outer loop
   vertex 146 105.5 204
   vertex 145.5 106 203
   vertex 145.5 105 204
  endloop
 endfacet
 facet normal -1 0 0
  outer loop
   vertex 145.5 105 204
   vertex 145.5 106 203
   vertex 145.5 105 203
  endloop
 endfacet
 facet normal -0.57735026918962584 0.57735026918962584 0.57735026918962584
  outer loop
   vertex 146 105.5 204
   vertex 146.5 106 204
   vertex 146 106 203.5
  endloop
 endfacet
 facet normal 0.57735026918962584 0.57735026918962584 0.57735026918962584
  outer loop
   vertex 152 105.5 203
   vertex 151.5 105 204
   vertex 152 105 203.5
  endloop
 endfacet
 facet normal 0.57735026918962584 0.57735026918962584 0.57735026918962584
  outer loop
   vertex 152 105.5 203
   vertex 151.5 106 203
   vertex 151.5 105 204
  endloop
 endfacet
 facet normal 1 0 0
  outer loop
   vertex 151.5 106 203
   vertex 151.5 106 204
   vertex 151.5 105 204
  endloop
 endfacet
 facet normal 0.57735026918962584 0.57735026918962584 0.57735026918962584
  outer loop
   vertex 152.5 105 203
   vertex 152 105.5 203
   vertex 152 105 203.5
  endloop
 endfacet
 facet normal -0.70710678118654746 0 0.70710678118654746
  outer loop
   vertex 146 106 203.5
   vertex 146 107 203.5
   vertex 145.5 107 203
  endloop
 endfacet
 facet normal -0.70710678118654746 0 0.70710678118654746
  outer loop
   vertex 145.5 106 203
   vertex 146 106 203.5
   vertex 145.5 107 203
  endloop
 endfacet
 facet normal -0.70710678118654746 0 0.70710678118654746
  outer loop
   vertex 146.5 107 204
   vertex 146 106 203.5
   vertex 146.5 106 204
  endloop
 endfacet
 facet normal -0.70710678118654746 0 0.70710678118654746
  outer loop
   vertex 146 107 203.5
   vertex 146 106 203.5
   vertex 146.5 107 204
  endloop
 endfacet
 facet normal 1 0 0
  outer loop
   vertex 151.5 106 203
   vertex 151.5 107 203
   vertex 151.5 106 204
  endloop
 endfacet
 facet normal 1 0 -0
  outer loop
   vertex 151.5 106 204
   vertex 151.5 107 203
   vertex 151.5 107 204
  endloop
 endfacet
 facet normal -0.70710678118654746 0 0.70710678118654746
  outer loop
   vertex 146 107 203.5
   vertex 146 108 203.5
   vertex 145.5 108 203
  endloop
 endfacet
 facet normal -0.70710678118654746 0 0.70710678118654746
  outer loop
   vertex 145.5 107 203
   vertex 146 107 203.5
   vertex 145.5 108 203
  endloop
 endfacet
 facet normal -0.70710678118654746 0 0.70710678118654746
  outer loop
   vertex 146.5 108 204
   vertex 146 107 203.5
   vertex 146.5 107 204
  endloop
 endfacet
 facet normal -0.70710678118654746 0 0.70710678118654746
  outer loop
   vertex 146 108 203.5
   vertex 146 107 203.5
   vertex 146.5 108 204
  endloop
 endfacet
 facet normal 0.57735026918962584 0.57735026918962584 0.57735026918962584
  outer loop
   vertex 151 108 203.5
   vertex 150.5 108 204
   vertex 151 107.5 204
  endloop
 endfacet
 facet normal 0.57735026918962584 0.57735026918962584 0.57735026918962584
  outer loop
   vertex 151 108 203.5
   vertex 151 107.5 204
   vertex 151.5 107 204
  endloop
 endfacet
 facet normal 0.57735026918962584 0.57735026918962584 0.57735026918962584
  outer loop
   vertex 151 108 203.5
   vertex 151.5 107 204
   vertex 151.5 108 203
  endloop
 endfacet
 facet normal 1 0 0
  outer loop
   vertex 151.5 108 203
   vertex 151.5 107 204
   vertex 151.5 107 203
  endloop
 endfacet
 facet normal -0.70710678118654746 0 0.70710678118654746
  outer loop
   vertex 146 108 203.5
   vertex 146 109 203.5
   vertex 145.5 109 203
  endloop
 endfacet
 facet normal -0.70710678118654746 0 0.70710678118654746
  outer loop
   vertex 145.5 108 203
   vertex 146 108 203.5
   vertex 145.5 109 203
  endloop
 endfacet
 facet normal -0.70710678118654746 0 0.70710678118654746
  outer loop
   vertex 146.5 109 204
   vertex 146 108 203.5
   vertex 146.5 108 204
  endloop
 endfacet
 facet normal -0.70710678118654746 0 0.70710678118654746
  outer loop
   vertex 146 109 203.5
   vertex 146 108 203.5
   vertex 146.5 109 204
  endloop
 endfacet
 facet normal 0.57735026918962584 0.57735026918962584 0.57735026918962584
  outer loop
   vertex 151 108.5 203
   vertex 150.5 108 204
   vertex 151 108 203.5
  endloop
 endfacet
 facet normal 0.57735026918962584 0.57735026918962584 0.57735026918962584
  outer loop
   vertex 151 108.5 203
   vertex 150.5 109 203
   vertex 150.5 108 204
  endloop
 endfacet
 facet normal 1 0 0
  outer loop
   vertex 150.5 109 203
   vertex 150.5 109 204
   vertex 150.5 108 204
  endloop
 endfacet
 facet normal 0.57735026918962584 0.57735026918962584 0.57735026918962584
  outer loop
   vertex 151.5 108 203
   vertex 151 108.5 203
   vertex 151 108 203.5
  endloop
 endfacet
 facet normal -0.70710678118654746 0 0.70710678118654746
  outer loop
   vertex 146 109 203.5
   vertex 146 110 203.5
   vertex 145.5 110 203
  endloop
 endfacet
 facet normal -0.70710678118654746 0 0.70710678118654746
  outer loop
   vertex 145.5 109 203
   vertex 146 109 203.5
   vertex 145.5 110 203
  endloop
 endfacet
 facet normal -0.70710678118654746 0 0.70710678118654746
  outer loop
   vertex 146.5 110 204
   vertex 146 109 203.5
   vertex 146.5 109 204
  endloop
 endfacet
 facet normal -0.70710678118654746 0 0.70710678118654746
  outer loop
   vertex 146 110 203.5
   vertex 146 109 203.5
   vertex 146.5 110 204
  endloop
 endfacet
 facet normal 0.57735026918962584 0.57735026918962584 0.57735026918962584
  outer loop
   vertex 150 110 203.5
   vertex 149.5 110 204
   vertex 150 109.5 204
  endloop
 endfacet
 facet normal 0.57735026918962584 0.57735026918962584 0.57735026918962584
  outer loop
   vertex 150 110 203.5
   vertex 150 109.5 204
   vertex 150.5 109 204
  endloop
 endfacet
 facet normal 0.57735026918962584 0.57735026918962584 0.57735026918962584
  outer loop
   vertex 150 110 203.5
   vertex 150.5 109 204
   vertex 150.5 110 203
  endloop
 endfacet
 facet normal 1 0 0
  outer loop
   vertex 150.5 110 203
   vertex 150.5 109 204
   vertex 150.5 109 203
  endloop
 endfacet
 facet normal -0.70710678118654746 0 0.70710678118654746
  outer loop
   vertex 146 110 203.5
   vertex 146 111 203.5
   vertex 145.5 111 203
  endloop
 endfacet
 facet normal -0.70710678118654746 0 0.70710678118654746
  outer loop
   vertex 145.5 110 203
   vertex 146 110 203.5
   vertex 145.5 111 203
  endloop
 endfacet
 facet normal -0.70710678118654746 0 0.70710678118654746
  outer loop
   vertex 146.5 111 204
   vertex 146 110 203.5
   vertex 146.5 110 204
  endloop
 endfacet
 facet normal -0.70710678118654746 0 0.70710678118654746
  outer loop
   vertex 146 111 203.5
   vertex 146 110 203.5
   vertex 146.5 111 204
  endloop
 endfacet
 facet normal 0.70710678118654746 0.70710678118654746 0
  outer loop
   vertex 149 110.5 203
   vertex 148.5 111 204
   vertex 149 110.5 204
  endloop
 endfacet
 facet normal 0.70710678118654746 0.70710678118654746 0
  outer loop
   vertex 148.5 111 203
   vertex 148.5 111 204
   vertex 149 110.5 203
  endloop
 endfacet
 facet normal 0.57735026918962584 0.57735026918962584 0.57735026918962584
  outer loop
   vertex 149.5 110 204
   vertex 150 110 203.5
   vertex 150 110.5 203
  endloop
 endfacet
 facet normal 0.57735026918962584 0.57735026918962584 0.57735026918962584
  outer loop
   vertex 149.5 110 204
   vertex 150 110.5 203
   vertex 149 110.5 204
  endloop
 endfacet
 facet normal 0 1 0
  outer loop
   vertex 149 110.5 204
   vertex 150 110.5 203
   vertex 149 110.5 203
  endloop
 endfacet
 facet normal 0.57735026918962584 0.57735026918962584 0.57735026918962584
  outer loop
   vertex 150.5 110 203
   vertex 150 110.5 203
   vertex 150 110 203.5
  endloop
 endfacet
 facet normal -0.57735026918962584 0.57735026918962584 0.57735026918962584
  outer loop
   vertex 145.5 111 203
   vertex 146 111 203.5
   vertex 146 111.5 203
  endloop
 endfacet
 facet normal -0.57735026918962584 0.57735026918962584 0.57735026918962584
  outer loop
   vertex 146 111 203.5
   vertex 146.5 111 204
   vertex 147 111.5 204
  endloop
 endfacet
 facet normal -0.57735026918962584 0.57735026918962584 0.57735026918962584
  outer loop
   vertex 146 111 203.5
   vertex 147 111.5 204
   vertex 146 111.5 203
  endloop
 endfacet
 facet normal 0 1 0
  outer loop
   vertex 146 111.5 203
   vertex 147 111.5 204
   vertex 147 111.5 203
  endloop
 endfacet
 facet normal 0 1 0
  outer loop
   vertex 148 111.5 203
   vertex 147 111.5 203
   vertex 148 111.5 204
  endloop
 endfacet
 facet normal -0 1 0
  outer loop
   vertex 147 111.5 203
   vertex 147 111.5 204
   vertex 148 111.5 204
  endloop
 endfacet
 facet normal 0.70710678118654746 0.70710678118654746 -0
  outer loop
   vertex 148.5 111 204
   vertex 148.5 111 203
   vertex 148 111.5 203
  endloop
 endfacet
 facet normal 0.70710678118654746 0.70710678118654746 0
  outer loop
   vertex 148 111.5 204
   vertex 148.5 111 204
   vertex 148 111.5 203
  endloop
 endfacet
 facet normal -0.70710678118654746 -0.70710678118654746 -0
  outer loop
   vertex 149 96.5 204
   vertex 149 96.5 205
   vertex 148.5 97 205
  endloop
 endfacet
 facet normal -0.70710678118654746 -0.70710678118654746 0
  outer loop
   vertex 148.5 97 204
   vertex 149 96.5 204
   vertex 148.5 97 205
  endloop
 endfacet
 facet normal 0 -1 -0
  outer loop
   vertex 150 96.5 204
   vertex 150 96.5 205
   vertex 149 96.5 204
  endloop
 endfacet
 facet normal -0 -1 0
  outer loop
   vertex 149 96.5 204
   vertex 150 96.5 205
   vertex 149 96.5 205
  endloop
 endfacet
 facet normal 0.70710678118654746 -0.70710678118654746 0
  outer loop
   vertex 150 96.5 205
   vertex 150 96.5 204
   vertex 150.5 97 204
  endloop
 endfacet
 facet normal 0.70710678118654746 -0.70710678118654746 0
  outer loop
   vertex 150.5 97 205
   vertex 150 96.5 205
   vertex 150.5 97 204
  endloop
 endfacet
 facet normal -0.57735026918962584 -0.57735026918962584 0.57735026918962584
  outer loop
   vertex 148 97.5 204
   vertex 148 98 204.5
   vertex 147.5 98 204
  endloop
 endfacet
 facet normal -0.57735026918962584 -0.57735026918962584 0.57735026918962584
  outer loop
   vertex 148 97.5 204
   vertex 148.5 98 205
   vertex 148 98 204.5
  endloop
 endfacet
 facet normal -0.57735026918962584 -0.57735026918962584 0.57735026918962584
  outer loop
   vertex 148 97.5 204
   vertex 148.5 97 204
   vertex 148.5 98 205
  endloop
 endfacet
 facet normal -1 0 0
  outer loop
   vertex 148.5 97 204
   vertex 148.5 97 205
   vertex 148.5 98 205
  endloop
 endfacet
 facet normal 0.57735026918962584 -0.57735026918962584 0.57735026918962584
  outer loop
   vertex 151 98 204.5
   vertex 150.5 97 204
   vertex 151 97.5 204
  endloop
 endfacet
 facet normal 0.57735026918962584 -0.57735026918962584 0.57735026918962584
  outer loop
   vertex 151 98 204.5
   vertex 150.5 98 205
   vertex 150.5 97 204
  endloop
 endfacet
 facet normal 1 -0 0
  outer loop
   vertex 150.5 98 205
   vertex 150.5 97 205
   vertex 150.5 97 204
  endloop
 endfacet
 facet normal 0.57735026918962584 -0.57735026918962584 0.57735026918962584
  outer loop
   vertex 151 97.5 204
   vertex 151.5 98 204
   vertex 151 98 204.5
  endloop
 endfacet
 facet normal -0.57735026918962584 -0.57735026918962584 0.57735026918962584
  outer loop
   vertex 148 98 204.5
   vertex 148 98.5 205
   vertex 147.5 99 205
  endloop
 endfacet
 facet normal -0.57735026918962584 -0.57735026918962584 0.57735026918962584
  outer loop
   vertex 148 98 204.5
   vertex 147.5 99 205
   vertex 147.5 98 204
  endloop
 endfacet
 facet normal -1 0 -0
  outer loop
   vertex 147.5 98 204
   vertex 147.5 99 205
   vertex 147.5 99 204
  endloop
 endfacet
 facet normal -0.57735026918962584 -0.57735026918962584 0.57735026918962584
  outer loop
   vertex 148.5 98 205
   vertex 148 98.5 205
   vertex 148 98 204.5
  endloop
 endfacet
 facet normal 0.57735026918962584 -0.57735026918962584 0.57735026918962584
  outer loop
   vertex 151 98 204.5
   vertex 151 98.5 205
   vertex 150.5 98 205
  endloop
 endfacet
 facet normal 0.57735026918962584 -0.57735026918962584 0.57735026918962584
  outer loop
   vertex 151 98.5 205
   vertex 151 98 204.5
   vertex 151.5 98 204
  endloop
 endfacet
 facet normal 0.57735026918962584 -0.57735026918962584 0.57735026918962584
  outer loop
   vertex 151 98.5 205
   vertex 151.5 98 204
   vertex 151.5 99 205
  endloop
 endfacet
 facet normal 1 0 0
  outer loop
   vertex 151.5 99 205
   vertex 151.5 98 204
   vertex 151.5 99 204
  endloop
 endfacet
 facet normal -0.70710678118654746 -0.70710678118654746 -0
  outer loop
   vertex 147 99.5 204
   vertex 147 99.5 205
   vertex 146.5 100 205
  endloop
 endfacet
 facet normal -0.70710678118654746 -0.70710678118654746 0
  outer loop
   vertex 146.5 100 204
   vertex 147 99.5 204
   vertex 146.5 100 205
  endloop
 endfacet
 facet normal -0.70710678118654746 -0.70710678118654746 0
  outer loop
   vertex 147.5 99 205
   vertex 147 99.5 204
   vertex 147.5 99 204
  endloop
 endfacet
 facet normal -0.70710678118654746 -0.70710678118654746 0
  outer loop
   vertex 147 99.5 205
   vertex 147 99.5 204
   vertex 147.5 99 205
  endloop
 endfacet
 facet normal 1 0 0
  outer loop
   vertex 151.5 99 204
   vertex 151.5 100 204
   vertex 151.5 99 205
  endloop
 endfacet
 facet normal 1 0 -0
  outer loop
   vertex 151.5 99 205
   vertex 151.5 100 204
   vertex 151.5 100 205
  endloop
 endfacet
 facet normal -0.70710678118654746 -0.70710678118654746 -0
  outer loop
   vertex 146 100.5 204
   vertex 146 100.5 205
   vertex 145.5 101 205
  endloop
 endfacet
 facet normal -0.70710678118654746 -0.70710678118654746 0
  outer loop
   vertex 145.5 101 204
   vertex 146 100.5 204
   vertex 145.5 101 205
  endloop
 endfacet
 facet normal -0.70710678118654746 -0.70710678118654746 0
  outer loop
   vertex 146.5 100 205
   vertex 146 100.5 204
   vertex 146.5 100 204
  endloop
 endfacet
 facet normal -0.70710678118654746 -0.70710678118654746 0
  outer loop
   vertex 146 100.5 205
   vertex 146 100.5 204
   vertex 146.5 100 205
  endloop
 endfacet
 facet normal 1 0 0
  outer loop
   vertex 151.5 100 204
   vertex 151.5 101 204
   vertex 151.5 100 205
  endloop
 endfacet
 facet normal 1 0 -0
  outer loop
   vertex 151.5 100 205
   vertex 151.5 101 204
   vertex 151.5 101 205
  endloop
 endfacet
 facet normal -1 0 0
  outer loop
   vertex 145.5 101 204
   vertex 145.5 101 205
   vertex 145.5 102 204
  endloop
 endfacet
 facet normal -1 -0 -0
  outer loop
   vertex 145.5 101 205
   vertex 145.5 102 205
   vertex 145.5 102 204
  endloop
 endfacet
 facet normal 1 0 0
  outer loop
   vertex 151.5 101 204
   vertex 151.5 102 204
   vertex 151.5 101 205
  endloop
 endfacet
 facet normal 1 0 -0
  outer loop
   vertex 151.5 101 205
   vertex 151.5 102 204
   vertex 151.5 102 205
  endloop
 endfacet
 facet normal -1 0 0
  outer loop
   vertex 145.5 102 204
   vertex 145.5 102 205
   vertex 145.5 103 204
  endloop
 endfacet
 facet normal -1 -0 -0
  outer loop
   vertex 145.5 102 205
   vertex 145.5 103 205
   vertex 145.5 103 204
  endloop
 endfacet
 facet normal 1 0 0
  outer loop
   vertex 151.5 102 204
   vertex 151.5 103 204
   vertex 151.5 102 205
  endloop
 endfacet
 facet normal 1 0 -0
  outer loop
   vertex 151.5 102 205
   vertex 151.5 103 204
   vertex 151.5 103 205
  endloop
 endfacet
 facet normal -1 0 0
  outer loop
   vertex 145.5 103 204
   vertex 145.5 103 205
   vertex 145.5 104 204
  endloop
 endfacet
 facet normal -1 -0 -0
  outer loop
   vertex 145.5 103 205
   vertex 145.5 104 205
   vertex 145.5 104 204
  endloop
 endfacet
 facet normal 1 0 0
  outer loop
   vertex 151.5 103 204
   vertex 151.5 104 204
   vertex 151.5 103 205
  endloop
 endfacet
 facet normal 1 0 -0
  outer loop
   vertex 151.5 103 205
   vertex 151.5 104 204
   vertex 151.5 104 205
  endloop
 endfacet
 facet normal -1 0 0
  outer loop
   vertex 145.5 104 204
   vertex 145.5 104 205
   vertex 145.5 105 204
  endloop
 endfacet
 facet normal -1 -0 -0
  outer loop
   vertex 145.5 104 205
   vertex 145.5 105 205
   vertex 145.5 105 204
  endloop
 endfacet
 facet normal 1 0 0
  outer loop
   vertex 151.5 104 204
   vertex 151.5 105 204
   vertex 151.5 104 205
  endloop
 endfacet
 facet normal 1 0 -0
  outer loop
   vertex 151.5 104 205
   vertex 151.5 105 204
   vertex 151.5 105 205
  endloop
 endfacet
 facet normal -0.70710678118654746 0.70710678118654746 0
  outer loop
   vertex 145.5 105 204
   vertex 145.5 105 205
   vertex 146 105.5 205
  endloop
 endfacet
 facet normal -0.70710678118654746 0.70710678118654746 0
  outer loop
   vertex 146 105.5 204
   vertex 145.5 105 204
   vertex 146 105.5 205
  endloop
 endfacet
 facet normal -0.70710678118654746 0.70710678118654746 0
  outer loop
   vertex 146 105.5 205
   vertex 146.5 106 204
   vertex 146 105.5 204
  endloop
 endfacet
 facet normal -0.70710678118654746 0.70710678118654746 0
  outer loop
   vertex 146.5 106 205
   vertex 146.5 106 204
   vertex 146 105.5 205
  endloop
 endfacet
 facet normal 0.57735026918962584 0.57735026918962584 0.57735026918962584
  outer loop
   vertex 151 106 204.5
   vertex 150.5 106 205
   vertex 151 105.5 205
  endloop
 endfacet
 facet normal 0.57735026918962584 0.57735026918962584 0.57735026918962584
  outer loop
   vertex 151 106 204.5
   vertex 151 105.5 205
   vertex 151.5 105 205
  endloop
 endfacet
 facet normal 0.57735026918962584 0.57735026918962584 0.57735026918962584
  outer loop
   vertex 151 106 204.5
   vertex 151.5 105 205
   vertex 151.5 106 204
  endloop
 endfacet
 facet normal 1 0 0
  outer loop
   vertex 151.5 106 204
   vertex 151.5 105 205
   vertex 151.5 105 204
  endloop
 endfacet
 facet normal -1 0 0
  outer loop
   vertex 146.5 106 204
   vertex 146.5 106 205
   vertex 146.5 107 204
  endloop
 endfacet
 facet normal -1 -0 -0
  outer loop
   vertex 146.5 106 205
   vertex 146.5 107 205
   vertex 146.5 107 204
  endloop
 endfacet
 facet normal 0.70710678118654746 0 0.70710678118654746
  outer loop
   vertex 151 107 204.5
   vertex 150.5 106 205
   vertex 151 106 204.5
  endloop
 endfacet
 facet normal 0.70710678118654746 -0 0.70710678118654746
  outer loop
   vertex 150.5 107 205
   vertex 150.5 106 205
   vertex 151 107 204.5
  endloop
 endfacet
 facet normal 0.70710678118654746 0 0.70710678118654746
  outer loop
   vertex 151.5 106 204
   vertex 151.5 107 204
   vertex 151 107 204.5
  endloop
 endfacet
 facet normal 0.70710678118654746 0 0.70710678118654746
  outer loop
   vertex 151 106 204.5
   vertex 151.5 106 204
   vertex 151 107 204.5
  endloop
 endfacet
 facet normal -1 0 0
  outer loop
   vertex 146.5 107 204
   vertex 146.5 107 205
   vertex 146.5 108 204
  endloop
 endfacet
 facet normal -1 -0 -0
  outer loop
   vertex 146.5 107 205
   vertex 146.5 108 205
   vertex 146.5 108 204
  endloop
 endfacet
 facet normal 0.57735026918962584 0.57735026918962584 0.57735026918962584
  outer loop
   vertex 151 107.5 204
   vertex 150.5 107 205
   vertex 151 107 204.5
  endloop
 endfacet
 facet normal 0.57735026918962584 0.57735026918962584 0.57735026918962584
  outer loop
   vertex 151 107.5 204
   vertex 150.5 108 204
   vertex 150.5 107 205
  endloop
 endfacet
 facet normal 1 0 0
  outer loop
   vertex 150.5 108 204
   vertex 150.5 108 205
   vertex 150.5 107 205
  endloop
 endfacet
 facet normal 0.57735026918962584 0.57735026918962584 0.57735026918962584
  outer loop
   vertex 151.5 107 204
   vertex 151 107.5 204
   vertex 151 107 204.5
  endloop
 endfacet
 facet normal -1 0 0
  outer loop
   vertex 146.5 108 204
   vertex 146.5 108 205
   vertex 146.5 109 204
  endloop
 endfacet
 facet normal -1 -0 -0
  outer loop
   vertex 146.5 108 205
   vertex 146.5 109 205
   vertex 146.5 109 204
  endloop
 endfacet
 facet normal 0.57735026918962584 0.57735026918962584 0.57735026918962584
  outer loop
   vertex 150 109 204.5
   vertex 149.5 109 205
   vertex 150 108.5 205
  endloop
 endfacet
 facet normal 0.57735026918962584 0.57735026918962584 0.57735026918962584
  outer loop
   vertex 150 109 204.5
   vertex 150 108.5 205
   vertex 150.5 108 205
  endloop
 endfacet
 facet normal 0.57735026918962584 0.57735026918962584 0.57735026918962584
  outer loop
   vertex 150 109 204.5
   vertex 150.5 108 205
   vertex 150.5 109 204
  endloop
 endfacet
 facet normal 1 0 0
  outer loop
   vertex 150.5 109 204
   vertex 150.5 108 205
   vertex 150.5 108 204
  endloop
 endfacet
 facet normal -1 0 0
  outer loop
   vertex 146.5 109 204
   vertex 146.5 109 205
   vertex 146.5 110 204
  endloop
 endfacet
 facet normal -1 -0 -0
  outer loop
   vertex 146.5 109 205
   vertex 146.5 110 205
   vertex 146.5 110 204
  endloop
 endfacet
 facet normal 0.57735026918962584 0.57735026918962584 0.57735026918962584
  outer loop
   vertex 149 110 204.5
   vertex 148.5 110 205
   vertex 149 109.5 205
  endloop
 endfacet
 facet normal 0.57735026918962584 0.57735026918962584 0.57735026918962584
  outer loop
   vertex 149.5 109 205
   vertex 149 110 204.5
   vertex 149 109.5 205
  endloop
 endfacet
 facet normal 0.57735026918962584 0.57735026918962584 0.57735026918962584
  outer loop
   vertex 150 109 204.5
   vertex 149 110 204.5
   vertex 149.5 109 205
  endloop
 endfacet
 facet normal 0.57735026918962584 0.57735026918962584 0.57735026918962584
  outer loop
   vertex 150 109 204.5
   vertex 149.5 110 204
   vertex 149 110 204.5
  endloop
 endfacet
 facet normal 0.57735026918962584 0.57735026918962584 0.57735026918962584
  outer loop
   vertex 150 109 204.5
   vertex 150 109.5 204
   vertex 149.5 110 204
  endloop
 endfacet
 facet normal 0.57735026918962584 0.57735026918962584 0.57735026918962584
  outer loop
   vertex 150.5 109 204
   vertex 150 109.5 204
   vertex 150 109 204.5
  endloop
 endfacet
 facet normal -1 0 0
  outer loop
   vertex 146.5 110 204
   vertex 146.5 110 205
   vertex 146.5 111 204
  endloop
 endfacet
 facet normal -1 -0 -0
  outer loop
   vertex 146.5 110 205
   vertex 146.5 111 205
   vertex 146.5 111 204
  endloop
 endfacet
 facet normal 0.57735026918962584 0.57735026918962584 0.57735026918962584
  outer loop
   vertex 148 111 204.5
   vertex 147.5 111 205
   vertex 148 110.5 205
  endloop
 endfacet
 facet normal 0.57735026918962584 0.57735026918962584 0.57735026918962584
  outer loop
   vertex 148.5 110 205
   vertex 148 111 204.5
   vertex 148 110.5 205
  endloop
 endfacet
 facet normal 0.57735026918962584 0.57735026918962584 0.57735026918962584
  outer loop
   vertex 149 110 204.5
   vertex 148 111 204.5
   vertex 148.5 110 205
  endloop
 endfacet
 facet normal 0.57735026918962584 0.57735026918962584 0.57735026918962584
  outer loop
   vertex 149 110 204.5
   vertex 148.5 111 204
   vertex 148 111 204.5
  endloop
 endfacet
 facet normal 0.57735026918962584 0.57735026918962584 0.57735026918962584
  outer loop
   vertex 149 110 204.5
   vertex 149 110.5 204
   vertex 148.5 111 204
  endloop
 endfacet
 facet normal 0.57735026918962584 0.57735026918962584 0.57735026918962584
  outer loop
   vertex 149.5 110 204
   vertex 149 110.5 204
   vertex 149 110 204.5
  endloop
 endfacet
 facet normal -0.70710678118654746 0.70710678118654746 0
  outer loop
   vertex 146.5 111 204
   vertex 146.5 111 205
   vertex 147 111.5 205
  endloop
 endfacet
 facet normal -0.70710678118654746 0.70710678118654746 0
  outer loop
   vertex 147 111.5 204
   vertex 146.5 111 204
   vertex 147 111.5 205
  endloop
 endfacet
 facet normal 0.57735026918962584 0.57735026918962584 0.57735026918962584
  outer loop
   vertex 147.5 111 205
   vertex 148 111 204.5
   vertex 148 111.5 204
  endloop
 endfacet
 facet normal 0.57735026918962584 0.57735026918962584 0.57735026918962584
  outer loop
   vertex 147.5 111 205
   vertex 148 111.5 204
   vertex 147 111.5 205
  endloop
 endfacet
 facet normal 0 1 0
  outer loop
   vertex 147 111.5 205
   vertex 148 111.5 204
   vertex 147 111.5 204
  endloop
 endfacet
 facet normal 0.57735026918962584 0.57735026918962584 0.57735026918962584
  outer loop
   vertex 148.5 111 204
   vertex 148 111.5 204
   vertex 148 111 204.5
  endloop
 endfacet
 facet normal -0.70710678118654746 -0.70710678118654746 -0
  outer loop
   vertex 149 96.5 205
   vertex 149 96.5 206
   vertex 148.5 97 206
  endloop
 endfacet
 facet normal -0.70710678118654746 -0.70710678118654746 0
  outer loop
   vertex 148.5 97 205
   vertex 149 96.5 205
   vertex 148.5 97 206
  endloop
 endfacet
 facet normal 0.57735026918962584 -0.57735026918962584 0.57735026918962584
  outer loop
   vertex 150 97 205.5
   vertex 149.5 97 206
   vertex 149 96.5 206
  endloop
 endfacet
 facet normal 0.57735026918962584 -0.57735026918962584 0.57735026918962584
  outer loop
   vertex 150 97 205.5
   vertex 149 96.5 206
   vertex 150 96.5 205
  endloop
 endfacet
 facet normal 0 -1 0
  outer loop
   vertex 150 96.5 205
   vertex 149 96.5 206
   vertex 149 96.5 205
  endloop
 endfacet
 facet normal 0.57735026918962584 -0.57735026918962584 0.57735026918962584
  outer loop
   vertex 150 96.5 205
   vertex 150.5 97 205
   vertex 150 97 205.5
  endloop
 endfacet
 facet normal -1 0 0
  outer loop
   vertex 148.5 97 205
   vertex 148.5 97 206
   vertex 148.5 98 205
  endloop
 endfacet
 facet normal -1 -0 -0
  outer loop
   vertex 148.5 97 206
   vertex 148.5 98 206
   vertex 148.5 98 205
  endloop
 endfacet
 facet normal 0.70710678118654746 0 0.70710678118654746
  outer loop
   vertex 150 98 205.5
   vertex 149.5 97 206
   vertex 150 97 205.5
  endloop
 endfacet
 facet normal 0.70710678118654746 -0 0.70710678118654746
  outer loop
   vertex 149.5 98 206
   vertex 149.5 97 206
   vertex 150 98 205.5
  endloop
 endfacet
 facet normal 0.70710678118654746 0 0.70710678118654746
  outer loop
   vertex 150.5 97 205
   vertex 150.5 98 205
   vertex 150 98 205.5
  endloop
 endfacet
 facet normal 0.70710678118654746 0 0.70710678118654746
  outer loop
   vertex 150 97 205.5
   vertex 150.5 97 205
   vertex 150 98 205.5
  endloop
 endfacet
 facet normal -0.57735026918962584 -0.57735026918962584 0.57735026918962584
  outer loop
   vertex 148 98.5 205
   vertex 148 99 205.5
   vertex 147.5 99 205
  endloop
 endfacet
 facet normal -0.57735026918962584 -0.57735026918962584 0.57735026918962584
  outer loop
   vertex 148 98.5 205
   vertex 148.5 99 206
   vertex 148 99 205.5
  endloop
 endfacet
 facet normal -0.57735026918962584 -0.57735026918962584 0.57735026918962584
  outer loop
   vertex 148 98.5 205
   vertex 148.5 98 205
   vertex 148.5 99 206
  endloop
 endfacet
 facet normal -1 0 0
  outer loop
   vertex 148.5 98 205
   vertex 148.5 98 206
   vertex 148.5 99 206
  endloop
 endfacet
 facet normal 0.57735026918962584 -0.57735026918962584 0.57735026918962584
  outer loop
   vertex 150 98 205.5
   vertex 150 98.5 206
   vertex 149.5 98 206
  endloop
 endfacet
 facet normal 0.57735026918962584 -0.57735026918962584 0.57735026918962584
  outer loop
   vertex 151 99 205.5
   vertex 150.5 99 206
   vertex 150 98.5 206
  endloop
 endfacet
 facet normal 0.57735026918962584 -0.57735026918962584 0.57735026918962584
  outer loop
   vertex 151 98.5 205
   vertex 151 99 205.5
   vertex 150 98.5 206
  endloop
 endfacet
 facet normal 0.57735026918962584 -0.57735026918962584 0.57735026918962584
  outer loop
   vertex 151 98.5 205
   vertex 150 98.5 206
   vertex 150 98 205.5
  endloop
 endfacet
 facet normal 0.57735026918962584 -0.57735026918962584 0.57735026918962584
  outer loop
   vertex 151 98.5 205
   vertex 150 98 205.5
   vertex 150.5 98 205
  endloop
 endfacet
 facet normal 0.57735026918962584 -0.57735026918962584 0.57735026918962584
  outer loop
   vertex 151 98.5 205
   vertex 151.5 99 205
   vertex 151 99 205.5
  endloop
 endfacet
 facet normal -0.70710678118654746 -0.70710678118654746 -0
  outer loop
   vertex 147 99.5 205
   vertex 147 99.5 206
   vertex 146.5 100 206
  endloop
 endfacet
 facet normal -0.70710678118654746 -0.70710678118654746 0
  outer loop
   vertex 146.5 100 205
   vertex 147 99.5 205
   vertex 146.5 100 206
  endloop
 endfacet
 facet normal -0.57735026918962584 -0.57735026918962584 0.57735026918962584
  outer loop
   vertex 148 99 205.5
   vertex 147 99.5 205
   vertex 147.5 99 205
  endloop
 endfacet
 facet normal -0.57735026918962584 -0.57735026918962584 0.57735026918962584
  outer loop
   vertex 148 99 205.5
   vertex 148 99.5 206
   vertex 147 99.5 205
  endloop
 endfacet
 facet normal 0 -1 0
  outer loop
   vertex 148 99.5 206
   vertex 147 99.5 206
   vertex 147 99.5 205
  endloop
 endfacet
 facet normal -0.57735026918962584 -0.57735026918962584 0.57735026918962584
  outer loop
   vertex 148.5 99 206
   vertex 148 99.5 206
   vertex 148 99 205.5
  endloop
 endfacet
 facet normal 0.70710678118654746 0 0.70710678118654746
  outer loop
   vertex 151 100 205.5
   vertex 150.5 99 206
   vertex 151 99 205.5
  endloop
 endfacet
 facet normal 0.70710678118654746 -0 0.70710678118654746
  outer loop
   vertex 150.5 100 206
   vertex 150.5 99 206
   vertex 151 100 205.5
  endloop
 endfacet
 facet normal 0.70710678118654746 0 0.70710678118654746
  outer loop
   vertex 151.5 99 205
   vertex 151.5 100 205
   vertex 151 100 205.5
  endloop
 endfacet
 facet normal 0.70710678118654746 0 0.70710678118654746
  outer loop
   vertex 151 99 205.5
   vertex 151.5 99 205
   vertex 151 100 205.5
  endloop
 endfacet
 facet normal -0.57735026918962584 -0.57735026918962584 0.57735026918962584
  outer loop
   vertex 146 100.5 205
   vertex 146 101 205.5
   vertex 145.5 101 205
  endloop
 endfacet
 facet normal -0.57735026918962584 -0.57735026918962584 0.57735026918962584
  outer loop
   vertex 146 100.5 205
   vertex 146.5 101 206
   vertex 146 101 205.5
  endloop
 endfacet
 facet normal -0.57735026918962584 -0.57735026918962584 0.57735026918962584
  outer loop
   vertex 146 100.5 205
   vertex 146.5 100 205
   vertex 146.5 101 206
  endloop
 endfacet
 facet normal -1 0 0
  outer loop
   vertex 146.5 100 205
   vertex 146.5 100 206
   vertex 146.5 101 206
  endloop
 endfacet
 facet normal 0.70710678118654746 0 0.70710678118654746
  outer loop
   vertex 151 101 205.5
   vertex 150.5 100 206
   vertex 151 100 205.5
  endloop
 endfacet
 facet normal 0.70710678118654746 -0 0.70710678118654746
  outer loop
   vertex 150.5 101 206
   vertex 150.5 100 206
   vertex 151 101 205.5
  endloop
 endfacet
 facet normal 0.70710678118654746 0 0.70710678118654746
  outer loop
   vertex 151.5 100 205
   vertex 151.5 101 205
   vertex 151 101 205.5
  endloop
 endfacet
 facet normal 0.70710678118654746 0 0.70710678118654746
  outer loop
   vertex 151 100 205.5
   vertex 151.5 100 205
   vertex 151 101 205.5
  endloop
 endfacet
 facet normal -0.57735026918962584 -0.57735026918962584 0.57735026918962584
  outer loop
   vertex 146 101 205.5
   vertex 146 101.5 206
   vertex 145.5 102 206
  endloop
 endfacet
 facet normal -0.57735026918962584 -0.57735026918962584 0.57735026918962584
  outer loop
   vertex 146 101 205.5
   vertex 145.5 102 206
   vertex 145.5 101 205
  endloop
 endfacet
 facet normal -1 0 -0
  outer loop
   vertex 145.5 101 205
   vertex 145.5 102 206
   vertex 145.5 102 205
  endloop
 endfacet
 facet normal -0.57735026918962584 -0.57735026918962584 0.57735026918962584
  outer loop
   vertex 146.5 101 206
   vertex 146 101.5 206
   vertex 146 101 205.5
  endloop
 endfacet
 facet normal 0.70710678118654746 0 0.70710678118654746
  outer loop
   vertex 151 102 205.5
   vertex 150.5 101 206
   vertex 151 101 205.5
  endloop
 endfacet
 facet normal 0.70710678118654746 -0 0.70710678118654746
  outer loop
   vertex 150.5 102 206
   vertex 150.5 101 206
   vertex 151 102 205.5
  endloop
 endfacet
 facet normal 0.70710678118654746 0 0.70710678118654746
  outer loop
   vertex 151.5 101 205
   vertex 151.5 102 205
   vertex 151 102 205.5
  endloop
 endfacet
 facet normal 0.70710678118654746 0 0.70710678118654746
  outer loop
   vertex 151 101 205.5
   vertex 151.5 101 205
   vertex 151 102 205.5
  endloop
 endfacet
 facet normal -1 0 0
  outer loop
   vertex 145.5 102 205
   vertex 145.5 102 206
   vertex 145.5 103 205
  endloop
 endfacet
 facet normal -1 -0 -0
  outer loop
   vertex 145.5 102 206
   vertex 145.5 103 206
   vertex 145.5 103 205
  endloop
 endfacet
 facet normal 0.70710678118654746 0 0.70710678118654746
  outer loop
   vertex 151 103 205.5
   vertex 150.5 102 206
   vertex 151 102 205.5
  endloop
 endfacet
 facet normal 0.70710678118654746 -0 0.70710678118654746
  outer loop
   vertex 150.5 103 206
   vertex 150.5 102 206
   vertex 151 103 205.5
  endloop
 endfacet
 facet normal 0.70710678118654746 0 0.70710678118654746
  outer loop
   vertex 151.5 102 205
   vertex 151.5 103 205
   vertex 151 103 205.5
  endloop
 endfacet
 facet normal 0.70710678118654746 0 0.70710678118654746
  outer loop
   vertex 151 102 205.5
   vertex 151.5 102 205
   vertex 151 103 205.5
  endloop
 endfacet
 facet normal -1 0 0
  outer loop
   vertex 145.5 103 205
   vertex 145.5 103 206
   vertex 145.5 104 205
  endloop
 endfacet
 facet normal -1 -0 -0
  outer loop
   vertex 145.5 103 206
   vertex 145.5 104 206
   vertex 145.5 104 205
  endloop
 endfacet
 facet normal 0.70710678118654746 0 0.70710678118654746
  outer loop
   vertex 151 104 205.5
   vertex 150.5 103 206
   vertex 151 103 205.5
  endloop
 endfacet
 facet normal 0.70710678118654746 -0 0.70710678118654746
  outer loop
   vertex 150.5 104 206
   vertex 150.5 103 206
   vertex 151 104 205.5
  endloop
 endfacet
 facet normal 0.70710678118654746 0 0.70710678118654746
  outer loop
   vertex 151.5 103 205
   vertex 151.5 104 205
   vertex 151 104 205.5
  endloop
 endfacet
 facet normal 0.70710678118654746 0 0.70710678118654746
  outer loop
   vertex 151 103 205.5
   vertex 151.5 103 205
   vertex 151 104 205.5
  endloop
 endfacet
 facet normal -1 0 0
  outer loop
   vertex 145.5 104 205
   vertex 145.5 104 206
   vertex 145.5 105 205
  endloop
 endfacet
 facet normal -1 -0 -0
  outer loop
   vertex 145.5 104 206
   vertex 145.5 105 206
   vertex 145.5 105 205
  endloop
 endfacet
 facet normal 0.70710678118654746 0 0.70710678118654746
  outer loop
   vertex 151 105 205.5
   vertex 150.5 104 206
   vertex 151 104 205.5
  endloop
 endfacet
 facet normal 0.70710678118654746 -0 0.70710678118654746
  outer loop
   vertex 150.5 105 206
   vertex 150.5 104 206
   vertex 151 105 205.5
  endloop
 endfacet
 facet normal 0.70710678118654746 0 0.70710678118654746
  outer loop
   vertex 151.5 104 205
   vertex 151.5 105 205
   vertex 151 105 205.5
  endloop
 endfacet
 facet normal 0.70710678118654746 0 0.70710678118654746
  outer loop
   vertex 151 104 205.5
   vertex 151.5 104 205
   vertex 151 105 205.5
  endloop
 endfacet
 facet normal -0.70710678118654746 0.70710678118654746 0
  outer loop
   vertex 145.5 105 205
   vertex 145.5 105 206
   vertex 146 105.5 206
  endloop
 endfacet
 facet normal -0.70710678118654746 0.70710678118654746 0
  outer loop
   vertex 146 105.5 205
   vertex 145.5 105 205
   vertex 146 105.5 206
  endloop
 endfacet
 facet normal -0.70710678118654746 0.70710678118654746 0
  outer loop
   vertex 146 105.5 206
   vertex 146.5 106 205
   vertex 146 105.5 205
  endloop
 endfacet
 facet normal -0.70710678118654746 0.70710678118654746 0
  outer loop
   vertex 146.5 106 206
   vertex 146.5 106 205
   vertex 146 105.5 206
  endloop
 endfacet
 facet normal 0.57735026918962584 0.57735026918962584 0.57735026918962584
  outer loop
   vertex 151 105.5 205
   vertex 150.5 105 206
   vertex 151 105 205.5
  endloop
 endfacet
 facet normal 0.57735026918962584 0.57735026918962584 0.57735026918962584
  outer loop
   vertex 151 105.5 205
   vertex 150.5 106 205
   vertex 150.5 105 206
  endloop
 endfacet
 facet normal 1 0 0
  outer loop
   vertex 150.5 106 205
   vertex 150.5 106 206
   vertex 150.5 105 206
  endloop
 endfacet
 facet normal 0.57735026918962584 0.57735026918962584 0.57735026918962584
  outer loop
   vertex 151.5 105 205
   vertex 151 105.5 205
   vertex 151 105 205.5
  endloop
 endfacet
 facet normal -1 0 0
  outer loop
   vertex 146.5 106 205
   vertex 146.5 106 206
   vertex 146.5 107 205
  endloop
 endfacet
 facet normal -1 -0 -0
  outer loop
   vertex 146.5 106 206
   vertex 146.5 107 206
   vertex 146.5 107 205
  endloop
 endfacet
 facet normal 1 0 0
  outer loop
   vertex 150.5 106 205
   vertex 150.5 107 205
   vertex 150.5 106 206
  endloop
 endfacet
 facet normal 1 0 -0
  outer loop
   vertex 150.5 106 206
   vertex 150.5 107 205
   vertex 150.5 107 206
  endloop
 endfacet
 facet normal -1 0 0
  outer loop
   vertex 146.5 107 205
   vertex 146.5 107 206
   vertex 146.5 108 205
  endloop
 endfacet
 facet normal -1 -0 -0
  outer loop
   vertex 146.5 107 206
   vertex 146.5 108 206
   vertex 146.5 108 205
  endloop
 endfacet
 facet normal 0.57735026918962584 0.57735026918962584 0.57735026918962584
  outer loop
   vertex 150 108 205.5
   vertex 149.5 108 206
   vertex 150 107.5 206
  endloop
 endfacet
 facet normal 0.57735026918962584 0.57735026918962584 0.57735026918962584
  outer loop
   vertex 150 108 205.5
   vertex 150 107.5 206
   vertex 150.5 107 206
  endloop
 endfacet
 facet normal 0.57735026918962584 0.57735026918962584 0.57735026918962584
  outer loop
   vertex 150 108 205.5
   vertex 150.5 107 206
   vertex 150.5 108 205
  endloop
 endfacet
 facet normal 1 0 0
  outer loop
   vertex 150.5 108 205
   vertex 150.5 107 206
   vertex 150.5 107 205
  endloop
 endfacet
 facet normal -1 0 0
  outer loop
   vertex 146.5 108 205
   vertex 146.5 108 206
   vertex 146.5 109 205
  endloop
 endfacet
 facet normal -1 -0 -0
  outer loop
   vertex 146.5 108 206
   vertex 146.5 109 206
   vertex 146.5 109 205
  endloop
 endfacet
 facet normal 0.57735026918962584 0.57735026918962584 0.57735026918962584
  outer loop
   vertex 150 108.5 205
   vertex 149.5 108 206
   vertex 150 108 205.5
  endloop
 endfacet
 facet normal 0.57735026918962584 0.57735026918962584 0.57735026918962584
  outer loop
   vertex 150 108.5 205
   vertex 149.5 109 205
   vertex 149.5 108 206
  endloop
 endfacet
 facet normal 1 0 0
  outer loop
   vertex 149.5 109 205
   vertex 149.5 109 206
   vertex 149.5 108 206
  endloop
 endfacet
 facet normal 0.57735026918962584 0.57735026918962584 0.57735026918962584
  outer loop
   vertex 150.5 108 205
   vertex 150 108.5 205
   vertex 150 108 205.5
  endloop
 endfacet
 facet normal -1 0 0
  outer loop
   vertex 146.5 109 205
   vertex 146.5 109 206
   vertex 146.5 110 205
  endloop
 endfacet
 facet normal -1 -0 -0
  outer loop
   vertex 146.5 109 206
   vertex 146.5 110 206
   vertex 146.5 110 205
  endloop
 endfacet
 facet normal 0.70710678118654746 0.70710678118654746 0
  outer loop
   vertex 149 109.5 205
   vertex 148.5 110 206
   vertex 149 109.5 206
  endloop
 endfacet
 facet normal 0.70710678118654746 0.70710678118654746 0
  outer loop
   vertex 148.5 110 205
   vertex 148.5 110 206
   vertex 149 109.5 205
  endloop
 endfacet
 facet normal 0.70710678118654746 0.70710678118654746 -0
  outer loop
   vertex 149.5 109 206
   vertex 149.5 109 205
   vertex 149 109.5 205
  endloop
 endfacet
 facet normal 0.70710678118654746 0.70710678118654746 0
  outer loop
   vertex 149 109.5 206
   vertex 149.5 109 206
   vertex 149 109.5 205
  endloop
 endfacet
 facet normal -0.57735026918962584 0.57735026918962584 0.57735026918962584
  outer loop
   vertex 147 110.5 206
   vertex 147 111 205.5
   vertex 146.5 111 205
  endloop
 endfacet
 facet normal -0.57735026918962584 0.57735026918962584 0.57735026918962584
  outer loop
   vertex 147 110.5 206
   vertex 146.5 111 205
   vertex 146.5 110 206
  endloop
 endfacet
 facet normal -1 0 0
  outer loop
   vertex 146.5 110 206
   vertex 146.5 111 205
   vertex 146.5 110 205
  endloop
 endfacet
 facet normal 0.57735026918962584 0.57735026918962584 0.57735026918962584
  outer loop
   vertex 147 111 205.5
   vertex 148 110.5 205
   vertex 147.5 111 205
  endloop
 endfacet
 facet normal 0.57735026918962584 0.57735026918962584 0.57735026918962584
  outer loop
   vertex 147 111 205.5
   vertex 147 110.5 206
   vertex 148 110.5 205
  endloop
 endfacet
 facet normal 0 1 0
  outer loop
   vertex 147 110.5 206
   vertex 148 110.5 206
   vertex 148 110.5 205
  endloop
 endfacet
 facet normal 0.70710678118654746 0.70710678118654746 -0
  outer loop
   vertex 148.5 110 206
   vertex 148.5 110 205
   vertex 148 110.5 205
  endloop
 endfacet
 facet normal 0.70710678118654746 0.70710678118654746 0
  outer loop
   vertex 148 110.5 206
   vertex 148.5 110 206
   vertex 148 110.5 205
  endloop
 endfacet
 facet normal -0.57735026918962584 0.57735026918962584 0.57735026918962584
  outer loop
   vertex 146.5 111 205
   vertex 147 111 205.5
   vertex 147 111.5 205
  endloop
 endfacet
 facet normal 0.57735026918962584 0.57735026918962584 0.57735026918962584
  outer loop
   vertex 147.5 111 205
   vertex 147 111.5 205
   vertex 147 111 205.5
  endloop
 endfacet
 facet normal -0.57735026918962584 -0.57735026918962584 0.57735026918962584
  outer loop
   vertex 149 96.5 206
   vertex 149 97 206.5
   vertex 148.5 97 206
  endloop
 endfacet
 facet normal 0.57735026918962584 -0.57735026918962584 0.57735026918962584
  outer loop
   vertex 149 96.5 206
   vertex 149.5 97 206
   vertex 149 97 206.5
  endloop
 endfacet
 facet normal -0.70710678118654746 0 0.70710678118654746
  outer loop
   vertex 149 97 206.5
   vertex 149 98 206.5
   vertex 148.5 98 206
  endloop
 endfacet
 facet normal -0.70710678118654746 0 0.70710678118654746
  outer loop
   vertex 148.5 97 206
   vertex 149 97 206.5
   vertex 148.5 98 206
  endloop
 endfacet
 facet normal 0.70710678118654746 0 0.70710678118654746
  outer loop
   vertex 149.5 97 206
   vertex 149.5 98 206
   vertex 149 98 206.5
  endloop
 endfacet
 facet normal 0.70710678118654746 0 0.70710678118654746
  outer loop
   vertex 149 97 206.5
   vertex 149.5 97 206
   vertex 149 98 206.5
  endloop
 endfacet
 facet normal -0.70710678118654746 0 0.70710678118654746
  outer loop
   vertex 149 98 206.5
   vertex 149 99 206.5
   vertex 148.5 99 206
  endloop
 endfacet
 facet normal -0.70710678118654746 0 0.70710678118654746
  outer loop
   vertex 148.5 98 206
   vertex 149 98 206.5
   vertex 148.5 99 206
  endloop
 endfacet
 facet normal 0.57735026918962584 -0.57735026918962584 0.57735026918962584
  outer loop
   vertex 149.5 98 206
   vertex 150 98.5 206
   vertex 150 99 206.5
  endloop
 endfacet
 facet normal 0.57735026918962584 -0.57735026918962584 0.57735026918962584
  outer loop
   vertex 149.5 98 206
   vertex 150 99 206.5
   vertex 149 98 206.5
  endloop
 endfacet
 facet normal 0 0 1
  outer loop
   vertex 149 98 206.5
   vertex 150 99 206.5
   vertex 149 99 206.5
  endloop
 endfacet
 facet normal 0.57735026918962584 -0.57735026918962584 0.57735026918962584
  outer loop
   vertex 150 98.5 206
   vertex 150.5 99 206
   vertex 150 99 206.5
  endloop
 endfacet
 facet normal -0.57735026918962584 -0.57735026918962584 0.57735026918962584
  outer loop
   vertex 147 99.5 206
   vertex 147 100 206.5
   vertex 146.5 100 206
  endloop
 endfacet
 facet normal -0.57735026918962584 -0.57735026918962584 0.57735026918962584
  outer loop
   vertex 147.5 100 207
   vertex 147 100 206.5
   vertex 147 99.5 206
  endloop
 endfacet
 facet normal -0.57735026918962584 -0.57735026918962584 0.57735026918962584
  outer loop
   vertex 147.5 100 207
   vertex 147 99.5 206
   vertex 148 99.5 207
  endloop
 endfacet
 facet normal 0 -1 0
  outer loop
   vertex 148 99.5 207
   vertex 147 99.5 206
   vertex 148 99.5 206
  endloop
 endfacet
 facet normal -0.57735026918962584 -0.57735026918962584 0.57735026918962584
  outer loop
   vertex 149 99 206.5
   vertex 148 99.5 206
   vertex 148.5 99 206
  endloop
 endfacet
 facet normal -0.57735026918962584 -0.57735026918962584 0.57735026918962584
  outer loop
   vertex 149 99 206.5
   vertex 149 99.5 207
   vertex 148 99.5 206
  endloop
 endfacet
 facet normal 0 -1 0
  outer loop
   vertex 149 99.5 207
   vertex 148 99.5 207
   vertex 148 99.5 206
  endloop
 endfacet
 facet normal 0.57735026918962584 -0.57735026918962584 0.57735026918962584
  outer loop
   vertex 149 99.5 207
   vertex 150 100 206.5
   vertex 149.5 100 207
  endloop
 endfacet
 facet normal 0.57735026918962584 -0.57735026918962584 0.57735026918962584
  outer loop
   vertex 149 99.5 207
   vertex 149 99 206.5
   vertex 150 100 206.5
  endloop
 endfacet
 facet normal 0 -0 1
  outer loop
   vertex 149 99 206.5
   vertex 150 99 206.5
   vertex 150 100 206.5
  endloop
 endfacet
 facet normal 0.70710678118654746 0 0.70710678118654746
  outer loop
   vertex 150.5 99 206
   vertex 150.5 100 206
   vertex 150 100 206.5
  endloop
 endfacet
 facet normal 0.70710678118654746 0 0.70710678118654746
  outer loop
   vertex 150 99 206.5
   vertex 150.5 99 206
   vertex 150 100 206.5
  endloop
 endfacet
 facet normal -0.57735026918962584 -0.57735026918962584 0.57735026918962584
  outer loop
   vertex 147 100 206.5
   vertex 147 100.5 207
   vertex 146.5 101 207
  endloop
 endfacet
 facet normal -0.57735026918962584 -0.57735026918962584 0.57735026918962584
  outer loop
   vertex 147 100 206.5
   vertex 146.5 101 207
   vertex 146.5 100 206
  endloop
 endfacet
 facet normal -1 0 -0
  outer loop
   vertex 146.5 100 206
   vertex 146.5 101 207
   vertex 146.5 101 206
  endloop
 endfacet
 facet normal -0.57735026918962584 -0.57735026918962584 0.57735026918962584
  outer loop
   vertex 147.5 100 207
   vertex 147 100.5 207
   vertex 147 100 206.5
  endloop
 endfacet
 facet normal 0.70710678118654746 0 0.70710678118654746
  outer loop
   vertex 150 101 206.5
   vertex 149.5 100 207
   vertex 150 100 206.5
  endloop
 endfacet
 facet normal 0.70710678118654746 -0 0.70710678118654746
  outer loop
   vertex 149.5 101 207
   vertex 149.5 100 207
   vertex 150 101 206.5
  endloop
 endfacet
 facet normal 0.70710678118654746 0 0.70710678118654746
  outer loop
   vertex 150.5 100 206
   vertex 150.5 101 206
   vertex 150 101 206.5
  endloop
 endfacet
 facet normal 0.70710678118654746 0 0.70710678118654746
  outer loop
   vertex 150 100 206.5
   vertex 150.5 100 206
   vertex 150 101 206.5
  endloop
 endfacet
 facet normal -0.70710678118654746 -0.70710678118654746 -0
  outer loop
   vertex 146 101.5 206
   vertex 146 101.5 207
   vertex 145.5 102 207
  endloop
 endfacet
 facet normal -0.70710678118654746 -0.70710678118654746 0
  outer loop
   vertex 145.5 102 206
   vertex 146 101.5 206
   vertex 145.5 102 207
  endloop
 endfacet
 facet normal -0.70710678118654746 -0.70710678118654746 0
  outer loop
   vertex 146.5 101 207
   vertex 146 101.5 206
   vertex 146.5 101 206
  endloop
 endfacet
 facet normal -0.70710678118654746 -0.70710678118654746 0
  outer loop
   vertex 146 101.5 207
   vertex 146 101.5 206
   vertex 146.5 101 207
  endloop
 endfacet
 facet normal 0.70710678118654746 0 0.70710678118654746
  outer loop
   vertex 150 102 206.5
   vertex 149.5 101 207
   vertex 150 101 206.5
  endloop
 endfacet
 facet normal 0.70710678118654746 -0 0.70710678118654746
  outer loop
   vertex 149.5 102 207
   vertex 149.5 101 207
   vertex 150 102 206.5
  endloop
 endfacet
 facet normal 0.70710678118654746 0 0.70710678118654746
  outer loop
   vertex 150.5 101 206
   vertex 150.5 102 206
   vertex 150 102 206.5
  endloop
 endfacet
 facet normal 0.70710678118654746 0 0.70710678118654746
  outer loop
   vertex 150 101 206.5
   vertex 150.5 101 206
   vertex 150 102 206.5
  endloop
 endfacet
 facet normal -0.57735026918962584 -0.57735026918962584 -0.57735026918962584
  outer loop
   vertex 145 103 206.5
   vertex 145 102.5 207
   vertex 144.5 103 207
  endloop
 endfacet
 facet normal -0.57735026918962584 -0.57735026918962584 -0.57735026918962584
  outer loop
   vertex 145 103 206.5
   vertex 145.5 102 207
   vertex 145 102.5 207
  endloop
 endfacet
 facet normal -0.57735026918962584 -0.57735026918962584 -0.57735026918962584
  outer loop
   vertex 145 103 206.5
   vertex 145.5 103 206
   vertex 145.5 102 207
  endloop
 endfacet
 facet normal -1 0 0
  outer loop
   vertex 145.5 103 206
   vertex 145.5 102 206
   vertex 145.5 102 207
  endloop
 endfacet
 facet normal 0.57735026918962584 -0.57735026918962584 0.57735026918962584
  outer loop
   vertex 150 102 206.5
   vertex 150 102.5 207
   vertex 149.5 102 207
  endloop
 endfacet
 facet normal 0.57735026918962584 -0.57735026918962584 0.57735026918962584
  outer loop
   vertex 150 102.5 207
   vertex 150 102 206.5
   vertex 150.5 102 206
  endloop
 endfacet
 facet normal 0.57735026918962584 -0.57735026918962584 0.57735026918962584
  outer loop
   vertex 150 102.5 207
   vertex 150.5 102 206
   vertex 150.5 103 207
  endloop
 endfacet
 facet normal 1 0 0
  outer loop
   vertex 150.5 103 207
   vertex 150.5 102 206
   vertex 150.5 103 206
  endloop
 endfacet
 facet normal -0.57735026918962584 0.57735026918962584 -0.57735026918962584
  outer loop
   vertex 145 103 206.5
   vertex 144.5 103 207
   vertex 145 103.5 207
  endloop
 endfacet
 facet normal -0.57735026918962584 0.57735026918962584 -0.57735026918962584
  outer loop
   vertex 145 103.5 207
   vertex 145.5 103 206
   vertex 145 103 206.5
  endloop
 endfacet
 facet normal -0.57735026918962584 0.57735026918962584 -0.57735026918962584
  outer loop
   vertex 145 103.5 207
   vertex 145.5 104 207
   vertex 145.5 103 206
  endloop
 endfacet
 facet normal -1 0 0
  outer loop
   vertex 145.5 104 207
   vertex 145.5 104 206
   vertex 145.5 103 206
  endloop
 endfacet
 facet normal 1 0 0
  outer loop
   vertex 150.5 103 206
   vertex 150.5 104 206
   vertex 150.5 103 207
  endloop
 endfacet
 facet normal 1 0 -0
  outer loop
   vertex 150.5 103 207
   vertex 150.5 104 206
   vertex 150.5 104 207
  endloop
 endfacet
 facet normal -1 0 0
  outer loop
   vertex 145.5 104 206
   vertex 145.5 104 207
   vertex 145.5 105 206
  endloop
 endfacet
 facet normal -1 -0 -0
  outer loop
   vertex 145.5 104 207
   vertex 145.5 105 207
   vertex 145.5 105 206
  endloop
 endfacet
 facet normal 0.57735026918962584 0.57735026918962584 0.57735026918962584
  outer loop
   vertex 150 105 206.5
   vertex 149.5 105 207
   vertex 150 104.5 207
  endloop
 endfacet
 facet normal 0.57735026918962584 0.57735026918962584 0.57735026918962584
  outer loop
   vertex 150 105 206.5
   vertex 150 104.5 207
   vertex 150.5 104 207
  endloop
 endfacet
 facet normal 0.57735026918962584 0.57735026918962584 0.57735026918962584
  outer loop
   vertex 150 105 206.5
   vertex 150.5 104 207
   vertex 150.5 105 206
  endloop
 endfacet
 facet normal 1 0 0
  outer loop
   vertex 150.5 105 206
   vertex 150.5 104 207
   vertex 150.5 104 206
  endloop
 endfacet
 facet normal -0.57735026918962584 0.57735026918962584 -0.57735026918962584
  outer loop
   vertex 146 106 206.5
   vertex 146 105.5 206
   vertex 145.5 105 206
  endloop
 endfacet
 facet normal -0.57735026918962584 0.57735026918962584 -0.57735026918962584
  outer loop
   vertex 146 106 206.5
   vertex 145.5 105 206
   vertex 145.5 106 207
  endloop
 endfacet
 facet normal -1 0 0
  outer loop
   vertex 145.5 106 207
   vertex 145.5 105 206
   vertex 145.5 105 207
  endloop
 endfacet
 facet normal -0.57735026918962584 0.57735026918962584 -0.57735026918962584
  outer loop
   vertex 146 105.5 206
   vertex 146 106 206.5
   vertex 146.5 106 206
  endloop
 endfacet
 facet normal 0.70710678118654746 0 0.70710678118654746
  outer loop
   vertex 150 106 206.5
   vertex 149.5 105 207
   vertex 150 105 206.5
  endloop
 endfacet
 facet normal 0.70710678118654746 -0 0.70710678118654746
  outer loop
   vertex 149.5 106 207
   vertex 149.5 105 207
   vertex 150 106 206.5
  endloop
 endfacet
 facet normal 0.70710678118654746 0 0.70710678118654746
  outer loop
   vertex 150.5 105 206
   vertex 150.5 106 206
   vertex 150 106 206.5
  endloop
 endfacet
 facet normal 0.70710678118654746 0 0.70710678118654746
  outer loop
   vertex 150 105 206.5
   vertex 150.5 105 206
   vertex 150 106 206.5
  endloop
 endfacet
 facet normal -0.57735026918962584 0.57735026918962584 -0.57735026918962584
  outer loop
   vertex 146 106 206.5
   vertex 145.5 106 207
   vertex 146 106.5 207
  endloop
 endfacet
 facet normal -0.57735026918962584 0.57735026918962584 -0.57735026918962584
  outer loop
   vertex 146 106.5 207
   vertex 146.5 106 206
   vertex 146 106 206.5
  endloop
 endfacet
 facet normal -0.57735026918962584 0.57735026918962584 -0.57735026918962584
  outer loop
   vertex 146 106.5 207
   vertex 146.5 107 207
   vertex 146.5 106 206
  endloop
 endfacet
 facet normal -1 0 0
  outer loop
   vertex 146.5 107 207
   vertex 146.5 107 206
   vertex 146.5 106 206
  endloop
 endfacet
 facet normal 0.57735026918962584 0.57735026918962584 0.57735026918962584
  outer loop
   vertex 149 107 206.5
   vertex 148.5 107 207
   vertex 149 106.5 207
  endloop
 endfacet
 facet normal 0.57735026918962584 0.57735026918962584 0.57735026918962584
  outer loop
   vertex 149.5 106 207
   vertex 149 107 206.5
   vertex 149 106.5 207
  endloop
 endfacet
 facet normal 0.57735026918962584 0.57735026918962584 0.57735026918962584
  outer loop
   vertex 149.5 106 207
   vertex 150 106 206.5
   vertex 149 107 206.5
  endloop
 endfacet
 facet normal 0 0 1
  outer loop
   vertex 150 106 206.5
   vertex 150 107 206.5
   vertex 149 107 206.5
  endloop
 endfacet
 facet normal 0.70710678118654746 0 0.70710678118654746
  outer loop
   vertex 150.5 106 206
   vertex 150.5 107 206
   vertex 150 107 206.5
  endloop
 endfacet
 facet normal 0.70710678118654746 0 0.70710678118654746
  outer loop
   vertex 150 106 206.5
   vertex 150.5 106 206
   vertex 150 107 206.5
  endloop
 endfacet
 facet normal -1 0 0
  outer loop
   vertex 146.5 107 206
   vertex 146.5 107 207
   vertex 146.5 108 206
  endloop
 endfacet
 facet normal -1 -0 -0
  outer loop
   vertex 146.5 107 207
   vertex 146.5 108 207
   vertex 146.5 108 206
  endloop
 endfacet
 facet normal 0.70710678118654746 0 0.70710678118654746
  outer loop
   vertex 149 108 206.5
   vertex 148.5 107 207
   vertex 149 107 206.5
  endloop
 endfacet
 facet normal 0.70710678118654746 -0 0.70710678118654746
  outer loop
   vertex 148.5 108 207
   vertex 148.5 107 207
   vertex 149 108 206.5
  endloop
 endfacet
 facet normal 0.57735026918962584 0.57735026918962584 0.57735026918962584
  outer loop
   vertex 150 107.5 206
   vertex 149.5 108 206
   vertex 149 108 206.5
  endloop
 endfacet
 facet normal 0.57735026918962584 0.57735026918962584 0.57735026918962584
  outer loop
   vertex 150 107.5 206
   vertex 149 108 206.5
   vertex 150 107 206.5
  endloop
 endfacet
 facet normal 0 0 1
  outer loop
   vertex 150 107 206.5
   vertex 149 108 206.5
   vertex 149 107 206.5
  endloop
 endfacet
 facet normal 0.57735026918962584 0.57735026918962584 0.57735026918962584
  outer loop
   vertex 150.5 107 206
   vertex 150 107.5 206
   vertex 150 107 206.5
  endloop
 endfacet
 facet normal -1 0 0
  outer loop
   vertex 146.5 108 206
   vertex 146.5 108 207
   vertex 146.5 109 206
  endloop
 endfacet
 facet normal -1 -0 -0
  outer loop
   vertex 146.5 108 207
   vertex 146.5 109 207
   vertex 146.5 109 206
  endloop
 endfacet
 facet normal 0.57735026918962584 0.57735026918962584 0.57735026918962584
  outer loop
   vertex 148 109 206.5
   vertex 147.5 109 207
   vertex 148 108.5 207
  endloop
 endfacet
 facet normal 0.57735026918962584 0.57735026918962584 0.57735026918962584
  outer loop
   vertex 148.5 108 207
   vertex 148 109 206.5
   vertex 148 108.5 207
  endloop
 endfacet
 facet normal 0.57735026918962584 0.57735026918962584 0.57735026918962584
  outer loop
   vertex 148.5 108 207
   vertex 149 108 206.5
   vertex 148 109 206.5
  endloop
 endfacet
 facet normal 0 0 1
  outer loop
   vertex 149 108 206.5
   vertex 149 109 206.5
   vertex 148 109 206.5
  endloop
 endfacet
 facet normal 0.70710678118654746 0 0.70710678118654746
  outer loop
   vertex 149.5 108 206
   vertex 149.5 109 206
   vertex 149 109 206.5
  endloop
 endfacet
 facet normal 0.70710678118654746 0 0.70710678118654746
  outer loop
   vertex 149 108 206.5
   vertex 149.5 108 206
   vertex 149 109 206.5
  endloop
 endfacet
 facet normal -0.57735026918962584 0.57735026918962584 0.57735026918962584
  outer loop
   vertex 147 109.5 207
   vertex 147 110 206.5
   vertex 146.5 110 206
  endloop
 endfacet
 facet normal -0.57735026918962584 0.57735026918962584 0.57735026918962584
  outer loop
   vertex 147 109.5 207
   vertex 146.5 110 206
   vertex 146.5 109 207
  endloop
 endfacet
 facet normal -1 0 0
  outer loop
   vertex 146.5 109 207
   vertex 146.5 110 206
   vertex 146.5 109 206
  endloop
 endfacet
 facet normal 0.57735026918962584 0.57735026918962584 0.57735026918962584
  outer loop
   vertex 147.5 109 207
   vertex 147 110 206.5
   vertex 147 109.5 207
  endloop
 endfacet
 facet normal 0.57735026918962584 0.57735026918962584 0.57735026918962584
  outer loop
   vertex 147.5 109 207
   vertex 148 109 206.5
   vertex 147 110 206.5
  endloop
 endfacet
 facet normal 0 0 1
  outer loop
   vertex 148 109 206.5
   vertex 148 110 206.5
   vertex 147 110 206.5
  endloop
 endfacet
 facet normal 0.57735026918962584 0.57735026918962584 0.57735026918962584
  outer loop
   vertex 149 109.5 206
   vertex 148.5 110 206
   vertex 148 110 206.5
  endloop
 endfacet
 facet normal 0.57735026918962584 0.57735026918962584 0.57735026918962584
  outer loop
   vertex 149 109.5 206
   vertex 148 110 206.5
   vertex 149 109 206.5
  endloop
 endfacet
 facet normal 0 0 1
  outer loop
   vertex 149 109 206.5
   vertex 148 110 206.5
   vertex 148 109 206.5
  endloop
 endfacet
 facet normal 0.57735026918962584 0.57735026918962584 0.57735026918962584
  outer loop
   vertex 149.5 109 206
   vertex 149 109.5 206
   vertex 149 109 206.5
  endloop
 endfacet
 facet normal -0.57735026918962584 0.57735026918962584 0.57735026918962584
  outer loop
   vertex 146.5 110 206
   vertex 147 110 206.5
   vertex 147 110.5 206
  endloop
 endfacet
 facet normal -0 0.70710678118654746 0.70710678118654746
  outer loop
   vertex 148 110.5 206
   vertex 147 110.5 206
   vertex 147 110 206.5
  endloop
 endfacet
 facet normal 0 0.70710678118654746 0.70710678118654746
  outer loop
   vertex 148 110 206.5
   vertex 148 110.5 206
   vertex 147 110 206.5
  endloop
 endfacet
 facet normal 0.57735026918962584 0.57735026918962584 0.57735026918962584
  outer loop
   vertex 148.5 110 206
   vertex 148 110.5 206
   vertex 148 110 206.5
  endloop
 endfacet
 facet normal -0.57735026918962584 -0.57735026918962584 0.57735026918962584
  outer loop
   vertex 148 99.5 207
   vertex 148 100 207.5
   vertex 147.5 100 207
  endloop
 endfacet
 facet normal 0 -0.70710678118654746 0.70710678118654746
  outer loop
   vertex 148 99.5 207
   vertex 149 99.5 207
   vertex 149 100 207.5
  endloop
 endfacet
 facet normal 0 -0.70710678118654746 0.70710678118654746
  outer loop
   vertex 148 100 207.5
   vertex 148 99.5 207
   vertex 149 100 207.5
  endloop
 endfacet
 facet normal 0.57735026918962584 -0.57735026918962584 0.57735026918962584
  outer loop
   vertex 149 99.5 207
   vertex 149.5 100 207
   vertex 149 100 207.5
  endloop
 endfacet
 facet normal -0.70710678118654746 -0.70710678118654746 -0
  outer loop
   vertex 147 100.5 207
   vertex 147 100.5 208
   vertex 146.5 101 208
  endloop
 endfacet
 facet normal -0.70710678118654746 -0.70710678118654746 0
  outer loop
   vertex 146.5 101 207
   vertex 147 100.5 207
   vertex 146.5 101 208
  endloop
 endfacet
 facet normal -0.57735026918962584 -0.57735026918962584 0.57735026918962584
  outer loop
   vertex 148 100 207.5
   vertex 147 100.5 207
   vertex 147.5 100 207
  endloop
 endfacet
 facet normal -0.57735026918962584 -0.57735026918962584 0.57735026918962584
  outer loop
   vertex 148 100 207.5
   vertex 148 100.5 208
   vertex 147 100.5 207
  endloop
 endfacet
 facet normal 0 -1 0
  outer loop
   vertex 148 100.5 208
   vertex 147 100.5 208
   vertex 147 100.5 207
  endloop
 endfacet
 facet normal 0 -0.70710678118654746 0.70710678118654746
  outer loop
   vertex 149 100 207.5
   vertex 148 100.5 208
   vertex 148 100 207.5
  endloop
 endfacet
 facet normal 0 -0.70710678118654746 0.70710678118654746
  outer loop
   vertex 149 100.5 208
   vertex 148 100.5 208
   vertex 149 100 207.5
  endloop
 endfacet
 facet normal 0.57735026918962584 -0.57735026918962584 0.57735026918962584
  outer loop
   vertex 149 100.5 208
   vertex 149 100 207.5
   vertex 149.5 100 207
  endloop
 endfacet
 facet normal 0.57735026918962584 -0.57735026918962584 0.57735026918962584
  outer loop
   vertex 149 100.5 208
   vertex 149.5 100 207
   vertex 149.5 101 208
  endloop
 endfacet
 facet normal 1 0 0
  outer loop
   vertex 149.5 101 208
   vertex 149.5 100 207
   vertex 149.5 101 207
  endloop
 endfacet
 facet normal -0.70710678118654746 -0.70710678118654746 -0
  outer loop
   vertex 146 101.5 207
   vertex 146 101.5 208
   vertex 145.5 102 208
  endloop
 endfacet
 facet normal -0.70710678118654746 -0.70710678118654746 0
  outer loop
   vertex 145.5 102 207
   vertex 146 101.5 207
   vertex 145.5 102 208
  endloop
 endfacet
 facet normal -0.70710678118654746 -0.70710678118654746 0
  outer loop
   vertex 146.5 101 208
   vertex 146 101.5 207
   vertex 146.5 101 207
  endloop
 endfacet
 facet normal -0.70710678118654746 -0.70710678118654746 0
  outer loop
   vertex 146 101.5 208
   vertex 146 101.5 207
   vertex 146.5 101 208
  endloop
 endfacet
 facet normal 1 0 0
  outer loop
   vertex 149.5 101 207
   vertex 149.5 102 207
   vertex 149.5 101 208
  endloop
 endfacet
 facet normal 1 0 -0
  outer loop
   vertex 149.5 101 208
   vertex 149.5 102 207
   vertex 149.5 102 208
  endloop
 endfacet
 facet normal -0.70710678118654746 -0.70710678118654746 -0
  outer loop
   vertex 145 102.5 207
   vertex 145 102.5 208
   vertex 144.5 103 208
  endloop
 endfacet
 facet normal -0.70710678118654746 -0.70710678118654746 0
  outer loop
   vertex 144.5 103 207
   vertex 145 102.5 207
   vertex 144.5 103 208
  endloop
 endfacet
 facet normal -0.70710678118654746 -0.70710678118654746 0
  outer loop
   vertex 145.5 102 208
   vertex 145 102.5 207
   vertex 145.5 102 207
  endloop
 endfacet
 facet normal -0.70710678118654746 -0.70710678118654746 0
  outer loop
   vertex 145 102.5 208
   vertex 145 102.5 207
   vertex 145.5 102 208
  endloop
 endfacet
 facet normal 0.57735026918962584 -0.57735026918962584 0.57735026918962584
  outer loop
   vertex 150 103 207.5
   vertex 149.5 102 207
   vertex 150 102.5 207
  endloop
 endfacet
 facet normal 0.57735026918962584 -0.57735026918962584 0.57735026918962584
  outer loop
   vertex 150 103 207.5
   vertex 149.5 103 208
   vertex 149.5 102 207
  endloop
 endfacet
 facet normal 1 -0 0
  outer loop
   vertex 149.5 103 208
   vertex 149.5 102 208
   vertex 149.5 102 207
  endloop
 endfacet
 facet normal 0.57735026918962584 -0.57735026918962584 0.57735026918962584
  outer loop
   vertex 150 102.5 207
   vertex 150.5 103 207
   vertex 150 103 207.5
  endloop
 endfacet
 facet normal -0.57735026918962584 0.57735026918962584 -0.57735026918962584
  outer loop
   vertex 145 104 207.5
   vertex 145 103.5 207
   vertex 144.5 103 207
  endloop
 endfacet
 facet normal -0.57735026918962584 0.57735026918962584 -0.57735026918962584
  outer loop
   vertex 145 104 207.5
   vertex 144.5 103 207
   vertex 144.5 104 208
  endloop
 endfacet
 facet normal -1 0 0
  outer loop
   vertex 144.5 104 208
   vertex 144.5 103 207
   vertex 144.5 103 208
  endloop
 endfacet
 facet normal -0.57735026918962584 0.57735026918962584 -0.57735026918962584
  outer loop
   vertex 145 103.5 207
   vertex 145 104 207.5
   vertex 145.5 104 207
  endloop
 endfacet
 facet normal 0.70710678118654746 0 0.70710678118654746
  outer loop
   vertex 150 104 207.5
   vertex 149.5 103 208
   vertex 150 103 207.5
  endloop
 endfacet
 facet normal 0.70710678118654746 -0 0.70710678118654746
  outer loop
   vertex 149.5 104 208
   vertex 149.5 103 208
   vertex 150 104 207.5
  endloop
 endfacet
 facet normal 0.70710678118654746 0 0.70710678118654746
  outer loop
   vertex 150.5 103 207
   vertex 150.5 104 207
   vertex 150 104 207.5
  endloop
 endfacet
 facet normal 0.70710678118654746 0 0.70710678118654746
  outer loop
   vertex 150 103 207.5
   vertex 150.5 103 207
   vertex 150 104 207.5
  endloop
 endfacet
 facet normal -0.70710678118654746 0 -0.70710678118654746
  outer loop
   vertex 145 105 207.5
   vertex 145 104 207.5
   vertex 144.5 104 208
  endloop
 endfacet
 facet normal -0.70710678118654746 0 -0.70710678118654746
  outer loop
   vertex 144.5 105 208
   vertex 145 105 207.5
   vertex 144.5 104 208
  endloop
 endfacet
 facet normal -0.70710678118654746 0 -0.70710678118654746
  outer loop
   vertex 145.5 104 207
   vertex 145 105 207.5
   vertex 145.5 105 207
  endloop
 endfacet
 facet normal -0.70710678118654746 -0 -0.70710678118654746
  outer loop
   vertex 145 104 207.5
   vertex 145 105 207.5
   vertex 145.5 104 207
  endloop
 endfacet
 facet normal 0.57735026918962584 0.57735026918962584 0.57735026918962584
  outer loop
   vertex 149 105 207.5
   vertex 148.5 105 208
   vertex 149 104.5 208
  endloop
 endfacet
 facet normal 0.57735026918962584 0.57735026918962584 0.57735026918962584
  outer loop
   vertex 149.5 104 208
   vertex 149 105 207.5
   vertex 149 104.5 208
  endloop
 endfacet
 facet normal 0.57735026918962584 0.57735026918962584 0.57735026918962584
  outer loop
   vertex 150 104 207.5
   vertex 149 105 207.5
   vertex 149.5 104 208
  endloop
 endfacet
 facet normal 0.57735026918962584 0.57735026918962584 0.57735026918962584
  outer loop
   vertex 150 104 207.5
   vertex 149.5 105 207
   vertex 149 105 207.5
  endloop
 endfacet
 facet normal 0.57735026918962584 0.57735026918962584 0.57735026918962584
  outer loop
   vertex 150 104 207.5
   vertex 150 104.5 207
   vertex 149.5 105 207
  endloop
 endfacet
 facet normal 0.57735026918962584 0.57735026918962584 0.57735026918962584
  outer loop
   vertex 150.5 104 207
   vertex 150 104.5 207
   vertex 150 104 207.5
  endloop
 endfacet
 facet normal -0.57735026918962584 0.57735026918962584 -0.57735026918962584
  outer loop
   vertex 145 105 207.5
   vertex 144.5 105 208
   vertex 145 105.5 208
  endloop
 endfacet
 facet normal -0.57735026918962584 0.57735026918962584 -0.57735026918962584
  outer loop
   vertex 145 105.5 208
   vertex 145.5 105 207
   vertex 145 105 207.5
  endloop
 endfacet
 facet normal -0.57735026918962584 0.57735026918962584 -0.57735026918962584
  outer loop
   vertex 145 105.5 208
   vertex 145.5 106 208
   vertex 145.5 105 207
  endloop
 endfacet
 facet normal -1 0 0
  outer loop
   vertex 145.5 106 208
   vertex 145.5 106 207
   vertex 145.5 105 207
  endloop
 endfacet
 facet normal 0.70710678118654746 0 0.70710678118654746
  outer loop
   vertex 149 106 207.5
   vertex 148.5 105 208
   vertex 149 105 207.5
  endloop
 endfacet
 facet normal 0.70710678118654746 -0 0.70710678118654746
  outer loop
   vertex 148.5 106 208
   vertex 148.5 105 208
   vertex 149 106 207.5
  endloop
 endfacet
 facet normal 0.70710678118654746 0 0.70710678118654746
  outer loop
   vertex 149.5 105 207
   vertex 149.5 106 207
   vertex 149 106 207.5
  endloop
 endfacet
 facet normal 0.70710678118654746 0 0.70710678118654746
  outer loop
   vertex 149 105 207.5
   vertex 149.5 105 207
   vertex 149 106 207.5
  endloop
 endfacet
 facet normal -0.70710678118654746 0.70710678118654746 0
  outer loop
   vertex 145.5 106 207
   vertex 145.5 106 208
   vertex 146 106.5 208
  endloop
 endfacet
 facet normal -0.70710678118654746 0.70710678118654746 0
  outer loop
   vertex 146 106.5 207
   vertex 145.5 106 207
   vertex 146 106.5 208
  endloop
 endfacet
 facet normal -0.70710678118654746 0.70710678118654746 0
  outer loop
   vertex 146 106.5 208
   vertex 146.5 107 207
   vertex 146 106.5 207
  endloop
 endfacet
 facet normal -0.70710678118654746 0.70710678118654746 0
  outer loop
   vertex 146.5 107 208
   vertex 146.5 107 207
   vertex 146 106.5 208
  endloop
 endfacet
 facet normal 0.57735026918962584 0.57735026918962584 0.57735026918962584
  outer loop
   vertex 148 107 207.5
   vertex 147.5 107 208
   vertex 148 106.5 208
  endloop
 endfacet
 facet normal 0.57735026918962584 0.57735026918962584 0.57735026918962584
  outer loop
   vertex 148.5 106 208
   vertex 148 107 207.5
   vertex 148 106.5 208
  endloop
 endfacet
 facet normal 0.57735026918962584 0.57735026918962584 0.57735026918962584
  outer loop
   vertex 149 106 207.5
   vertex 148 107 207.5
   vertex 148.5 106 208
  endloop
 endfacet
 facet normal 0.57735026918962584 0.57735026918962584 0.57735026918962584
  outer loop
   vertex 149 106 207.5
   vertex 148.5 107 207
   vertex 148 107 207.5
  endloop
 endfacet
 facet normal 0.57735026918962584 0.57735026918962584 0.57735026918962584
  outer loop
   vertex 149 106 207.5
   vertex 149 106.5 207
   vertex 148.5 107 207
  endloop
 endfacet
 facet normal 0.57735026918962584 0.57735026918962584 0.57735026918962584
  outer loop
   vertex 149.5 106 207
   vertex 149 106.5 207
   vertex 149 106 207.5
  endloop
 endfacet
 facet normal -1 0 0
  outer loop
   vertex 146.5 107 207
   vertex 146.5 107 208
   vertex 146.5 108 207
  endloop
 endfacet
 facet normal -1 -0 -0
  outer loop
   vertex 146.5 107 208
   vertex 146.5 108 208
   vertex 146.5 108 207
  endloop
 endfacet
 facet normal 0.70710678118654746 0 0.70710678118654746
  outer loop
   vertex 148 108 207.5
   vertex 147.5 107 208
   vertex 148 107 207.5
  endloop
 endfacet
 facet normal 0.70710678118654746 -0 0.70710678118654746
  outer loop
   vertex 147.5 108 208
   vertex 147.5 107 208
   vertex 148 108 207.5
  endloop
 endfacet
 facet normal 0.70710678118654746 0 0.70710678118654746
  outer loop
   vertex 148.5 107 207
   vertex 148.5 108 207
   vertex 148 108 207.5
  endloop
 endfacet
 facet normal 0.70710678118654746 0 0.70710678118654746
  outer loop
   vertex 148 107 207.5
   vertex 148.5 107 207
   vertex 148 108 207.5
  endloop
 endfacet
 facet normal -0.57735026918962584 0.57735026918962584 0.57735026918962584
  outer loop
   vertex 147 108.5 208
   vertex 147 109 207.5
   vertex 146.5 109 207
  endloop
 endfacet
 facet normal -0.57735026918962584 0.57735026918962584 0.57735026918962584
  outer loop
   vertex 147 108.5 208
   vertex 146.5 109 207
   vertex 146.5 108 208
  endloop
 endfacet
 facet normal -1 0 0
  outer loop
   vertex 146.5 108 208
   vertex 146.5 109 207
   vertex 146.5 108 207
  endloop
 endfacet
 facet normal 0.57735026918962584 0.57735026918962584 0.57735026918962584
  outer loop
   vertex 147.5 108 208
   vertex 147 109 207.5
   vertex 147 108.5 208
  endloop
 endfacet
 facet normal 0.57735026918962584 0.57735026918962584 0.57735026918962584
  outer loop
   vertex 148 108 207.5
   vertex 147 109 207.5
   vertex 147.5 108 208
  endloop
 endfacet
 facet normal 0.57735026918962584 0.57735026918962584 0.57735026918962584
  outer loop
   vertex 148 108 207.5
   vertex 147.5 109 207
   vertex 147 109 207.5
  endloop
 endfacet
 facet normal 0.57735026918962584 0.57735026918962584 0.57735026918962584
  outer loop
   vertex 148 108 207.5
   vertex 148 108.5 207
   vertex 147.5 109 207
  endloop
 endfacet
 facet normal 0.57735026918962584 0.57735026918962584 0.57735026918962584
  outer loop
   vertex 148.5 108 207
   vertex 148 108.5 207
   vertex 148 108 207.5
  endloop
 endfacet
 facet normal -0.57735026918962584 0.57735026918962584 0.57735026918962584
  outer loop
   vertex 146.5 109 207
   vertex 147 109 207.5
   vertex 147 109.5 207
  endloop
 endfacet
 facet normal 0.57735026918962584 0.57735026918962584 0.57735026918962584
  outer loop
   vertex 147.5 109 207
   vertex 147 109.5 207
   vertex 147 109 207.5
  endloop
 endfacet
 facet normal -0.57735026918962584 -0.57735026918962584 0.57735026918962584
  outer loop
   vertex 147 100.5 208
   vertex 147 101 208.5
   vertex 146.5 101 208
  endloop
 endfacet
 facet normal 0 -0.70710678118654746 0.70710678118654746
  outer loop
   vertex 147 100.5 208
   vertex 148 100.5 208
   vertex 148 101 208.5
  endloop
 endfacet
 facet normal 0 -0.70710678118654746 0.70710678118654746
  outer loop
   vertex 147 101 208.5
   vertex 147 100.5 208
   vertex 148 101 208.5
  endloop
 endfacet
 facet normal 0 -0.70710678118654746 0.70710678118654746
  outer loop
   vertex 148 100.5 208
   vertex 149 100.5 208
   vertex 149 101 208.5
  endloop
 endfacet
 facet normal 0 -0.70710678118654746 0.70710678118654746
  outer loop
   vertex 148 101 208.5
   vertex 148 100.5 208
   vertex 149 101 208.5
  endloop
 endfacet
 facet normal 0.57735026918962584 -0.57735026918962584 0.57735026918962584
  outer loop
   vertex 149 100.5 208
   vertex 149.5 101 208
   vertex 149 101 208.5
  endloop
 endfacet
 facet normal -0.57735026918962584 -0.57735026918962584 0.57735026918962584
  outer loop
   vertex 146 101.5 208
   vertex 146 102 208.5
   vertex 145.5 102 208
  endloop
 endfacet
 facet normal -0.57735026918962584 -0.57735026918962584 0.57735026918962584
  outer loop
   vertex 146 101.5 208
   vertex 146.5 101 208
   vertex 147 101 208.5
  endloop
 endfacet
 facet normal -0.57735026918962584 -0.57735026918962584 0.57735026918962584
  outer loop
   vertex 146 101.5 208
   vertex 147 101 208.5
   vertex 146 102 208.5
  endloop
 endfacet
 facet normal 0 -0 1
  outer loop
   vertex 146 102 208.5
   vertex 147 101 208.5
   vertex 147 102 208.5
  endloop
 endfacet
 facet normal 0 0 1
  outer loop
   vertex 148 101 208.5
   vertex 148 102 208.5
   vertex 147 101 208.5
  endloop
 endfacet
 facet normal -0 0 1
  outer loop
   vertex 148 102 208.5
   vertex 147 102 208.5
   vertex 147 101 208.5
  endloop
 endfacet
 facet normal 0 0 1
  outer loop
   vertex 149 101 208.5
   vertex 149 102 208.5
   vertex 148 101 208.5
  endloop
 endfacet
 facet normal -0 0 1
  outer loop
   vertex 149 102 208.5
   vertex 148 102 208.5
   vertex 148 101 208.5
  endloop
 endfacet
 facet normal 0.70710678118654746 0 0.70710678118654746
  outer loop
   vertex 149.5 101 208
   vertex 149.5 102 208
   vertex 149 102 208.5
  endloop
 endfacet
 facet normal 0.70710678118654746 0 0.70710678118654746
  outer loop
   vertex 149 101 208.5
   vertex 149.5 101 208
   vertex 149 102 208.5
  endloop
 endfacet
 facet normal -0.70710678118654746 -0.70710678118654746 -0
  outer loop
   vertex 145 102.5 208
   vertex 145 102.5 209
   vertex 144.5 103 209
  endloop
 endfacet
 facet normal -0.70710678118654746 -0.70710678118654746 0
  outer loop
   vertex 144.5 103 208
   vertex 145 102.5 208
   vertex 144.5 103 209
  endloop
 endfacet
 facet normal -0.57735026918962584 -0.57735026918962584 0.57735026918962584
  outer loop
   vertex 146 102 208.5
   vertex 145 102.5 208
   vertex 145.5 102 208
  endloop
 endfacet
 facet normal -0.57735026918962584 -0.57735026918962584 0.57735026918962584
  outer loop
   vertex 146 102 208.5
   vertex 146 102.5 209
   vertex 145 102.5 208
  endloop
 endfacet
 facet normal 0 -1 0
  outer loop
   vertex 146 102.5 209
   vertex 145 102.5 209
   vertex 145 102.5 208
  endloop
 endfacet
 facet normal 0.57735026918962584 -0.57735026918962584 0.57735026918962584
  outer loop
   vertex 146 102.5 209
   vertex 147 103 208.5
   vertex 146.5 103 209
  endloop
 endfacet
 facet normal 0.57735026918962584 -0.57735026918962584 0.57735026918962584
  outer loop
   vertex 146 102.5 209
   vertex 146 102 208.5
   vertex 147 103 208.5
  endloop
 endfacet
 facet normal 0 -0 1
  outer loop
   vertex 146 102 208.5
   vertex 147 102 208.5
   vertex 147 103 208.5
  endloop
 endfacet
 facet normal 0 0 1
  outer loop
   vertex 148 102 208.5
   vertex 148 103 208.5
   vertex 147 102 208.5
  endloop
 endfacet
 facet normal -0 0 1
  outer loop
   vertex 148 103 208.5
   vertex 147 103 208.5
   vertex 147 102 208.5
  endloop
 endfacet
 facet normal 0 0 1
  outer loop
   vertex 149 102 208.5
   vertex 149 103 208.5
   vertex 148 102 208.5
  endloop
 endfacet
 facet normal -0 0 1
  outer loop
   vertex 149 103 208.5
   vertex 148 103 208.5
   vertex 148 102 208.5
  endloop
 endfacet
 facet normal 0.70710678118654746 0 0.70710678118654746
  outer loop
   vertex 149.5 102 208
   vertex 149.5 103 208
   vertex 149 103 208.5
  endloop
 endfacet
 facet normal 0.70710678118654746 0 0.70710678118654746
  outer loop
   vertex 149 102 208.5
   vertex 149.5 102 208
   vertex 149 103 208.5
  endloop
 endfacet
 facet normal -1 0 0
  outer loop
   vertex 144.5 103 208
   vertex 144.5 103 209
   vertex 144.5 104 208
  endloop
 endfacet
 facet normal -1 -0 -0
  outer loop
   vertex 144.5 103 209
   vertex 144.5 104 209
   vertex 144.5 104 208
  endloop
 endfacet
 facet normal 0.57735026918962584 -0.57735026918962584 0.57735026918962584
  outer loop
   vertex 147 103 208.5
   vertex 147 103.5 209
   vertex 146.5 103 209
  endloop
 endfacet
 facet normal 0.57735026918962584 -0.57735026918962584 0.57735026918962584
  outer loop
   vertex 147 103.5 209
   vertex 148 104 208.5
   vertex 147.5 104 209
  endloop
 endfacet
 facet normal 0.57735026918962584 -0.57735026918962584 0.57735026918962584
  outer loop
   vertex 147 103.5 209
   vertex 147 103 208.5
   vertex 148 104 208.5
  endloop
 endfacet
 facet normal 0 -0 1
  outer loop
   vertex 147 103 208.5
   vertex 148 103 208.5
   vertex 148 104 208.5
  endloop
 endfacet
 facet normal 0 0 1
  outer loop
   vertex 149 103 208.5
   vertex 149 104 208.5
   vertex 148 103 208.5
  endloop
 endfacet
 facet normal -0 0 1
  outer loop
   vertex 149 104 208.5
   vertex 148 104 208.5
   vertex 148 103 208.5
  endloop
 endfacet
 facet normal 0.70710678118654746 0 0.70710678118654746
  outer loop
   vertex 149.5 103 208
   vertex 149.5 104 208
   vertex 149 104 208.5
  endloop
 endfacet
 facet normal 0.70710678118654746 0 0.70710678118654746
  outer loop
   vertex 149 103 208.5
   vertex 149.5 103 208
   vertex 149 104 208.5
  endloop
 endfacet
 facet normal -1 0 0
  outer loop
   vertex 144.5 104 208
   vertex 144.5 104 209
   vertex 144.5 105 208
  endloop
 endfacet
 facet normal -1 -0 -0
  outer loop
   vertex 144.5 104 209
   vertex 144.5 105 209
   vertex 144.5 105 208
  endloop
 endfacet
 facet normal 0.57735026918962584 0.57735026918962584 0.57735026918962584
  outer loop
   vertex 147 105 208.5
   vertex 146.5 105 209
   vertex 147 104.5 209
  endloop
 endfacet
 facet normal 0.57735026918962584 0.57735026918962584 0.57735026918962584
  outer loop
   vertex 147.5 104 209
   vertex 147 105 208.5
   vertex 147 104.5 209
  endloop
 endfacet
 facet normal 0.57735026918962584 0.57735026918962584 0.57735026918962584
  outer loop
   vertex 147.5 104 209
   vertex 148 104 208.5
   vertex 147 105 208.5
  endloop
 endfacet
 facet normal 0 0 1
  outer loop
   vertex 148 104 208.5
   vertex 148 105 208.5
   vertex 147 105 208.5
  endloop
 endfacet
 facet normal 0.57735026918962584 0.57735026918962584 0.57735026918962584
  outer loop
   vertex 149 104.5 208
   vertex 148.5 105 208
   vertex 148 105 208.5
  endloop
 endfacet
 facet normal 0.57735026918962584 0.57735026918962584 0.57735026918962584
  outer loop
   vertex 149 104.5 208
   vertex 148 105 208.5
   vertex 149 104 208.5
  endloop
 endfacet
 facet normal 0 0 1
  outer loop
   vertex 149 104 208.5
   vertex 148 105 208.5
   vertex 148 104 208.5
  endloop
 endfacet
 facet normal 0.57735026918962584 0.57735026918962584 0.57735026918962584
  outer loop
   vertex 149.5 104 208
   vertex 149 104.5 208
   vertex 149 104 208.5
  endloop
 endfacet
 facet normal -0.57735026918962584 0.57735026918962584 -0.57735026918962584
  outer loop
   vertex 145 106 208.5
   vertex 145 105.5 208
   vertex 144.5 105 208
  endloop
 endfacet
 facet normal -0.57735026918962584 0.57735026918962584 -0.57735026918962584
  outer loop
   vertex 145 106 208.5
   vertex 144.5 105 208
   vertex 144.5 106 209
  endloop
 endfacet
 facet normal -1 0 0
  outer loop
   vertex 144.5 106 209
   vertex 144.5 105 208
   vertex 144.5 105 209
  endloop
 endfacet
 facet normal -0.57735026918962584 0.57735026918962584 -0.57735026918962584
  outer loop
   vertex 145 105.5 208
   vertex 145 106 208.5
   vertex 145.5 106 208
  endloop
 endfacet
 facet normal 0.70710678118654746 0 0.70710678118654746
  outer loop
   vertex 147 106 208.5
   vertex 146.5 105 209
   vertex 147 105 208.5
  endloop
 endfacet
 facet normal 0.70710678118654746 -0 0.70710678118654746
  outer loop
   vertex 146.5 106 209
   vertex 146.5 105 209
   vertex 147 106 208.5
  endloop
 endfacet
 facet normal 0 0 1
  outer loop
   vertex 148 105 208.5
   vertex 148 106 208.5
   vertex 147 105 208.5
  endloop
 endfacet
 facet normal -0 0 1
  outer loop
   vertex 148 106 208.5
   vertex 147 106 208.5
   vertex 147 105 208.5
  endloop
 endfacet
 facet normal 0.70710678118654746 0 0.70710678118654746
  outer loop
   vertex 148.5 105 208
   vertex 148.5 106 208
   vertex 148 106 208.5
  endloop
 endfacet
 facet normal 0.70710678118654746 0 0.70710678118654746
  outer loop
   vertex 148 105 208.5
   vertex 148.5 105 208
   vertex 148 106 208.5
  endloop
 endfacet
 facet normal -0.57735026918962584 0.57735026918962584 -0.57735026918962584
  outer loop
   vertex 145 106 208.5
   vertex 144.5 106 209
   vertex 145 106.5 209
  endloop
 endfacet
 facet normal -0.57735026918962584 0.57735026918962584 -0.57735026918962584
  outer loop
   vertex 145.5 106 208
   vertex 145 106 208.5
   vertex 145 106.5 209
  endloop
 endfacet
 facet normal -0.57735026918962584 0.57735026918962584 -0.57735026918962584
  outer loop
   vertex 145.5 106 208
   vertex 145 106.5 209
   vertex 146 106.5 208
  endloop
 endfacet
 facet normal -0 1 0
  outer loop
   vertex 146 106.5 208
   vertex 145 106.5 209
   vertex 146 106.5 209
  endloop
 endfacet
 facet normal -0.70710678118654746 0 0.70710678118654746
  outer loop
   vertex 146.5 107 208
   vertex 147 106 208.5
   vertex 147 107 208.5
  endloop
 endfacet
 facet normal 0.57735026918962573 0.57735026918962573 0.57735026918962573
  outer loop
   vertex 146.5 107 208
   vertex 146 106.5 209
   vertex 147 106 208.5
  endloop
 endfacet
 facet normal -0.70710678118654746 0.70710678118654746 0
  outer loop
   vertex 146.5 107 208
   vertex 146 106.5 208
   vertex 146 106.5 209
  endloop
 endfacet
 facet normal 0.57735026918962584 0.57735026918962584 0.57735026918962584
  outer loop
   vertex 146 106.5 209
   vertex 146.5 106 209
   vertex 147 106 208.5
  endloop
 endfacet
 facet normal 0.57735026918962584 0.57735026918962584 0.57735026918962584
  outer loop
   vertex 148 106.5 208
   vertex 147.5 107 208
   vertex 147 107 208.5
  endloop
 endfacet
 facet normal 0.57735026918962584 0.57735026918962584 0.57735026918962584
  outer loop
   vertex 148 106.5 208
   vertex 147 107 208.5
   vertex 148 106 208.5
  endloop
 endfacet
 facet normal 0 0 1
  outer loop
   vertex 148 106 208.5
   vertex 147 107 208.5
   vertex 147 106 208.5
  endloop
 endfacet
 facet normal 0.57735026918962584 0.57735026918962584 0.57735026918962584
  outer loop
   vertex 148.5 106 208
   vertex 148 106.5 208
   vertex 148 106 208.5
  endloop
 endfacet
 facet normal -0.70710678118654746 0 0.70710678118654746
  outer loop
   vertex 147 107 208.5
   vertex 147 108 208.5
   vertex 146.5 108 208
  endloop
 endfacet
 facet normal -0.70710678118654746 0 0.70710678118654746
  outer loop
   vertex 146.5 107 208
   vertex 147 107 208.5
   vertex 146.5 108 208
  endloop
 endfacet
 facet normal 0.70710678118654746 0 0.70710678118654746
  outer loop
   vertex 147.5 107 208
   vertex 147.5 108 208
   vertex 147 108 208.5
  endloop
 endfacet
 facet normal 0.70710678118654746 0 0.70710678118654746
  outer loop
   vertex 147 107 208.5
   vertex 147.5 107 208
   vertex 147 108 208.5
  endloop
 endfacet
 facet normal -0.57735026918962584 0.57735026918962584 0.57735026918962584
  outer loop
   vertex 146.5 108 208
   vertex 147 108 208.5
   vertex 147 108.5 208
  endloop
 endfacet
 facet normal 0.57735026918962584 0.57735026918962584 0.57735026918962584
  outer loop
   vertex 147.5 108 208
   vertex 147 108.5 208
   vertex 147 108 208.5
  endloop
 endfacet
 facet normal -0.70710678118654746 -0.70710678118654746 -0
  outer loop
   vertex 145 102.5 209
   vertex 145 102.5 210
   vertex 144.5 103 210
  endloop
 endfacet
 facet normal -0.70710678118654746 -0.70710678118654746 0
  outer loop
   vertex 144.5 103 209
   vertex 145 102.5 209
   vertex 144.5 103 210
  endloop
 endfacet
 facet normal 0.57735026918962584 -0.57735026918962584 0.57735026918962584
  outer loop
   vertex 146 103 209.5
   vertex 145.5 103 210
   vertex 145 102.5 210
  endloop
 endfacet
 facet normal 0.57735026918962584 -0.57735026918962584 0.57735026918962584
  outer loop
   vertex 146 103 209.5
   vertex 145 102.5 210
   vertex 146 102.5 209
  endloop
 endfacet
 facet normal 0 -1 0
  outer loop
   vertex 146 102.5 209
   vertex 145 102.5 210
   vertex 145 102.5 209
  endloop
 endfacet
 facet normal 0.57735026918962584 -0.57735026918962584 0.57735026918962584
  outer loop
   vertex 146 102.5 209
   vertex 146.5 103 209
   vertex 146 103 209.5
  endloop
 endfacet
 facet normal -0.57735026918962584 -0.57735026918962584 -0.57735026918962584
  outer loop
   vertex 144 104 209.5
   vertex 144 103.5 210
   vertex 143.5 104 210
  endloop
 endfacet
 facet normal -0.57735026918962584 -0.57735026918962584 -0.57735026918962584
  outer loop
   vertex 144 104 209.5
   vertex 144.5 103 210
   vertex 144 103.5 210
  endloop
 endfacet
 facet normal -0.57735026918962584 -0.57735026918962584 -0.57735026918962584
  outer loop
   vertex 144 104 209.5
   vertex 144.5 104 209
   vertex 144.5 103 210
  endloop
 endfacet
 facet normal -1 0 0
  outer loop
   vertex 144.5 104 209
   vertex 144.5 103 209
   vertex 144.5 103 210
  endloop
 endfacet
 facet normal 0.57735026918962584 -0.57735026918962584 0.57735026918962584
  outer loop
   vertex 146 103 209.5
   vertex 146 103.5 210
   vertex 145.5 103 210
  endloop
 endfacet
 facet normal 0.57735026918962584 -0.57735026918962584 0.57735026918962584
  outer loop
   vertex 147 104 209.5
   vertex 146.5 104 210
   vertex 146 103.5 210
  endloop
 endfacet
 facet normal 0.57735026918962584 -0.57735026918962584 0.57735026918962584
  outer loop
   vertex 147 103.5 209
   vertex 147 104 209.5
   vertex 146 103.5 210
  endloop
 endfacet
 facet normal 0.57735026918962584 -0.57735026918962584 0.57735026918962584
  outer loop
   vertex 147 103.5 209
   vertex 146 103.5 210
   vertex 146 103 209.5
  endloop
 endfacet
 facet normal 0.57735026918962584 -0.57735026918962584 0.57735026918962584
  outer loop
   vertex 147 103.5 209
   vertex 146 103 209.5
   vertex 146.5 103 209
  endloop
 endfacet
 facet normal 0.57735026918962584 -0.57735026918962584 0.57735026918962584
  outer loop
   vertex 147 103.5 209
   vertex 147.5 104 209
   vertex 147 104 209.5
  endloop
 endfacet
 facet normal -0.70710678118654746 0 -0.70710678118654746
  outer loop
   vertex 144 105 209.5
   vertex 144 104 209.5
   vertex 143.5 104 210
  endloop
 endfacet
 facet normal -0.70710678118654746 0 -0.70710678118654746
  outer loop
   vertex 143.5 105 210
   vertex 144 105 209.5
   vertex 143.5 104 210
  endloop
 endfacet
 facet normal -0.70710678118654746 0 -0.70710678118654746
  outer loop
   vertex 144.5 104 209
   vertex 144 105 209.5
   vertex 144.5 105 209
  endloop
 endfacet
 facet normal -0.70710678118654746 -0 -0.70710678118654746
  outer loop
   vertex 144 104 209.5
   vertex 144 105 209.5
   vertex 144.5 104 209
  endloop
 endfacet
 facet normal 0.57735026918962584 0.57735026918962584 0.57735026918962584
  outer loop
   vertex 147 104.5 209
   vertex 146.5 104 210
   vertex 147 104 209.5
  endloop
 endfacet
 facet normal 0.57735026918962584 0.57735026918962584 0.57735026918962584
  outer loop
   vertex 147 104.5 209
   vertex 146.5 105 209
   vertex 146.5 104 210
  endloop
 endfacet
 facet normal 1 0 0
  outer loop
   vertex 146.5 105 209
   vertex 146.5 105 210
   vertex 146.5 104 210
  endloop
 endfacet
 facet normal 0.57735026918962584 0.57735026918962584 0.57735026918962584
  outer loop
   vertex 147.5 104 209
   vertex 147 104.5 209
   vertex 147 104 209.5
  endloop
 endfacet
 facet normal -0.70710678118654746 0 -0.70710678118654746
  outer loop
   vertex 144 106 209.5
   vertex 144 105 209.5
   vertex 143.5 105 210
  endloop
 endfacet
 facet normal -0.70710678118654746 0 -0.70710678118654746
  outer loop
   vertex 143.5 106 210
   vertex 144 106 209.5
   vertex 143.5 105 210
  endloop
 endfacet
 facet normal -0.70710678118654746 0 -0.70710678118654746
  outer loop
   vertex 144.5 105 209
   vertex 144 106 209.5
   vertex 144.5 106 209
  endloop
 endfacet
 facet normal -0.70710678118654746 -0 -0.70710678118654746
  outer loop
   vertex 144 105 209.5
   vertex 144 106 209.5
   vertex 144.5 105 209
  endloop
 endfacet
 facet normal 0.57735026918962584 0.57735026918962584 0.57735026918962584
  outer loop
   vertex 146 106 209.5
   vertex 145.5 106 210
   vertex 146 105.5 210
  endloop
 endfacet
 facet normal 0.57735026918962584 0.57735026918962584 0.57735026918962584
  outer loop
   vertex 146 106 209.5
   vertex 146 105.5 210
   vertex 146.5 105 210
  endloop
 endfacet
 facet normal 0.57735026918962584 0.57735026918962584 0.57735026918962584
  outer loop
   vertex 146 106 209.5
   vertex 146.5 105 210
   vertex 146.5 106 209
  endloop
 endfacet
 facet normal 1 0 0
  outer loop
   vertex 146.5 106 209
   vertex 146.5 105 210
   vertex 146.5 105 209
  endloop
 endfacet
 facet normal -0.57735026918962584 0.57735026918962584 -0.57735026918962584
  outer loop
   vertex 144 106 209.5
   vertex 143.5 106 210
   vertex 144 106.5 210
  endloop
 endfacet
 facet normal -0.57735026918962584 0.57735026918962584 -0.57735026918962584
  outer loop
   vertex 145 107 209.5
   vertex 144 106.5 210
   vertex 144.5 107 210
  endloop
 endfacet
 facet normal -0.57735026918962584 0.57735026918962584 -0.57735026918962584
  outer loop
   vertex 145 106.5 209
   vertex 144 106.5 210
   vertex 145 107 209.5
  endloop
 endfacet
 facet normal -0.57735026918962584 0.57735026918962584 -0.57735026918962584
  outer loop
   vertex 145 106.5 209
   vertex 144 106 209.5
   vertex 144 106.5 210
  endloop
 endfacet
 facet normal -0.57735026918962584 0.57735026918962584 -0.57735026918962584
  outer loop
   vertex 145 106.5 209
   vertex 144.5 106 209
   vertex 144 106 209.5
  endloop
 endfacet
 facet normal 0.70710678118654746 0 0.70710678118654746
  outer loop
   vertex 146 106 209.5
   vertex 145.5 107 210
   vertex 145.5 106 210
  endloop
 endfacet
 facet normal 0.57735026918962573 0.57735026918962573 -0.57735026918962573
  outer loop
   vertex 146 106 209.5
   vertex 145 106.5 209
   vertex 145.5 107 210
  endloop
 endfacet
 facet normal 0 0.70710678118654746 0.70710678118654746
  outer loop
   vertex 146 106 209.5
   vertex 146 106.5 209
   vertex 145 106.5 209
  endloop
 endfacet
 facet normal 0.57735026918962584 0.57735026918962584 -0.57735026918962584
  outer loop
   vertex 145 107 209.5
   vertex 145.5 107 210
   vertex 145 106.5 209
  endloop
 endfacet
 facet normal 0.57735026918962584 0.57735026918962584 0.57735026918962584
  outer loop
   vertex 146.5 106 209
   vertex 146 106.5 209
   vertex 146 106 209.5
  endloop
 endfacet
 facet normal -0.57735026918962584 0.57735026918962584 -0.57735026918962584
  outer loop
   vertex 145 107 209.5
   vertex 144.5 107 210
   vertex 145 107.5 210
  endloop
 endfacet
 facet normal 0.57735026918962584 0.57735026918962584 -0.57735026918962584
  outer loop
   vertex 145.5 107 210
   vertex 145 107 209.5
   vertex 145 107.5 210
  endloop
 endfacet
 facet normal -0.57735026918962584 -0.57735026918962584 0.57735026918962584
  outer loop
   vertex 145 102.5 210
   vertex 145 103 210.5
   vertex 144.5 103 210
  endloop
 endfacet
 facet normal 0.57735026918962584 -0.57735026918962584 0.57735026918962584
  outer loop
   vertex 145 102.5 210
   vertex 145.5 103 210
   vertex 145 103 210.5
  endloop
 endfacet
 facet normal -0.70710678118654746 -0.70710678118654746 -0
  outer loop
   vertex 144 103.5 210
   vertex 144 103.5 211
   vertex 143.5 104 211
  endloop
 endfacet
 facet normal -0.70710678118654746 -0.70710678118654746 0
  outer loop
   vertex 143.5 104 210
   vertex 144 103.5 210
   vertex 143.5 104 211
  endloop
 endfacet
 facet normal -0.57735026918962584 -0.57735026918962584 0.57735026918962584
  outer loop
   vertex 145 103 210.5
   vertex 144 103.5 210
   vertex 144.5 103 210
  endloop
 endfacet
 facet normal -0.57735026918962584 -0.57735026918962584 0.57735026918962584
  outer loop
   vertex 145 103 210.5
   vertex 145 103.5 211
   vertex 144 103.5 210
  endloop
 endfacet
 facet normal 0 -1 0
  outer loop
   vertex 145 103.5 211
   vertex 144 103.5 211
   vertex 144 103.5 210
  endloop
 endfacet
 facet normal 0.57735026918962584 -0.57735026918962584 0.57735026918962584
  outer loop
   vertex 146 104 210.5
   vertex 145.5 104 211
   vertex 145 103.5 211
  endloop
 endfacet
 facet normal 0.57735026918962584 -0.57735026918962584 0.57735026918962584
  outer loop
   vertex 146 103.5 210
   vertex 146 104 210.5
   vertex 145 103.5 211
  endloop
 endfacet
 facet normal 0.57735026918962584 -0.57735026918962584 0.57735026918962584
  outer loop
   vertex 146 103.5 210
   vertex 145 103.5 211
   vertex 145 103 210.5
  endloop
 endfacet
 facet normal 0.57735026918962584 -0.57735026918962584 0.57735026918962584
  outer loop
   vertex 146 103.5 210
   vertex 145 103 210.5
   vertex 145.5 103 210
  endloop
 endfacet
 facet normal 0.57735026918962584 -0.57735026918962584 0.57735026918962584
  outer loop
   vertex 146 103.5 210
   vertex 146.5 104 210
   vertex 146 104 210.5
  endloop
 endfacet
 facet normal -1 0 0
  outer loop
   vertex 143.5 104 210
   vertex 143.5 104 211
   vertex 143.5 105 210
  endloop
 endfacet
 facet normal -1 -0 -0
  outer loop
   vertex 143.5 104 211
   vertex 143.5 105 211
   vertex 143.5 105 210
  endloop
 endfacet
 facet normal 0.70710678118654746 0 0.70710678118654746
  outer loop
   vertex 146 105 210.5
   vertex 145.5 104 211
   vertex 146 104 210.5
  endloop
 endfacet
 facet normal 0.70710678118654746 -0 0.70710678118654746
  outer loop
   vertex 145.5 105 211
   vertex 145.5 104 211
   vertex 146 105 210.5
  endloop
 endfacet
 facet normal 0.70710678118654746 0 0.70710678118654746
  outer loop
   vertex 146.5 104 210
   vertex 146.5 105 210
   vertex 146 105 210.5
  endloop
 endfacet
 facet normal 0.70710678118654746 0 0.70710678118654746
  outer loop
   vertex 146 104 210.5
   vertex 146.5 104 210
   vertex 146 105 210.5
  endloop
 endfacet
 facet normal -1 0 0
  outer loop
   vertex 143.5 105 210
   vertex 143.5 105 211
   vertex 143.5 106 210
  endloop
 endfacet
 facet normal -1 -0 -0
  outer loop
   vertex 143.5 105 211
   vertex 143.5 106 211
   vertex 143.5 106 210
  endloop
 endfacet
 facet normal 0.57735026918962584 0.57735026918962584 0.57735026918962584
  outer loop
   vertex 146 105.5 210
   vertex 145.5 105 211
   vertex 146 105 210.5
  endloop
 endfacet
 facet normal 0.57735026918962584 0.57735026918962584 0.57735026918962584
  outer loop
   vertex 146 105.5 210
   vertex 145.5 106 210
   vertex 145.5 105 211
  endloop
 endfacet
 facet normal 1 0 0
  outer loop
   vertex 145.5 106 210
   vertex 145.5 106 211
   vertex 145.5 105 211
  endloop
 endfacet
 facet normal 0.57735026918962584 0.57735026918962584 0.57735026918962584
  outer loop
   vertex 146.5 105 210
   vertex 146 105.5 210
   vertex 146 105 210.5
  endloop
 endfacet
 facet normal -0.57735026918962584 0.57735026918962584 -0.57735026918962584
  outer loop
   vertex 144 107 210.5
   vertex 144 106.5 210
   vertex 143.5 106 210
  endloop
 endfacet
 facet normal -0.57735026918962584 0.57735026918962584 -0.57735026918962584
  outer loop
   vertex 144 107 210.5
   vertex 143.5 106 210
   vertex 143.5 107 211
  endloop
 endfacet
 facet normal -1 0 0
  outer loop
   vertex 143.5 107 211
   vertex 143.5 106 210
   vertex 143.5 106 211
  endloop
 endfacet
 facet normal -0.57735026918962584 0.57735026918962584 -0.57735026918962584
  outer loop
   vertex 144 106.5 210
   vertex 144 107 210.5
   vertex 144.5 107 210
  endloop
 endfacet
 facet normal 1 0 0
  outer loop
   vertex 145.5 106 210
   vertex 145.5 107 210
   vertex 145.5 106 211
  endloop
 endfacet
 facet normal 1 0 -0
  outer loop
   vertex 145.5 106 211
   vertex 145.5 107 210
   vertex 145.5 107 211
  endloop
 endfacet
 facet normal -0.57735026918962584 0.57735026918962584 -0.57735026918962584
  outer loop
   vertex 144 107 210.5
   vertex 143.5 107 211
   vertex 144 107.5 211
  endloop
 endfacet
 facet normal -0.57735026918962584 0.57735026918962584 -0.57735026918962584
  outer loop
   vertex 144.5 107 210
   vertex 144 107 210.5
   vertex 144 107.5 211
  endloop
 endfacet
 facet normal -0.57735026918962584 0.57735026918962584 -0.57735026918962584
  outer loop
   vertex 144.5 107 210
   vertex 144 107.5 211
   vertex 145 107.5 210
  endloop
 endfacet
 facet normal -0 1 0
  outer loop
   vertex 145 107.5 210
   vertex 144 107.5 211
   vertex 145 107.5 211
  endloop
 endfacet
 facet normal 0.70710678118654746 0.70710678118654746 -0
  outer loop
   vertex 145.5 107 211
   vertex 145.5 107 210
   vertex 145 107.5 210
  endloop
 endfacet
 facet normal 0.70710678118654746 0.70710678118654746 0
  outer loop
   vertex 145 107.5 211
   vertex 145.5 107 211
   vertex 145 107.5 210
  endloop
 endfacet
 facet normal -0.57735026918962584 -0.57735026918962584 0.57735026918962584
  outer loop
   vertex 144 103.5 211
   vertex 144 104 211.5
   vertex 143.5 104 211
  endloop
 endfacet
 facet normal 0 -0.70710678118654746 0.70710678118654746
  outer loop
   vertex 144 103.5 211
   vertex 145 103.5 211
   vertex 145 104 211.5
  endloop
 endfacet
 facet normal 0 -0.70710678118654746 0.70710678118654746
  outer loop
   vertex 144 104 211.5
   vertex 144 103.5 211
   vertex 145 104 211.5
  endloop
 endfacet
 facet normal 0.57735026918962584 -0.57735026918962584 0.57735026918962584
  outer loop
   vertex 145 103.5 211
   vertex 145.5 104 211
   vertex 145 104 211.5
  endloop
 endfacet
 facet normal -0.57735026918962584 -0.57735026918962584 0.57735026918962584
  outer loop
   vertex 144 104 211.5
   vertex 144 104.5 212
   vertex 143.5 105 212
  endloop
 endfacet
 facet normal -0.57735026918962584 -0.57735026918962584 0.57735026918962584
  outer loop
   vertex 144 104 211.5
   vertex 143.5 105 212
   vertex 143.5 104 211
  endloop
 endfacet
 facet normal -1 0 -0
  outer loop
   vertex 143.5 104 211
   vertex 143.5 105 212
   vertex 143.5 105 211
  endloop
 endfacet
 facet normal 0.57735026918962584 -0.57735026918962584 0.57735026918962584
  outer loop
   vertex 144 104.5 212
   vertex 145 105 211.5
   vertex 144.5 105 212
  endloop
 endfacet
 facet normal 0.57735026918962584 -0.57735026918962584 0.57735026918962584
  outer loop
   vertex 144 104.5 212
   vertex 144 104 211.5
   vertex 145 105 211.5
  endloop
 endfacet
 facet normal 0 -0 1
  outer loop
   vertex 144 104 211.5
   vertex 145 104 211.5
   vertex 145 105 211.5
  endloop
 endfacet
 facet normal 0.70710678118654746 0 0.70710678118654746
  outer loop
   vertex 145.5 104 211
   vertex 145.5 105 211
   vertex 145 105 211.5
  endloop
 endfacet
 facet normal 0.70710678118654746 0 0.70710678118654746
  outer loop
   vertex 145 104 211.5
   vertex 145.5 104 211
   vertex 145 105 211.5
  endloop
 endfacet
 facet normal -1 0 0
  outer loop
   vertex 143.5 105 211
   vertex 143.5 105 212
   vertex 143.5 106 211
  endloop
 endfacet
 facet normal -1 -0 -0
  outer loop
   vertex 143.5 105 212
   vertex 143.5 106 212
   vertex 143.5 106 211
  endloop
 endfacet
 facet normal 0.70710678118654746 0 0.70710678118654746
  outer loop
   vertex 145 106 211.5
   vertex 144.5 105 212
   vertex 145 105 211.5
  endloop
 endfacet
 facet normal 0.70710678118654746 -0 0.70710678118654746
  outer loop
   vertex 144.5 106 212
   vertex 144.5 105 212
   vertex 145 106 211.5
  endloop
 endfacet
 facet normal 0.70710678118654746 0 0.70710678118654746
  outer loop
   vertex 145.5 105 211
   vertex 145.5 106 211
   vertex 145 106 211.5
  endloop
 endfacet
 facet normal 0.70710678118654746 0 0.70710678118654746
  outer loop
   vertex 145 105 211.5
   vertex 145.5 105 211
   vertex 145 106 211.5
  endloop
 endfacet
 facet normal -0.57735026918962584 0.57735026918962584 0.57735026918962584
  outer loop
   vertex 144 106.5 212
   vertex 144 107 211.5
   vertex 143.5 107 211
  endloop
 endfacet
 facet normal -0.57735026918962584 0.57735026918962584 0.57735026918962584
  outer loop
   vertex 144 106.5 212
   vertex 143.5 107 211
   vertex 143.5 106 212
  endloop
 endfacet
 facet normal -1 0 0
  outer loop
   vertex 143.5 106 212
   vertex 143.5 107 211
   vertex 143.5 106 211
  endloop
 endfacet
 facet normal 0.57735026918962584 0.57735026918962584 0.57735026918962584
  outer loop
   vertex 144.5 106 212
   vertex 144 107 211.5
   vertex 144 106.5 212
  endloop
 endfacet
 facet normal 0.57735026918962584 0.57735026918962584 0.57735026918962584
  outer loop
   vertex 144.5 106 212
   vertex 145 106 211.5
   vertex 144 107 211.5
  endloop
 endfacet
 facet normal 0 0 1
  outer loop
   vertex 145 106 211.5
   vertex 145 107 211.5
   vertex 144 107 211.5
  endloop
 endfacet
 facet normal 0.70710678118654746 0 0.70710678118654746
  outer loop
   vertex 145.5 106 211
   vertex 145.5 107 211
   vertex 145 107 211.5
  endloop
 endfacet
 facet normal 0.70710678118654746 0 0.70710678118654746
  outer loop
   vertex 145 106 211.5
   vertex 145.5 106 211
   vertex 145 107 211.5
  endloop
 endfacet
 facet normal -0.57735026918962584 0.57735026918962584 0.57735026918962584
  outer loop
   vertex 143.5 107 211
   vertex 144 107 211.5
   vertex 144 107.5 211
  endloop
 endfacet
 facet normal -0 0.70710678118654746 0.70710678118654746
  outer loop
   vertex 145 107.5 211
   vertex 144 107.5 211
   vertex 144 107 211.5
  endloop
 endfacet
 facet normal 0 0.70710678118654746 0.70710678118654746
  outer loop
   vertex 145 107 211.5
   vertex 145 107.5 211
   vertex 144 107 211.5
  endloop
 endfacet
 facet normal 0.57735026918962584 0.57735026918962584 0.57735026918962584
  outer loop
   vertex 145.5 107 211
   vertex 145 107.5 211
   vertex 145 107 211.5
  endloop
 endfacet
 facet normal -0.57735026918962584 -0.57735026918962584 0.57735026918962584
  outer loop
   vertex 144 104.5 212
   vertex 144 105 212.5
   vertex 143.5 105 212
  endloop
 endfacet
 facet normal 0.57735026918962584 -0.57735026918962584 0.57735026918962584
  outer loop
   vertex 144 104.5 212
   vertex 144.5 105 212
   vertex 144 105 212.5
  endloop
 endfacet
 facet normal -0.70710678118654746 0 0.70710678118654746
  outer loop
   vertex 144 105 212.5
   vertex 144 106 212.5
   vertex 143.5 106 212
  endloop
 endfacet
 facet normal -0.70710678118654746 0 0.70710678118654746
  outer loop
   vertex 143.5 105 212
   vertex 144 105 212.5
   vertex 143.5 106 212
  endloop
 endfacet
 facet normal 0.70710678118654746 0 0.70710678118654746
  outer loop
   vertex 144.5 105 212
   vertex 144.5 106 212
   vertex 144 106 212.5
  endloop
 endfacet
 facet normal 0.70710678118654746 0 0.70710678118654746
  outer loop
   vertex 144 105 212.5
   vertex 144.5 105 212
   vertex 144 106 212.5
  endloop
 endfacet
 facet normal -0.57735026918962584 0.57735026918962584 0.57735026918962584
  outer loop
   vertex 143.5 106 212
   vertex 144 106 212.5
   vertex 144 106.5 212
  endloop
 endfacet
 facet normal 0.57735026918962584 0.57735026918962584 0.57735026918962584
  outer loop
   vertex 144.5 106 212
   vertex 144 106.5 212
   vertex 144 106 212.5
  endloop
 endfacet
endsolid
