solid Visualization Toolkit generated SLA File
 facet normal -0.57735026918962584 -0.57735026918962584 -0.57735026918962584
  outer loop
   vertex 158 145 267.5
   vertex 158 144.5 268
   vertex 157.5 145 268
  endloop
 endfacet
 facet normal 0.57735026918962584 -0.57735026918962584 -0.57735026918962584
  outer loop
   vertex 158 144.5 268
   vertex 158 145 267.5
   vertex 158.5 145 268
  endloop
 endfacet
 facet normal -0.70710678118654746 0 -0.70710678118654746
  outer loop
   vertex 158 146 267.5
   vertex 158 145 267.5
   vertex 157.5 145 268
  endloop
 endfacet
 facet normal -0.70710678118654746 0 -0.70710678118654746
  outer loop
   vertex 157.5 146 268
   vertex 158 146 267.5
   vertex 157.5 145 268
  endloop
 endfacet
 facet normal 0.57735026918962584 -0.57735026918962584 -0.57735026918962584
  outer loop
   vertex 159 145.5 268
   vertex 158.5 145 268
   vertex 158 145 267.5
  endloop
 endfacet
 facet normal 0.57735026918962584 -0.57735026918962584 -0.57735026918962584
  outer loop
   vertex 159 145.5 268
   vertex 158 145 267.5
   vertex 159 146 267.5
  endloop
 endfacet
 facet normal 0 0 -1
  outer loop
   vertex 159 146 267.5
   vertex 158 145 267.5
   vertex 158 146 267.5
  endloop
 endfacet
 facet normal -0 -0.70710678118654746 -0.70710678118654746
  outer loop
   vertex 159 146 267.5
   vertex 160 146 267.5
   vertex 160 145.5 268
  endloop
 endfacet
 facet normal 0 -0.70710678118654746 -0.70710678118654746
  outer loop
   vertex 159 145.5 268
   vertex 159 146 267.5
   vertex 160 145.5 268
  endloop
 endfacet
 facet normal -0 -0.70710678118654746 -0.70710678118654746
  outer loop
   vertex 160 146 267.5
   vertex 161 146 267.5
   vertex 161 145.5 268
  endloop
 endfacet
 facet normal 0 -0.70710678118654746 -0.70710678118654746
  outer loop
   vertex 160 145.5 268
   vertex 160 146 267.5
   vertex 161 145.5 268
  endloop
 endfacet
 facet normal 0.57735026918962584 -0.57735026918962584 -0.57735026918962584
  outer loop
   vertex 161 145.5 268
   vertex 161 146 267.5
   vertex 161.5 146 268
  endloop
 endfacet
 facet normal -0.57735026918962584 -0.57735026918962584 -0.57735026918962584
  outer loop
   vertex 157 147 267.5
   vertex 157 146.5 268
   vertex 156.5 147 268
  endloop
 endfacet
 facet normal -0.57735026918962584 -0.57735026918962584 -0.57735026918962584
  outer loop
   vertex 157.5 146 268
   vertex 157 146.5 268
   vertex 157 147 267.5
  endloop
 endfacet
 facet normal -0.57735026918962584 -0.57735026918962584 -0.57735026918962584
  outer loop
   vertex 157.5 146 268
   vertex 157 147 267.5
   vertex 158 146 267.5
  endloop
 endfacet
 facet normal 0 0 -1
  outer loop
   vertex 158 146 267.5
   vertex 157 147 267.5
   vertex 158 147 267.5
  endloop
 endfacet
 facet normal 0 0 -1
  outer loop
   vertex 159 146 267.5
   vertex 158 146 267.5
   vertex 159 147 267.5
  endloop
 endfacet
 facet normal 0 0 -1
  outer loop
   vertex 159 147 267.5
   vertex 158 146 267.5
   vertex 158 147 267.5
  endloop
 endfacet
 facet normal 0 0 -1
  outer loop
   vertex 160 146 267.5
   vertex 159 146 267.5
   vertex 160 147 267.5
  endloop
 endfacet
 facet normal 0 0 -1
  outer loop
   vertex 160 147 267.5
   vertex 159 146 267.5
   vertex 159 147 267.5
  endloop
 endfacet
 facet normal 0 0 -1
  outer loop
   vertex 161 146 267.5
   vertex 160 146 267.5
   vertex 161 147 267.5
  endloop
 endfacet
 facet normal 0 0 -1
  outer loop
   vertex 161 147 267.5
   vertex 160 146 267.5
   vertex 160 147 267.5
  endloop
 endfacet
 facet normal 0.70710678118654746 0 -0.70710678118654746
  outer loop
   vertex 161.5 147 268
   vertex 161.5 146 268
   vertex 161 146 267.5
  endloop
 endfacet
 facet normal 0.70710678118654746 0 -0.70710678118654746
  outer loop
   vertex 161 147 267.5
   vertex 161.5 147 268
   vertex 161 146 267.5
  endloop
 endfacet
 facet normal -0.70710678118654746 0 -0.70710678118654746
  outer loop
   vertex 157 148 267.5
   vertex 157 147 267.5
   vertex 156.5 147 268
  endloop
 endfacet
 facet normal -0.70710678118654746 0 -0.70710678118654746
  outer loop
   vertex 156.5 148 268
   vertex 157 148 267.5
   vertex 156.5 147 268
  endloop
 endfacet
 facet normal 0 0 -1
  outer loop
   vertex 158 147 267.5
   vertex 157 147 267.5
   vertex 158 148 267.5
  endloop
 endfacet
 facet normal 0 0 -1
  outer loop
   vertex 158 148 267.5
   vertex 157 147 267.5
   vertex 157 148 267.5
  endloop
 endfacet
 facet normal 0 0 -1
  outer loop
   vertex 159 147 267.5
   vertex 158 147 267.5
   vertex 159 148 267.5
  endloop
 endfacet
 facet normal 0 0 -1
  outer loop
   vertex 159 148 267.5
   vertex 158 147 267.5
   vertex 158 148 267.5
  endloop
 endfacet
 facet normal 0 0 -1
  outer loop
   vertex 160 147 267.5
   vertex 159 147 267.5
   vertex 160 148 267.5
  endloop
 endfacet
 facet normal 0 0 -1
  outer loop
   vertex 160 148 267.5
   vertex 159 147 267.5
   vertex 159 148 267.5
  endloop
 endfacet
 facet normal 0 0 -1
  outer loop
   vertex 161 147 267.5
   vertex 160 147 267.5
   vertex 161 148 267.5
  endloop
 endfacet
 facet normal 0 0 -1
  outer loop
   vertex 161 148 267.5
   vertex 160 147 267.5
   vertex 160 148 267.5
  endloop
 endfacet
 facet normal 0.70710678118654746 0 -0.70710678118654746
  outer loop
   vertex 161.5 148 268
   vertex 161.5 147 268
   vertex 161 147 267.5
  endloop
 endfacet
 facet normal 0.70710678118654746 0 -0.70710678118654746
  outer loop
   vertex 161 148 267.5
   vertex 161.5 148 268
   vertex 161 147 267.5
  endloop
 endfacet
 facet normal -0.57735026918962584 0.57735026918962584 -0.57735026918962584
  outer loop
   vertex 157 148 267.5
   vertex 156.5 148 268
   vertex 157 148.5 268
  endloop
 endfacet
 facet normal -0.57735026918962584 0.57735026918962584 -0.57735026918962584
  outer loop
   vertex 157 148.5 268
   vertex 157.5 149 268
   vertex 158 149 267.5
  endloop
 endfacet
 facet normal -0.57735026918962584 0.57735026918962584 -0.57735026918962584
  outer loop
   vertex 157 148.5 268
   vertex 158 149 267.5
   vertex 157 148 267.5
  endloop
 endfacet
 facet normal 0 -0 -1
  outer loop
   vertex 157 148 267.5
   vertex 158 149 267.5
   vertex 158 148 267.5
  endloop
 endfacet
 facet normal 0 0 -1
  outer loop
   vertex 159 148 267.5
   vertex 158 148 267.5
   vertex 159 149 267.5
  endloop
 endfacet
 facet normal 0 0 -1
  outer loop
   vertex 159 149 267.5
   vertex 158 148 267.5
   vertex 158 149 267.5
  endloop
 endfacet
 facet normal 0 0 -1
  outer loop
   vertex 160 148 267.5
   vertex 159 148 267.5
   vertex 160 149 267.5
  endloop
 endfacet
 facet normal 0 0 -1
  outer loop
   vertex 160 149 267.5
   vertex 159 148 267.5
   vertex 159 149 267.5
  endloop
 endfacet
 facet normal 0 0 -1
  outer loop
   vertex 161 148 267.5
   vertex 160 148 267.5
   vertex 161 149 267.5
  endloop
 endfacet
 facet normal 0 0 -1
  outer loop
   vertex 161 149 267.5
   vertex 160 148 267.5
   vertex 160 149 267.5
  endloop
 endfacet
 facet normal 0.70710678118654746 0 -0.70710678118654746
  outer loop
   vertex 161.5 149 268
   vertex 161.5 148 268
   vertex 161 148 267.5
  endloop
 endfacet
 facet normal 0.70710678118654746 0 -0.70710678118654746
  outer loop
   vertex 161 149 267.5
   vertex 161.5 149 268
   vertex 161 148 267.5
  endloop
 endfacet
 facet normal -0.57735026918962584 0.57735026918962584 -0.57735026918962584
  outer loop
   vertex 158 149 267.5
   vertex 157.5 149 268
   vertex 158 149.5 268
  endloop
 endfacet
 facet normal -0.57735026918962584 0.57735026918962584 -0.57735026918962584
  outer loop
   vertex 158 149.5 268
   vertex 158.5 150 268
   vertex 159 150 267.5
  endloop
 endfacet
 facet normal -0.57735026918962584 0.57735026918962584 -0.57735026918962584
  outer loop
   vertex 158 149.5 268
   vertex 159 150 267.5
   vertex 158 149 267.5
  endloop
 endfacet
 facet normal 0 -0 -1
  outer loop
   vertex 158 149 267.5
   vertex 159 150 267.5
   vertex 159 149 267.5
  endloop
 endfacet
 facet normal 0 0 -1
  outer loop
   vertex 160 149 267.5
   vertex 159 149 267.5
   vertex 160 150 267.5
  endloop
 endfacet
 facet normal 0 0 -1
  outer loop
   vertex 160 150 267.5
   vertex 159 149 267.5
   vertex 159 150 267.5
  endloop
 endfacet
 facet normal 0.57735026918962584 0.57735026918962584 -0.57735026918962584
  outer loop
   vertex 160.5 150 268
   vertex 161 149.5 268
   vertex 161 149 267.5
  endloop
 endfacet
 facet normal 0.57735026918962584 0.57735026918962584 -0.57735026918962584
  outer loop
   vertex 160.5 150 268
   vertex 161 149 267.5
   vertex 160 150 267.5
  endloop
 endfacet
 facet normal 0 0 -1
  outer loop
   vertex 160 150 267.5
   vertex 161 149 267.5
   vertex 160 149 267.5
  endloop
 endfacet
 facet normal 0.57735026918962584 0.57735026918962584 -0.57735026918962584
  outer loop
   vertex 161.5 149 268
   vertex 161 149 267.5
   vertex 161 149.5 268
  endloop
 endfacet
 facet normal -0.57735026918962584 0.57735026918962584 -0.57735026918962584
  outer loop
   vertex 159 150 267.5
   vertex 158.5 150 268
   vertex 159 150.5 268
  endloop
 endfacet
 facet normal 0 0.70710678118654746 -0.70710678118654746
  outer loop
   vertex 160 150 267.5
   vertex 159 150 267.5
   vertex 159 150.5 268
  endloop
 endfacet
 facet normal 0 0.70710678118654746 -0.70710678118654746
  outer loop
   vertex 160 150.5 268
   vertex 160 150 267.5
   vertex 159 150.5 268
  endloop
 endfacet
 facet normal 0.57735026918962584 0.57735026918962584 -0.57735026918962584
  outer loop
   vertex 160.5 150 268
   vertex 160 150 267.5
   vertex 160 150.5 268
  endloop
 endfacet
 facet normal -0.57735026918962584 -0.57735026918962584 -0.57735026918962584
  outer loop
   vertex 158 143 268.5
   vertex 158 142.5 269
   vertex 157.5 143 269
  endloop
 endfacet
 facet normal -0 -0.70710678118654746 -0.70710678118654746
  outer loop
   vertex 158 143 268.5
   vertex 159 143 268.5
   vertex 159 142.5 269
  endloop
 endfacet
 facet normal 0 -0.70710678118654746 -0.70710678118654746
  outer loop
   vertex 158 142.5 269
   vertex 158 143 268.5
   vertex 159 142.5 269
  endloop
 endfacet
 facet normal -0 -0.70710678118654746 -0.70710678118654746
  outer loop
   vertex 159 143 268.5
   vertex 160 143 268.5
   vertex 160 142.5 269
  endloop
 endfacet
 facet normal 0 -0.70710678118654746 -0.70710678118654746
  outer loop
   vertex 159 142.5 269
   vertex 159 143 268.5
   vertex 160 142.5 269
  endloop
 endfacet
 facet normal -0 -0.70710678118654746 -0.70710678118654746
  outer loop
   vertex 160 143 268.5
   vertex 161 143 268.5
   vertex 161 142.5 269
  endloop
 endfacet
 facet normal 0 -0.70710678118654746 -0.70710678118654746
  outer loop
   vertex 160 142.5 269
   vertex 160 143 268.5
   vertex 161 142.5 269
  endloop
 endfacet
 facet normal 0.57735026918962584 -0.57735026918962584 -0.57735026918962584
  outer loop
   vertex 161 142.5 269
   vertex 161 143 268.5
   vertex 161.5 143 269
  endloop
 endfacet
 facet normal -0.57735026918962584 -0.57735026918962584 -0.57735026918962584
  outer loop
   vertex 157 144 268.5
   vertex 157 143.5 269
   vertex 156.5 144 269
  endloop
 endfacet
 facet normal -0.57735026918962584 -0.57735026918962584 -0.57735026918962584
  outer loop
   vertex 157.5 143 269
   vertex 157 143.5 269
   vertex 157 144 268.5
  endloop
 endfacet
 facet normal -0.57735026918962584 -0.57735026918962584 -0.57735026918962584
  outer loop
   vertex 157.5 143 269
   vertex 157 144 268.5
   vertex 158 143 268.5
  endloop
 endfacet
 facet normal 0 0 -1
  outer loop
   vertex 158 143 268.5
   vertex 157 144 268.5
   vertex 158 144 268.5
  endloop
 endfacet
 facet normal 0 0 -1
  outer loop
   vertex 159 143 268.5
   vertex 158 143 268.5
   vertex 159 144 268.5
  endloop
 endfacet
 facet normal 0 0 -1
  outer loop
   vertex 159 144 268.5
   vertex 158 143 268.5
   vertex 158 144 268.5
  endloop
 endfacet
 facet normal 0 0 -1
  outer loop
   vertex 160 143 268.5
   vertex 159 143 268.5
   vertex 160 144 268.5
  endloop
 endfacet
 facet normal 0 0 -1
  outer loop
   vertex 160 144 268.5
   vertex 159 143 268.5
   vertex 159 144 268.5
  endloop
 endfacet
 facet normal 0 0 -1
  outer loop
   vertex 161 143 268.5
   vertex 160 143 268.5
   vertex 161 144 268.5
  endloop
 endfacet
 facet normal 0 0 -1
  outer loop
   vertex 161 144 268.5
   vertex 160 143 268.5
   vertex 160 144 268.5
  endloop
 endfacet
 facet normal 0.57735026918962584 -0.57735026918962584 -0.57735026918962584
  outer loop
   vertex 162 143.5 269
   vertex 161.5 143 269
   vertex 161 143 268.5
  endloop
 endfacet
 facet normal 0.57735026918962584 -0.57735026918962584 -0.57735026918962584
  outer loop
   vertex 162 143.5 269
   vertex 161 143 268.5
   vertex 162 144 268.5
  endloop
 endfacet
 facet normal 0 0 -1
  outer loop
   vertex 162 144 268.5
   vertex 161 143 268.5
   vertex 161 144 268.5
  endloop
 endfacet
 facet normal 0.57735026918962584 -0.57735026918962584 -0.57735026918962584
  outer loop
   vertex 162 143.5 269
   vertex 162 144 268.5
   vertex 162.5 144 269
  endloop
 endfacet
 facet normal -0.70710678118654746 0 -0.70710678118654746
  outer loop
   vertex 157 145 268.5
   vertex 157 144 268.5
   vertex 156.5 144 269
  endloop
 endfacet
 facet normal -0.70710678118654746 0 -0.70710678118654746
  outer loop
   vertex 156.5 145 269
   vertex 157 145 268.5
   vertex 156.5 144 269
  endloop
 endfacet
 facet normal -0.57735026918962584 -0.57735026918962584 -0.57735026918962584
  outer loop
   vertex 158 144.5 268
   vertex 157 145 268.5
   vertex 157.5 145 268
  endloop
 endfacet
 facet normal -0.57735026918962584 -0.57735026918962584 -0.57735026918962584
  outer loop
   vertex 158 144.5 268
   vertex 158 144 268.5
   vertex 157 145 268.5
  endloop
 endfacet
 facet normal 0 0 -1
  outer loop
   vertex 158 144 268.5
   vertex 157 144 268.5
   vertex 157 145 268.5
  endloop
 endfacet
 facet normal 0.57735026918962584 -0.57735026918962584 -0.57735026918962584
  outer loop
   vertex 158.5 145 268
   vertex 158 144 268.5
   vertex 158 144.5 268
  endloop
 endfacet
 facet normal 0.57735026918962584 -0.57735026918962584 -0.57735026918962584
  outer loop
   vertex 158.5 145 268
   vertex 159 145 268.5
   vertex 158 144 268.5
  endloop
 endfacet
 facet normal 0 0 -1
  outer loop
   vertex 159 145 268.5
   vertex 159 144 268.5
   vertex 158 144 268.5
  endloop
 endfacet
 facet normal 0 0 -1
  outer loop
   vertex 160 144 268.5
   vertex 159 144 268.5
   vertex 160 145 268.5
  endloop
 endfacet
 facet normal 0 0 -1
  outer loop
   vertex 160 145 268.5
   vertex 159 144 268.5
   vertex 159 145 268.5
  endloop
 endfacet
 facet normal 0 0 -1
  outer loop
   vertex 161 144 268.5
   vertex 160 144 268.5
   vertex 161 145 268.5
  endloop
 endfacet
 facet normal 0 0 -1
  outer loop
   vertex 161 145 268.5
   vertex 160 144 268.5
   vertex 160 145 268.5
  endloop
 endfacet
 facet normal 0 0 -1
  outer loop
   vertex 162 144 268.5
   vertex 161 144 268.5
   vertex 162 145 268.5
  endloop
 endfacet
 facet normal 0 0 -1
  outer loop
   vertex 162 145 268.5
   vertex 161 144 268.5
   vertex 161 145 268.5
  endloop
 endfacet
 facet normal 0.57735026918962584 -0.57735026918962584 -0.57735026918962584
  outer loop
   vertex 163 144.5 269
   vertex 162.5 144 269
   vertex 162 144 268.5
  endloop
 endfacet
 facet normal 0.57735026918962584 -0.57735026918962584 -0.57735026918962584
  outer loop
   vertex 163 144.5 269
   vertex 162 144 268.5
   vertex 163 145 268.5
  endloop
 endfacet
 facet normal 0 0 -1
  outer loop
   vertex 163 145 268.5
   vertex 162 144 268.5
   vertex 162 145 268.5
  endloop
 endfacet
 facet normal 0.57735026918962584 -0.57735026918962584 -0.57735026918962584
  outer loop
   vertex 163 144.5 269
   vertex 163 145 268.5
   vertex 163.5 145 269
  endloop
 endfacet
 facet normal -0.57735026918962584 -0.57735026918962584 -0.57735026918962584
  outer loop
   vertex 156 146 268.5
   vertex 156 145.5 269
   vertex 155.5 146 269
  endloop
 endfacet
 facet normal -0.57735026918962584 -0.57735026918962584 -0.57735026918962584
  outer loop
   vertex 156.5 145 269
   vertex 156 145.5 269
   vertex 156 146 268.5
  endloop
 endfacet
 facet normal -0.57735026918962584 -0.57735026918962584 -0.57735026918962584
  outer loop
   vertex 156.5 145 269
   vertex 156 146 268.5
   vertex 157 145 268.5
  endloop
 endfacet
 facet normal 0 0 -1
  outer loop
   vertex 157 145 268.5
   vertex 156 146 268.5
   vertex 157 146 268.5
  endloop
 endfacet
 facet normal -0.70710678118654746 0 -0.70710678118654746
  outer loop
   vertex 157.5 145 268
   vertex 157 146 268.5
   vertex 157.5 146 268
  endloop
 endfacet
 facet normal -0.70710678118654746 -0 -0.70710678118654746
  outer loop
   vertex 157 145 268.5
   vertex 157 146 268.5
   vertex 157.5 145 268
  endloop
 endfacet
 facet normal 0.57735026918962584 -0.57735026918962584 -0.57735026918962584
  outer loop
   vertex 158.5 145 268
   vertex 159 145.5 268
   vertex 159 145 268.5
  endloop
 endfacet
 facet normal 0 -0.70710678118654746 -0.70710678118654746
  outer loop
   vertex 160 145.5 268
   vertex 159 145 268.5
   vertex 159 145.5 268
  endloop
 endfacet
 facet normal 0 -0.70710678118654746 -0.70710678118654746
  outer loop
   vertex 160 145 268.5
   vertex 159 145 268.5
   vertex 160 145.5 268
  endloop
 endfacet
 facet normal 0 -0.70710678118654746 -0.70710678118654746
  outer loop
   vertex 161 145.5 268
   vertex 160 145 268.5
   vertex 160 145.5 268
  endloop
 endfacet
 facet normal 0 -0.70710678118654746 -0.70710678118654746
  outer loop
   vertex 161 145 268.5
   vertex 160 145 268.5
   vertex 161 145.5 268
  endloop
 endfacet
 facet normal 0.57735026918962584 -0.57735026918962584 -0.57735026918962584
  outer loop
   vertex 161.5 146 268
   vertex 161 145 268.5
   vertex 161 145.5 268
  endloop
 endfacet
 facet normal 0.57735026918962584 -0.57735026918962584 -0.57735026918962584
  outer loop
   vertex 161.5 146 268
   vertex 162 146 268.5
   vertex 161 145 268.5
  endloop
 endfacet
 facet normal 0 0 -1
  outer loop
   vertex 162 146 268.5
   vertex 162 145 268.5
   vertex 161 145 268.5
  endloop
 endfacet
 facet normal 0 0 -1
  outer loop
   vertex 163 145 268.5
   vertex 162 145 268.5
   vertex 163 146 268.5
  endloop
 endfacet
 facet normal 0 0 -1
  outer loop
   vertex 163 146 268.5
   vertex 162 145 268.5
   vertex 162 146 268.5
  endloop
 endfacet
 facet normal 0.70710678118654746 0 -0.70710678118654746
  outer loop
   vertex 163.5 146 269
   vertex 163.5 145 269
   vertex 163 145 268.5
  endloop
 endfacet
 facet normal 0.70710678118654746 0 -0.70710678118654746
  outer loop
   vertex 163 146 268.5
   vertex 163.5 146 269
   vertex 163 145 268.5
  endloop
 endfacet
 facet normal -0.70710678118654746 0 -0.70710678118654746
  outer loop
   vertex 156 147 268.5
   vertex 156 146 268.5
   vertex 155.5 146 269
  endloop
 endfacet
 facet normal -0.70710678118654746 0 -0.70710678118654746
  outer loop
   vertex 155.5 147 269
   vertex 156 147 268.5
   vertex 155.5 146 269
  endloop
 endfacet
 facet normal -0.57735026918962584 -0.57735026918962584 -0.57735026918962584
  outer loop
   vertex 157 146.5 268
   vertex 156 147 268.5
   vertex 156.5 147 268
  endloop
 endfacet
 facet normal -0.57735026918962584 -0.57735026918962584 -0.57735026918962584
  outer loop
   vertex 157 146.5 268
   vertex 157 146 268.5
   vertex 156 147 268.5
  endloop
 endfacet
 facet normal 0 0 -1
  outer loop
   vertex 157 146 268.5
   vertex 156 146 268.5
   vertex 156 147 268.5
  endloop
 endfacet
 facet normal -0.57735026918962584 -0.57735026918962584 -0.57735026918962584
  outer loop
   vertex 157.5 146 268
   vertex 157 146 268.5
   vertex 157 146.5 268
  endloop
 endfacet
 facet normal 0.70710678118654746 0 -0.70710678118654746
  outer loop
   vertex 162 146 268.5
   vertex 161.5 147 268
   vertex 162 147 268.5
  endloop
 endfacet
 facet normal 0.70710678118654746 0 -0.70710678118654746
  outer loop
   vertex 161.5 146 268
   vertex 161.5 147 268
   vertex 162 146 268.5
  endloop
 endfacet
 facet normal 0 0 -1
  outer loop
   vertex 163 146 268.5
   vertex 162 146 268.5
   vertex 163 147 268.5
  endloop
 endfacet
 facet normal 0 0 -1
  outer loop
   vertex 163 147 268.5
   vertex 162 146 268.5
   vertex 162 147 268.5
  endloop
 endfacet
 facet normal 0.57735026918962584 -0.57735026918962584 -0.57735026918962584
  outer loop
   vertex 164 146.5 269
   vertex 163.5 146 269
   vertex 163 146 268.5
  endloop
 endfacet
 facet normal 0.57735026918962584 -0.57735026918962584 -0.57735026918962584
  outer loop
   vertex 164 146.5 269
   vertex 163 146 268.5
   vertex 164 147 268.5
  endloop
 endfacet
 facet normal 0 0 -1
  outer loop
   vertex 164 147 268.5
   vertex 163 146 268.5
   vertex 163 147 268.5
  endloop
 endfacet
 facet normal 0.57735026918962584 -0.57735026918962584 -0.57735026918962584
  outer loop
   vertex 164 146.5 269
   vertex 164 147 268.5
   vertex 164.5 147 269
  endloop
 endfacet
 facet normal -0.70710678118654746 0 -0.70710678118654746
  outer loop
   vertex 156 148 268.5
   vertex 156 147 268.5
   vertex 155.5 147 269
  endloop
 endfacet
 facet normal -0.70710678118654746 0 -0.70710678118654746
  outer loop
   vertex 155.5 148 269
   vertex 156 148 268.5
   vertex 155.5 147 269
  endloop
 endfacet
 facet normal -0.70710678118654746 0 -0.70710678118654746
  outer loop
   vertex 156.5 147 268
   vertex 156 148 268.5
   vertex 156.5 148 268
  endloop
 endfacet
 facet normal -0.70710678118654746 -0 -0.70710678118654746
  outer loop
   vertex 156 147 268.5
   vertex 156 148 268.5
   vertex 156.5 147 268
  endloop
 endfacet
 facet normal 0.70710678118654746 0 -0.70710678118654746
  outer loop
   vertex 162 147 268.5
   vertex 161.5 148 268
   vertex 162 148 268.5
  endloop
 endfacet
 facet normal 0.70710678118654746 0 -0.70710678118654746
  outer loop
   vertex 161.5 147 268
   vertex 161.5 148 268
   vertex 162 147 268.5
  endloop
 endfacet
 facet normal 0 0 -1
  outer loop
   vertex 163 147 268.5
   vertex 162 147 268.5
   vertex 163 148 268.5
  endloop
 endfacet
 facet normal 0 0 -1
  outer loop
   vertex 163 148 268.5
   vertex 162 147 268.5
   vertex 162 148 268.5
  endloop
 endfacet
 facet normal 0 0 -1
  outer loop
   vertex 164 147 268.5
   vertex 163 147 268.5
   vertex 164 148 268.5
  endloop
 endfacet
 facet normal 0 0 -1
  outer loop
   vertex 164 148 268.5
   vertex 163 147 268.5
   vertex 163 148 268.5
  endloop
 endfacet
 facet normal 0.70710678118654746 0 -0.70710678118654746
  outer loop
   vertex 164.5 148 269
   vertex 164.5 147 269
   vertex 164 147 268.5
  endloop
 endfacet
 facet normal 0.70710678118654746 0 -0.70710678118654746
  outer loop
   vertex 164 148 268.5
   vertex 164.5 148 269
   vertex 164 147 268.5
  endloop
 endfacet
 facet normal -0.70710678118654746 0 -0.70710678118654746
  outer loop
   vertex 156 149 268.5
   vertex 156 148 268.5
   vertex 155.5 148 269
  endloop
 endfacet
 facet normal -0.70710678118654746 0 -0.70710678118654746
  outer loop
   vertex 155.5 149 269
   vertex 156 149 268.5
   vertex 155.5 148 269
  endloop
 endfacet
 facet normal -0.57735026918962584 0.57735026918962584 -0.57735026918962584
  outer loop
   vertex 156.5 148 268
   vertex 157 149 268.5
   vertex 157 148.5 268
  endloop
 endfacet
 facet normal -0.57735026918962584 0.57735026918962584 -0.57735026918962584
  outer loop
   vertex 156.5 148 268
   vertex 156 148 268.5
   vertex 157 149 268.5
  endloop
 endfacet
 facet normal 0 0 -1
  outer loop
   vertex 156 148 268.5
   vertex 156 149 268.5
   vertex 157 149 268.5
  endloop
 endfacet
 facet normal -0.57735026918962584 0.57735026918962584 -0.57735026918962584
  outer loop
   vertex 157 148.5 268
   vertex 157 149 268.5
   vertex 157.5 149 268
  endloop
 endfacet
 facet normal 0.70710678118654746 0 -0.70710678118654746
  outer loop
   vertex 162 148 268.5
   vertex 161.5 149 268
   vertex 162 149 268.5
  endloop
 endfacet
 facet normal 0.70710678118654746 0 -0.70710678118654746
  outer loop
   vertex 161.5 148 268
   vertex 161.5 149 268
   vertex 162 148 268.5
  endloop
 endfacet
 facet normal 0 0 -1
  outer loop
   vertex 163 148 268.5
   vertex 162 148 268.5
   vertex 163 149 268.5
  endloop
 endfacet
 facet normal 0 0 -1
  outer loop
   vertex 163 149 268.5
   vertex 162 148 268.5
   vertex 162 149 268.5
  endloop
 endfacet
 facet normal 0 0 -1
  outer loop
   vertex 164 148 268.5
   vertex 163 148 268.5
   vertex 164 149 268.5
  endloop
 endfacet
 facet normal 0 0 -1
  outer loop
   vertex 164 149 268.5
   vertex 163 148 268.5
   vertex 163 149 268.5
  endloop
 endfacet
 facet normal 0.70710678118654746 0 -0.70710678118654746
  outer loop
   vertex 164.5 149 269
   vertex 164.5 148 269
   vertex 164 148 268.5
  endloop
 endfacet
 facet normal 0.70710678118654746 0 -0.70710678118654746
  outer loop
   vertex 164 149 268.5
   vertex 164.5 149 269
   vertex 164 148 268.5
  endloop
 endfacet
 facet normal -0.70710678118654746 0 -0.70710678118654746
  outer loop
   vertex 156 150 268.5
   vertex 156 149 268.5
   vertex 155.5 149 269
  endloop
 endfacet
 facet normal -0.70710678118654746 0 -0.70710678118654746
  outer loop
   vertex 155.5 150 269
   vertex 156 150 268.5
   vertex 155.5 149 269
  endloop
 endfacet
 facet normal 0 0 -1
  outer loop
   vertex 157 149 268.5
   vertex 156 149 268.5
   vertex 157 150 268.5
  endloop
 endfacet
 facet normal 0 0 -1
  outer loop
   vertex 157 150 268.5
   vertex 156 149 268.5
   vertex 156 150 268.5
  endloop
 endfacet
 facet normal -0.57735026918962584 0.57735026918962584 -0.57735026918962584
  outer loop
   vertex 157.5 149 268
   vertex 158 150 268.5
   vertex 158 149.5 268
  endloop
 endfacet
 facet normal -0.57735026918962584 0.57735026918962584 -0.57735026918962584
  outer loop
   vertex 157.5 149 268
   vertex 157 149 268.5
   vertex 158 150 268.5
  endloop
 endfacet
 facet normal 0 0 -1
  outer loop
   vertex 157 149 268.5
   vertex 157 150 268.5
   vertex 158 150 268.5
  endloop
 endfacet
 facet normal -0.57735026918962584 0.57735026918962584 -0.57735026918962584
  outer loop
   vertex 158 149.5 268
   vertex 158 150 268.5
   vertex 158.5 150 268
  endloop
 endfacet
 facet normal 0.57735026918962584 0.57735026918962584 -0.57735026918962584
  outer loop
   vertex 161 149.5 268
   vertex 160.5 150 268
   vertex 161 150 268.5
  endloop
 endfacet
 facet normal 0.57735026918962584 0.57735026918962584 -0.57735026918962584
  outer loop
   vertex 161 149.5 268
   vertex 162 149 268.5
   vertex 161.5 149 268
  endloop
 endfacet
 facet normal 0.57735026918962584 0.57735026918962584 -0.57735026918962584
  outer loop
   vertex 161 149.5 268
   vertex 161 150 268.5
   vertex 162 149 268.5
  endloop
 endfacet
 facet normal -0 -0 -1
  outer loop
   vertex 161 150 268.5
   vertex 162 150 268.5
   vertex 162 149 268.5
  endloop
 endfacet
 facet normal 0 0 -1
  outer loop
   vertex 163 149 268.5
   vertex 162 149 268.5
   vertex 163 150 268.5
  endloop
 endfacet
 facet normal 0 0 -1
  outer loop
   vertex 163 150 268.5
   vertex 162 149 268.5
   vertex 162 150 268.5
  endloop
 endfacet
 facet normal 0.57735026918962584 0.57735026918962584 -0.57735026918962584
  outer loop
   vertex 163.5 150 269
   vertex 164 149.5 269
   vertex 164 149 268.5
  endloop
 endfacet
 facet normal 0.57735026918962584 0.57735026918962584 -0.57735026918962584
  outer loop
   vertex 163.5 150 269
   vertex 164 149 268.5
   vertex 163 150 268.5
  endloop
 endfacet
 facet normal 0 0 -1
  outer loop
   vertex 163 150 268.5
   vertex 164 149 268.5
   vertex 163 149 268.5
  endloop
 endfacet
 facet normal 0.57735026918962584 0.57735026918962584 -0.57735026918962584
  outer loop
   vertex 164.5 149 269
   vertex 164 149 268.5
   vertex 164 149.5 269
  endloop
 endfacet
 facet normal -0.57735026918962584 0.57735026918962584 -0.57735026918962584
  outer loop
   vertex 156 150 268.5
   vertex 155.5 150 269
   vertex 156 150.5 269
  endloop
 endfacet
 facet normal 0 0.70710678118654746 -0.70710678118654746
  outer loop
   vertex 157 150 268.5
   vertex 156 150 268.5
   vertex 156 150.5 269
  endloop
 endfacet
 facet normal 0 0.70710678118654746 -0.70710678118654746
  outer loop
   vertex 157 150.5 269
   vertex 157 150 268.5
   vertex 156 150.5 269
  endloop
 endfacet
 facet normal -0.57735026918962584 0.57735026918962584 -0.57735026918962584
  outer loop
   vertex 157 150.5 269
   vertex 157.5 151 269
   vertex 158 151 268.5
  endloop
 endfacet
 facet normal -0.57735026918962584 0.57735026918962584 -0.57735026918962584
  outer loop
   vertex 157 150.5 269
   vertex 158 151 268.5
   vertex 157 150 268.5
  endloop
 endfacet
 facet normal 0 -0 -1
  outer loop
   vertex 157 150 268.5
   vertex 158 151 268.5
   vertex 158 150 268.5
  endloop
 endfacet
 facet normal -0.57735026918962584 0.57735026918962584 -0.57735026918962584
  outer loop
   vertex 158.5 150 268
   vertex 159 151 268.5
   vertex 159 150.5 268
  endloop
 endfacet
 facet normal -0.57735026918962584 0.57735026918962584 -0.57735026918962584
  outer loop
   vertex 158.5 150 268
   vertex 158 150 268.5
   vertex 159 151 268.5
  endloop
 endfacet
 facet normal 0 0 -1
  outer loop
   vertex 158 150 268.5
   vertex 158 151 268.5
   vertex 159 151 268.5
  endloop
 endfacet
 facet normal 0 0.70710678118654746 -0.70710678118654746
  outer loop
   vertex 159 150.5 268
   vertex 160 151 268.5
   vertex 160 150.5 268
  endloop
 endfacet
 facet normal 0 0.70710678118654746 -0.70710678118654746
  outer loop
   vertex 159 151 268.5
   vertex 160 151 268.5
   vertex 159 150.5 268
  endloop
 endfacet
 facet normal 0.57735026918962584 0.57735026918962584 -0.57735026918962584
  outer loop
   vertex 160 150.5 268
   vertex 161 150 268.5
   vertex 160.5 150 268
  endloop
 endfacet
 facet normal 0.57735026918962584 0.57735026918962584 -0.57735026918962584
  outer loop
   vertex 160 150.5 268
   vertex 160 151 268.5
   vertex 161 150 268.5
  endloop
 endfacet
 facet normal -0 -0 -1
  outer loop
   vertex 160 151 268.5
   vertex 161 151 268.5
   vertex 161 150 268.5
  endloop
 endfacet
 facet normal 0 0 -1
  outer loop
   vertex 162 150 268.5
   vertex 161 150 268.5
   vertex 162 151 268.5
  endloop
 endfacet
 facet normal 0 0 -1
  outer loop
   vertex 162 151 268.5
   vertex 161 150 268.5
   vertex 161 151 268.5
  endloop
 endfacet
 facet normal 0.57735026918962584 0.57735026918962584 -0.57735026918962584
  outer loop
   vertex 162.5 151 269
   vertex 163 150.5 269
   vertex 163 150 268.5
  endloop
 endfacet
 facet normal 0.57735026918962584 0.57735026918962584 -0.57735026918962584
  outer loop
   vertex 162.5 151 269
   vertex 163 150 268.5
   vertex 162 151 268.5
  endloop
 endfacet
 facet normal 0 0 -1
  outer loop
   vertex 162 151 268.5
   vertex 163 150 268.5
   vertex 162 150 268.5
  endloop
 endfacet
 facet normal 0.57735026918962584 0.57735026918962584 -0.57735026918962584
  outer loop
   vertex 163.5 150 269
   vertex 163 150 268.5
   vertex 163 150.5 269
  endloop
 endfacet
 facet normal -0.57735026918962584 0.57735026918962584 -0.57735026918962584
  outer loop
   vertex 158 151 268.5
   vertex 157.5 151 269
   vertex 158 151.5 269
  endloop
 endfacet
 facet normal 0 0.70710678118654746 -0.70710678118654746
  outer loop
   vertex 159 151 268.5
   vertex 158 151 268.5
   vertex 158 151.5 269
  endloop
 endfacet
 facet normal 0 0.70710678118654746 -0.70710678118654746
  outer loop
   vertex 159 151.5 269
   vertex 159 151 268.5
   vertex 158 151.5 269
  endloop
 endfacet
 facet normal 0 0.70710678118654746 -0.70710678118654746
  outer loop
   vertex 160 151 268.5
   vertex 159 151 268.5
   vertex 159 151.5 269
  endloop
 endfacet
 facet normal 0 0.70710678118654746 -0.70710678118654746
  outer loop
   vertex 160 151.5 269
   vertex 160 151 268.5
   vertex 159 151.5 269
  endloop
 endfacet
 facet normal 0 0.70710678118654746 -0.70710678118654746
  outer loop
   vertex 161 151 268.5
   vertex 160 151 268.5
   vertex 160 151.5 269
  endloop
 endfacet
 facet normal 0 0.70710678118654746 -0.70710678118654746
  outer loop
   vertex 161 151.5 269
   vertex 161 151 268.5
   vertex 160 151.5 269
  endloop
 endfacet
 facet normal 0 0.70710678118654746 -0.70710678118654746
  outer loop
   vertex 162 151 268.5
   vertex 161 151 268.5
   vertex 161 151.5 269
  endloop
 endfacet
 facet normal 0 0.70710678118654746 -0.70710678118654746
  outer loop
   vertex 162 151.5 269
   vertex 162 151 268.5
   vertex 161 151.5 269
  endloop
 endfacet
 facet normal 0.57735026918962584 0.57735026918962584 -0.57735026918962584
  outer loop
   vertex 162.5 151 269
   vertex 162 151 268.5
   vertex 162 151.5 269
  endloop
 endfacet
 facet normal -0.57735026918962584 -0.57735026918962584 -0.57735026918962584
  outer loop
   vertex 159 142 269.5
   vertex 159 141.5 270
   vertex 158.5 142 270
  endloop
 endfacet
 facet normal -0 -0.70710678118654746 -0.70710678118654746
  outer loop
   vertex 159 142 269.5
   vertex 160 142 269.5
   vertex 160 141.5 270
  endloop
 endfacet
 facet normal 0 -0.70710678118654746 -0.70710678118654746
  outer loop
   vertex 159 141.5 270
   vertex 159 142 269.5
   vertex 160 141.5 270
  endloop
 endfacet
 facet normal -0 -0.70710678118654746 -0.70710678118654746
  outer loop
   vertex 160 142 269.5
   vertex 161 142 269.5
   vertex 161 141.5 270
  endloop
 endfacet
 facet normal 0 -0.70710678118654746 -0.70710678118654746
  outer loop
   vertex 160 141.5 270
   vertex 160 142 269.5
   vertex 161 141.5 270
  endloop
 endfacet
 facet normal -0 -0.70710678118654746 -0.70710678118654746
  outer loop
   vertex 161 142 269.5
   vertex 162 142 269.5
   vertex 162 141.5 270
  endloop
 endfacet
 facet normal 0 -0.70710678118654746 -0.70710678118654746
  outer loop
   vertex 161 141.5 270
   vertex 161 142 269.5
   vertex 162 141.5 270
  endloop
 endfacet
 facet normal 0.57735026918962584 -0.57735026918962584 -0.57735026918962584
  outer loop
   vertex 162 141.5 270
   vertex 162 142 269.5
   vertex 162.5 142 270
  endloop
 endfacet
 facet normal -0.70710678118654746 -0.70710678118654746 -0
  outer loop
   vertex 158 142.5 269
   vertex 158 142.5 270
   vertex 157.5 143 270
  endloop
 endfacet
 facet normal -0.70710678118654746 -0.70710678118654746 0
  outer loop
   vertex 157.5 143 269
   vertex 158 142.5 269
   vertex 157.5 143 270
  endloop
 endfacet
 facet normal -0.57735026918962584 -0.57735026918962584 -0.57735026918962584
  outer loop
   vertex 158.5 142 270
   vertex 159 142.5 269
   vertex 159 142 269.5
  endloop
 endfacet
 facet normal -0.57735026918962584 -0.57735026918962584 -0.57735026918962584
  outer loop
   vertex 158.5 142 270
   vertex 158 142.5 270
   vertex 159 142.5 269
  endloop
 endfacet
 facet normal 0 -1 0
  outer loop
   vertex 158 142.5 270
   vertex 158 142.5 269
   vertex 159 142.5 269
  endloop
 endfacet
 facet normal 0 -0.70710678118654746 -0.70710678118654746
  outer loop
   vertex 160 142.5 269
   vertex 159 142 269.5
   vertex 159 142.5 269
  endloop
 endfacet
 facet normal 0 -0.70710678118654746 -0.70710678118654746
  outer loop
   vertex 160 142 269.5
   vertex 159 142 269.5
   vertex 160 142.5 269
  endloop
 endfacet
 facet normal 0 -0.70710678118654746 -0.70710678118654746
  outer loop
   vertex 161 142.5 269
   vertex 160 142 269.5
   vertex 160 142.5 269
  endloop
 endfacet
 facet normal 0 -0.70710678118654746 -0.70710678118654746
  outer loop
   vertex 161 142 269.5
   vertex 160 142 269.5
   vertex 161 142.5 269
  endloop
 endfacet
 facet normal 0.57735026918962584 -0.57735026918962584 -0.57735026918962584
  outer loop
   vertex 161.5 143 269
   vertex 161 142 269.5
   vertex 161 142.5 269
  endloop
 endfacet
 facet normal 0.57735026918962584 -0.57735026918962584 -0.57735026918962584
  outer loop
   vertex 161.5 143 269
   vertex 162 143 269.5
   vertex 161 142 269.5
  endloop
 endfacet
 facet normal 0 0 -1
  outer loop
   vertex 162 143 269.5
   vertex 162 142 269.5
   vertex 161 142 269.5
  endloop
 endfacet
 facet normal 0.57735026918962584 -0.57735026918962584 -0.57735026918962584
  outer loop
   vertex 163 142.5 270
   vertex 162.5 142 270
   vertex 162 142 269.5
  endloop
 endfacet
 facet normal 0.57735026918962584 -0.57735026918962584 -0.57735026918962584
  outer loop
   vertex 163 142.5 270
   vertex 162 142 269.5
   vertex 163 143 269.5
  endloop
 endfacet
 facet normal 0 0 -1
  outer loop
   vertex 163 143 269.5
   vertex 162 142 269.5
   vertex 162 143 269.5
  endloop
 endfacet
 facet normal 0.57735026918962584 -0.57735026918962584 -0.57735026918962584
  outer loop
   vertex 163 142.5 270
   vertex 163 143 269.5
   vertex 163.5 143 270
  endloop
 endfacet
 facet normal -0.70710678118654746 -0.70710678118654746 -0
  outer loop
   vertex 157 143.5 269
   vertex 157 143.5 270
   vertex 156.5 144 270
  endloop
 endfacet
 facet normal -0.70710678118654746 -0.70710678118654746 0
  outer loop
   vertex 156.5 144 269
   vertex 157 143.5 269
   vertex 156.5 144 270
  endloop
 endfacet
 facet normal -0.70710678118654746 -0.70710678118654746 0
  outer loop
   vertex 157.5 143 270
   vertex 157 143.5 269
   vertex 157.5 143 269
  endloop
 endfacet
 facet normal -0.70710678118654746 -0.70710678118654746 0
  outer loop
   vertex 157 143.5 270
   vertex 157 143.5 269
   vertex 157.5 143 270
  endloop
 endfacet
 facet normal 0.57735026918962584 -0.57735026918962584 -0.57735026918962584
  outer loop
   vertex 161.5 143 269
   vertex 162 143.5 269
   vertex 162 143 269.5
  endloop
 endfacet
 facet normal 0.57735026918962584 -0.57735026918962584 -0.57735026918962584
  outer loop
   vertex 162.5 144 269
   vertex 162 143 269.5
   vertex 162 143.5 269
  endloop
 endfacet
 facet normal 0.57735026918962584 -0.57735026918962584 -0.57735026918962584
  outer loop
   vertex 162.5 144 269
   vertex 163 144 269.5
   vertex 162 143 269.5
  endloop
 endfacet
 facet normal 0 0 -1
  outer loop
   vertex 163 144 269.5
   vertex 163 143 269.5
   vertex 162 143 269.5
  endloop
 endfacet
 facet normal 0.57735026918962584 -0.57735026918962584 -0.57735026918962584
  outer loop
   vertex 164 143.5 270
   vertex 163.5 143 270
   vertex 163 143 269.5
  endloop
 endfacet
 facet normal 0.57735026918962584 -0.57735026918962584 -0.57735026918962584
  outer loop
   vertex 164 143.5 270
   vertex 163 143 269.5
   vertex 164 144 269.5
  endloop
 endfacet
 facet normal 0 0 -1
  outer loop
   vertex 164 144 269.5
   vertex 163 143 269.5
   vertex 163 144 269.5
  endloop
 endfacet
 facet normal 0.57735026918962584 -0.57735026918962584 -0.57735026918962584
  outer loop
   vertex 164 143.5 270
   vertex 164 144 269.5
   vertex 164.5 144 270
  endloop
 endfacet
 facet normal -0.57735026918962584 -0.57735026918962584 -0.57735026918962584
  outer loop
   vertex 156 145 269.5
   vertex 156 144.5 270
   vertex 155.5 145 270
  endloop
 endfacet
 facet normal -0.57735026918962584 -0.57735026918962584 -0.57735026918962584
  outer loop
   vertex 156 145 269.5
   vertex 156.5 144 270
   vertex 156 144.5 270
  endloop
 endfacet
 facet normal -0.57735026918962584 -0.57735026918962584 -0.57735026918962584
  outer loop
   vertex 156 145 269.5
   vertex 156.5 145 269
   vertex 156.5 144 270
  endloop
 endfacet
 facet normal -1 0 0
  outer loop
   vertex 156.5 145 269
   vertex 156.5 144 269
   vertex 156.5 144 270
  endloop
 endfacet
 facet normal 0.57735026918962584 -0.57735026918962584 -0.57735026918962584
  outer loop
   vertex 162.5 144 269
   vertex 163 144.5 269
   vertex 163 144 269.5
  endloop
 endfacet
 facet normal 0.57735026918962584 -0.57735026918962584 -0.57735026918962584
  outer loop
   vertex 163.5 145 269
   vertex 163 144 269.5
   vertex 163 144.5 269
  endloop
 endfacet
 facet normal 0.57735026918962584 -0.57735026918962584 -0.57735026918962584
  outer loop
   vertex 163.5 145 269
   vertex 164 145 269.5
   vertex 163 144 269.5
  endloop
 endfacet
 facet normal 0 0 -1
  outer loop
   vertex 164 145 269.5
   vertex 164 144 269.5
   vertex 163 144 269.5
  endloop
 endfacet
 facet normal 0.70710678118654746 0 -0.70710678118654746
  outer loop
   vertex 164.5 145 270
   vertex 164.5 144 270
   vertex 164 144 269.5
  endloop
 endfacet
 facet normal 0.70710678118654746 0 -0.70710678118654746
  outer loop
   vertex 164 145 269.5
   vertex 164.5 145 270
   vertex 164 144 269.5
  endloop
 endfacet
 facet normal -0.57735026918962584 -0.57735026918962584 -0.57735026918962584
  outer loop
   vertex 156 145.5 269
   vertex 156 145 269.5
   vertex 155.5 145 270
  endloop
 endfacet
 facet normal -0.57735026918962584 -0.57735026918962584 -0.57735026918962584
  outer loop
   vertex 156 145.5 269
   vertex 155.5 145 270
   vertex 155.5 146 269
  endloop
 endfacet
 facet normal -1 0 0
  outer loop
   vertex 155.5 146 269
   vertex 155.5 145 270
   vertex 155.5 146 270
  endloop
 endfacet
 facet normal -0.57735026918962584 -0.57735026918962584 -0.57735026918962584
  outer loop
   vertex 156.5 145 269
   vertex 156 145 269.5
   vertex 156 145.5 269
  endloop
 endfacet
 facet normal 0.70710678118654746 0 -0.70710678118654746
  outer loop
   vertex 164 145 269.5
   vertex 163.5 146 269
   vertex 164 146 269.5
  endloop
 endfacet
 facet normal 0.70710678118654746 0 -0.70710678118654746
  outer loop
   vertex 163.5 145 269
   vertex 163.5 146 269
   vertex 164 145 269.5
  endloop
 endfacet
 facet normal 0.57735026918962584 -0.57735026918962584 -0.57735026918962584
  outer loop
   vertex 165 145.5 270
   vertex 164.5 145 270
   vertex 164 145 269.5
  endloop
 endfacet
 facet normal 0.57735026918962584 -0.57735026918962584 -0.57735026918962584
  outer loop
   vertex 165 145.5 270
   vertex 164 145 269.5
   vertex 165 146 269.5
  endloop
 endfacet
 facet normal 0 0 -1
  outer loop
   vertex 165 146 269.5
   vertex 164 145 269.5
   vertex 164 146 269.5
  endloop
 endfacet
 facet normal 0.57735026918962584 -0.57735026918962584 -0.57735026918962584
  outer loop
   vertex 165 145.5 270
   vertex 165 146 269.5
   vertex 165.5 146 270
  endloop
 endfacet
 facet normal -0.57735026918962584 -0.57735026918962584 -0.57735026918962584
  outer loop
   vertex 155 147 269.5
   vertex 155 146.5 270
   vertex 154.5 147 270
  endloop
 endfacet
 facet normal -0.57735026918962584 -0.57735026918962584 -0.57735026918962584
  outer loop
   vertex 155 147 269.5
   vertex 155.5 146 270
   vertex 155 146.5 270
  endloop
 endfacet
 facet normal -0.57735026918962584 -0.57735026918962584 -0.57735026918962584
  outer loop
   vertex 155 147 269.5
   vertex 155.5 147 269
   vertex 155.5 146 270
  endloop
 endfacet
 facet normal -1 0 0
  outer loop
   vertex 155.5 147 269
   vertex 155.5 146 269
   vertex 155.5 146 270
  endloop
 endfacet
 facet normal 0.57735026918962584 -0.57735026918962584 -0.57735026918962584
  outer loop
   vertex 163.5 146 269
   vertex 164 146.5 269
   vertex 164 146 269.5
  endloop
 endfacet
 facet normal 0.57735026918962584 -0.57735026918962584 -0.57735026918962584
  outer loop
   vertex 164.5 147 269
   vertex 164 146 269.5
   vertex 164 146.5 269
  endloop
 endfacet
 facet normal 0.57735026918962584 -0.57735026918962584 -0.57735026918962584
  outer loop
   vertex 164.5 147 269
   vertex 165 147 269.5
   vertex 164 146 269.5
  endloop
 endfacet
 facet normal 0 0 -1
  outer loop
   vertex 165 147 269.5
   vertex 165 146 269.5
   vertex 164 146 269.5
  endloop
 endfacet
 facet normal 0.57735026918962584 -0.57735026918962584 -0.57735026918962584
  outer loop
   vertex 166 146.5 270
   vertex 165.5 146 270
   vertex 165 146 269.5
  endloop
 endfacet
 facet normal 0.57735026918962584 -0.57735026918962584 -0.57735026918962584
  outer loop
   vertex 166 146.5 270
   vertex 165 146 269.5
   vertex 166 147 269.5
  endloop
 endfacet
 facet normal 0 0 -1
  outer loop
   vertex 166 147 269.5
   vertex 165 146 269.5
   vertex 165 147 269.5
  endloop
 endfacet
 facet normal 0.57735026918962584 -0.57735026918962584 -0.57735026918962584
  outer loop
   vertex 166 146.5 270
   vertex 166 147 269.5
   vertex 166.5 147 270
  endloop
 endfacet
 facet normal -0.70710678118654746 0 -0.70710678118654746
  outer loop
   vertex 155 148 269.5
   vertex 155 147 269.5
   vertex 154.5 147 270
  endloop
 endfacet
 facet normal -0.70710678118654746 0 -0.70710678118654746
  outer loop
   vertex 154.5 148 270
   vertex 155 148 269.5
   vertex 154.5 147 270
  endloop
 endfacet
 facet normal -0.70710678118654746 0 -0.70710678118654746
  outer loop
   vertex 155.5 147 269
   vertex 155 148 269.5
   vertex 155.5 148 269
  endloop
 endfacet
 facet normal -0.70710678118654746 -0 -0.70710678118654746
  outer loop
   vertex 155 147 269.5
   vertex 155 148 269.5
   vertex 155.5 147 269
  endloop
 endfacet
 facet normal 0.70710678118654746 0 -0.70710678118654746
  outer loop
   vertex 165 147 269.5
   vertex 164.5 148 269
   vertex 165 148 269.5
  endloop
 endfacet
 facet normal 0.70710678118654746 0 -0.70710678118654746
  outer loop
   vertex 164.5 147 269
   vertex 164.5 148 269
   vertex 165 147 269.5
  endloop
 endfacet
 facet normal 0 0 -1
  outer loop
   vertex 166 147 269.5
   vertex 165 147 269.5
   vertex 166 148 269.5
  endloop
 endfacet
 facet normal 0 0 -1
  outer loop
   vertex 166 148 269.5
   vertex 165 147 269.5
   vertex 165 148 269.5
  endloop
 endfacet
 facet normal 0.70710678118654746 0 -0.70710678118654746
  outer loop
   vertex 166.5 148 270
   vertex 166.5 147 270
   vertex 166 147 269.5
  endloop
 endfacet
 facet normal 0.70710678118654746 0 -0.70710678118654746
  outer loop
   vertex 166 148 269.5
   vertex 166.5 148 270
   vertex 166 147 269.5
  endloop
 endfacet
 facet normal -0.70710678118654746 0 -0.70710678118654746
  outer loop
   vertex 155 149 269.5
   vertex 155 148 269.5
   vertex 154.5 148 270
  endloop
 endfacet
 facet normal -0.70710678118654746 0 -0.70710678118654746
  outer loop
   vertex 154.5 149 270
   vertex 155 149 269.5
   vertex 154.5 148 270
  endloop
 endfacet
 facet normal -0.70710678118654746 0 -0.70710678118654746
  outer loop
   vertex 155.5 148 269
   vertex 155 149 269.5
   vertex 155.5 149 269
  endloop
 endfacet
 facet normal -0.70710678118654746 -0 -0.70710678118654746
  outer loop
   vertex 155 148 269.5
   vertex 155 149 269.5
   vertex 155.5 148 269
  endloop
 endfacet
 facet normal 0.70710678118654746 0 -0.70710678118654746
  outer loop
   vertex 165 148 269.5
   vertex 164.5 149 269
   vertex 165 149 269.5
  endloop
 endfacet
 facet normal 0.70710678118654746 0 -0.70710678118654746
  outer loop
   vertex 164.5 148 269
   vertex 164.5 149 269
   vertex 165 148 269.5
  endloop
 endfacet
 facet normal 0 0 -1
  outer loop
   vertex 166 148 269.5
   vertex 165 148 269.5
   vertex 166 149 269.5
  endloop
 endfacet
 facet normal 0 0 -1
  outer loop
   vertex 166 149 269.5
   vertex 165 148 269.5
   vertex 165 149 269.5
  endloop
 endfacet
 facet normal 0.70710678118654746 0 -0.70710678118654746
  outer loop
   vertex 166.5 149 270
   vertex 166.5 148 270
   vertex 166 148 269.5
  endloop
 endfacet
 facet normal 0.70710678118654746 0 -0.70710678118654746
  outer loop
   vertex 166 149 269.5
   vertex 166.5 149 270
   vertex 166 148 269.5
  endloop
 endfacet
 facet normal -0.57735026918962584 0.57735026918962584 -0.57735026918962584
  outer loop
   vertex 155 149 269.5
   vertex 154.5 149 270
   vertex 155 149.5 270
  endloop
 endfacet
 facet normal -0.57735026918962584 0.57735026918962584 -0.57735026918962584
  outer loop
   vertex 155 149.5 270
   vertex 155.5 149 269
   vertex 155 149 269.5
  endloop
 endfacet
 facet normal -0.57735026918962584 0.57735026918962584 -0.57735026918962584
  outer loop
   vertex 155 149.5 270
   vertex 155.5 150 270
   vertex 155.5 149 269
  endloop
 endfacet
 facet normal -1 0 0
  outer loop
   vertex 155.5 150 270
   vertex 155.5 150 269
   vertex 155.5 149 269
  endloop
 endfacet
 facet normal 0.57735026918962584 0.57735026918962584 -0.57735026918962584
  outer loop
   vertex 164 149.5 269
   vertex 163.5 150 269
   vertex 164 150 269.5
  endloop
 endfacet
 facet normal 0.57735026918962584 0.57735026918962584 -0.57735026918962584
  outer loop
   vertex 164 149.5 269
   vertex 165 149 269.5
   vertex 164.5 149 269
  endloop
 endfacet
 facet normal 0.57735026918962584 0.57735026918962584 -0.57735026918962584
  outer loop
   vertex 164 149.5 269
   vertex 164 150 269.5
   vertex 165 149 269.5
  endloop
 endfacet
 facet normal -0 -0 -1
  outer loop
   vertex 164 150 269.5
   vertex 165 150 269.5
   vertex 165 149 269.5
  endloop
 endfacet
 facet normal 0.57735026918962584 0.57735026918962584 -0.57735026918962584
  outer loop
   vertex 165.5 150 270
   vertex 166 149.5 270
   vertex 166 149 269.5
  endloop
 endfacet
 facet normal 0.57735026918962584 0.57735026918962584 -0.57735026918962584
  outer loop
   vertex 165.5 150 270
   vertex 166 149 269.5
   vertex 165 150 269.5
  endloop
 endfacet
 facet normal 0 0 -1
  outer loop
   vertex 165 150 269.5
   vertex 166 149 269.5
   vertex 165 149 269.5
  endloop
 endfacet
 facet normal 0.57735026918962584 0.57735026918962584 -0.57735026918962584
  outer loop
   vertex 166.5 149 270
   vertex 166 149 269.5
   vertex 166 149.5 270
  endloop
 endfacet
 facet normal -0.70710678118654746 0.70710678118654746 0
  outer loop
   vertex 155.5 150 269
   vertex 155.5 150 270
   vertex 156 150.5 270
  endloop
 endfacet
 facet normal -0.70710678118654746 0.70710678118654746 0
  outer loop
   vertex 156 150.5 269
   vertex 155.5 150 269
   vertex 156 150.5 270
  endloop
 endfacet
 facet normal -0.57735026918962584 0.57735026918962584 -0.57735026918962584
  outer loop
   vertex 157 151 269.5
   vertex 156 150.5 270
   vertex 156.5 151 270
  endloop
 endfacet
 facet normal -0.57735026918962584 0.57735026918962584 -0.57735026918962584
  outer loop
   vertex 157 151 269.5
   vertex 157 150.5 269
   vertex 156 150.5 270
  endloop
 endfacet
 facet normal 0 1 0
  outer loop
   vertex 157 150.5 269
   vertex 156 150.5 269
   vertex 156 150.5 270
  endloop
 endfacet
 facet normal -0.57735026918962584 0.57735026918962584 -0.57735026918962584
  outer loop
   vertex 157 150.5 269
   vertex 157 151 269.5
   vertex 157.5 151 269
  endloop
 endfacet
 facet normal 0.57735026918962584 0.57735026918962584 -0.57735026918962584
  outer loop
   vertex 163 150.5 269
   vertex 162.5 151 269
   vertex 163 151 269.5
  endloop
 endfacet
 facet normal 0.57735026918962584 0.57735026918962584 -0.57735026918962584
  outer loop
   vertex 163 150.5 269
   vertex 164 150 269.5
   vertex 163.5 150 269
  endloop
 endfacet
 facet normal 0.57735026918962584 0.57735026918962584 -0.57735026918962584
  outer loop
   vertex 163 150.5 269
   vertex 163 151 269.5
   vertex 164 150 269.5
  endloop
 endfacet
 facet normal -0 -0 -1
  outer loop
   vertex 163 151 269.5
   vertex 164 151 269.5
   vertex 164 150 269.5
  endloop
 endfacet
 facet normal 0 0 -1
  outer loop
   vertex 165 150 269.5
   vertex 164 150 269.5
   vertex 165 151 269.5
  endloop
 endfacet
 facet normal 0 0 -1
  outer loop
   vertex 165 151 269.5
   vertex 164 150 269.5
   vertex 164 151 269.5
  endloop
 endfacet
 facet normal 0.70710678118654746 0 -0.70710678118654746
  outer loop
   vertex 165.5 151 270
   vertex 165.5 150 270
   vertex 165 150 269.5
  endloop
 endfacet
 facet normal 0.70710678118654746 0 -0.70710678118654746
  outer loop
   vertex 165 151 269.5
   vertex 165.5 151 270
   vertex 165 150 269.5
  endloop
 endfacet
 facet normal -0.70710678118654746 0 -0.70710678118654746
  outer loop
   vertex 157 152 269.5
   vertex 157 151 269.5
   vertex 156.5 151 270
  endloop
 endfacet
 facet normal -0.70710678118654746 0 -0.70710678118654746
  outer loop
   vertex 156.5 152 270
   vertex 157 152 269.5
   vertex 156.5 151 270
  endloop
 endfacet
 facet normal -0.57735026918962584 0.57735026918962584 -0.57735026918962584
  outer loop
   vertex 157.5 151 269
   vertex 158 152 269.5
   vertex 158 151.5 269
  endloop
 endfacet
 facet normal -0.57735026918962584 0.57735026918962584 -0.57735026918962584
  outer loop
   vertex 157.5 151 269
   vertex 157 151 269.5
   vertex 158 152 269.5
  endloop
 endfacet
 facet normal 0 0 -1
  outer loop
   vertex 157 151 269.5
   vertex 157 152 269.5
   vertex 158 152 269.5
  endloop
 endfacet
 facet normal 0 0.70710678118654746 -0.70710678118654746
  outer loop
   vertex 158 151.5 269
   vertex 159 152 269.5
   vertex 159 151.5 269
  endloop
 endfacet
 facet normal 0 0.70710678118654746 -0.70710678118654746
  outer loop
   vertex 158 152 269.5
   vertex 159 152 269.5
   vertex 158 151.5 269
  endloop
 endfacet
 facet normal 0 0.70710678118654746 -0.70710678118654746
  outer loop
   vertex 159 151.5 269
   vertex 160 152 269.5
   vertex 160 151.5 269
  endloop
 endfacet
 facet normal 0 0.70710678118654746 -0.70710678118654746
  outer loop
   vertex 159 152 269.5
   vertex 160 152 269.5
   vertex 159 151.5 269
  endloop
 endfacet
 facet normal 0 0.70710678118654746 -0.70710678118654746
  outer loop
   vertex 160 151.5 269
   vertex 161 152 269.5
   vertex 161 151.5 269
  endloop
 endfacet
 facet normal 0 0.70710678118654746 -0.70710678118654746
  outer loop
   vertex 160 152 269.5
   vertex 161 152 269.5
   vertex 160 151.5 269
  endloop
 endfacet
 facet normal 0 0.70710678118654746 -0.70710678118654746
  outer loop
   vertex 161 151.5 269
   vertex 162 152 269.5
   vertex 162 151.5 269
  endloop
 endfacet
 facet normal 0 0.70710678118654746 -0.70710678118654746
  outer loop
   vertex 161 152 269.5
   vertex 162 152 269.5
   vertex 161 151.5 269
  endloop
 endfacet
 facet normal 0.57735026918962584 0.57735026918962584 -0.57735026918962584
  outer loop
   vertex 162 151.5 269
   vertex 163 151 269.5
   vertex 162.5 151 269
  endloop
 endfacet
 facet normal 0.57735026918962584 0.57735026918962584 -0.57735026918962584
  outer loop
   vertex 162 151.5 269
   vertex 162 152 269.5
   vertex 163 151 269.5
  endloop
 endfacet
 facet normal -0 -0 -1
  outer loop
   vertex 162 152 269.5
   vertex 163 152 269.5
   vertex 163 151 269.5
  endloop
 endfacet
 facet normal 0 0 -1
  outer loop
   vertex 164 151 269.5
   vertex 163 151 269.5
   vertex 164 152 269.5
  endloop
 endfacet
 facet normal 0 0 -1
  outer loop
   vertex 164 152 269.5
   vertex 163 151 269.5
   vertex 163 152 269.5
  endloop
 endfacet
 facet normal 0.57735026918962584 0.57735026918962584 -0.57735026918962584
  outer loop
   vertex 164.5 152 270
   vertex 165 151.5 270
   vertex 165 151 269.5
  endloop
 endfacet
 facet normal 0.57735026918962584 0.57735026918962584 -0.57735026918962584
  outer loop
   vertex 164.5 152 270
   vertex 165 151 269.5
   vertex 164 152 269.5
  endloop
 endfacet
 facet normal 0 0 -1
  outer loop
   vertex 164 152 269.5
   vertex 165 151 269.5
   vertex 164 151 269.5
  endloop
 endfacet
 facet normal 0.57735026918962584 0.57735026918962584 -0.57735026918962584
  outer loop
   vertex 165.5 151 270
   vertex 165 151 269.5
   vertex 165 151.5 270
  endloop
 endfacet
 facet normal -0.57735026918962584 0.57735026918962584 -0.57735026918962584
  outer loop
   vertex 157 152 269.5
   vertex 156.5 152 270
   vertex 157 152.5 270
  endloop
 endfacet
 facet normal 0 0.70710678118654746 -0.70710678118654746
  outer loop
   vertex 158 152 269.5
   vertex 157 152 269.5
   vertex 157 152.5 270
  endloop
 endfacet
 facet normal 0 0.70710678118654746 -0.70710678118654746
  outer loop
   vertex 158 152.5 270
   vertex 158 152 269.5
   vertex 157 152.5 270
  endloop
 endfacet
 facet normal 0 0.70710678118654746 -0.70710678118654746
  outer loop
   vertex 159 152 269.5
   vertex 158 152 269.5
   vertex 158 152.5 270
  endloop
 endfacet
 facet normal 0 0.70710678118654746 -0.70710678118654746
  outer loop
   vertex 159 152.5 270
   vertex 159 152 269.5
   vertex 158 152.5 270
  endloop
 endfacet
 facet normal -0.57735026918962584 0.57735026918962584 -0.57735026918962584
  outer loop
   vertex 159 152.5 270
   vertex 159.5 153 270
   vertex 160 153 269.5
  endloop
 endfacet
 facet normal -0.57735026918962584 0.57735026918962584 -0.57735026918962584
  outer loop
   vertex 159 152.5 270
   vertex 160 153 269.5
   vertex 159 152 269.5
  endloop
 endfacet
 facet normal 0 -0 -1
  outer loop
   vertex 159 152 269.5
   vertex 160 153 269.5
   vertex 160 152 269.5
  endloop
 endfacet
 facet normal 0 0 -1
  outer loop
   vertex 161 152 269.5
   vertex 160 152 269.5
   vertex 161 153 269.5
  endloop
 endfacet
 facet normal 0 0 -1
  outer loop
   vertex 161 153 269.5
   vertex 160 152 269.5
   vertex 160 153 269.5
  endloop
 endfacet
 facet normal 0 0 -1
  outer loop
   vertex 162 152 269.5
   vertex 161 152 269.5
   vertex 162 153 269.5
  endloop
 endfacet
 facet normal 0 0 -1
  outer loop
   vertex 162 153 269.5
   vertex 161 152 269.5
   vertex 161 153 269.5
  endloop
 endfacet
 facet normal 0.57735026918962584 0.57735026918962584 -0.57735026918962584
  outer loop
   vertex 162.5 153 270
   vertex 163 152.5 270
   vertex 163 152 269.5
  endloop
 endfacet
 facet normal 0.57735026918962584 0.57735026918962584 -0.57735026918962584
  outer loop
   vertex 162.5 153 270
   vertex 163 152 269.5
   vertex 162 153 269.5
  endloop
 endfacet
 facet normal 0 0 -1
  outer loop
   vertex 162 153 269.5
   vertex 163 152 269.5
   vertex 162 152 269.5
  endloop
 endfacet
 facet normal 0 0.70710678118654746 -0.70710678118654746
  outer loop
   vertex 164 152 269.5
   vertex 163 152 269.5
   vertex 163 152.5 270
  endloop
 endfacet
 facet normal 0 0.70710678118654746 -0.70710678118654746
  outer loop
   vertex 164 152.5 270
   vertex 164 152 269.5
   vertex 163 152.5 270
  endloop
 endfacet
 facet normal 0.57735026918962584 0.57735026918962584 -0.57735026918962584
  outer loop
   vertex 164.5 152 270
   vertex 164 152 269.5
   vertex 164 152.5 270
  endloop
 endfacet
 facet normal -0.57735026918962584 0.57735026918962584 -0.57735026918962584
  outer loop
   vertex 160 153 269.5
   vertex 159.5 153 270
   vertex 160 153.5 270
  endloop
 endfacet
 facet normal 0 0.70710678118654746 -0.70710678118654746
  outer loop
   vertex 161 153 269.5
   vertex 160 153 269.5
   vertex 160 153.5 270
  endloop
 endfacet
 facet normal 0 0.70710678118654746 -0.70710678118654746
  outer loop
   vertex 161 153.5 270
   vertex 161 153 269.5
   vertex 160 153.5 270
  endloop
 endfacet
 facet normal 0 0.70710678118654746 -0.70710678118654746
  outer loop
   vertex 162 153 269.5
   vertex 161 153 269.5
   vertex 161 153.5 270
  endloop
 endfacet
 facet normal 0 0.70710678118654746 -0.70710678118654746
  outer loop
   vertex 162 153.5 270
   vertex 162 153 269.5
   vertex 161 153.5 270
  endloop
 endfacet
 facet normal 0.57735026918962584 0.57735026918962584 -0.57735026918962584
  outer loop
   vertex 162.5 153 270
   vertex 162 153 269.5
   vertex 162 153.5 270
  endloop
 endfacet
 facet normal -0.57735026918962584 -0.57735026918962584 -0.57735026918962584
  outer loop
   vertex 160 141 270.5
   vertex 160 140.5 271
   vertex 159.5 141 271
  endloop
 endfacet
 facet normal -0 -0.70710678118654746 -0.70710678118654746
  outer loop
   vertex 160 141 270.5
   vertex 161 141 270.5
   vertex 161 140.5 271
  endloop
 endfacet
 facet normal 0 -0.70710678118654746 -0.70710678118654746
  outer loop
   vertex 160 140.5 271
   vertex 160 141 270.5
   vertex 161 140.5 271
  endloop
 endfacet
 facet normal -0 -0.70710678118654746 -0.70710678118654746
  outer loop
   vertex 161 141 270.5
   vertex 162 141 270.5
   vertex 162 140.5 271
  endloop
 endfacet
 facet normal 0 -0.70710678118654746 -0.70710678118654746
  outer loop
   vertex 161 140.5 271
   vertex 161 141 270.5
   vertex 162 140.5 271
  endloop
 endfacet
 facet normal 0.57735026918962584 -0.57735026918962584 -0.57735026918962584
  outer loop
   vertex 162 140.5 271
   vertex 162 141 270.5
   vertex 162.5 141 271
  endloop
 endfacet
 facet normal -0.57735026918962584 -0.57735026918962584 -0.57735026918962584
  outer loop
   vertex 158 142 270.5
   vertex 158 141.5 271
   vertex 157.5 142 271
  endloop
 endfacet
 facet normal -0.57735026918962584 -0.57735026918962584 -0.57735026918962584
  outer loop
   vertex 158 142 270.5
   vertex 158.5 142 270
   vertex 159 141.5 270
  endloop
 endfacet
 facet normal -0.57735026918962584 -0.57735026918962584 -0.57735026918962584
  outer loop
   vertex 158 142 270.5
   vertex 159 141.5 270
   vertex 158 141.5 271
  endloop
 endfacet
 facet normal 0 -1 0
  outer loop
   vertex 158 141.5 271
   vertex 159 141.5 270
   vertex 159 141.5 271
  endloop
 endfacet
 facet normal -0.57735026918962584 -0.57735026918962584 -0.57735026918962584
  outer loop
   vertex 159.5 141 271
   vertex 160 141.5 270
   vertex 160 141 270.5
  endloop
 endfacet
 facet normal -0.57735026918962584 -0.57735026918962584 -0.57735026918962584
  outer loop
   vertex 159.5 141 271
   vertex 159 141.5 271
   vertex 160 141.5 270
  endloop
 endfacet
 facet normal 0 -1 0
  outer loop
   vertex 159 141.5 271
   vertex 159 141.5 270
   vertex 160 141.5 270
  endloop
 endfacet
 facet normal 0 -0.70710678118654746 -0.70710678118654746
  outer loop
   vertex 161 141.5 270
   vertex 160 141 270.5
   vertex 160 141.5 270
  endloop
 endfacet
 facet normal 0 -0.70710678118654746 -0.70710678118654746
  outer loop
   vertex 161 141 270.5
   vertex 160 141 270.5
   vertex 161 141.5 270
  endloop
 endfacet
 facet normal 0 -0.70710678118654746 -0.70710678118654746
  outer loop
   vertex 162 141.5 270
   vertex 161 141 270.5
   vertex 161 141.5 270
  endloop
 endfacet
 facet normal 0 -0.70710678118654746 -0.70710678118654746
  outer loop
   vertex 162 141 270.5
   vertex 161 141 270.5
   vertex 162 141.5 270
  endloop
 endfacet
 facet normal 0.57735026918962584 -0.57735026918962584 -0.57735026918962584
  outer loop
   vertex 162.5 142 270
   vertex 163 142 270.5
   vertex 163 141.5 271
  endloop
 endfacet
 facet normal 0.57735026918962584 -0.57735026918962584 -0.57735026918962584
  outer loop
   vertex 162 141.5 270
   vertex 162.5 142 270
   vertex 163 141.5 271
  endloop
 endfacet
 facet normal 0.57735026918962584 -0.57735026918962584 -0.57735026918962584
  outer loop
   vertex 162 141.5 270
   vertex 163 141.5 271
   vertex 162.5 141 271
  endloop
 endfacet
 facet normal 0.57735026918962584 -0.57735026918962584 -0.57735026918962584
  outer loop
   vertex 162 141.5 270
   vertex 162.5 141 271
   vertex 162 141 270.5
  endloop
 endfacet
 facet normal -0 -0.70710678118654746 -0.70710678118654746
  outer loop
   vertex 163 142 270.5
   vertex 164 142 270.5
   vertex 164 141.5 271
  endloop
 endfacet
 facet normal 0 -0.70710678118654746 -0.70710678118654746
  outer loop
   vertex 163 141.5 271
   vertex 163 142 270.5
   vertex 164 141.5 271
  endloop
 endfacet
 facet normal 0.57735026918962584 -0.57735026918962584 -0.57735026918962584
  outer loop
   vertex 164 141.5 271
   vertex 164 142 270.5
   vertex 164.5 142 271
  endloop
 endfacet
 facet normal -0.57735026918962584 -0.57735026918962584 -0.57735026918962584
  outer loop
   vertex 157 143 270.5
   vertex 157 142.5 271
   vertex 156.5 143 271
  endloop
 endfacet
 facet normal -0.57735026918962584 -0.57735026918962584 -0.57735026918962584
  outer loop
   vertex 157.5 142 271
   vertex 157 142.5 271
   vertex 157 143 270.5
  endloop
 endfacet
 facet normal -0.57735026918962584 -0.57735026918962584 -0.57735026918962584
  outer loop
   vertex 158 142 270.5
   vertex 157.5 142 271
   vertex 157 143 270.5
  endloop
 endfacet
 facet normal -0.57735026918962584 -0.57735026918962584 -0.57735026918962584
  outer loop
   vertex 158 142 270.5
   vertex 157 143 270.5
   vertex 157.5 143 270
  endloop
 endfacet
 facet normal -0.57735026918962584 -0.57735026918962584 -0.57735026918962584
  outer loop
   vertex 158 142 270.5
   vertex 157.5 143 270
   vertex 158 142.5 270
  endloop
 endfacet
 facet normal -0.57735026918962584 -0.57735026918962584 -0.57735026918962584
  outer loop
   vertex 158.5 142 270
   vertex 158 142 270.5
   vertex 158 142.5 270
  endloop
 endfacet
 facet normal 0.57735026918962584 -0.57735026918962584 -0.57735026918962584
  outer loop
   vertex 162.5 142 270
   vertex 163 142.5 270
   vertex 163 142 270.5
  endloop
 endfacet
 facet normal 0.57735026918962584 -0.57735026918962584 -0.57735026918962584
  outer loop
   vertex 163.5 143 270
   vertex 163 142 270.5
   vertex 163 142.5 270
  endloop
 endfacet
 facet normal 0.57735026918962584 -0.57735026918962584 -0.57735026918962584
  outer loop
   vertex 163.5 143 270
   vertex 164 143 270.5
   vertex 163 142 270.5
  endloop
 endfacet
 facet normal 0 0 -1
  outer loop
   vertex 164 143 270.5
   vertex 164 142 270.5
   vertex 163 142 270.5
  endloop
 endfacet
 facet normal 0.57735026918962584 -0.57735026918962584 -0.57735026918962584
  outer loop
   vertex 165 142.5 271
   vertex 164.5 142 271
   vertex 164 142 270.5
  endloop
 endfacet
 facet normal 0.57735026918962584 -0.57735026918962584 -0.57735026918962584
  outer loop
   vertex 165 142.5 271
   vertex 164 142 270.5
   vertex 165 143 270.5
  endloop
 endfacet
 facet normal 0 0 -1
  outer loop
   vertex 165 143 270.5
   vertex 164 142 270.5
   vertex 164 143 270.5
  endloop
 endfacet
 facet normal 0.57735026918962584 -0.57735026918962584 -0.57735026918962584
  outer loop
   vertex 165 142.5 271
   vertex 165 143 270.5
   vertex 165.5 143 271
  endloop
 endfacet
 facet normal -0.57735026918962584 -0.57735026918962584 -0.57735026918962584
  outer loop
   vertex 156 144 270.5
   vertex 156 143.5 271
   vertex 155.5 144 271
  endloop
 endfacet
 facet normal -0.57735026918962584 -0.57735026918962584 -0.57735026918962584
  outer loop
   vertex 156.5 143 271
   vertex 156 143.5 271
   vertex 156 144 270.5
  endloop
 endfacet
 facet normal -0.57735026918962584 -0.57735026918962584 -0.57735026918962584
  outer loop
   vertex 157 143 270.5
   vertex 156.5 143 271
   vertex 156 144 270.5
  endloop
 endfacet
 facet normal -0.57735026918962584 -0.57735026918962584 -0.57735026918962584
  outer loop
   vertex 157 143 270.5
   vertex 156 144 270.5
   vertex 156.5 144 270
  endloop
 endfacet
 facet normal -0.57735026918962584 -0.57735026918962584 -0.57735026918962584
  outer loop
   vertex 157 143 270.5
   vertex 156.5 144 270
   vertex 157 143.5 270
  endloop
 endfacet
 facet normal -0.57735026918962584 -0.57735026918962584 -0.57735026918962584
  outer loop
   vertex 157.5 143 270
   vertex 157 143 270.5
   vertex 157 143.5 270
  endloop
 endfacet
 facet normal 0.57735026918962584 -0.57735026918962584 -0.57735026918962584
  outer loop
   vertex 163.5 143 270
   vertex 164 143.5 270
   vertex 164 143 270.5
  endloop
 endfacet
 facet normal 0.57735026918962584 -0.57735026918962584 -0.57735026918962584
  outer loop
   vertex 164.5 144 270
   vertex 164 143 270.5
   vertex 164 143.5 270
  endloop
 endfacet
 facet normal 0.57735026918962584 -0.57735026918962584 -0.57735026918962584
  outer loop
   vertex 164.5 144 270
   vertex 165 144 270.5
   vertex 164 143 270.5
  endloop
 endfacet
 facet normal 0 0 -1
  outer loop
   vertex 165 144 270.5
   vertex 165 143 270.5
   vertex 164 143 270.5
  endloop
 endfacet
 facet normal 0.70710678118654746 0 -0.70710678118654746
  outer loop
   vertex 165.5 144 271
   vertex 165.5 143 271
   vertex 165 143 270.5
  endloop
 endfacet
 facet normal 0.70710678118654746 0 -0.70710678118654746
  outer loop
   vertex 165 144 270.5
   vertex 165.5 144 271
   vertex 165 143 270.5
  endloop
 endfacet
 facet normal -0.57735026918962584 -0.57735026918962584 -0.57735026918962584
  outer loop
   vertex 156 144.5 270
   vertex 156 144 270.5
   vertex 155.5 144 271
  endloop
 endfacet
 facet normal -0.57735026918962584 -0.57735026918962584 -0.57735026918962584
  outer loop
   vertex 156 144.5 270
   vertex 155.5 144 271
   vertex 155.5 145 270
  endloop
 endfacet
 facet normal -1 0 0
  outer loop
   vertex 155.5 145 270
   vertex 155.5 144 271
   vertex 155.5 145 271
  endloop
 endfacet
 facet normal -0.57735026918962584 -0.57735026918962584 -0.57735026918962584
  outer loop
   vertex 156.5 144 270
   vertex 156 144 270.5
   vertex 156 144.5 270
  endloop
 endfacet
 facet normal 0.70710678118654746 0 -0.70710678118654746
  outer loop
   vertex 165 144 270.5
   vertex 164.5 145 270
   vertex 165 145 270.5
  endloop
 endfacet
 facet normal 0.70710678118654746 0 -0.70710678118654746
  outer loop
   vertex 164.5 144 270
   vertex 164.5 145 270
   vertex 165 144 270.5
  endloop
 endfacet
 facet normal 0.57735026918962584 -0.57735026918962584 -0.57735026918962584
  outer loop
   vertex 166 144.5 271
   vertex 165.5 144 271
   vertex 165 144 270.5
  endloop
 endfacet
 facet normal 0.57735026918962584 -0.57735026918962584 -0.57735026918962584
  outer loop
   vertex 166 144.5 271
   vertex 165 144 270.5
   vertex 166 145 270.5
  endloop
 endfacet
 facet normal 0 0 -1
  outer loop
   vertex 166 145 270.5
   vertex 165 144 270.5
   vertex 165 145 270.5
  endloop
 endfacet
 facet normal 0.57735026918962584 -0.57735026918962584 -0.57735026918962584
  outer loop
   vertex 166 144.5 271
   vertex 166 145 270.5
   vertex 166.5 145 271
  endloop
 endfacet
 facet normal -0.57735026918962584 -0.57735026918962584 -0.57735026918962584
  outer loop
   vertex 155 146 270.5
   vertex 155 145.5 271
   vertex 154.5 146 271
  endloop
 endfacet
 facet normal -0.57735026918962584 -0.57735026918962584 -0.57735026918962584
  outer loop
   vertex 155 146 270.5
   vertex 155.5 145 271
   vertex 155 145.5 271
  endloop
 endfacet
 facet normal -0.57735026918962584 -0.57735026918962584 -0.57735026918962584
  outer loop
   vertex 155 146 270.5
   vertex 155.5 146 270
   vertex 155.5 145 271
  endloop
 endfacet
 facet normal -1 0 0
  outer loop
   vertex 155.5 146 270
   vertex 155.5 145 270
   vertex 155.5 145 271
  endloop
 endfacet
 facet normal 0.57735026918962584 -0.57735026918962584 -0.57735026918962584
  outer loop
   vertex 164.5 145 270
   vertex 165 145.5 270
   vertex 165 145 270.5
  endloop
 endfacet
 facet normal 0.57735026918962584 -0.57735026918962584 -0.57735026918962584
  outer loop
   vertex 165.5 146 270
   vertex 165 145 270.5
   vertex 165 145.5 270
  endloop
 endfacet
 facet normal 0.57735026918962584 -0.57735026918962584 -0.57735026918962584
  outer loop
   vertex 165.5 146 270
   vertex 166 146 270.5
   vertex 165 145 270.5
  endloop
 endfacet
 facet normal 0 0 -1
  outer loop
   vertex 166 146 270.5
   vertex 166 145 270.5
   vertex 165 145 270.5
  endloop
 endfacet
 facet normal 0.57735026918962584 -0.57735026918962584 -0.57735026918962584
  outer loop
   vertex 167 145.5 271
   vertex 166.5 145 271
   vertex 166 145 270.5
  endloop
 endfacet
 facet normal 0.57735026918962584 -0.57735026918962584 -0.57735026918962584
  outer loop
   vertex 167 145.5 271
   vertex 166 145 270.5
   vertex 167 146 270.5
  endloop
 endfacet
 facet normal 0 0 -1
  outer loop
   vertex 167 146 270.5
   vertex 166 145 270.5
   vertex 166 146 270.5
  endloop
 endfacet
 facet normal 0.57735026918962584 -0.57735026918962584 -0.57735026918962584
  outer loop
   vertex 167 145.5 271
   vertex 167 146 270.5
   vertex 167.5 146 271
  endloop
 endfacet
 facet normal -0.57735026918962584 -0.57735026918962584 -0.57735026918962584
  outer loop
   vertex 155 146.5 270
   vertex 155 146 270.5
   vertex 154.5 146 271
  endloop
 endfacet
 facet normal -0.57735026918962584 -0.57735026918962584 -0.57735026918962584
  outer loop
   vertex 155 146.5 270
   vertex 154.5 146 271
   vertex 154.5 147 270
  endloop
 endfacet
 facet normal -1 0 0
  outer loop
   vertex 154.5 147 270
   vertex 154.5 146 271
   vertex 154.5 147 271
  endloop
 endfacet
 facet normal -0.57735026918962584 -0.57735026918962584 -0.57735026918962584
  outer loop
   vertex 155.5 146 270
   vertex 155 146 270.5
   vertex 155 146.5 270
  endloop
 endfacet
 facet normal 0.57735026918962584 -0.57735026918962584 -0.57735026918962584
  outer loop
   vertex 165.5 146 270
   vertex 166 146.5 270
   vertex 166 146 270.5
  endloop
 endfacet
 facet normal 0.57735026918962584 -0.57735026918962584 -0.57735026918962584
  outer loop
   vertex 166.5 147 270
   vertex 166 146 270.5
   vertex 166 146.5 270
  endloop
 endfacet
 facet normal 0.57735026918962584 -0.57735026918962584 -0.57735026918962584
  outer loop
   vertex 166.5 147 270
   vertex 167 147 270.5
   vertex 166 146 270.5
  endloop
 endfacet
 facet normal 0 0 -1
  outer loop
   vertex 167 147 270.5
   vertex 167 146 270.5
   vertex 166 146 270.5
  endloop
 endfacet
 facet normal 0.70710678118654746 0 -0.70710678118654746
  outer loop
   vertex 167.5 147 271
   vertex 167.5 146 271
   vertex 167 146 270.5
  endloop
 endfacet
 facet normal 0.70710678118654746 0 -0.70710678118654746
  outer loop
   vertex 167 147 270.5
   vertex 167.5 147 271
   vertex 167 146 270.5
  endloop
 endfacet
 facet normal -1 0 0
  outer loop
   vertex 154.5 147 270
   vertex 154.5 147 271
   vertex 154.5 148 270
  endloop
 endfacet
 facet normal -1 -0 -0
  outer loop
   vertex 154.5 147 271
   vertex 154.5 148 271
   vertex 154.5 148 270
  endloop
 endfacet
 facet normal 0.70710678118654746 0 -0.70710678118654746
  outer loop
   vertex 167 147 270.5
   vertex 166.5 148 270
   vertex 167 148 270.5
  endloop
 endfacet
 facet normal 0.70710678118654746 0 -0.70710678118654746
  outer loop
   vertex 166.5 147 270
   vertex 166.5 148 270
   vertex 167 147 270.5
  endloop
 endfacet
 facet normal 0.70710678118654746 0 -0.70710678118654746
  outer loop
   vertex 167.5 148 271
   vertex 167.5 147 271
   vertex 167 147 270.5
  endloop
 endfacet
 facet normal 0.70710678118654746 0 -0.70710678118654746
  outer loop
   vertex 167 148 270.5
   vertex 167.5 148 271
   vertex 167 147 270.5
  endloop
 endfacet
 facet normal -1 0 0
  outer loop
   vertex 154.5 148 270
   vertex 154.5 148 271
   vertex 154.5 149 270
  endloop
 endfacet
 facet normal -1 -0 -0
  outer loop
   vertex 154.5 148 271
   vertex 154.5 149 271
   vertex 154.5 149 270
  endloop
 endfacet
 facet normal 0.57735026918962584 0.57735026918962584 -0.57735026918962584
  outer loop
   vertex 167 148 270.5
   vertex 166.5 149 271
   vertex 167 148.5 271
  endloop
 endfacet
 facet normal 0.57735026918962584 0.57735026918962584 -0.57735026918962584
  outer loop
   vertex 167 148 270.5
   vertex 166.5 148 270
   vertex 166.5 149 271
  endloop
 endfacet
 facet normal 1 0 -0
  outer loop
   vertex 166.5 148 270
   vertex 166.5 149 270
   vertex 166.5 149 271
  endloop
 endfacet
 facet normal 0.57735026918962584 0.57735026918962584 -0.57735026918962584
  outer loop
   vertex 167.5 148 271
   vertex 167 148 270.5
   vertex 167 148.5 271
  endloop
 endfacet
 facet normal -0.57735026918962584 0.57735026918962584 -0.57735026918962584
  outer loop
   vertex 155 150 270.5
   vertex 155 149.5 270
   vertex 154.5 149 270
  endloop
 endfacet
 facet normal -0.57735026918962584 0.57735026918962584 -0.57735026918962584
  outer loop
   vertex 155 150 270.5
   vertex 154.5 149 270
   vertex 154.5 150 271
  endloop
 endfacet
 facet normal -1 0 0
  outer loop
   vertex 154.5 150 271
   vertex 154.5 149 270
   vertex 154.5 149 271
  endloop
 endfacet
 facet normal -0.57735026918962584 0.57735026918962584 -0.57735026918962584
  outer loop
   vertex 155 149.5 270
   vertex 155 150 270.5
   vertex 155.5 150 270
  endloop
 endfacet
 facet normal 0.57735026918962584 0.57735026918962584 -0.57735026918962584
  outer loop
   vertex 166 149.5 270
   vertex 165.5 150 270
   vertex 166 150 270.5
  endloop
 endfacet
 facet normal 0.57735026918962584 0.57735026918962584 -0.57735026918962584
  outer loop
   vertex 166 149.5 270
   vertex 166 150 270.5
   vertex 166.5 150 271
  endloop
 endfacet
 facet normal 0.57735026918962584 0.57735026918962584 -0.57735026918962584
  outer loop
   vertex 166 149.5 270
   vertex 166.5 150 271
   vertex 166.5 149 270
  endloop
 endfacet
 facet normal 1 0 0
  outer loop
   vertex 166.5 149 270
   vertex 166.5 150 271
   vertex 166.5 149 271
  endloop
 endfacet
 facet normal -0.57735026918962584 0.57735026918962584 -0.57735026918962584
  outer loop
   vertex 155 150 270.5
   vertex 154.5 150 271
   vertex 155 150.5 271
  endloop
 endfacet
 facet normal -0.57735026918962584 0.57735026918962584 -0.57735026918962584
  outer loop
   vertex 156 151 270.5
   vertex 155 150.5 271
   vertex 155.5 151 271
  endloop
 endfacet
 facet normal -0.57735026918962584 0.57735026918962584 -0.57735026918962584
  outer loop
   vertex 156 150.5 270
   vertex 155 150.5 271
   vertex 156 151 270.5
  endloop
 endfacet
 facet normal -0.57735026918962584 0.57735026918962584 -0.57735026918962584
  outer loop
   vertex 156 150.5 270
   vertex 155 150 270.5
   vertex 155 150.5 271
  endloop
 endfacet
 facet normal -0.57735026918962584 0.57735026918962584 -0.57735026918962584
  outer loop
   vertex 156 150.5 270
   vertex 155.5 150 270
   vertex 155 150 270.5
  endloop
 endfacet
 facet normal -0.57735026918962584 0.57735026918962584 -0.57735026918962584
  outer loop
   vertex 156 150.5 270
   vertex 156 151 270.5
   vertex 156.5 151 270
  endloop
 endfacet
 facet normal 0.57735026918962584 0.57735026918962584 -0.57735026918962584
  outer loop
   vertex 166 150 270.5
   vertex 165.5 151 271
   vertex 166 150.5 271
  endloop
 endfacet
 facet normal 0.57735026918962584 0.57735026918962584 -0.57735026918962584
  outer loop
   vertex 166 150 270.5
   vertex 165.5 150 270
   vertex 165.5 151 271
  endloop
 endfacet
 facet normal 1 0 -0
  outer loop
   vertex 165.5 150 270
   vertex 165.5 151 270
   vertex 165.5 151 271
  endloop
 endfacet
 facet normal 0.57735026918962584 0.57735026918962584 -0.57735026918962584
  outer loop
   vertex 166.5 150 271
   vertex 166 150 270.5
   vertex 166 150.5 271
  endloop
 endfacet
 facet normal -0.57735026918962584 0.57735026918962584 -0.57735026918962584
  outer loop
   vertex 156 151 270.5
   vertex 155.5 151 271
   vertex 156 151.5 271
  endloop
 endfacet
 facet normal -0.57735026918962584 0.57735026918962584 -0.57735026918962584
  outer loop
   vertex 156 151.5 271
   vertex 156.5 151 270
   vertex 156 151 270.5
  endloop
 endfacet
 facet normal -0.57735026918962584 0.57735026918962584 -0.57735026918962584
  outer loop
   vertex 156 151.5 271
   vertex 156.5 152 271
   vertex 156.5 151 270
  endloop
 endfacet
 facet normal -1 0 0
  outer loop
   vertex 156.5 152 271
   vertex 156.5 152 270
   vertex 156.5 151 270
  endloop
 endfacet
 facet normal 0.57735026918962584 0.57735026918962584 -0.57735026918962584
  outer loop
   vertex 165 151.5 270
   vertex 164.5 152 270
   vertex 165 152 270.5
  endloop
 endfacet
 facet normal 0.57735026918962584 0.57735026918962584 -0.57735026918962584
  outer loop
   vertex 165 151.5 270
   vertex 165 152 270.5
   vertex 165.5 152 271
  endloop
 endfacet
 facet normal 0.57735026918962584 0.57735026918962584 -0.57735026918962584
  outer loop
   vertex 165 151.5 270
   vertex 165.5 152 271
   vertex 165.5 151 270
  endloop
 endfacet
 facet normal 1 0 0
  outer loop
   vertex 165.5 151 270
   vertex 165.5 152 271
   vertex 165.5 151 271
  endloop
 endfacet
 facet normal -0.57735026918962584 0.57735026918962584 -0.57735026918962584
  outer loop
   vertex 157 153 270.5
   vertex 157 152.5 270
   vertex 156.5 152 270
  endloop
 endfacet
 facet normal -0.57735026918962584 0.57735026918962584 -0.57735026918962584
  outer loop
   vertex 157 153 270.5
   vertex 156.5 152 270
   vertex 156.5 153 271
  endloop
 endfacet
 facet normal -1 0 0
  outer loop
   vertex 156.5 153 271
   vertex 156.5 152 270
   vertex 156.5 152 271
  endloop
 endfacet
 facet normal 0 0.70710678118654746 -0.70710678118654746
  outer loop
   vertex 157 152.5 270
   vertex 158 153 270.5
   vertex 158 152.5 270
  endloop
 endfacet
 facet normal 0 0.70710678118654746 -0.70710678118654746
  outer loop
   vertex 157 153 270.5
   vertex 158 153 270.5
   vertex 157 152.5 270
  endloop
 endfacet
 facet normal 0 0.70710678118654746 -0.70710678118654746
  outer loop
   vertex 158 152.5 270
   vertex 159 153 270.5
   vertex 159 152.5 270
  endloop
 endfacet
 facet normal 0 0.70710678118654746 -0.70710678118654746
  outer loop
   vertex 158 153 270.5
   vertex 159 153 270.5
   vertex 158 152.5 270
  endloop
 endfacet
 facet normal -0.57735026918962584 0.57735026918962584 -0.57735026918962584
  outer loop
   vertex 159 152.5 270
   vertex 159 153 270.5
   vertex 159.5 153 270
  endloop
 endfacet
 facet normal 0.57735026918962584 0.57735026918962584 -0.57735026918962584
  outer loop
   vertex 163 152.5 270
   vertex 162.5 153 270
   vertex 163 153 270.5
  endloop
 endfacet
 facet normal 0 0.70710678118654746 -0.70710678118654746
  outer loop
   vertex 163 152.5 270
   vertex 164 153 270.5
   vertex 164 152.5 270
  endloop
 endfacet
 facet normal 0 0.70710678118654746 -0.70710678118654746
  outer loop
   vertex 163 153 270.5
   vertex 164 153 270.5
   vertex 163 152.5 270
  endloop
 endfacet
 facet normal 0.57735026918962584 0.57735026918962584 -0.57735026918962584
  outer loop
   vertex 164 152.5 270
   vertex 164 153 270.5
   vertex 164.5 153 271
  endloop
 endfacet
 facet normal 0.57735026918962584 0.57735026918962584 -0.57735026918962584
  outer loop
   vertex 164.5 152 270
   vertex 164 152.5 270
   vertex 164.5 153 271
  endloop
 endfacet
 facet normal 0.57735026918962584 0.57735026918962584 -0.57735026918962584
  outer loop
   vertex 164.5 152 270
   vertex 164.5 153 271
   vertex 165 152.5 271
  endloop
 endfacet
 facet normal 0.57735026918962584 0.57735026918962584 -0.57735026918962584
  outer loop
   vertex 164.5 152 270
   vertex 165 152.5 271
   vertex 165 152 270.5
  endloop
 endfacet
 facet normal 0.57735026918962584 0.57735026918962584 -0.57735026918962584
  outer loop
   vertex 165.5 152 271
   vertex 165 152 270.5
   vertex 165 152.5 271
  endloop
 endfacet
 facet normal -0.57735026918962584 0.57735026918962584 -0.57735026918962584
  outer loop
   vertex 157 153 270.5
   vertex 156.5 153 271
   vertex 157 153.5 271
  endloop
 endfacet
 facet normal 0 0.70710678118654746 -0.70710678118654746
  outer loop
   vertex 158 153 270.5
   vertex 157 153 270.5
   vertex 157 153.5 271
  endloop
 endfacet
 facet normal 0 0.70710678118654746 -0.70710678118654746
  outer loop
   vertex 158 153.5 271
   vertex 158 153 270.5
   vertex 157 153.5 271
  endloop
 endfacet
 facet normal -0.57735026918962584 0.57735026918962584 -0.57735026918962584
  outer loop
   vertex 158 153.5 271
   vertex 158.5 154 271
   vertex 159 154 270.5
  endloop
 endfacet
 facet normal -0.57735026918962584 0.57735026918962584 -0.57735026918962584
  outer loop
   vertex 158 153.5 271
   vertex 159 154 270.5
   vertex 158 153 270.5
  endloop
 endfacet
 facet normal 0 -0 -1
  outer loop
   vertex 158 153 270.5
   vertex 159 154 270.5
   vertex 159 153 270.5
  endloop
 endfacet
 facet normal -0.57735026918962584 0.57735026918962584 -0.57735026918962584
  outer loop
   vertex 159.5 153 270
   vertex 160 154 270.5
   vertex 160 153.5 270
  endloop
 endfacet
 facet normal -0.57735026918962584 0.57735026918962584 -0.57735026918962584
  outer loop
   vertex 159.5 153 270
   vertex 159 153 270.5
   vertex 160 154 270.5
  endloop
 endfacet
 facet normal 0 0 -1
  outer loop
   vertex 159 153 270.5
   vertex 159 154 270.5
   vertex 160 154 270.5
  endloop
 endfacet
 facet normal 0 0.70710678118654746 -0.70710678118654746
  outer loop
   vertex 160 153.5 270
   vertex 161 154 270.5
   vertex 161 153.5 270
  endloop
 endfacet
 facet normal 0 0.70710678118654746 -0.70710678118654746
  outer loop
   vertex 160 154 270.5
   vertex 161 154 270.5
   vertex 160 153.5 270
  endloop
 endfacet
 facet normal 0 0.70710678118654746 -0.70710678118654746
  outer loop
   vertex 161 153.5 270
   vertex 162 154 270.5
   vertex 162 153.5 270
  endloop
 endfacet
 facet normal 0 0.70710678118654746 -0.70710678118654746
  outer loop
   vertex 161 154 270.5
   vertex 162 154 270.5
   vertex 161 153.5 270
  endloop
 endfacet
 facet normal 0.57735026918962584 0.57735026918962584 -0.57735026918962584
  outer loop
   vertex 162 153.5 270
   vertex 163 153 270.5
   vertex 162.5 153 270
  endloop
 endfacet
 facet normal 0.57735026918962584 0.57735026918962584 -0.57735026918962584
  outer loop
   vertex 162 153.5 270
   vertex 162 154 270.5
   vertex 163 153 270.5
  endloop
 endfacet
 facet normal -0 -0 -1
  outer loop
   vertex 162 154 270.5
   vertex 163 154 270.5
   vertex 163 153 270.5
  endloop
 endfacet
 facet normal 0.57735026918962584 0.57735026918962584 -0.57735026918962584
  outer loop
   vertex 163.5 154 271
   vertex 164 153.5 271
   vertex 164 153 270.5
  endloop
 endfacet
 facet normal 0.57735026918962584 0.57735026918962584 -0.57735026918962584
  outer loop
   vertex 163.5 154 271
   vertex 164 153 270.5
   vertex 163 154 270.5
  endloop
 endfacet
 facet normal 0 0 -1
  outer loop
   vertex 163 154 270.5
   vertex 164 153 270.5
   vertex 163 153 270.5
  endloop
 endfacet
 facet normal 0.57735026918962584 0.57735026918962584 -0.57735026918962584
  outer loop
   vertex 164.5 153 271
   vertex 164 153 270.5
   vertex 164 153.5 271
  endloop
 endfacet
 facet normal -0.57735026918962584 0.57735026918962584 -0.57735026918962584
  outer loop
   vertex 159 154 270.5
   vertex 158.5 154 271
   vertex 159 154.5 271
  endloop
 endfacet
 facet normal 0 0.70710678118654746 -0.70710678118654746
  outer loop
   vertex 160 154 270.5
   vertex 159 154 270.5
   vertex 159 154.5 271
  endloop
 endfacet
 facet normal 0 0.70710678118654746 -0.70710678118654746
  outer loop
   vertex 160 154.5 271
   vertex 160 154 270.5
   vertex 159 154.5 271
  endloop
 endfacet
 facet normal 0 0.70710678118654746 -0.70710678118654746
  outer loop
   vertex 161 154 270.5
   vertex 160 154 270.5
   vertex 160 154.5 271
  endloop
 endfacet
 facet normal 0 0.70710678118654746 -0.70710678118654746
  outer loop
   vertex 161 154.5 271
   vertex 161 154 270.5
   vertex 160 154.5 271
  endloop
 endfacet
 facet normal 0 0.70710678118654746 -0.70710678118654746
  outer loop
   vertex 162 154 270.5
   vertex 161 154 270.5
   vertex 161 154.5 271
  endloop
 endfacet
 facet normal 0 0.70710678118654746 -0.70710678118654746
  outer loop
   vertex 162 154.5 271
   vertex 162 154 270.5
   vertex 161 154.5 271
  endloop
 endfacet
 facet normal 0 0.70710678118654746 -0.70710678118654746
  outer loop
   vertex 163 154 270.5
   vertex 162 154 270.5
   vertex 162 154.5 271
  endloop
 endfacet
 facet normal 0 0.70710678118654746 -0.70710678118654746
  outer loop
   vertex 163 154.5 271
   vertex 163 154 270.5
   vertex 162 154.5 271
  endloop
 endfacet
 facet normal 0.57735026918962584 0.57735026918962584 -0.57735026918962584
  outer loop
   vertex 163.5 154 271
   vertex 163 154 270.5
   vertex 163 154.5 271
  endloop
 endfacet
 facet normal -0.57735026918962584 -0.57735026918962584 -0.57735026918962584
  outer loop
   vertex 158 141 271.5
   vertex 158 140.5 272
   vertex 157.5 141 272
  endloop
 endfacet
 facet normal -0 -0.70710678118654746 -0.70710678118654746
  outer loop
   vertex 158 141 271.5
   vertex 159 141 271.5
   vertex 159 140.5 272
  endloop
 endfacet
 facet normal 0 -0.70710678118654746 -0.70710678118654746
  outer loop
   vertex 158 140.5 272
   vertex 158 141 271.5
   vertex 159 140.5 272
  endloop
 endfacet
 facet normal -0.57735026918962584 -0.57735026918962584 -0.57735026918962584
  outer loop
   vertex 159 141 271.5
   vertex 159.5 141 271
   vertex 160 140.5 271
  endloop
 endfacet
 facet normal -0.57735026918962584 -0.57735026918962584 -0.57735026918962584
  outer loop
   vertex 159 141 271.5
   vertex 160 140.5 271
   vertex 159 140.5 272
  endloop
 endfacet
 facet normal 0 -1 0
  outer loop
   vertex 159 140.5 272
   vertex 160 140.5 271
   vertex 160 140.5 272
  endloop
 endfacet
 facet normal 0 -1 -0
  outer loop
   vertex 161 140.5 271
   vertex 161 140.5 272
   vertex 160 140.5 271
  endloop
 endfacet
 facet normal -0 -1 0
  outer loop
   vertex 160 140.5 271
   vertex 161 140.5 272
   vertex 160 140.5 272
  endloop
 endfacet
 facet normal 0 -1 -0
  outer loop
   vertex 162 140.5 271
   vertex 162 140.5 272
   vertex 161 140.5 271
  endloop
 endfacet
 facet normal -0 -1 0
  outer loop
   vertex 161 140.5 271
   vertex 162 140.5 272
   vertex 161 140.5 272
  endloop
 endfacet
 facet normal 0.57735026918962584 -0.57735026918962584 -0.57735026918962584
  outer loop
   vertex 162.5 141 271
   vertex 163 141 271.5
   vertex 163 140.5 272
  endloop
 endfacet
 facet normal 0.57735026918962584 -0.57735026918962584 -0.57735026918962584
  outer loop
   vertex 162.5 141 271
   vertex 163 140.5 272
   vertex 162 140.5 271
  endloop
 endfacet
 facet normal -0 -1 0
  outer loop
   vertex 162 140.5 271
   vertex 163 140.5 272
   vertex 162 140.5 272
  endloop
 endfacet
 facet normal -0 -0.70710678118654746 -0.70710678118654746
  outer loop
   vertex 163 141 271.5
   vertex 164 141 271.5
   vertex 164 140.5 272
  endloop
 endfacet
 facet normal 0 -0.70710678118654746 -0.70710678118654746
  outer loop
   vertex 163 140.5 272
   vertex 163 141 271.5
   vertex 164 140.5 272
  endloop
 endfacet
 facet normal 0.57735026918962584 -0.57735026918962584 -0.57735026918962584
  outer loop
   vertex 164 140.5 272
   vertex 164 141 271.5
   vertex 164.5 141 272
  endloop
 endfacet
 facet normal -0.57735026918962584 -0.57735026918962584 -0.57735026918962584
  outer loop
   vertex 157 142 271.5
   vertex 157 141.5 272
   vertex 156.5 142 272
  endloop
 endfacet
 facet normal -0.57735026918962584 -0.57735026918962584 -0.57735026918962584
  outer loop
   vertex 157.5 141 272
   vertex 157 141.5 272
   vertex 157 142 271.5
  endloop
 endfacet
 facet normal -0.57735026918962584 -0.57735026918962584 -0.57735026918962584
  outer loop
   vertex 158 141 271.5
   vertex 157.5 141 272
   vertex 157 142 271.5
  endloop
 endfacet
 facet normal -0.57735026918962584 -0.57735026918962584 -0.57735026918962584
  outer loop
   vertex 158 141 271.5
   vertex 157 142 271.5
   vertex 157.5 142 271
  endloop
 endfacet
 facet normal -0.57735026918962584 -0.57735026918962584 -0.57735026918962584
  outer loop
   vertex 158 141 271.5
   vertex 157.5 142 271
   vertex 158 141.5 271
  endloop
 endfacet
 facet normal 0 -0.70710678118654746 -0.70710678118654746
  outer loop
   vertex 159 141.5 271
   vertex 158 141 271.5
   vertex 158 141.5 271
  endloop
 endfacet
 facet normal 0 -0.70710678118654746 -0.70710678118654746
  outer loop
   vertex 159 141 271.5
   vertex 158 141 271.5
   vertex 159 141.5 271
  endloop
 endfacet
 facet normal -0.57735026918962584 -0.57735026918962584 -0.57735026918962584
  outer loop
   vertex 159.5 141 271
   vertex 159 141 271.5
   vertex 159 141.5 271
  endloop
 endfacet
 facet normal 0.57735026918962584 -0.57735026918962584 -0.57735026918962584
  outer loop
   vertex 162.5 141 271
   vertex 163 141.5 271
   vertex 163 141 271.5
  endloop
 endfacet
 facet normal 0 -0.70710678118654746 -0.70710678118654746
  outer loop
   vertex 164 141.5 271
   vertex 163 141 271.5
   vertex 163 141.5 271
  endloop
 endfacet
 facet normal 0 -0.70710678118654746 -0.70710678118654746
  outer loop
   vertex 164 141 271.5
   vertex 163 141 271.5
   vertex 164 141.5 271
  endloop
 endfacet
 facet normal 0.57735026918962584 -0.57735026918962584 -0.57735026918962584
  outer loop
   vertex 164.5 142 271
   vertex 165 142 271.5
   vertex 165 141.5 272
  endloop
 endfacet
 facet normal 0.57735026918962584 -0.57735026918962584 -0.57735026918962584
  outer loop
   vertex 164 141.5 271
   vertex 164.5 142 271
   vertex 165 141.5 272
  endloop
 endfacet
 facet normal 0.57735026918962584 -0.57735026918962584 -0.57735026918962584
  outer loop
   vertex 164 141.5 271
   vertex 165 141.5 272
   vertex 164.5 141 272
  endloop
 endfacet
 facet normal 0.57735026918962584 -0.57735026918962584 -0.57735026918962584
  outer loop
   vertex 164 141.5 271
   vertex 164.5 141 272
   vertex 164 141 271.5
  endloop
 endfacet
 facet normal 0.57735026918962584 -0.57735026918962584 -0.57735026918962584
  outer loop
   vertex 165 141.5 272
   vertex 165 142 271.5
   vertex 165.5 142 272
  endloop
 endfacet
 facet normal -0.57735026918962584 -0.57735026918962584 -0.57735026918962584
  outer loop
   vertex 156 143 271.5
   vertex 156 142.5 272
   vertex 155.5 143 272
  endloop
 endfacet
 facet normal -0.57735026918962584 -0.57735026918962584 -0.57735026918962584
  outer loop
   vertex 156.5 142 272
   vertex 156 142.5 272
   vertex 156 143 271.5
  endloop
 endfacet
 facet normal -0.57735026918962584 -0.57735026918962584 -0.57735026918962584
  outer loop
   vertex 157 142 271.5
   vertex 156.5 142 272
   vertex 156 143 271.5
  endloop
 endfacet
 facet normal -0.57735026918962584 -0.57735026918962584 -0.57735026918962584
  outer loop
   vertex 157 142 271.5
   vertex 156 143 271.5
   vertex 156.5 143 271
  endloop
 endfacet
 facet normal -0.57735026918962584 -0.57735026918962584 -0.57735026918962584
  outer loop
   vertex 157 142 271.5
   vertex 156.5 143 271
   vertex 157 142.5 271
  endloop
 endfacet
 facet normal -0.57735026918962584 -0.57735026918962584 -0.57735026918962584
  outer loop
   vertex 157.5 142 271
   vertex 157 142 271.5
   vertex 157 142.5 271
  endloop
 endfacet
 facet normal 0.57735026918962584 -0.57735026918962584 -0.57735026918962584
  outer loop
   vertex 164.5 142 271
   vertex 165 142.5 271
   vertex 165 142 271.5
  endloop
 endfacet
 facet normal 0.57735026918962584 -0.57735026918962584 -0.57735026918962584
  outer loop
   vertex 165.5 143 271
   vertex 166 143 271.5
   vertex 166 142.5 272
  endloop
 endfacet
 facet normal 0.57735026918962584 -0.57735026918962584 -0.57735026918962584
  outer loop
   vertex 165 142.5 271
   vertex 165.5 143 271
   vertex 166 142.5 272
  endloop
 endfacet
 facet normal 0.57735026918962584 -0.57735026918962584 -0.57735026918962584
  outer loop
   vertex 165 142.5 271
   vertex 166 142.5 272
   vertex 165.5 142 272
  endloop
 endfacet
 facet normal 0.57735026918962584 -0.57735026918962584 -0.57735026918962584
  outer loop
   vertex 165 142.5 271
   vertex 165.5 142 272
   vertex 165 142 271.5
  endloop
 endfacet
 facet normal 0.57735026918962584 -0.57735026918962584 -0.57735026918962584
  outer loop
   vertex 166 142.5 272
   vertex 166 143 271.5
   vertex 166.5 143 272
  endloop
 endfacet
 facet normal -0.57735026918962584 -0.57735026918962584 -0.57735026918962584
  outer loop
   vertex 155 144 271.5
   vertex 155 143.5 272
   vertex 154.5 144 272
  endloop
 endfacet
 facet normal -0.57735026918962584 -0.57735026918962584 -0.57735026918962584
  outer loop
   vertex 155.5 143 272
   vertex 155 143.5 272
   vertex 155 144 271.5
  endloop
 endfacet
 facet normal -0.57735026918962584 -0.57735026918962584 -0.57735026918962584
  outer loop
   vertex 156 143 271.5
   vertex 155.5 143 272
   vertex 155 144 271.5
  endloop
 endfacet
 facet normal -0.57735026918962584 -0.57735026918962584 -0.57735026918962584
  outer loop
   vertex 156 143 271.5
   vertex 155 144 271.5
   vertex 155.5 144 271
  endloop
 endfacet
 facet normal -0.57735026918962584 -0.57735026918962584 -0.57735026918962584
  outer loop
   vertex 156 143 271.5
   vertex 155.5 144 271
   vertex 156 143.5 271
  endloop
 endfacet
 facet normal -0.57735026918962584 -0.57735026918962584 -0.57735026918962584
  outer loop
   vertex 156.5 143 271
   vertex 156 143 271.5
   vertex 156 143.5 271
  endloop
 endfacet
 facet normal 0.70710678118654746 0 -0.70710678118654746
  outer loop
   vertex 166 143 271.5
   vertex 165.5 144 271
   vertex 166 144 271.5
  endloop
 endfacet
 facet normal 0.70710678118654746 0 -0.70710678118654746
  outer loop
   vertex 165.5 143 271
   vertex 165.5 144 271
   vertex 166 143 271.5
  endloop
 endfacet
 facet normal 0.57735026918962584 -0.57735026918962584 -0.57735026918962584
  outer loop
   vertex 167 143.5 272
   vertex 166.5 143 272
   vertex 166 143 271.5
  endloop
 endfacet
 facet normal 0.57735026918962584 -0.57735026918962584 -0.57735026918962584
  outer loop
   vertex 167 143.5 272
   vertex 166 143 271.5
   vertex 167 144 271.5
  endloop
 endfacet
 facet normal 0 0 -1
  outer loop
   vertex 167 144 271.5
   vertex 166 143 271.5
   vertex 166 144 271.5
  endloop
 endfacet
 facet normal 0.57735026918962584 -0.57735026918962584 -0.57735026918962584
  outer loop
   vertex 167 143.5 272
   vertex 167 144 271.5
   vertex 167.5 144 272
  endloop
 endfacet
 facet normal -0.70710678118654746 0 -0.70710678118654746
  outer loop
   vertex 155 145 271.5
   vertex 155 144 271.5
   vertex 154.5 144 272
  endloop
 endfacet
 facet normal -0.70710678118654746 0 -0.70710678118654746
  outer loop
   vertex 154.5 145 272
   vertex 155 145 271.5
   vertex 154.5 144 272
  endloop
 endfacet
 facet normal -0.70710678118654746 0 -0.70710678118654746
  outer loop
   vertex 155.5 144 271
   vertex 155 145 271.5
   vertex 155.5 145 271
  endloop
 endfacet
 facet normal -0.70710678118654746 -0 -0.70710678118654746
  outer loop
   vertex 155 144 271.5
   vertex 155 145 271.5
   vertex 155.5 144 271
  endloop
 endfacet
 facet normal 0.57735026918962584 -0.57735026918962584 -0.57735026918962584
  outer loop
   vertex 165.5 144 271
   vertex 166 144.5 271
   vertex 166 144 271.5
  endloop
 endfacet
 facet normal 0.57735026918962584 -0.57735026918962584 -0.57735026918962584
  outer loop
   vertex 166.5 145 271
   vertex 166 144 271.5
   vertex 166 144.5 271
  endloop
 endfacet
 facet normal 0.57735026918962584 -0.57735026918962584 -0.57735026918962584
  outer loop
   vertex 166.5 145 271
   vertex 167 145 271.5
   vertex 166 144 271.5
  endloop
 endfacet
 facet normal 0 0 -1
  outer loop
   vertex 167 145 271.5
   vertex 167 144 271.5
   vertex 166 144 271.5
  endloop
 endfacet
 facet normal 0.70710678118654746 0 -0.70710678118654746
  outer loop
   vertex 167.5 145 272
   vertex 167.5 144 272
   vertex 167 144 271.5
  endloop
 endfacet
 facet normal 0.70710678118654746 0 -0.70710678118654746
  outer loop
   vertex 167 145 271.5
   vertex 167.5 145 272
   vertex 167 144 271.5
  endloop
 endfacet
 facet normal -0.57735026918962584 -0.57735026918962584 -0.57735026918962584
  outer loop
   vertex 154 146 271.5
   vertex 154 145.5 272
   vertex 153.5 146 272
  endloop
 endfacet
 facet normal -0.57735026918962584 -0.57735026918962584 -0.57735026918962584
  outer loop
   vertex 154.5 145 272
   vertex 154 145.5 272
   vertex 154 146 271.5
  endloop
 endfacet
 facet normal -0.57735026918962584 -0.57735026918962584 -0.57735026918962584
  outer loop
   vertex 155 145 271.5
   vertex 154.5 145 272
   vertex 154 146 271.5
  endloop
 endfacet
 facet normal -0.57735026918962584 -0.57735026918962584 -0.57735026918962584
  outer loop
   vertex 155 145 271.5
   vertex 154 146 271.5
   vertex 154.5 146 271
  endloop
 endfacet
 facet normal -0.57735026918962584 -0.57735026918962584 -0.57735026918962584
  outer loop
   vertex 155 145 271.5
   vertex 154.5 146 271
   vertex 155 145.5 271
  endloop
 endfacet
 facet normal -0.57735026918962584 -0.57735026918962584 -0.57735026918962584
  outer loop
   vertex 155.5 145 271
   vertex 155 145 271.5
   vertex 155 145.5 271
  endloop
 endfacet
 facet normal 0.57735026918962584 -0.57735026918962584 -0.57735026918962584
  outer loop
   vertex 166.5 145 271
   vertex 167 145.5 271
   vertex 167 145 271.5
  endloop
 endfacet
 facet normal 0.57735026918962584 -0.57735026918962584 -0.57735026918962584
  outer loop
   vertex 167 145 271.5
   vertex 167 145.5 271
   vertex 167.5 146 271
  endloop
 endfacet
 facet normal 0.57735026918962584 -0.57735026918962584 -0.57735026918962584
  outer loop
   vertex 167 145 271.5
   vertex 167.5 146 271
   vertex 167.5 145 272
  endloop
 endfacet
 facet normal 1 0 -0
  outer loop
   vertex 167.5 145 272
   vertex 167.5 146 271
   vertex 167.5 146 272
  endloop
 endfacet
 facet normal -0.70710678118654746 0 -0.70710678118654746
  outer loop
   vertex 154 147 271.5
   vertex 154 146 271.5
   vertex 153.5 146 272
  endloop
 endfacet
 facet normal -0.70710678118654746 0 -0.70710678118654746
  outer loop
   vertex 153.5 147 272
   vertex 154 147 271.5
   vertex 153.5 146 272
  endloop
 endfacet
 facet normal -0.70710678118654746 0 -0.70710678118654746
  outer loop
   vertex 154.5 146 271
   vertex 154 147 271.5
   vertex 154.5 147 271
  endloop
 endfacet
 facet normal -0.70710678118654746 -0 -0.70710678118654746
  outer loop
   vertex 154 146 271.5
   vertex 154 147 271.5
   vertex 154.5 146 271
  endloop
 endfacet
 facet normal 1 0 0
  outer loop
   vertex 167.5 146 271
   vertex 167.5 147 271
   vertex 167.5 146 272
  endloop
 endfacet
 facet normal 1 0 -0
  outer loop
   vertex 167.5 146 272
   vertex 167.5 147 271
   vertex 167.5 147 272
  endloop
 endfacet
 facet normal -0.70710678118654746 0 -0.70710678118654746
  outer loop
   vertex 154 148 271.5
   vertex 154 147 271.5
   vertex 153.5 147 272
  endloop
 endfacet
 facet normal -0.70710678118654746 0 -0.70710678118654746
  outer loop
   vertex 153.5 148 272
   vertex 154 148 271.5
   vertex 153.5 147 272
  endloop
 endfacet
 facet normal -0.70710678118654746 0 -0.70710678118654746
  outer loop
   vertex 154.5 147 271
   vertex 154 148 271.5
   vertex 154.5 148 271
  endloop
 endfacet
 facet normal -0.70710678118654746 -0 -0.70710678118654746
  outer loop
   vertex 154 147 271.5
   vertex 154 148 271.5
   vertex 154.5 147 271
  endloop
 endfacet
 facet normal 1 0 0
  outer loop
   vertex 167.5 147 271
   vertex 167.5 148 271
   vertex 167.5 147 272
  endloop
 endfacet
 facet normal 1 0 -0
  outer loop
   vertex 167.5 147 272
   vertex 167.5 148 271
   vertex 167.5 148 272
  endloop
 endfacet
 facet normal -0.70710678118654746 0 -0.70710678118654746
  outer loop
   vertex 154 149 271.5
   vertex 154 148 271.5
   vertex 153.5 148 272
  endloop
 endfacet
 facet normal -0.70710678118654746 0 -0.70710678118654746
  outer loop
   vertex 153.5 149 272
   vertex 154 149 271.5
   vertex 153.5 148 272
  endloop
 endfacet
 facet normal -0.70710678118654746 0 -0.70710678118654746
  outer loop
   vertex 154.5 148 271
   vertex 154 149 271.5
   vertex 154.5 149 271
  endloop
 endfacet
 facet normal -0.70710678118654746 -0 -0.70710678118654746
  outer loop
   vertex 154 148 271.5
   vertex 154 149 271.5
   vertex 154.5 148 271
  endloop
 endfacet
 facet normal 0.57735026918962584 0.57735026918962584 -0.57735026918962584
  outer loop
   vertex 167 148.5 271
   vertex 166.5 149 271
   vertex 167 149 271.5
  endloop
 endfacet
 facet normal 0.57735026918962584 0.57735026918962584 -0.57735026918962584
  outer loop
   vertex 167 148.5 271
   vertex 167 149 271.5
   vertex 167.5 149 272
  endloop
 endfacet
 facet normal 0.57735026918962584 0.57735026918962584 -0.57735026918962584
  outer loop
   vertex 167 148.5 271
   vertex 167.5 149 272
   vertex 167.5 148 271
  endloop
 endfacet
 facet normal 1 0 0
  outer loop
   vertex 167.5 148 271
   vertex 167.5 149 272
   vertex 167.5 148 272
  endloop
 endfacet
 facet normal -0.57735026918962584 0.57735026918962584 -0.57735026918962584
  outer loop
   vertex 154 149 271.5
   vertex 153.5 149 272
   vertex 154 149.5 272
  endloop
 endfacet
 facet normal -0.57735026918962584 0.57735026918962584 -0.57735026918962584
  outer loop
   vertex 154 149.5 272
   vertex 154.5 149 271
   vertex 154 149 271.5
  endloop
 endfacet
 facet normal -0.57735026918962584 0.57735026918962584 -0.57735026918962584
  outer loop
   vertex 154 149.5 272
   vertex 154.5 150 272
   vertex 154.5 149 271
  endloop
 endfacet
 facet normal -1 0 0
  outer loop
   vertex 154.5 150 272
   vertex 154.5 150 271
   vertex 154.5 149 271
  endloop
 endfacet
 facet normal 0.57735026918962584 0.57735026918962584 -0.57735026918962584
  outer loop
   vertex 167 149 271.5
   vertex 166.5 150 272
   vertex 167 149.5 272
  endloop
 endfacet
 facet normal 0.57735026918962584 0.57735026918962584 -0.57735026918962584
  outer loop
   vertex 167 149 271.5
   vertex 166.5 149 271
   vertex 166.5 150 272
  endloop
 endfacet
 facet normal 1 0 -0
  outer loop
   vertex 166.5 149 271
   vertex 166.5 150 271
   vertex 166.5 150 272
  endloop
 endfacet
 facet normal 0.57735026918962584 0.57735026918962584 -0.57735026918962584
  outer loop
   vertex 167.5 149 272
   vertex 167 149 271.5
   vertex 167 149.5 272
  endloop
 endfacet
 facet normal -0.57735026918962584 0.57735026918962584 -0.57735026918962584
  outer loop
   vertex 155 151 271.5
   vertex 155 150.5 271
   vertex 154.5 150 271
  endloop
 endfacet
 facet normal -0.57735026918962584 0.57735026918962584 -0.57735026918962584
  outer loop
   vertex 155 151 271.5
   vertex 154.5 150 271
   vertex 154.5 151 272
  endloop
 endfacet
 facet normal -1 0 0
  outer loop
   vertex 154.5 151 272
   vertex 154.5 150 271
   vertex 154.5 150 272
  endloop
 endfacet
 facet normal -0.57735026918962584 0.57735026918962584 -0.57735026918962584
  outer loop
   vertex 155 150.5 271
   vertex 155 151 271.5
   vertex 155.5 151 271
  endloop
 endfacet
 facet normal 0.70710678118654746 0.70710678118654746 0
  outer loop
   vertex 166 150.5 271
   vertex 165.5 151 272
   vertex 166 150.5 272
  endloop
 endfacet
 facet normal 0.70710678118654746 0.70710678118654746 0
  outer loop
   vertex 165.5 151 271
   vertex 165.5 151 272
   vertex 166 150.5 271
  endloop
 endfacet
 facet normal 0.70710678118654746 0.70710678118654746 -0
  outer loop
   vertex 166.5 150 272
   vertex 166.5 150 271
   vertex 166 150.5 271
  endloop
 endfacet
 facet normal 0.70710678118654746 0.70710678118654746 0
  outer loop
   vertex 166 150.5 272
   vertex 166.5 150 272
   vertex 166 150.5 271
  endloop
 endfacet
 facet normal -0.70710678118654746 0 -0.70710678118654746
  outer loop
   vertex 155 152 271.5
   vertex 155 151 271.5
   vertex 154.5 151 272
  endloop
 endfacet
 facet normal -0.70710678118654746 0 -0.70710678118654746
  outer loop
   vertex 154.5 152 272
   vertex 155 152 271.5
   vertex 154.5 151 272
  endloop
 endfacet
 facet normal -0.57735026918962584 0.57735026918962584 -0.57735026918962584
  outer loop
   vertex 155.5 151 271
   vertex 156 152 271.5
   vertex 156 151.5 271
  endloop
 endfacet
 facet normal -0.57735026918962584 0.57735026918962584 -0.57735026918962584
  outer loop
   vertex 155.5 151 271
   vertex 155 151 271.5
   vertex 156 152 271.5
  endloop
 endfacet
 facet normal 0 0 -1
  outer loop
   vertex 155 151 271.5
   vertex 155 152 271.5
   vertex 156 152 271.5
  endloop
 endfacet
 facet normal -0.57735026918962584 0.57735026918962584 -0.57735026918962584
  outer loop
   vertex 156 151.5 271
   vertex 156 152 271.5
   vertex 156.5 152 271
  endloop
 endfacet
 facet normal 1 0 0
  outer loop
   vertex 165.5 151 271
   vertex 165.5 152 271
   vertex 165.5 151 272
  endloop
 endfacet
 facet normal 1 0 -0
  outer loop
   vertex 165.5 151 272
   vertex 165.5 152 271
   vertex 165.5 152 272
  endloop
 endfacet
 facet normal -0.57735026918962584 0.57735026918962584 -0.57735026918962584
  outer loop
   vertex 155 152 271.5
   vertex 154.5 152 272
   vertex 155 152.5 272
  endloop
 endfacet
 facet normal -0.57735026918962584 0.57735026918962584 -0.57735026918962584
  outer loop
   vertex 155 152.5 272
   vertex 155.5 153 272
   vertex 156 153 271.5
  endloop
 endfacet
 facet normal -0.57735026918962584 0.57735026918962584 -0.57735026918962584
  outer loop
   vertex 155 152.5 272
   vertex 156 153 271.5
   vertex 155 152 271.5
  endloop
 endfacet
 facet normal 0 -0 -1
  outer loop
   vertex 155 152 271.5
   vertex 156 153 271.5
   vertex 156 152 271.5
  endloop
 endfacet
 facet normal -0.70710678118654746 0 -0.70710678118654746
  outer loop
   vertex 156.5 152 271
   vertex 156 153 271.5
   vertex 156.5 153 271
  endloop
 endfacet
 facet normal -0.70710678118654746 -0 -0.70710678118654746
  outer loop
   vertex 156 152 271.5
   vertex 156 153 271.5
   vertex 156.5 152 271
  endloop
 endfacet
 facet normal 0.70710678118654746 0.70710678118654746 0
  outer loop
   vertex 165 152.5 271
   vertex 164.5 153 272
   vertex 165 152.5 272
  endloop
 endfacet
 facet normal 0.70710678118654746 0.70710678118654746 0
  outer loop
   vertex 164.5 153 271
   vertex 164.5 153 272
   vertex 165 152.5 271
  endloop
 endfacet
 facet normal 0.70710678118654746 0.70710678118654746 -0
  outer loop
   vertex 165.5 152 272
   vertex 165.5 152 271
   vertex 165 152.5 271
  endloop
 endfacet
 facet normal 0.70710678118654746 0.70710678118654746 0
  outer loop
   vertex 165 152.5 272
   vertex 165.5 152 272
   vertex 165 152.5 271
  endloop
 endfacet
 facet normal -0.57735026918962584 0.57735026918962584 -0.57735026918962584
  outer loop
   vertex 156 153 271.5
   vertex 155.5 153 272
   vertex 156 153.5 272
  endloop
 endfacet
 facet normal -0.57735026918962584 0.57735026918962584 -0.57735026918962584
  outer loop
   vertex 157 154 271.5
   vertex 156 153.5 272
   vertex 156.5 154 272
  endloop
 endfacet
 facet normal -0.57735026918962584 0.57735026918962584 -0.57735026918962584
  outer loop
   vertex 157 153.5 271
   vertex 156 153.5 272
   vertex 157 154 271.5
  endloop
 endfacet
 facet normal -0.57735026918962584 0.57735026918962584 -0.57735026918962584
  outer loop
   vertex 157 153.5 271
   vertex 156 153 271.5
   vertex 156 153.5 272
  endloop
 endfacet
 facet normal -0.57735026918962584 0.57735026918962584 -0.57735026918962584
  outer loop
   vertex 157 153.5 271
   vertex 156.5 153 271
   vertex 156 153 271.5
  endloop
 endfacet
 facet normal 0 0.70710678118654746 -0.70710678118654746
  outer loop
   vertex 157 153.5 271
   vertex 158 154 271.5
   vertex 158 153.5 271
  endloop
 endfacet
 facet normal 0 0.70710678118654746 -0.70710678118654746
  outer loop
   vertex 157 154 271.5
   vertex 158 154 271.5
   vertex 157 153.5 271
  endloop
 endfacet
 facet normal -0.57735026918962584 0.57735026918962584 -0.57735026918962584
  outer loop
   vertex 158 153.5 271
   vertex 158 154 271.5
   vertex 158.5 154 271
  endloop
 endfacet
 facet normal 0.70710678118654746 0.70710678118654746 0
  outer loop
   vertex 164 153.5 271
   vertex 163.5 154 272
   vertex 164 153.5 272
  endloop
 endfacet
 facet normal 0.70710678118654746 0.70710678118654746 0
  outer loop
   vertex 163.5 154 271
   vertex 163.5 154 272
   vertex 164 153.5 271
  endloop
 endfacet
 facet normal 0.70710678118654746 0.70710678118654746 -0
  outer loop
   vertex 164.5 153 272
   vertex 164.5 153 271
   vertex 164 153.5 271
  endloop
 endfacet
 facet normal 0.70710678118654746 0.70710678118654746 0
  outer loop
   vertex 164 153.5 272
   vertex 164.5 153 272
   vertex 164 153.5 271
  endloop
 endfacet
 facet normal -0.57735026918962584 0.57735026918962584 -0.57735026918962584
  outer loop
   vertex 157 154 271.5
   vertex 156.5 154 272
   vertex 157 154.5 272
  endloop
 endfacet
 facet normal -0.57735026918962584 0.57735026918962584 -0.57735026918962584
  outer loop
   vertex 157 154.5 272
   vertex 157.5 155 272
   vertex 158 155 271.5
  endloop
 endfacet
 facet normal -0.57735026918962584 0.57735026918962584 -0.57735026918962584
  outer loop
   vertex 157 154.5 272
   vertex 158 155 271.5
   vertex 157 154 271.5
  endloop
 endfacet
 facet normal 0 -0 -1
  outer loop
   vertex 157 154 271.5
   vertex 158 155 271.5
   vertex 158 154 271.5
  endloop
 endfacet
 facet normal -0.57735026918962584 0.57735026918962584 -0.57735026918962584
  outer loop
   vertex 158.5 154 271
   vertex 159 155 271.5
   vertex 159 154.5 271
  endloop
 endfacet
 facet normal -0.57735026918962584 0.57735026918962584 -0.57735026918962584
  outer loop
   vertex 158.5 154 271
   vertex 158 154 271.5
   vertex 159 155 271.5
  endloop
 endfacet
 facet normal 0 0 -1
  outer loop
   vertex 158 154 271.5
   vertex 158 155 271.5
   vertex 159 155 271.5
  endloop
 endfacet
 facet normal 0 0.70710678118654746 -0.70710678118654746
  outer loop
   vertex 159 154.5 271
   vertex 160 155 271.5
   vertex 160 154.5 271
  endloop
 endfacet
 facet normal 0 0.70710678118654746 -0.70710678118654746
  outer loop
   vertex 159 155 271.5
   vertex 160 155 271.5
   vertex 159 154.5 271
  endloop
 endfacet
 facet normal 0 0.70710678118654746 -0.70710678118654746
  outer loop
   vertex 160 154.5 271
   vertex 161 155 271.5
   vertex 161 154.5 271
  endloop
 endfacet
 facet normal 0 0.70710678118654746 -0.70710678118654746
  outer loop
   vertex 160 155 271.5
   vertex 161 155 271.5
   vertex 160 154.5 271
  endloop
 endfacet
 facet normal 0 0.70710678118654746 -0.70710678118654746
  outer loop
   vertex 161 154.5 271
   vertex 162 155 271.5
   vertex 162 154.5 271
  endloop
 endfacet
 facet normal 0 0.70710678118654746 -0.70710678118654746
  outer loop
   vertex 161 155 271.5
   vertex 162 155 271.5
   vertex 161 154.5 271
  endloop
 endfacet
 facet normal 0.57735026918962584 0.57735026918962584 -0.57735026918962584
  outer loop
   vertex 162.5 155 272
   vertex 162 154.5 271
   vertex 162 155 271.5
  endloop
 endfacet
 facet normal 0.57735026918962584 0.57735026918962584 -0.57735026918962584
  outer loop
   vertex 162.5 155 272
   vertex 163 154.5 272
   vertex 162 154.5 271
  endloop
 endfacet
 facet normal 0 1 -0
  outer loop
   vertex 163 154.5 272
   vertex 163 154.5 271
   vertex 162 154.5 271
  endloop
 endfacet
 facet normal 0.70710678118654746 0.70710678118654746 -0
  outer loop
   vertex 163.5 154 272
   vertex 163.5 154 271
   vertex 163 154.5 271
  endloop
 endfacet
 facet normal 0.70710678118654746 0.70710678118654746 0
  outer loop
   vertex 163 154.5 272
   vertex 163.5 154 272
   vertex 163 154.5 271
  endloop
 endfacet
 facet normal -0.57735026918962584 0.57735026918962584 -0.57735026918962584
  outer loop
   vertex 158 155 271.5
   vertex 157.5 155 272
   vertex 158 155.5 272
  endloop
 endfacet
 facet normal 0 0.70710678118654746 -0.70710678118654746
  outer loop
   vertex 159 155 271.5
   vertex 158 155 271.5
   vertex 158 155.5 272
  endloop
 endfacet
 facet normal 0 0.70710678118654746 -0.70710678118654746
  outer loop
   vertex 159 155.5 272
   vertex 159 155 271.5
   vertex 158 155.5 272
  endloop
 endfacet
 facet normal 0 0.70710678118654746 -0.70710678118654746
  outer loop
   vertex 160 155 271.5
   vertex 159 155 271.5
   vertex 159 155.5 272
  endloop
 endfacet
 facet normal 0 0.70710678118654746 -0.70710678118654746
  outer loop
   vertex 160 155.5 272
   vertex 160 155 271.5
   vertex 159 155.5 272
  endloop
 endfacet
 facet normal 0 0.70710678118654746 -0.70710678118654746
  outer loop
   vertex 161 155 271.5
   vertex 160 155 271.5
   vertex 160 155.5 272
  endloop
 endfacet
 facet normal 0 0.70710678118654746 -0.70710678118654746
  outer loop
   vertex 161 155.5 272
   vertex 161 155 271.5
   vertex 160 155.5 272
  endloop
 endfacet
 facet normal 0 0.70710678118654746 -0.70710678118654746
  outer loop
   vertex 162 155 271.5
   vertex 161 155 271.5
   vertex 161 155.5 272
  endloop
 endfacet
 facet normal 0 0.70710678118654746 -0.70710678118654746
  outer loop
   vertex 162 155.5 272
   vertex 162 155 271.5
   vertex 161 155.5 272
  endloop
 endfacet
 facet normal 0.57735026918962584 0.57735026918962584 -0.57735026918962584
  outer loop
   vertex 162.5 155 272
   vertex 162 155 271.5
   vertex 162 155.5 272
  endloop
 endfacet
 facet normal -0.57735026918962584 -0.57735026918962584 -0.57735026918962584
  outer loop
   vertex 160 140 272.5
   vertex 160 139.5 273
   vertex 159.5 140 273
  endloop
 endfacet
 facet normal -0 -0.70710678118654746 -0.70710678118654746
  outer loop
   vertex 160 140 272.5
   vertex 161 140 272.5
   vertex 161 139.5 273
  endloop
 endfacet
 facet normal 0 -0.70710678118654746 -0.70710678118654746
  outer loop
   vertex 160 139.5 273
   vertex 160 140 272.5
   vertex 161 139.5 273
  endloop
 endfacet
 facet normal -0 -0.70710678118654746 -0.70710678118654746
  outer loop
   vertex 161 140 272.5
   vertex 162 140 272.5
   vertex 162 139.5 273
  endloop
 endfacet
 facet normal 0 -0.70710678118654746 -0.70710678118654746
  outer loop
   vertex 161 139.5 273
   vertex 161 140 272.5
   vertex 162 139.5 273
  endloop
 endfacet
 facet normal -0 -0.70710678118654746 -0.70710678118654746
  outer loop
   vertex 162 140 272.5
   vertex 163 140 272.5
   vertex 163 139.5 273
  endloop
 endfacet
 facet normal 0 -0.70710678118654746 -0.70710678118654746
  outer loop
   vertex 162 139.5 273
   vertex 162 140 272.5
   vertex 163 139.5 273
  endloop
 endfacet
 facet normal 0.57735026918962584 -0.57735026918962584 -0.57735026918962584
  outer loop
   vertex 163 139.5 273
   vertex 163 140 272.5
   vertex 163.5 140 273
  endloop
 endfacet
 facet normal -0.70710678118654746 -0.70710678118654746 -0
  outer loop
   vertex 158 140.5 272
   vertex 158 140.5 273
   vertex 157.5 141 273
  endloop
 endfacet
 facet normal -0.70710678118654746 -0.70710678118654746 0
  outer loop
   vertex 157.5 141 272
   vertex 158 140.5 272
   vertex 157.5 141 273
  endloop
 endfacet
 facet normal 0 -1 -0
  outer loop
   vertex 159 140.5 272
   vertex 159 140.5 273
   vertex 158 140.5 272
  endloop
 endfacet
 facet normal -0 -1 0
  outer loop
   vertex 158 140.5 272
   vertex 159 140.5 273
   vertex 158 140.5 273
  endloop
 endfacet
 facet normal -0.57735026918962584 -0.57735026918962584 -0.57735026918962584
  outer loop
   vertex 159.5 140 273
   vertex 160 140.5 272
   vertex 160 140 272.5
  endloop
 endfacet
 facet normal -0.57735026918962584 -0.57735026918962584 -0.57735026918962584
  outer loop
   vertex 159.5 140 273
   vertex 159 140.5 273
   vertex 160 140.5 272
  endloop
 endfacet
 facet normal 0 -1 0
  outer loop
   vertex 159 140.5 273
   vertex 159 140.5 272
   vertex 160 140.5 272
  endloop
 endfacet
 facet normal 0 -0.70710678118654746 -0.70710678118654746
  outer loop
   vertex 161 140.5 272
   vertex 160 140 272.5
   vertex 160 140.5 272
  endloop
 endfacet
 facet normal 0 -0.70710678118654746 -0.70710678118654746
  outer loop
   vertex 161 140 272.5
   vertex 160 140 272.5
   vertex 161 140.5 272
  endloop
 endfacet
 facet normal 0 -0.70710678118654746 -0.70710678118654746
  outer loop
   vertex 162 140.5 272
   vertex 161 140 272.5
   vertex 161 140.5 272
  endloop
 endfacet
 facet normal 0 -0.70710678118654746 -0.70710678118654746
  outer loop
   vertex 162 140 272.5
   vertex 161 140 272.5
   vertex 162 140.5 272
  endloop
 endfacet
 facet normal 0 -0.70710678118654746 -0.70710678118654746
  outer loop
   vertex 163 140.5 272
   vertex 162 140 272.5
   vertex 162 140.5 272
  endloop
 endfacet
 facet normal 0 -0.70710678118654746 -0.70710678118654746
  outer loop
   vertex 163 140 272.5
   vertex 162 140 272.5
   vertex 163 140.5 272
  endloop
 endfacet
 facet normal 0.57735026918962584 -0.57735026918962584 -0.57735026918962584
  outer loop
   vertex 163 140 272.5
   vertex 164 140.5 273
   vertex 163.5 140 273
  endloop
 endfacet
 facet normal 0.57735026918962584 -0.57735026918962584 -0.57735026918962584
  outer loop
   vertex 163 140 272.5
   vertex 163 140.5 272
   vertex 164 140.5 273
  endloop
 endfacet
 facet normal 0 -1 0
  outer loop
   vertex 163 140.5 272
   vertex 164 140.5 272
   vertex 164 140.5 273
  endloop
 endfacet
 facet normal 0.57735026918962584 -0.57735026918962584 -0.57735026918962584
  outer loop
   vertex 164.5 141 272
   vertex 165 141 272.5
   vertex 165 140.5 273
  endloop
 endfacet
 facet normal 0.57735026918962584 -0.57735026918962584 -0.57735026918962584
  outer loop
   vertex 164.5 141 272
   vertex 165 140.5 273
   vertex 164 140.5 272
  endloop
 endfacet
 facet normal -0 -1 0
  outer loop
   vertex 164 140.5 272
   vertex 165 140.5 273
   vertex 164 140.5 273
  endloop
 endfacet
 facet normal 0.57735026918962584 -0.57735026918962584 -0.57735026918962584
  outer loop
   vertex 165 140.5 273
   vertex 165 141 272.5
   vertex 165.5 141 273
  endloop
 endfacet
 facet normal -0.57735026918962584 -0.57735026918962584 -0.57735026918962584
  outer loop
   vertex 156 142 272.5
   vertex 156 141.5 273
   vertex 155.5 142 273
  endloop
 endfacet
 facet normal -0.57735026918962584 -0.57735026918962584 -0.57735026918962584
  outer loop
   vertex 156 142 272.5
   vertex 156.5 142 272
   vertex 157 141.5 272
  endloop
 endfacet
 facet normal -0.57735026918962584 -0.57735026918962584 -0.57735026918962584
  outer loop
   vertex 156 142 272.5
   vertex 157 141.5 272
   vertex 156 141.5 273
  endloop
 endfacet
 facet normal 0 -1 0
  outer loop
   vertex 156 141.5 273
   vertex 157 141.5 272
   vertex 157 141.5 273
  endloop
 endfacet
 facet normal -0.70710678118654746 -0.70710678118654746 0
  outer loop
   vertex 157.5 141 273
   vertex 157 141.5 272
   vertex 157.5 141 272
  endloop
 endfacet
 facet normal -0.70710678118654746 -0.70710678118654746 0
  outer loop
   vertex 157 141.5 273
   vertex 157 141.5 272
   vertex 157.5 141 273
  endloop
 endfacet
 facet normal 0.57735026918962584 -0.57735026918962584 -0.57735026918962584
  outer loop
   vertex 164.5 141 272
   vertex 165 141.5 272
   vertex 165 141 272.5
  endloop
 endfacet
 facet normal 0.57735026918962584 -0.57735026918962584 -0.57735026918962584
  outer loop
   vertex 165.5 142 272
   vertex 166 142 272.5
   vertex 166 141.5 273
  endloop
 endfacet
 facet normal 0.57735026918962584 -0.57735026918962584 -0.57735026918962584
  outer loop
   vertex 165 141.5 272
   vertex 165.5 142 272
   vertex 166 141.5 273
  endloop
 endfacet
 facet normal 0.57735026918962584 -0.57735026918962584 -0.57735026918962584
  outer loop
   vertex 165 141.5 272
   vertex 166 141.5 273
   vertex 165.5 141 273
  endloop
 endfacet
 facet normal 0.57735026918962584 -0.57735026918962584 -0.57735026918962584
  outer loop
   vertex 165 141.5 272
   vertex 165.5 141 273
   vertex 165 141 272.5
  endloop
 endfacet
 facet normal 0.57735026918962584 -0.57735026918962584 -0.57735026918962584
  outer loop
   vertex 166 141.5 273
   vertex 166 142 272.5
   vertex 166.5 142 273
  endloop
 endfacet
 facet normal -0.57735026918962584 -0.57735026918962584 -0.57735026918962584
  outer loop
   vertex 155 143 272.5
   vertex 155 142.5 273
   vertex 154.5 143 273
  endloop
 endfacet
 facet normal -0.57735026918962584 -0.57735026918962584 -0.57735026918962584
  outer loop
   vertex 155.5 142 273
   vertex 155 142.5 273
   vertex 155 143 272.5
  endloop
 endfacet
 facet normal -0.57735026918962584 -0.57735026918962584 -0.57735026918962584
  outer loop
   vertex 156 142 272.5
   vertex 155.5 142 273
   vertex 155 143 272.5
  endloop
 endfacet
 facet normal -0.57735026918962584 -0.57735026918962584 -0.57735026918962584
  outer loop
   vertex 156 142 272.5
   vertex 155 143 272.5
   vertex 155.5 143 272
  endloop
 endfacet
 facet normal -0.57735026918962584 -0.57735026918962584 -0.57735026918962584
  outer loop
   vertex 156 142 272.5
   vertex 155.5 143 272
   vertex 156 142.5 272
  endloop
 endfacet
 facet normal -0.57735026918962584 -0.57735026918962584 -0.57735026918962584
  outer loop
   vertex 156.5 142 272
   vertex 156 142 272.5
   vertex 156 142.5 272
  endloop
 endfacet
 facet normal 0.57735026918962584 -0.57735026918962584 -0.57735026918962584
  outer loop
   vertex 165.5 142 272
   vertex 166 142.5 272
   vertex 166 142 272.5
  endloop
 endfacet
 facet normal 0.57735026918962584 -0.57735026918962584 -0.57735026918962584
  outer loop
   vertex 166.5 143 272
   vertex 167 143 272.5
   vertex 167 142.5 273
  endloop
 endfacet
 facet normal 0.57735026918962584 -0.57735026918962584 -0.57735026918962584
  outer loop
   vertex 166 142.5 272
   vertex 166.5 143 272
   vertex 167 142.5 273
  endloop
 endfacet
 facet normal 0.57735026918962584 -0.57735026918962584 -0.57735026918962584
  outer loop
   vertex 166 142.5 272
   vertex 167 142.5 273
   vertex 166.5 142 273
  endloop
 endfacet
 facet normal 0.57735026918962584 -0.57735026918962584 -0.57735026918962584
  outer loop
   vertex 166 142.5 272
   vertex 166.5 142 273
   vertex 166 142 272.5
  endloop
 endfacet
 facet normal -0 -0.70710678118654746 -0.70710678118654746
  outer loop
   vertex 167 143 272.5
   vertex 168 143 272.5
   vertex 168 142.5 273
  endloop
 endfacet
 facet normal 0 -0.70710678118654746 -0.70710678118654746
  outer loop
   vertex 167 142.5 273
   vertex 167 143 272.5
   vertex 168 142.5 273
  endloop
 endfacet
 facet normal 0.57735026918962584 -0.57735026918962584 -0.57735026918962584
  outer loop
   vertex 168 142.5 273
   vertex 168 143 272.5
   vertex 168.5 143 273
  endloop
 endfacet
 facet normal -0.57735026918962584 -0.57735026918962584 -0.57735026918962584
  outer loop
   vertex 155 143.5 272
   vertex 155 143 272.5
   vertex 154.5 143 273
  endloop
 endfacet
 facet normal -0.57735026918962584 -0.57735026918962584 -0.57735026918962584
  outer loop
   vertex 155 143.5 272
   vertex 154.5 143 273
   vertex 154.5 144 272
  endloop
 endfacet
 facet normal -1 0 0
  outer loop
   vertex 154.5 144 272
   vertex 154.5 143 273
   vertex 154.5 144 273
  endloop
 endfacet
 facet normal -0.57735026918962584 -0.57735026918962584 -0.57735026918962584
  outer loop
   vertex 155.5 143 272
   vertex 155 143 272.5
   vertex 155 143.5 272
  endloop
 endfacet
 facet normal 0.57735026918962584 -0.57735026918962584 -0.57735026918962584
  outer loop
   vertex 166.5 143 272
   vertex 167 143.5 272
   vertex 167 143 272.5
  endloop
 endfacet
 facet normal 0.57735026918962584 -0.57735026918962584 -0.57735026918962584
  outer loop
   vertex 167.5 144 272
   vertex 167 143 272.5
   vertex 167 143.5 272
  endloop
 endfacet
 facet normal 0.57735026918962584 -0.57735026918962584 -0.57735026918962584
  outer loop
   vertex 167.5 144 272
   vertex 168 144 272.5
   vertex 167 143 272.5
  endloop
 endfacet
 facet normal 0 0 -1
  outer loop
   vertex 168 144 272.5
   vertex 168 143 272.5
   vertex 167 143 272.5
  endloop
 endfacet
 facet normal 0.70710678118654746 0 -0.70710678118654746
  outer loop
   vertex 168.5 144 273
   vertex 168.5 143 273
   vertex 168 143 272.5
  endloop
 endfacet
 facet normal 0.70710678118654746 0 -0.70710678118654746
  outer loop
   vertex 168 144 272.5
   vertex 168.5 144 273
   vertex 168 143 272.5
  endloop
 endfacet
 facet normal -0.57735026918962584 -0.57735026918962584 -0.57735026918962584
  outer loop
   vertex 154 145 272.5
   vertex 154 144.5 273
   vertex 153.5 145 273
  endloop
 endfacet
 facet normal -0.57735026918962584 -0.57735026918962584 -0.57735026918962584
  outer loop
   vertex 154 145 272.5
   vertex 154.5 144 273
   vertex 154 144.5 273
  endloop
 endfacet
 facet normal -0.57735026918962584 -0.57735026918962584 -0.57735026918962584
  outer loop
   vertex 154 145 272.5
   vertex 154.5 145 272
   vertex 154.5 144 273
  endloop
 endfacet
 facet normal -1 0 0
  outer loop
   vertex 154.5 145 272
   vertex 154.5 144 272
   vertex 154.5 144 273
  endloop
 endfacet
 facet normal 0.70710678118654746 0 -0.70710678118654746
  outer loop
   vertex 168 144 272.5
   vertex 167.5 145 272
   vertex 168 145 272.5
  endloop
 endfacet
 facet normal 0.70710678118654746 0 -0.70710678118654746
  outer loop
   vertex 167.5 144 272
   vertex 167.5 145 272
   vertex 168 144 272.5
  endloop
 endfacet
 facet normal 0.70710678118654746 0 -0.70710678118654746
  outer loop
   vertex 168.5 145 273
   vertex 168.5 144 273
   vertex 168 144 272.5
  endloop
 endfacet
 facet normal 0.70710678118654746 0 -0.70710678118654746
  outer loop
   vertex 168 145 272.5
   vertex 168.5 145 273
   vertex 168 144 272.5
  endloop
 endfacet
 facet normal -0.57735026918962584 -0.57735026918962584 -0.57735026918962584
  outer loop
   vertex 154 145.5 272
   vertex 154 145 272.5
   vertex 153.5 145 273
  endloop
 endfacet
 facet normal -0.57735026918962584 -0.57735026918962584 -0.57735026918962584
  outer loop
   vertex 154 145.5 272
   vertex 153.5 145 273
   vertex 153.5 146 272
  endloop
 endfacet
 facet normal -1 0 0
  outer loop
   vertex 153.5 146 272
   vertex 153.5 145 273
   vertex 153.5 146 273
  endloop
 endfacet
 facet normal -0.57735026918962584 -0.57735026918962584 -0.57735026918962584
  outer loop
   vertex 154.5 145 272
   vertex 154 145 272.5
   vertex 154 145.5 272
  endloop
 endfacet
 facet normal 0.70710678118654746 0 -0.70710678118654746
  outer loop
   vertex 168 145 272.5
   vertex 167.5 146 272
   vertex 168 146 272.5
  endloop
 endfacet
 facet normal 0.70710678118654746 0 -0.70710678118654746
  outer loop
   vertex 167.5 145 272
   vertex 167.5 146 272
   vertex 168 145 272.5
  endloop
 endfacet
 facet normal 0.70710678118654746 0 -0.70710678118654746
  outer loop
   vertex 168.5 146 273
   vertex 168.5 145 273
   vertex 168 145 272.5
  endloop
 endfacet
 facet normal 0.70710678118654746 0 -0.70710678118654746
  outer loop
   vertex 168 146 272.5
   vertex 168.5 146 273
   vertex 168 145 272.5
  endloop
 endfacet
 facet normal -1 0 0
  outer loop
   vertex 153.5 146 272
   vertex 153.5 146 273
   vertex 153.5 147 272
  endloop
 endfacet
 facet normal -1 -0 -0
  outer loop
   vertex 153.5 146 273
   vertex 153.5 147 273
   vertex 153.5 147 272
  endloop
 endfacet
 facet normal 0.57735026918962584 0.57735026918962584 -0.57735026918962584
  outer loop
   vertex 168 146 272.5
   vertex 167.5 147 273
   vertex 168 146.5 273
  endloop
 endfacet
 facet normal 0.57735026918962584 0.57735026918962584 -0.57735026918962584
  outer loop
   vertex 168 146 272.5
   vertex 167.5 146 272
   vertex 167.5 147 273
  endloop
 endfacet
 facet normal 1 0 -0
  outer loop
   vertex 167.5 146 272
   vertex 167.5 147 272
   vertex 167.5 147 273
  endloop
 endfacet
 facet normal 0.57735026918962584 0.57735026918962584 -0.57735026918962584
  outer loop
   vertex 168.5 146 273
   vertex 168 146 272.5
   vertex 168 146.5 273
  endloop
 endfacet
 facet normal -1 0 0
  outer loop
   vertex 153.5 147 272
   vertex 153.5 147 273
   vertex 153.5 148 272
  endloop
 endfacet
 facet normal -1 -0 -0
  outer loop
   vertex 153.5 147 273
   vertex 153.5 148 273
   vertex 153.5 148 272
  endloop
 endfacet
 facet normal 1 0 0
  outer loop
   vertex 167.5 147 272
   vertex 167.5 148 272
   vertex 167.5 147 273
  endloop
 endfacet
 facet normal 1 0 -0
  outer loop
   vertex 167.5 147 273
   vertex 167.5 148 272
   vertex 167.5 148 273
  endloop
 endfacet
 facet normal -1 0 0
  outer loop
   vertex 153.5 148 272
   vertex 153.5 148 273
   vertex 153.5 149 272
  endloop
 endfacet
 facet normal -1 -0 -0
  outer loop
   vertex 153.5 148 273
   vertex 153.5 149 273
   vertex 153.5 149 272
  endloop
 endfacet
 facet normal 1 0 0
  outer loop
   vertex 167.5 148 272
   vertex 167.5 149 272
   vertex 167.5 148 273
  endloop
 endfacet
 facet normal 1 0 -0
  outer loop
   vertex 167.5 148 273
   vertex 167.5 149 272
   vertex 167.5 149 273
  endloop
 endfacet
 facet normal -0.57735026918962584 0.57735026918962584 -0.57735026918962584
  outer loop
   vertex 154 150 272.5
   vertex 154 149.5 272
   vertex 153.5 149 272
  endloop
 endfacet
 facet normal -0.57735026918962584 0.57735026918962584 -0.57735026918962584
  outer loop
   vertex 154 150 272.5
   vertex 153.5 149 272
   vertex 153.5 150 273
  endloop
 endfacet
 facet normal -1 0 0
  outer loop
   vertex 153.5 150 273
   vertex 153.5 149 272
   vertex 153.5 149 273
  endloop
 endfacet
 facet normal -0.57735026918962584 0.57735026918962584 -0.57735026918962584
  outer loop
   vertex 154 149.5 272
   vertex 154 150 272.5
   vertex 154.5 150 272
  endloop
 endfacet
 facet normal 0.70710678118654746 0.70710678118654746 0
  outer loop
   vertex 167 149.5 272
   vertex 166.5 150 273
   vertex 167 149.5 273
  endloop
 endfacet
 facet normal 0.70710678118654746 0.70710678118654746 0
  outer loop
   vertex 166.5 150 272
   vertex 166.5 150 273
   vertex 167 149.5 272
  endloop
 endfacet
 facet normal 0.70710678118654746 0.70710678118654746 -0
  outer loop
   vertex 167.5 149 273
   vertex 167.5 149 272
   vertex 167 149.5 272
  endloop
 endfacet
 facet normal 0.70710678118654746 0.70710678118654746 0
  outer loop
   vertex 167 149.5 273
   vertex 167.5 149 273
   vertex 167 149.5 272
  endloop
 endfacet
 facet normal -0.70710678118654746 0 -0.70710678118654746
  outer loop
   vertex 154 151 272.5
   vertex 154 150 272.5
   vertex 153.5 150 273
  endloop
 endfacet
 facet normal -0.70710678118654746 0 -0.70710678118654746
  outer loop
   vertex 153.5 151 273
   vertex 154 151 272.5
   vertex 153.5 150 273
  endloop
 endfacet
 facet normal -0.70710678118654746 0 -0.70710678118654746
  outer loop
   vertex 154.5 150 272
   vertex 154 151 272.5
   vertex 154.5 151 272
  endloop
 endfacet
 facet normal -0.70710678118654746 -0 -0.70710678118654746
  outer loop
   vertex 154 150 272.5
   vertex 154 151 272.5
   vertex 154.5 150 272
  endloop
 endfacet
 facet normal 0.57735026918962584 0.57735026918962584 -0.57735026918962584
  outer loop
   vertex 166 150.5 272
   vertex 165.5 151 272
   vertex 166 151 272.5
  endloop
 endfacet
 facet normal 0.57735026918962584 0.57735026918962584 -0.57735026918962584
  outer loop
   vertex 166 150.5 272
   vertex 166 151 272.5
   vertex 166.5 151 273
  endloop
 endfacet
 facet normal 0.57735026918962584 0.57735026918962584 -0.57735026918962584
  outer loop
   vertex 166 150.5 272
   vertex 166.5 151 273
   vertex 166.5 150 272
  endloop
 endfacet
 facet normal 1 0 0
  outer loop
   vertex 166.5 150 272
   vertex 166.5 151 273
   vertex 166.5 150 273
  endloop
 endfacet
 facet normal -0.57735026918962584 0.57735026918962584 -0.57735026918962584
  outer loop
   vertex 154 151 272.5
   vertex 153.5 151 273
   vertex 154 151.5 273
  endloop
 endfacet
 facet normal -0.57735026918962584 0.57735026918962584 -0.57735026918962584
  outer loop
   vertex 154 151.5 273
   vertex 154.5 151 272
   vertex 154 151 272.5
  endloop
 endfacet
 facet normal -0.57735026918962584 0.57735026918962584 -0.57735026918962584
  outer loop
   vertex 154 151.5 273
   vertex 154.5 152 273
   vertex 154.5 151 272
  endloop
 endfacet
 facet normal -1 0 0
  outer loop
   vertex 154.5 152 273
   vertex 154.5 152 272
   vertex 154.5 151 272
  endloop
 endfacet
 facet normal 0.57735026918962584 0.57735026918962584 -0.57735026918962584
  outer loop
   vertex 166 151 272.5
   vertex 165.5 152 273
   vertex 166 151.5 273
  endloop
 endfacet
 facet normal 0.57735026918962584 0.57735026918962584 -0.57735026918962584
  outer loop
   vertex 166 151 272.5
   vertex 165.5 151 272
   vertex 165.5 152 273
  endloop
 endfacet
 facet normal 1 0 -0
  outer loop
   vertex 165.5 151 272
   vertex 165.5 152 272
   vertex 165.5 152 273
  endloop
 endfacet
 facet normal 0.57735026918962584 0.57735026918962584 -0.57735026918962584
  outer loop
   vertex 166.5 151 273
   vertex 166 151 272.5
   vertex 166 151.5 273
  endloop
 endfacet
 facet normal -0.57735026918962584 0.57735026918962584 -0.57735026918962584
  outer loop
   vertex 155 153 272.5
   vertex 155 152.5 272
   vertex 154.5 152 272
  endloop
 endfacet
 facet normal -0.57735026918962584 0.57735026918962584 -0.57735026918962584
  outer loop
   vertex 155 153 272.5
   vertex 154.5 152 272
   vertex 154.5 153 273
  endloop
 endfacet
 facet normal -1 0 0
  outer loop
   vertex 154.5 153 273
   vertex 154.5 152 272
   vertex 154.5 152 273
  endloop
 endfacet
 facet normal -0.57735026918962584 0.57735026918962584 -0.57735026918962584
  outer loop
   vertex 155 152.5 272
   vertex 155 153 272.5
   vertex 155.5 153 272
  endloop
 endfacet
 facet normal 0.70710678118654746 0.70710678118654746 0
  outer loop
   vertex 165 152.5 272
   vertex 164.5 153 273
   vertex 165 152.5 273
  endloop
 endfacet
 facet normal 0.70710678118654746 0.70710678118654746 0
  outer loop
   vertex 164.5 153 272
   vertex 164.5 153 273
   vertex 165 152.5 272
  endloop
 endfacet
 facet normal 0.70710678118654746 0.70710678118654746 -0
  outer loop
   vertex 165.5 152 273
   vertex 165.5 152 272
   vertex 165 152.5 272
  endloop
 endfacet
 facet normal 0.70710678118654746 0.70710678118654746 0
  outer loop
   vertex 165 152.5 273
   vertex 165.5 152 273
   vertex 165 152.5 272
  endloop
 endfacet
 facet normal -0.57735026918962584 0.57735026918962584 -0.57735026918962584
  outer loop
   vertex 155 153 272.5
   vertex 154.5 153 273
   vertex 155 153.5 273
  endloop
 endfacet
 facet normal -0.57735026918962584 0.57735026918962584 -0.57735026918962584
  outer loop
   vertex 156 154 272.5
   vertex 155 153.5 273
   vertex 155.5 154 273
  endloop
 endfacet
 facet normal -0.57735026918962584 0.57735026918962584 -0.57735026918962584
  outer loop
   vertex 156 153.5 272
   vertex 155 153.5 273
   vertex 156 154 272.5
  endloop
 endfacet
 facet normal -0.57735026918962584 0.57735026918962584 -0.57735026918962584
  outer loop
   vertex 156 153.5 272
   vertex 155 153 272.5
   vertex 155 153.5 273
  endloop
 endfacet
 facet normal -0.57735026918962584 0.57735026918962584 -0.57735026918962584
  outer loop
   vertex 156 153.5 272
   vertex 155.5 153 272
   vertex 155 153 272.5
  endloop
 endfacet
 facet normal -0.57735026918962584 0.57735026918962584 -0.57735026918962584
  outer loop
   vertex 156 153.5 272
   vertex 156 154 272.5
   vertex 156.5 154 272
  endloop
 endfacet
 facet normal 0.70710678118654746 0.70710678118654746 0
  outer loop
   vertex 164 153.5 272
   vertex 163.5 154 273
   vertex 164 153.5 273
  endloop
 endfacet
 facet normal 0.70710678118654746 0.70710678118654746 0
  outer loop
   vertex 163.5 154 272
   vertex 163.5 154 273
   vertex 164 153.5 272
  endloop
 endfacet
 facet normal 0.70710678118654746 0.70710678118654746 -0
  outer loop
   vertex 164.5 153 273
   vertex 164.5 153 272
   vertex 164 153.5 272
  endloop
 endfacet
 facet normal 0.70710678118654746 0.70710678118654746 0
  outer loop
   vertex 164 153.5 273
   vertex 164.5 153 273
   vertex 164 153.5 272
  endloop
 endfacet
 facet normal -0.57735026918962584 0.57735026918962584 -0.57735026918962584
  outer loop
   vertex 156 154 272.5
   vertex 155.5 154 273
   vertex 156 154.5 273
  endloop
 endfacet
 facet normal -0.57735026918962584 0.57735026918962584 -0.57735026918962584
  outer loop
   vertex 157 155 272.5
   vertex 156 154.5 273
   vertex 156.5 155 273
  endloop
 endfacet
 facet normal -0.57735026918962584 0.57735026918962584 -0.57735026918962584
  outer loop
   vertex 157 154.5 272
   vertex 156 154.5 273
   vertex 157 155 272.5
  endloop
 endfacet
 facet normal -0.57735026918962584 0.57735026918962584 -0.57735026918962584
  outer loop
   vertex 157 154.5 272
   vertex 156 154 272.5
   vertex 156 154.5 273
  endloop
 endfacet
 facet normal -0.57735026918962584 0.57735026918962584 -0.57735026918962584
  outer loop
   vertex 157 154.5 272
   vertex 156.5 154 272
   vertex 156 154 272.5
  endloop
 endfacet
 facet normal -0.57735026918962584 0.57735026918962584 -0.57735026918962584
  outer loop
   vertex 157 154.5 272
   vertex 157 155 272.5
   vertex 157.5 155 272
  endloop
 endfacet
 facet normal 0.70710678118654746 0.70710678118654746 0
  outer loop
   vertex 163 154.5 272
   vertex 162.5 155 273
   vertex 163 154.5 273
  endloop
 endfacet
 facet normal 0.70710678118654746 0.70710678118654746 0
  outer loop
   vertex 162.5 155 272
   vertex 162.5 155 273
   vertex 163 154.5 272
  endloop
 endfacet
 facet normal 0.70710678118654746 0.70710678118654746 -0
  outer loop
   vertex 163.5 154 273
   vertex 163.5 154 272
   vertex 163 154.5 272
  endloop
 endfacet
 facet normal 0.70710678118654746 0.70710678118654746 0
  outer loop
   vertex 163 154.5 273
   vertex 163.5 154 273
   vertex 163 154.5 272
  endloop
 endfacet
 facet normal -0.57735026918962584 0.57735026918962584 -0.57735026918962584
  outer loop
   vertex 157 155 272.5
   vertex 156.5 155 273
   vertex 157 155.5 273
  endloop
 endfacet
 facet normal -0.57735026918962584 0.57735026918962584 -0.57735026918962584
  outer loop
   vertex 158 156 272.5
   vertex 157 155.5 273
   vertex 157.5 156 273
  endloop
 endfacet
 facet normal -0.57735026918962584 0.57735026918962584 -0.57735026918962584
  outer loop
   vertex 158 155.5 272
   vertex 157 155.5 273
   vertex 158 156 272.5
  endloop
 endfacet
 facet normal -0.57735026918962584 0.57735026918962584 -0.57735026918962584
  outer loop
   vertex 158 155.5 272
   vertex 157 155 272.5
   vertex 157 155.5 273
  endloop
 endfacet
 facet normal -0.57735026918962584 0.57735026918962584 -0.57735026918962584
  outer loop
   vertex 158 155.5 272
   vertex 157.5 155 272
   vertex 157 155 272.5
  endloop
 endfacet
 facet normal 0 0.70710678118654746 -0.70710678118654746
  outer loop
   vertex 158 155.5 272
   vertex 159 156 272.5
   vertex 159 155.5 272
  endloop
 endfacet
 facet normal 0 0.70710678118654746 -0.70710678118654746
  outer loop
   vertex 158 156 272.5
   vertex 159 156 272.5
   vertex 158 155.5 272
  endloop
 endfacet
 facet normal 0 0.70710678118654746 -0.70710678118654746
  outer loop
   vertex 159 155.5 272
   vertex 160 156 272.5
   vertex 160 155.5 272
  endloop
 endfacet
 facet normal 0 0.70710678118654746 -0.70710678118654746
  outer loop
   vertex 159 156 272.5
   vertex 160 156 272.5
   vertex 159 155.5 272
  endloop
 endfacet
 facet normal 0 0.70710678118654746 -0.70710678118654746
  outer loop
   vertex 160 155.5 272
   vertex 161 156 272.5
   vertex 161 155.5 272
  endloop
 endfacet
 facet normal 0 0.70710678118654746 -0.70710678118654746
  outer loop
   vertex 160 156 272.5
   vertex 161 156 272.5
   vertex 160 155.5 272
  endloop
 endfacet
 facet normal 0.57735026918962584 0.57735026918962584 -0.57735026918962584
  outer loop
   vertex 161.5 156 273
   vertex 161 155.5 272
   vertex 161 156 272.5
  endloop
 endfacet
 facet normal 0.57735026918962584 0.57735026918962584 -0.57735026918962584
  outer loop
   vertex 161.5 156 273
   vertex 162 155.5 273
   vertex 161 155.5 272
  endloop
 endfacet
 facet normal 0 1 -0
  outer loop
   vertex 162 155.5 273
   vertex 162 155.5 272
   vertex 161 155.5 272
  endloop
 endfacet
 facet normal 0.70710678118654746 0.70710678118654746 -0
  outer loop
   vertex 162.5 155 273
   vertex 162.5 155 272
   vertex 162 155.5 272
  endloop
 endfacet
 facet normal 0.70710678118654746 0.70710678118654746 0
  outer loop
   vertex 162 155.5 273
   vertex 162.5 155 273
   vertex 162 155.5 272
  endloop
 endfacet
 facet normal -0.57735026918962584 0.57735026918962584 -0.57735026918962584
  outer loop
   vertex 158 156 272.5
   vertex 157.5 156 273
   vertex 158 156.5 273
  endloop
 endfacet
 facet normal 0 0.70710678118654746 -0.70710678118654746
  outer loop
   vertex 159 156 272.5
   vertex 158 156 272.5
   vertex 158 156.5 273
  endloop
 endfacet
 facet normal 0 0.70710678118654746 -0.70710678118654746
  outer loop
   vertex 159 156.5 273
   vertex 159 156 272.5
   vertex 158 156.5 273
  endloop
 endfacet
 facet normal 0 0.70710678118654746 -0.70710678118654746
  outer loop
   vertex 160 156 272.5
   vertex 159 156 272.5
   vertex 159 156.5 273
  endloop
 endfacet
 facet normal 0 0.70710678118654746 -0.70710678118654746
  outer loop
   vertex 160 156.5 273
   vertex 160 156 272.5
   vertex 159 156.5 273
  endloop
 endfacet
 facet normal 0 0.70710678118654746 -0.70710678118654746
  outer loop
   vertex 161 156 272.5
   vertex 160 156 272.5
   vertex 160 156.5 273
  endloop
 endfacet
 facet normal 0 0.70710678118654746 -0.70710678118654746
  outer loop
   vertex 161 156.5 273
   vertex 161 156 272.5
   vertex 160 156.5 273
  endloop
 endfacet
 facet normal 0.57735026918962584 0.57735026918962584 -0.57735026918962584
  outer loop
   vertex 161.5 156 273
   vertex 161 156 272.5
   vertex 161 156.5 273
  endloop
 endfacet
 facet normal -0.57735026918962584 -0.57735026918962584 -0.57735026918962584
  outer loop
   vertex 161 139 273.5
   vertex 161 138.5 274
   vertex 160.5 139 274
  endloop
 endfacet
 facet normal 0.57735026918962584 -0.57735026918962584 -0.57735026918962584
  outer loop
   vertex 161 138.5 274
   vertex 161 139 273.5
   vertex 161.5 139 274
  endloop
 endfacet
 facet normal -0.57735026918962584 -0.57735026918962584 -0.57735026918962584
  outer loop
   vertex 159 140 273.5
   vertex 159 139.5 274
   vertex 158.5 140 274
  endloop
 endfacet
 facet normal -0.57735026918962584 -0.57735026918962584 -0.57735026918962584
  outer loop
   vertex 159 140 273.5
   vertex 159.5 140 273
   vertex 160 139.5 273
  endloop
 endfacet
 facet normal -0.57735026918962584 -0.57735026918962584 -0.57735026918962584
  outer loop
   vertex 159 140 273.5
   vertex 160 139.5 273
   vertex 159 139.5 274
  endloop
 endfacet
 facet normal 0 -1 0
  outer loop
   vertex 159 139.5 274
   vertex 160 139.5 273
   vertex 160 139.5 274
  endloop
 endfacet
 facet normal -0.57735026918962584 -0.57735026918962584 -0.57735026918962584
  outer loop
   vertex 160.5 139 274
   vertex 161 139.5 273
   vertex 161 139 273.5
  endloop
 endfacet
 facet normal -0.57735026918962584 -0.57735026918962584 -0.57735026918962584
  outer loop
   vertex 160.5 139 274
   vertex 160 139.5 274
   vertex 161 139.5 273
  endloop
 endfacet
 facet normal 0 -1 0
  outer loop
   vertex 160 139.5 274
   vertex 160 139.5 273
   vertex 161 139.5 273
  endloop
 endfacet
 facet normal 0.57735026918962584 -0.57735026918962584 -0.57735026918962584
  outer loop
   vertex 161 139 273.5
   vertex 162 139.5 274
   vertex 161.5 139 274
  endloop
 endfacet
 facet normal 0.57735026918962584 -0.57735026918962584 -0.57735026918962584
  outer loop
   vertex 161 139 273.5
   vertex 161 139.5 273
   vertex 162 139.5 274
  endloop
 endfacet
 facet normal 0 -1 0
  outer loop
   vertex 161 139.5 273
   vertex 162 139.5 273
   vertex 162 139.5 274
  endloop
 endfacet
 facet normal 0 -1 -0
  outer loop
   vertex 163 139.5 273
   vertex 163 139.5 274
   vertex 162 139.5 273
  endloop
 endfacet
 facet normal -0 -1 0
  outer loop
   vertex 162 139.5 273
   vertex 163 139.5 274
   vertex 162 139.5 274
  endloop
 endfacet
 facet normal 0.57735026918962584 -0.57735026918962584 -0.57735026918962584
  outer loop
   vertex 163.5 140 273
   vertex 164 140 273.5
   vertex 164 139.5 274
  endloop
 endfacet
 facet normal 0.57735026918962584 -0.57735026918962584 -0.57735026918962584
  outer loop
   vertex 163.5 140 273
   vertex 164 139.5 274
   vertex 163 139.5 273
  endloop
 endfacet
 facet normal -0 -1 0
  outer loop
   vertex 163 139.5 273
   vertex 164 139.5 274
   vertex 163 139.5 274
  endloop
 endfacet
 facet normal -0 -0.70710678118654746 -0.70710678118654746
  outer loop
   vertex 164 140 273.5
   vertex 165 140 273.5
   vertex 165 139.5 274
  endloop
 endfacet
 facet normal 0 -0.70710678118654746 -0.70710678118654746
  outer loop
   vertex 164 139.5 274
   vertex 164 140 273.5
   vertex 165 139.5 274
  endloop
 endfacet
 facet normal 0.57735026918962584 -0.57735026918962584 -0.57735026918962584
  outer loop
   vertex 165 139.5 274
   vertex 165 140 273.5
   vertex 165.5 140 274
  endloop
 endfacet
 facet normal -0.57735026918962584 -0.57735026918962584 -0.57735026918962584
  outer loop
   vertex 157 141 273.5
   vertex 157 140.5 274
   vertex 156.5 141 274
  endloop
 endfacet
 facet normal -0.57735026918962584 -0.57735026918962584 -0.57735026918962584
  outer loop
   vertex 157 141 273.5
   vertex 157.5 141 273
   vertex 158 140.5 273
  endloop
 endfacet
 facet normal -0.57735026918962584 -0.57735026918962584 -0.57735026918962584
  outer loop
   vertex 157 141 273.5
   vertex 158 140.5 273
   vertex 157 140.5 274
  endloop
 endfacet
 facet normal 0 -1 0
  outer loop
   vertex 157 140.5 274
   vertex 158 140.5 273
   vertex 158 140.5 274
  endloop
 endfacet
 facet normal -0.57735026918962584 -0.57735026918962584 -0.57735026918962584
  outer loop
   vertex 158.5 140 274
   vertex 159 140.5 273
   vertex 159 140 273.5
  endloop
 endfacet
 facet normal -0.57735026918962584 -0.57735026918962584 -0.57735026918962584
  outer loop
   vertex 158.5 140 274
   vertex 158 140.5 274
   vertex 159 140.5 273
  endloop
 endfacet
 facet normal 0 -1 0
  outer loop
   vertex 158 140.5 274
   vertex 158 140.5 273
   vertex 159 140.5 273
  endloop
 endfacet
 facet normal -0.57735026918962584 -0.57735026918962584 -0.57735026918962584
  outer loop
   vertex 159.5 140 273
   vertex 159 140 273.5
   vertex 159 140.5 273
  endloop
 endfacet
 facet normal 0.57735026918962584 -0.57735026918962584 -0.57735026918962584
  outer loop
   vertex 163.5 140 273
   vertex 164 140.5 273
   vertex 164 140 273.5
  endloop
 endfacet
 facet normal 0 -0.70710678118654746 -0.70710678118654746
  outer loop
   vertex 165 140.5 273
   vertex 164 140 273.5
   vertex 164 140.5 273
  endloop
 endfacet
 facet normal 0 -0.70710678118654746 -0.70710678118654746
  outer loop
   vertex 165 140 273.5
   vertex 164 140 273.5
   vertex 165 140.5 273
  endloop
 endfacet
 facet normal 0.57735026918962584 -0.57735026918962584 -0.57735026918962584
  outer loop
   vertex 165.5 141 273
   vertex 166 141 273.5
   vertex 166 140.5 274
  endloop
 endfacet
 facet normal 0.57735026918962584 -0.57735026918962584 -0.57735026918962584
  outer loop
   vertex 165 140.5 273
   vertex 165.5 141 273
   vertex 166 140.5 274
  endloop
 endfacet
 facet normal 0.57735026918962584 -0.57735026918962584 -0.57735026918962584
  outer loop
   vertex 165 140.5 273
   vertex 166 140.5 274
   vertex 165.5 140 274
  endloop
 endfacet
 facet normal 0.57735026918962584 -0.57735026918962584 -0.57735026918962584
  outer loop
   vertex 165 140.5 273
   vertex 165.5 140 274
   vertex 165 140 273.5
  endloop
 endfacet
 facet normal 0.57735026918962584 -0.57735026918962584 -0.57735026918962584
  outer loop
   vertex 166 140.5 274
   vertex 166 141 273.5
   vertex 166.5 141 274
  endloop
 endfacet
 facet normal -0.57735026918962584 -0.57735026918962584 -0.57735026918962584
  outer loop
   vertex 155 142 273.5
   vertex 155 141.5 274
   vertex 154.5 142 274
  endloop
 endfacet
 facet normal -0.57735026918962584 -0.57735026918962584 -0.57735026918962584
  outer loop
   vertex 155 142 273.5
   vertex 155.5 142 273
   vertex 156 141.5 273
  endloop
 endfacet
 facet normal -0.57735026918962584 -0.57735026918962584 -0.57735026918962584
  outer loop
   vertex 155 142 273.5
   vertex 156 141.5 273
   vertex 155 141.5 274
  endloop
 endfacet
 facet normal 0 -1 0
  outer loop
   vertex 155 141.5 274
   vertex 156 141.5 273
   vertex 156 141.5 274
  endloop
 endfacet
 facet normal -0.57735026918962584 -0.57735026918962584 -0.57735026918962584
  outer loop
   vertex 156.5 141 274
   vertex 157 141.5 273
   vertex 157 141 273.5
  endloop
 endfacet
 facet normal -0.57735026918962584 -0.57735026918962584 -0.57735026918962584
  outer loop
   vertex 156.5 141 274
   vertex 156 141.5 274
   vertex 157 141.5 273
  endloop
 endfacet
 facet normal 0 -1 0
  outer loop
   vertex 156 141.5 274
   vertex 156 141.5 273
   vertex 157 141.5 273
  endloop
 endfacet
 facet normal -0.57735026918962584 -0.57735026918962584 -0.57735026918962584
  outer loop
   vertex 157.5 141 273
   vertex 157 141 273.5
   vertex 157 141.5 273
  endloop
 endfacet
 facet normal 0.57735026918962584 -0.57735026918962584 -0.57735026918962584
  outer loop
   vertex 165.5 141 273
   vertex 166 141.5 273
   vertex 166 141 273.5
  endloop
 endfacet
 facet normal 0.57735026918962584 -0.57735026918962584 -0.57735026918962584
  outer loop
   vertex 166.5 142 273
   vertex 167 142 273.5
   vertex 167 141.5 274
  endloop
 endfacet
 facet normal 0.57735026918962584 -0.57735026918962584 -0.57735026918962584
  outer loop
   vertex 166 141.5 273
   vertex 166.5 142 273
   vertex 167 141.5 274
  endloop
 endfacet
 facet normal 0.57735026918962584 -0.57735026918962584 -0.57735026918962584
  outer loop
   vertex 166 141.5 273
   vertex 167 141.5 274
   vertex 166.5 141 274
  endloop
 endfacet
 facet normal 0.57735026918962584 -0.57735026918962584 -0.57735026918962584
  outer loop
   vertex 166 141.5 273
   vertex 166.5 141 274
   vertex 166 141 273.5
  endloop
 endfacet
 facet normal -0 -0.70710678118654746 -0.70710678118654746
  outer loop
   vertex 167 142 273.5
   vertex 168 142 273.5
   vertex 168 141.5 274
  endloop
 endfacet
 facet normal 0 -0.70710678118654746 -0.70710678118654746
  outer loop
   vertex 167 141.5 274
   vertex 167 142 273.5
   vertex 168 141.5 274
  endloop
 endfacet
 facet normal 0.57735026918962584 -0.57735026918962584 -0.57735026918962584
  outer loop
   vertex 168 141.5 274
   vertex 168 142 273.5
   vertex 168.5 142 274
  endloop
 endfacet
 facet normal -0.57735026918962584 -0.57735026918962584 -0.57735026918962584
  outer loop
   vertex 154 143 273.5
   vertex 154 142.5 274
   vertex 153.5 143 274
  endloop
 endfacet
 facet normal -0.57735026918962584 -0.57735026918962584 -0.57735026918962584
  outer loop
   vertex 154.5 142 274
   vertex 154 142.5 274
   vertex 154 143 273.5
  endloop
 endfacet
 facet normal -0.57735026918962584 -0.57735026918962584 -0.57735026918962584
  outer loop
   vertex 155 142 273.5
   vertex 154.5 142 274
   vertex 154 143 273.5
  endloop
 endfacet
 facet normal -0.57735026918962584 -0.57735026918962584 -0.57735026918962584
  outer loop
   vertex 155 142 273.5
   vertex 154 143 273.5
   vertex 154.5 143 273
  endloop
 endfacet
 facet normal -0.57735026918962584 -0.57735026918962584 -0.57735026918962584
  outer loop
   vertex 155 142 273.5
   vertex 154.5 143 273
   vertex 155 142.5 273
  endloop
 endfacet
 facet normal -0.57735026918962584 -0.57735026918962584 -0.57735026918962584
  outer loop
   vertex 155.5 142 273
   vertex 155 142 273.5
   vertex 155 142.5 273
  endloop
 endfacet
 facet normal 0.57735026918962584 -0.57735026918962584 -0.57735026918962584
  outer loop
   vertex 166.5 142 273
   vertex 167 142.5 273
   vertex 167 142 273.5
  endloop
 endfacet
 facet normal 0 -0.70710678118654746 -0.70710678118654746
  outer loop
   vertex 168 142.5 273
   vertex 167 142 273.5
   vertex 167 142.5 273
  endloop
 endfacet
 facet normal 0 -0.70710678118654746 -0.70710678118654746
  outer loop
   vertex 168 142 273.5
   vertex 167 142 273.5
   vertex 168 142.5 273
  endloop
 endfacet
 facet normal 0.57735026918962584 -0.57735026918962584 -0.57735026918962584
  outer loop
   vertex 168 142 273.5
   vertex 168 142.5 273
   vertex 168.5 143 273
  endloop
 endfacet
 facet normal 0.57735026918962584 -0.57735026918962584 -0.57735026918962584
  outer loop
   vertex 168 142 273.5
   vertex 168.5 143 273
   vertex 168.5 142 274
  endloop
 endfacet
 facet normal 1 0 -0
  outer loop
   vertex 168.5 142 274
   vertex 168.5 143 273
   vertex 168.5 143 274
  endloop
 endfacet
 facet normal -0.70710678118654746 0 -0.70710678118654746
  outer loop
   vertex 154 144 273.5
   vertex 154 143 273.5
   vertex 153.5 143 274
  endloop
 endfacet
 facet normal -0.70710678118654746 0 -0.70710678118654746
  outer loop
   vertex 153.5 144 274
   vertex 154 144 273.5
   vertex 153.5 143 274
  endloop
 endfacet
 facet normal -0.70710678118654746 0 -0.70710678118654746
  outer loop
   vertex 154.5 143 273
   vertex 154 144 273.5
   vertex 154.5 144 273
  endloop
 endfacet
 facet normal -0.70710678118654746 -0 -0.70710678118654746
  outer loop
   vertex 154 143 273.5
   vertex 154 144 273.5
   vertex 154.5 143 273
  endloop
 endfacet
 facet normal 1 0 0
  outer loop
   vertex 168.5 143 273
   vertex 168.5 144 273
   vertex 168.5 143 274
  endloop
 endfacet
 facet normal 1 0 -0
  outer loop
   vertex 168.5 143 274
   vertex 168.5 144 273
   vertex 168.5 144 274
  endloop
 endfacet
 facet normal -0.57735026918962584 -0.57735026918962584 -0.57735026918962584
  outer loop
   vertex 153 145 273.5
   vertex 153 144.5 274
   vertex 152.5 145 274
  endloop
 endfacet
 facet normal -0.57735026918962584 -0.57735026918962584 -0.57735026918962584
  outer loop
   vertex 153.5 144 274
   vertex 153 144.5 274
   vertex 153 145 273.5
  endloop
 endfacet
 facet normal -0.57735026918962584 -0.57735026918962584 -0.57735026918962584
  outer loop
   vertex 154 144 273.5
   vertex 153.5 144 274
   vertex 153 145 273.5
  endloop
 endfacet
 facet normal -0.57735026918962584 -0.57735026918962584 -0.57735026918962584
  outer loop
   vertex 154 144 273.5
   vertex 153 145 273.5
   vertex 153.5 145 273
  endloop
 endfacet
 facet normal -0.57735026918962584 -0.57735026918962584 -0.57735026918962584
  outer loop
   vertex 154 144 273.5
   vertex 153.5 145 273
   vertex 154 144.5 273
  endloop
 endfacet
 facet normal -0.57735026918962584 -0.57735026918962584 -0.57735026918962584
  outer loop
   vertex 154.5 144 273
   vertex 154 144 273.5
   vertex 154 144.5 273
  endloop
 endfacet
 facet normal 1 0 0
  outer loop
   vertex 168.5 144 273
   vertex 168.5 145 273
   vertex 168.5 144 274
  endloop
 endfacet
 facet normal 1 0 -0
  outer loop
   vertex 168.5 144 274
   vertex 168.5 145 273
   vertex 168.5 145 274
  endloop
 endfacet
 facet normal -0.70710678118654746 0 -0.70710678118654746
  outer loop
   vertex 153 146 273.5
   vertex 153 145 273.5
   vertex 152.5 145 274
  endloop
 endfacet
 facet normal -0.70710678118654746 0 -0.70710678118654746
  outer loop
   vertex 152.5 146 274
   vertex 153 146 273.5
   vertex 152.5 145 274
  endloop
 endfacet
 facet normal -0.70710678118654746 0 -0.70710678118654746
  outer loop
   vertex 153.5 145 273
   vertex 153 146 273.5
   vertex 153.5 146 273
  endloop
 endfacet
 facet normal -0.70710678118654746 -0 -0.70710678118654746
  outer loop
   vertex 153 145 273.5
   vertex 153 146 273.5
   vertex 153.5 145 273
  endloop
 endfacet
 facet normal 1 0 0
  outer loop
   vertex 168.5 145 273
   vertex 168.5 146 273
   vertex 168.5 145 274
  endloop
 endfacet
 facet normal 1 0 -0
  outer loop
   vertex 168.5 145 274
   vertex 168.5 146 273
   vertex 168.5 146 274
  endloop
 endfacet
 facet normal -0.70710678118654746 0 -0.70710678118654746
  outer loop
   vertex 153 147 273.5
   vertex 153 146 273.5
   vertex 152.5 146 274
  endloop
 endfacet
 facet normal -0.70710678118654746 0 -0.70710678118654746
  outer loop
   vertex 152.5 147 274
   vertex 153 147 273.5
   vertex 152.5 146 274
  endloop
 endfacet
 facet normal -0.70710678118654746 0 -0.70710678118654746
  outer loop
   vertex 153.5 146 273
   vertex 153 147 273.5
   vertex 153.5 147 273
  endloop
 endfacet
 facet normal -0.70710678118654746 -0 -0.70710678118654746
  outer loop
   vertex 153 146 273.5
   vertex 153 147 273.5
   vertex 153.5 146 273
  endloop
 endfacet
 facet normal 0.70710678118654746 0.70710678118654746 0
  outer loop
   vertex 168 146.5 273
   vertex 167.5 147 274
   vertex 168 146.5 274
  endloop
 endfacet
 facet normal 0.70710678118654746 0.70710678118654746 0
  outer loop
   vertex 167.5 147 273
   vertex 167.5 147 274
   vertex 168 146.5 273
  endloop
 endfacet
 facet normal 0.70710678118654746 0.70710678118654746 -0
  outer loop
   vertex 168.5 146 274
   vertex 168.5 146 273
   vertex 168 146.5 273
  endloop
 endfacet
 facet normal 0.70710678118654746 0.70710678118654746 0
  outer loop
   vertex 168 146.5 274
   vertex 168.5 146 274
   vertex 168 146.5 273
  endloop
 endfacet
 facet normal -0.70710678118654746 0 -0.70710678118654746
  outer loop
   vertex 153 148 273.5
   vertex 153 147 273.5
   vertex 152.5 147 274
  endloop
 endfacet
 facet normal -0.70710678118654746 0 -0.70710678118654746
  outer loop
   vertex 152.5 148 274
   vertex 153 148 273.5
   vertex 152.5 147 274
  endloop
 endfacet
 facet normal -0.70710678118654746 0 -0.70710678118654746
  outer loop
   vertex 153.5 147 273
   vertex 153 148 273.5
   vertex 153.5 148 273
  endloop
 endfacet
 facet normal -0.70710678118654746 -0 -0.70710678118654746
  outer loop
   vertex 153 147 273.5
   vertex 153 148 273.5
   vertex 153.5 147 273
  endloop
 endfacet
 facet normal 1 0 0
  outer loop
   vertex 167.5 147 273
   vertex 167.5 148 273
   vertex 167.5 147 274
  endloop
 endfacet
 facet normal 1 0 -0
  outer loop
   vertex 167.5 147 274
   vertex 167.5 148 273
   vertex 167.5 148 274
  endloop
 endfacet
 facet normal -0.70710678118654746 0 -0.70710678118654746
  outer loop
   vertex 153 149 273.5
   vertex 153 148 273.5
   vertex 152.5 148 274
  endloop
 endfacet
 facet normal -0.70710678118654746 0 -0.70710678118654746
  outer loop
   vertex 152.5 149 274
   vertex 153 149 273.5
   vertex 152.5 148 274
  endloop
 endfacet
 facet normal -0.70710678118654746 0 -0.70710678118654746
  outer loop
   vertex 153.5 148 273
   vertex 153 149 273.5
   vertex 153.5 149 273
  endloop
 endfacet
 facet normal -0.70710678118654746 -0 -0.70710678118654746
  outer loop
   vertex 153 148 273.5
   vertex 153 149 273.5
   vertex 153.5 148 273
  endloop
 endfacet
 facet normal 1 0 0
  outer loop
   vertex 167.5 148 273
   vertex 167.5 149 273
   vertex 167.5 148 274
  endloop
 endfacet
 facet normal 1 0 -0
  outer loop
   vertex 167.5 148 274
   vertex 167.5 149 273
   vertex 167.5 149 274
  endloop
 endfacet
 facet normal -0.70710678118654746 0 -0.70710678118654746
  outer loop
   vertex 153 150 273.5
   vertex 153 149 273.5
   vertex 152.5 149 274
  endloop
 endfacet
 facet normal -0.70710678118654746 0 -0.70710678118654746
  outer loop
   vertex 152.5 150 274
   vertex 153 150 273.5
   vertex 152.5 149 274
  endloop
 endfacet
 facet normal -0.70710678118654746 0 -0.70710678118654746
  outer loop
   vertex 153.5 149 273
   vertex 153 150 273.5
   vertex 153.5 150 273
  endloop
 endfacet
 facet normal -0.70710678118654746 -0 -0.70710678118654746
  outer loop
   vertex 153 149 273.5
   vertex 153 150 273.5
   vertex 153.5 149 273
  endloop
 endfacet
 facet normal 0.57735026918962584 0.57735026918962584 -0.57735026918962584
  outer loop
   vertex 167 149.5 273
   vertex 166.5 150 273
   vertex 167 150 273.5
  endloop
 endfacet
 facet normal 0.57735026918962584 0.57735026918962584 -0.57735026918962584
  outer loop
   vertex 167 149.5 273
   vertex 167 150 273.5
   vertex 167.5 150 274
  endloop
 endfacet
 facet normal 0.57735026918962584 0.57735026918962584 -0.57735026918962584
  outer loop
   vertex 167 149.5 273
   vertex 167.5 150 274
   vertex 167.5 149 273
  endloop
 endfacet
 facet normal 1 0 0
  outer loop
   vertex 167.5 149 273
   vertex 167.5 150 274
   vertex 167.5 149 274
  endloop
 endfacet
 facet normal -0.57735026918962584 0.57735026918962584 -0.57735026918962584
  outer loop
   vertex 153 150 273.5
   vertex 152.5 150 274
   vertex 153 150.5 274
  endloop
 endfacet
 facet normal -0.57735026918962584 0.57735026918962584 -0.57735026918962584
  outer loop
   vertex 153 150.5 274
   vertex 153.5 150 273
   vertex 153 150 273.5
  endloop
 endfacet
 facet normal -0.57735026918962584 0.57735026918962584 -0.57735026918962584
  outer loop
   vertex 153 150.5 274
   vertex 153.5 151 274
   vertex 153.5 150 273
  endloop
 endfacet
 facet normal -1 0 0
  outer loop
   vertex 153.5 151 274
   vertex 153.5 151 273
   vertex 153.5 150 273
  endloop
 endfacet
 facet normal 0.57735026918962584 0.57735026918962584 -0.57735026918962584
  outer loop
   vertex 167 150 273.5
   vertex 166.5 151 274
   vertex 167 150.5 274
  endloop
 endfacet
 facet normal 0.57735026918962584 0.57735026918962584 -0.57735026918962584
  outer loop
   vertex 167 150 273.5
   vertex 166.5 150 273
   vertex 166.5 151 274
  endloop
 endfacet
 facet normal 1 0 -0
  outer loop
   vertex 166.5 150 273
   vertex 166.5 151 273
   vertex 166.5 151 274
  endloop
 endfacet
 facet normal 0.57735026918962584 0.57735026918962584 -0.57735026918962584
  outer loop
   vertex 167.5 150 274
   vertex 167 150 273.5
   vertex 167 150.5 274
  endloop
 endfacet
 facet normal -0.57735026918962584 0.57735026918962584 -0.57735026918962584
  outer loop
   vertex 154 152 273.5
   vertex 154 151.5 273
   vertex 153.5 151 273
  endloop
 endfacet
 facet normal -0.57735026918962584 0.57735026918962584 -0.57735026918962584
  outer loop
   vertex 154 152 273.5
   vertex 153.5 151 273
   vertex 153.5 152 274
  endloop
 endfacet
 facet normal -1 0 0
  outer loop
   vertex 153.5 152 274
   vertex 153.5 151 273
   vertex 153.5 151 274
  endloop
 endfacet
 facet normal -0.57735026918962584 0.57735026918962584 -0.57735026918962584
  outer loop
   vertex 154 151.5 273
   vertex 154 152 273.5
   vertex 154.5 152 273
  endloop
 endfacet
 facet normal 0.70710678118654746 0.70710678118654746 0
  outer loop
   vertex 166 151.5 273
   vertex 165.5 152 274
   vertex 166 151.5 274
  endloop
 endfacet
 facet normal 0.70710678118654746 0.70710678118654746 0
  outer loop
   vertex 165.5 152 273
   vertex 165.5 152 274
   vertex 166 151.5 273
  endloop
 endfacet
 facet normal 0.70710678118654746 0.70710678118654746 -0
  outer loop
   vertex 166.5 151 274
   vertex 166.5 151 273
   vertex 166 151.5 273
  endloop
 endfacet
 facet normal 0.70710678118654746 0.70710678118654746 0
  outer loop
   vertex 166 151.5 274
   vertex 166.5 151 274
   vertex 166 151.5 273
  endloop
 endfacet
 facet normal -0.57735026918962584 0.57735026918962584 -0.57735026918962584
  outer loop
   vertex 154 152 273.5
   vertex 153.5 152 274
   vertex 154 152.5 274
  endloop
 endfacet
 facet normal -0.57735026918962584 0.57735026918962584 -0.57735026918962584
  outer loop
   vertex 154 152.5 274
   vertex 154.5 152 273
   vertex 154 152 273.5
  endloop
 endfacet
 facet normal -0.57735026918962584 0.57735026918962584 -0.57735026918962584
  outer loop
   vertex 154 152.5 274
   vertex 154.5 153 274
   vertex 154.5 152 273
  endloop
 endfacet
 facet normal -1 0 0
  outer loop
   vertex 154.5 153 274
   vertex 154.5 153 273
   vertex 154.5 152 273
  endloop
 endfacet
 facet normal 0.57735026918962584 0.57735026918962584 -0.57735026918962584
  outer loop
   vertex 165 152.5 273
   vertex 164.5 153 273
   vertex 165 153 273.5
  endloop
 endfacet
 facet normal 0.57735026918962584 0.57735026918962584 -0.57735026918962584
  outer loop
   vertex 165 152.5 273
   vertex 165 153 273.5
   vertex 165.5 153 274
  endloop
 endfacet
 facet normal 0.57735026918962584 0.57735026918962584 -0.57735026918962584
  outer loop
   vertex 165 152.5 273
   vertex 165.5 153 274
   vertex 165.5 152 273
  endloop
 endfacet
 facet normal 1 0 0
  outer loop
   vertex 165.5 152 273
   vertex 165.5 153 274
   vertex 165.5 152 274
  endloop
 endfacet
 facet normal -0.57735026918962584 0.57735026918962584 -0.57735026918962584
  outer loop
   vertex 155 154 273.5
   vertex 155 153.5 273
   vertex 154.5 153 273
  endloop
 endfacet
 facet normal -0.57735026918962584 0.57735026918962584 -0.57735026918962584
  outer loop
   vertex 155 154 273.5
   vertex 154.5 153 273
   vertex 154.5 154 274
  endloop
 endfacet
 facet normal -1 0 0
  outer loop
   vertex 154.5 154 274
   vertex 154.5 153 273
   vertex 154.5 153 274
  endloop
 endfacet
 facet normal -0.57735026918962584 0.57735026918962584 -0.57735026918962584
  outer loop
   vertex 155 153.5 273
   vertex 155 154 273.5
   vertex 155.5 154 273
  endloop
 endfacet
 facet normal 0.57735026918962584 0.57735026918962584 -0.57735026918962584
  outer loop
   vertex 164 153.5 273
   vertex 163.5 154 273
   vertex 164 154 273.5
  endloop
 endfacet
 facet normal 0.57735026918962584 0.57735026918962584 -0.57735026918962584
  outer loop
   vertex 164 153.5 273
   vertex 164 154 273.5
   vertex 164.5 154 274
  endloop
 endfacet
 facet normal 0.57735026918962584 0.57735026918962584 -0.57735026918962584
  outer loop
   vertex 164.5 153 273
   vertex 164 153.5 273
   vertex 164.5 154 274
  endloop
 endfacet
 facet normal 0.57735026918962584 0.57735026918962584 -0.57735026918962584
  outer loop
   vertex 164.5 153 273
   vertex 164.5 154 274
   vertex 165 153.5 274
  endloop
 endfacet
 facet normal 0.57735026918962584 0.57735026918962584 -0.57735026918962584
  outer loop
   vertex 164.5 153 273
   vertex 165 153.5 274
   vertex 165 153 273.5
  endloop
 endfacet
 facet normal 0.57735026918962584 0.57735026918962584 -0.57735026918962584
  outer loop
   vertex 165.5 153 274
   vertex 165 153 273.5
   vertex 165 153.5 274
  endloop
 endfacet
 facet normal -0.57735026918962584 0.57735026918962584 -0.57735026918962584
  outer loop
   vertex 155 154 273.5
   vertex 154.5 154 274
   vertex 155 154.5 274
  endloop
 endfacet
 facet normal -0.57735026918962584 0.57735026918962584 -0.57735026918962584
  outer loop
   vertex 156 155 273.5
   vertex 155 154.5 274
   vertex 155.5 155 274
  endloop
 endfacet
 facet normal -0.57735026918962584 0.57735026918962584 -0.57735026918962584
  outer loop
   vertex 156 154.5 273
   vertex 155 154.5 274
   vertex 156 155 273.5
  endloop
 endfacet
 facet normal -0.57735026918962584 0.57735026918962584 -0.57735026918962584
  outer loop
   vertex 156 154.5 273
   vertex 155 154 273.5
   vertex 155 154.5 274
  endloop
 endfacet
 facet normal -0.57735026918962584 0.57735026918962584 -0.57735026918962584
  outer loop
   vertex 156 154.5 273
   vertex 155.5 154 273
   vertex 155 154 273.5
  endloop
 endfacet
 facet normal -0.57735026918962584 0.57735026918962584 -0.57735026918962584
  outer loop
   vertex 156 154.5 273
   vertex 156 155 273.5
   vertex 156.5 155 273
  endloop
 endfacet
 facet normal 0.70710678118654746 0.70710678118654746 0
  outer loop
   vertex 163 154.5 273
   vertex 162.5 155 274
   vertex 163 154.5 274
  endloop
 endfacet
 facet normal 0.70710678118654746 0.70710678118654746 0
  outer loop
   vertex 162.5 155 273
   vertex 162.5 155 274
   vertex 163 154.5 273
  endloop
 endfacet
 facet normal 0.57735026918962584 0.57735026918962584 -0.57735026918962584
  outer loop
   vertex 164 154 273.5
   vertex 163.5 154 273
   vertex 163 154.5 273
  endloop
 endfacet
 facet normal 0.57735026918962584 0.57735026918962584 -0.57735026918962584
  outer loop
   vertex 164 154 273.5
   vertex 163 154.5 273
   vertex 164 154.5 274
  endloop
 endfacet
 facet normal 0 1 0
  outer loop
   vertex 164 154.5 274
   vertex 163 154.5 273
   vertex 163 154.5 274
  endloop
 endfacet
 facet normal 0.57735026918962584 0.57735026918962584 -0.57735026918962584
  outer loop
   vertex 164.5 154 274
   vertex 164 154 273.5
   vertex 164 154.5 274
  endloop
 endfacet
 facet normal -0.57735026918962584 0.57735026918962584 -0.57735026918962584
  outer loop
   vertex 156 155 273.5
   vertex 155.5 155 274
   vertex 156 155.5 274
  endloop
 endfacet
 facet normal -0.57735026918962584 0.57735026918962584 -0.57735026918962584
  outer loop
   vertex 156.5 155 273
   vertex 156 155 273.5
   vertex 156 155.5 274
  endloop
 endfacet
 facet normal -0.57735026918962584 0.57735026918962584 -0.57735026918962584
  outer loop
   vertex 156.5 155 273
   vertex 156 155.5 274
   vertex 157 155.5 273
  endloop
 endfacet
 facet normal -0 1 0
  outer loop
   vertex 157 155.5 273
   vertex 156 155.5 274
   vertex 157 155.5 274
  endloop
 endfacet
 facet normal -0.70710678118654746 0.70710678118654746 0
  outer loop
   vertex 157 155.5 274
   vertex 157.5 156 273
   vertex 157 155.5 273
  endloop
 endfacet
 facet normal -0.70710678118654746 0.70710678118654746 0
  outer loop
   vertex 157.5 156 274
   vertex 157.5 156 273
   vertex 157 155.5 274
  endloop
 endfacet
 facet normal 0.70710678118654746 0.70710678118654746 0
  outer loop
   vertex 162 155.5 273
   vertex 161.5 156 274
   vertex 162 155.5 274
  endloop
 endfacet
 facet normal 0.70710678118654746 0.70710678118654746 0
  outer loop
   vertex 161.5 156 273
   vertex 161.5 156 274
   vertex 162 155.5 273
  endloop
 endfacet
 facet normal 0.70710678118654746 0.70710678118654746 -0
  outer loop
   vertex 162.5 155 274
   vertex 162.5 155 273
   vertex 162 155.5 273
  endloop
 endfacet
 facet normal 0.70710678118654746 0.70710678118654746 0
  outer loop
   vertex 162 155.5 274
   vertex 162.5 155 274
   vertex 162 155.5 273
  endloop
 endfacet
 facet normal -0.70710678118654746 0.70710678118654746 0
  outer loop
   vertex 157.5 156 273
   vertex 157.5 156 274
   vertex 158 156.5 274
  endloop
 endfacet
 facet normal -0.70710678118654746 0.70710678118654746 0
  outer loop
   vertex 158 156.5 273
   vertex 157.5 156 273
   vertex 158 156.5 274
  endloop
 endfacet
 facet normal 0 1 0
  outer loop
   vertex 159 156.5 273
   vertex 158 156.5 273
   vertex 159 156.5 274
  endloop
 endfacet
 facet normal -0 1 0
  outer loop
   vertex 158 156.5 273
   vertex 158 156.5 274
   vertex 159 156.5 274
  endloop
 endfacet
 facet normal 0 1 0
  outer loop
   vertex 160 156.5 273
   vertex 159 156.5 273
   vertex 160 156.5 274
  endloop
 endfacet
 facet normal -0 1 0
  outer loop
   vertex 159 156.5 273
   vertex 159 156.5 274
   vertex 160 156.5 274
  endloop
 endfacet
 facet normal 0 1 0
  outer loop
   vertex 161 156.5 273
   vertex 160 156.5 273
   vertex 161 156.5 274
  endloop
 endfacet
 facet normal -0 1 0
  outer loop
   vertex 160 156.5 273
   vertex 160 156.5 274
   vertex 161 156.5 274
  endloop
 endfacet
 facet normal 0.70710678118654746 0.70710678118654746 -0
  outer loop
   vertex 161.5 156 274
   vertex 161.5 156 273
   vertex 161 156.5 273
  endloop
 endfacet
 facet normal 0.70710678118654746 0.70710678118654746 0
  outer loop
   vertex 161 156.5 274
   vertex 161.5 156 274
   vertex 161 156.5 273
  endloop
 endfacet
 facet normal -0.57735026918962584 -0.57735026918962584 -0.57735026918962584
  outer loop
   vertex 160 139 274.5
   vertex 160 138.5 275
   vertex 159.5 139 275
  endloop
 endfacet
 facet normal -0.57735026918962584 -0.57735026918962584 -0.57735026918962584
  outer loop
   vertex 160 139 274.5
   vertex 160.5 139 274
   vertex 161 138.5 274
  endloop
 endfacet
 facet normal -0.57735026918962584 -0.57735026918962584 -0.57735026918962584
  outer loop
   vertex 160 139 274.5
   vertex 161 138.5 274
   vertex 160 138.5 275
  endloop
 endfacet
 facet normal 0 -1 0
  outer loop
   vertex 160 138.5 275
   vertex 161 138.5 274
   vertex 161 138.5 275
  endloop
 endfacet
 facet normal 0.57735026918962584 -0.57735026918962584 -0.57735026918962584
  outer loop
   vertex 161.5 139 274
   vertex 162 139 274.5
   vertex 162 138.5 275
  endloop
 endfacet
 facet normal 0.57735026918962584 -0.57735026918962584 -0.57735026918962584
  outer loop
   vertex 161.5 139 274
   vertex 162 138.5 275
   vertex 161 138.5 274
  endloop
 endfacet
 facet normal -0 -1 0
  outer loop
   vertex 161 138.5 274
   vertex 162 138.5 275
   vertex 161 138.5 275
  endloop
 endfacet
 facet normal -0 -0.70710678118654746 -0.70710678118654746
  outer loop
   vertex 162 139 274.5
   vertex 163 139 274.5
   vertex 163 138.5 275
  endloop
 endfacet
 facet normal 0 -0.70710678118654746 -0.70710678118654746
  outer loop
   vertex 162 138.5 275
   vertex 162 139 274.5
   vertex 163 138.5 275
  endloop
 endfacet
 facet normal 0.57735026918962584 -0.57735026918962584 -0.57735026918962584
  outer loop
   vertex 163 138.5 275
   vertex 163 139 274.5
   vertex 163.5 139 275
  endloop
 endfacet
 facet normal -0.57735026918962584 -0.57735026918962584 -0.57735026918962584
  outer loop
   vertex 158 140 274.5
   vertex 158 139.5 275
   vertex 157.5 140 275
  endloop
 endfacet
 facet normal -0.57735026918962584 -0.57735026918962584 -0.57735026918962584
  outer loop
   vertex 158 140 274.5
   vertex 158.5 140 274
   vertex 159 139.5 274
  endloop
 endfacet
 facet normal -0.57735026918962584 -0.57735026918962584 -0.57735026918962584
  outer loop
   vertex 158 140 274.5
   vertex 159 139.5 274
   vertex 158 139.5 275
  endloop
 endfacet
 facet normal 0 -1 0
  outer loop
   vertex 158 139.5 275
   vertex 159 139.5 274
   vertex 159 139.5 275
  endloop
 endfacet
 facet normal -0.57735026918962584 -0.57735026918962584 -0.57735026918962584
  outer loop
   vertex 159.5 139 275
   vertex 160 139.5 274
   vertex 160 139 274.5
  endloop
 endfacet
 facet normal -0.57735026918962584 -0.57735026918962584 -0.57735026918962584
  outer loop
   vertex 159.5 139 275
   vertex 159 139.5 275
   vertex 160 139.5 274
  endloop
 endfacet
 facet normal 0 -1 0
  outer loop
   vertex 159 139.5 275
   vertex 159 139.5 274
   vertex 160 139.5 274
  endloop
 endfacet
 facet normal -0.57735026918962584 -0.57735026918962584 -0.57735026918962584
  outer loop
   vertex 160.5 139 274
   vertex 160 139 274.5
   vertex 160 139.5 274
  endloop
 endfacet
 facet normal 0.57735026918962584 -0.57735026918962584 -0.57735026918962584
  outer loop
   vertex 161.5 139 274
   vertex 162 139.5 274
   vertex 162 139 274.5
  endloop
 endfacet
 facet normal 0 -0.70710678118654746 -0.70710678118654746
  outer loop
   vertex 163 139.5 274
   vertex 162 139 274.5
   vertex 162 139.5 274
  endloop
 endfacet
 facet normal 0 -0.70710678118654746 -0.70710678118654746
  outer loop
   vertex 163 139 274.5
   vertex 162 139 274.5
   vertex 163 139.5 274
  endloop
 endfacet
 facet normal 0.57735026918962584 -0.57735026918962584 -0.57735026918962584
  outer loop
   vertex 163 139 274.5
   vertex 164 139.5 275
   vertex 163.5 139 275
  endloop
 endfacet
 facet normal 0.57735026918962584 -0.57735026918962584 -0.57735026918962584
  outer loop
   vertex 163 139 274.5
   vertex 163 139.5 274
   vertex 164 139.5 275
  endloop
 endfacet
 facet normal 0 -1 0
  outer loop
   vertex 163 139.5 274
   vertex 164 139.5 274
   vertex 164 139.5 275
  endloop
 endfacet
 facet normal 0 -1 -0
  outer loop
   vertex 165 139.5 274
   vertex 165 139.5 275
   vertex 164 139.5 274
  endloop
 endfacet
 facet normal -0 -1 0
  outer loop
   vertex 164 139.5 274
   vertex 165 139.5 275
   vertex 164 139.5 275
  endloop
 endfacet
 facet normal 0.70710678118654746 -0.70710678118654746 0
  outer loop
   vertex 165 139.5 275
   vertex 165 139.5 274
   vertex 165.5 140 274
  endloop
 endfacet
 facet normal 0.70710678118654746 -0.70710678118654746 0
  outer loop
   vertex 165.5 140 275
   vertex 165 139.5 275
   vertex 165.5 140 274
  endloop
 endfacet
 facet normal -0.57735026918962584 -0.57735026918962584 -0.57735026918962584
  outer loop
   vertex 156 141 274.5
   vertex 156 140.5 275
   vertex 155.5 141 275
  endloop
 endfacet
 facet normal -0.57735026918962584 -0.57735026918962584 -0.57735026918962584
  outer loop
   vertex 156 141 274.5
   vertex 156.5 141 274
   vertex 157 140.5 274
  endloop
 endfacet
 facet normal -0.57735026918962584 -0.57735026918962584 -0.57735026918962584
  outer loop
   vertex 156 141 274.5
   vertex 157 140.5 274
   vertex 156 140.5 275
  endloop
 endfacet
 facet normal 0 -1 0
  outer loop
   vertex 156 140.5 275
   vertex 157 140.5 274
   vertex 157 140.5 275
  endloop
 endfacet
 facet normal -0.57735026918962584 -0.57735026918962584 -0.57735026918962584
  outer loop
   vertex 157.5 140 275
   vertex 158 140.5 274
   vertex 158 140 274.5
  endloop
 endfacet
 facet normal -0.57735026918962584 -0.57735026918962584 -0.57735026918962584
  outer loop
   vertex 157.5 140 275
   vertex 157 140.5 275
   vertex 158 140.5 274
  endloop
 endfacet
 facet normal 0 -1 0
  outer loop
   vertex 157 140.5 275
   vertex 157 140.5 274
   vertex 158 140.5 274
  endloop
 endfacet
 facet normal -0.57735026918962584 -0.57735026918962584 -0.57735026918962584
  outer loop
   vertex 158.5 140 274
   vertex 158 140 274.5
   vertex 158 140.5 274
  endloop
 endfacet
 facet normal 0.70710678118654746 -0.70710678118654746 0
  outer loop
   vertex 165.5 140 274
   vertex 166 140.5 275
   vertex 165.5 140 275
  endloop
 endfacet
 facet normal 0.70710678118654746 -0.70710678118654746 0
  outer loop
   vertex 166 140.5 274
   vertex 166 140.5 275
   vertex 165.5 140 274
  endloop
 endfacet
 facet normal 0.57735026918962584 -0.57735026918962584 -0.57735026918962584
  outer loop
   vertex 166.5 141 274
   vertex 167 141 274.5
   vertex 167 140.5 275
  endloop
 endfacet
 facet normal 0.57735026918962584 -0.57735026918962584 -0.57735026918962584
  outer loop
   vertex 166.5 141 274
   vertex 167 140.5 275
   vertex 166 140.5 274
  endloop
 endfacet
 facet normal -0 -1 0
  outer loop
   vertex 166 140.5 274
   vertex 167 140.5 275
   vertex 166 140.5 275
  endloop
 endfacet
 facet normal 0.57735026918962584 -0.57735026918962584 -0.57735026918962584
  outer loop
   vertex 167 140.5 275
   vertex 167 141 274.5
   vertex 167.5 141 275
  endloop
 endfacet
 facet normal -0.70710678118654746 -0.70710678118654746 -0
  outer loop
   vertex 155 141.5 274
   vertex 155 141.5 275
   vertex 154.5 142 275
  endloop
 endfacet
 facet normal -0.70710678118654746 -0.70710678118654746 0
  outer loop
   vertex 154.5 142 274
   vertex 155 141.5 274
   vertex 154.5 142 275
  endloop
 endfacet
 facet normal -0.57735026918962584 -0.57735026918962584 -0.57735026918962584
  outer loop
   vertex 155.5 141 275
   vertex 156 141.5 274
   vertex 156 141 274.5
  endloop
 endfacet
 facet normal -0.57735026918962584 -0.57735026918962584 -0.57735026918962584
  outer loop
   vertex 155.5 141 275
   vertex 155 141.5 275
   vertex 156 141.5 274
  endloop
 endfacet
 facet normal 0 -1 0
  outer loop
   vertex 155 141.5 275
   vertex 155 141.5 274
   vertex 156 141.5 274
  endloop
 endfacet
 facet normal -0.57735026918962584 -0.57735026918962584 -0.57735026918962584
  outer loop
   vertex 156.5 141 274
   vertex 156 141 274.5
   vertex 156 141.5 274
  endloop
 endfacet
 facet normal 0.57735026918962584 -0.57735026918962584 -0.57735026918962584
  outer loop
   vertex 166.5 141 274
   vertex 167 141.5 274
   vertex 167 141 274.5
  endloop
 endfacet
 facet normal 0.57735026918962584 -0.57735026918962584 -0.57735026918962584
  outer loop
   vertex 167 141 274.5
   vertex 168 141.5 275
   vertex 167.5 141 275
  endloop
 endfacet
 facet normal 0.57735026918962584 -0.57735026918962584 -0.57735026918962584
  outer loop
   vertex 167 141 274.5
   vertex 167 141.5 274
   vertex 168 141.5 275
  endloop
 endfacet
 facet normal 0 -1 0
  outer loop
   vertex 167 141.5 274
   vertex 168 141.5 274
   vertex 168 141.5 275
  endloop
 endfacet
 facet normal 0.70710678118654746 -0.70710678118654746 0
  outer loop
   vertex 168 141.5 275
   vertex 168 141.5 274
   vertex 168.5 142 274
  endloop
 endfacet
 facet normal 0.70710678118654746 -0.70710678118654746 0
  outer loop
   vertex 168.5 142 275
   vertex 168 141.5 275
   vertex 168.5 142 274
  endloop
 endfacet
 facet normal -0.57735026918962584 -0.57735026918962584 -0.57735026918962584
  outer loop
   vertex 153 143 274.5
   vertex 153 142.5 275
   vertex 152.5 143 275
  endloop
 endfacet
 facet normal -0.57735026918962584 -0.57735026918962584 -0.57735026918962584
  outer loop
   vertex 153 143 274.5
   vertex 153.5 143 274
   vertex 154 142.5 274
  endloop
 endfacet
 facet normal -0.57735026918962584 -0.57735026918962584 -0.57735026918962584
  outer loop
   vertex 153 143 274.5
   vertex 154 142.5 274
   vertex 153 142.5 275
  endloop
 endfacet
 facet normal 0 -1 0
  outer loop
   vertex 153 142.5 275
   vertex 154 142.5 274
   vertex 154 142.5 275
  endloop
 endfacet
 facet normal -0.70710678118654746 -0.70710678118654746 0
  outer loop
   vertex 154.5 142 275
   vertex 154 142.5 274
   vertex 154.5 142 274
  endloop
 endfacet
 facet normal -0.70710678118654746 -0.70710678118654746 0
  outer loop
   vertex 154 142.5 275
   vertex 154 142.5 274
   vertex 154.5 142 275
  endloop
 endfacet
 facet normal 1 0 0
  outer loop
   vertex 168.5 142 274
   vertex 168.5 143 274
   vertex 168.5 142 275
  endloop
 endfacet
 facet normal 1 0 -0
  outer loop
   vertex 168.5 142 275
   vertex 168.5 143 274
   vertex 168.5 143 275
  endloop
 endfacet
 facet normal -0.70710678118654746 0 -0.70710678118654746
  outer loop
   vertex 153 144 274.5
   vertex 153 143 274.5
   vertex 152.5 143 275
  endloop
 endfacet
 facet normal -0.70710678118654746 0 -0.70710678118654746
  outer loop
   vertex 152.5 144 275
   vertex 153 144 274.5
   vertex 152.5 143 275
  endloop
 endfacet
 facet normal -0.70710678118654746 0 -0.70710678118654746
  outer loop
   vertex 153.5 143 274
   vertex 153 144 274.5
   vertex 153.5 144 274
  endloop
 endfacet
 facet normal -0.70710678118654746 -0 -0.70710678118654746
  outer loop
   vertex 153 143 274.5
   vertex 153 144 274.5
   vertex 153.5 143 274
  endloop
 endfacet
 facet normal 1 0 0
  outer loop
   vertex 168.5 143 274
   vertex 168.5 144 274
   vertex 168.5 143 275
  endloop
 endfacet
 facet normal 1 0 -0
  outer loop
   vertex 168.5 143 275
   vertex 168.5 144 274
   vertex 168.5 144 275
  endloop
 endfacet
 facet normal -0.57735026918962584 -0.57735026918962584 -0.57735026918962584
  outer loop
   vertex 153 144.5 274
   vertex 153 144 274.5
   vertex 152.5 144 275
  endloop
 endfacet
 facet normal -0.57735026918962584 -0.57735026918962584 -0.57735026918962584
  outer loop
   vertex 153 144.5 274
   vertex 152.5 144 275
   vertex 152.5 145 274
  endloop
 endfacet
 facet normal -1 0 0
  outer loop
   vertex 152.5 145 274
   vertex 152.5 144 275
   vertex 152.5 145 275
  endloop
 endfacet
 facet normal -0.57735026918962584 -0.57735026918962584 -0.57735026918962584
  outer loop
   vertex 153.5 144 274
   vertex 153 144 274.5
   vertex 153 144.5 274
  endloop
 endfacet
 facet normal 1 0 0
  outer loop
   vertex 168.5 144 274
   vertex 168.5 145 274
   vertex 168.5 144 275
  endloop
 endfacet
 facet normal 1 0 -0
  outer loop
   vertex 168.5 144 275
   vertex 168.5 145 274
   vertex 168.5 145 275
  endloop
 endfacet
 facet normal -1 0 0
  outer loop
   vertex 152.5 145 274
   vertex 152.5 145 275
   vertex 152.5 146 274
  endloop
 endfacet
 facet normal -1 -0 -0
  outer loop
   vertex 152.5 145 275
   vertex 152.5 146 275
   vertex 152.5 146 274
  endloop
 endfacet
 facet normal 1 0 0
  outer loop
   vertex 168.5 145 274
   vertex 168.5 146 274
   vertex 168.5 145 275
  endloop
 endfacet
 facet normal 1 0 -0
  outer loop
   vertex 168.5 145 275
   vertex 168.5 146 274
   vertex 168.5 146 275
  endloop
 endfacet
 facet normal -1 0 0
  outer loop
   vertex 152.5 146 274
   vertex 152.5 146 275
   vertex 152.5 147 274
  endloop
 endfacet
 facet normal -1 -0 -0
  outer loop
   vertex 152.5 146 275
   vertex 152.5 147 275
   vertex 152.5 147 274
  endloop
 endfacet
 facet normal 0.57735026918962584 0.57735026918962584 -0.57735026918962584
  outer loop
   vertex 168 146.5 274
   vertex 167.5 147 274
   vertex 168 147 274.5
  endloop
 endfacet
 facet normal 0.57735026918962584 0.57735026918962584 -0.57735026918962584
  outer loop
   vertex 168 146.5 274
   vertex 168 147 274.5
   vertex 168.5 147 275
  endloop
 endfacet
 facet normal 0.57735026918962584 0.57735026918962584 -0.57735026918962584
  outer loop
   vertex 168 146.5 274
   vertex 168.5 147 275
   vertex 168.5 146 274
  endloop
 endfacet
 facet normal 1 0 0
  outer loop
   vertex 168.5 146 274
   vertex 168.5 147 275
   vertex 168.5 146 275
  endloop
 endfacet
 facet normal -1 0 0
  outer loop
   vertex 152.5 147 274
   vertex 152.5 147 275
   vertex 152.5 148 274
  endloop
 endfacet
 facet normal -1 -0 -0
  outer loop
   vertex 152.5 147 275
   vertex 152.5 148 275
   vertex 152.5 148 274
  endloop
 endfacet
 facet normal 0.57735026918962584 0.57735026918962584 -0.57735026918962584
  outer loop
   vertex 168 147 274.5
   vertex 167.5 148 275
   vertex 168 147.5 275
  endloop
 endfacet
 facet normal 0.57735026918962584 0.57735026918962584 -0.57735026918962584
  outer loop
   vertex 168 147 274.5
   vertex 167.5 147 274
   vertex 167.5 148 275
  endloop
 endfacet
 facet normal 1 0 -0
  outer loop
   vertex 167.5 147 274
   vertex 167.5 148 274
   vertex 167.5 148 275
  endloop
 endfacet
 facet normal 0.57735026918962584 0.57735026918962584 -0.57735026918962584
  outer loop
   vertex 168.5 147 275
   vertex 168 147 274.5
   vertex 168 147.5 275
  endloop
 endfacet
 facet normal -1 0 0
  outer loop
   vertex 152.5 148 274
   vertex 152.5 148 275
   vertex 152.5 149 274
  endloop
 endfacet
 facet normal -1 -0 -0
  outer loop
   vertex 152.5 148 275
   vertex 152.5 149 275
   vertex 152.5 149 274
  endloop
 endfacet
 facet normal 1 0 0
  outer loop
   vertex 167.5 148 274
   vertex 167.5 149 274
   vertex 167.5 148 275
  endloop
 endfacet
 facet normal 1 0 -0
  outer loop
   vertex 167.5 148 275
   vertex 167.5 149 274
   vertex 167.5 149 275
  endloop
 endfacet
 facet normal -1 0 0
  outer loop
   vertex 152.5 149 274
   vertex 152.5 149 275
   vertex 152.5 150 274
  endloop
 endfacet
 facet normal -1 -0 -0
  outer loop
   vertex 152.5 149 275
   vertex 152.5 150 275
   vertex 152.5 150 274
  endloop
 endfacet
 facet normal 1 0 0
  outer loop
   vertex 167.5 149 274
   vertex 167.5 150 274
   vertex 167.5 149 275
  endloop
 endfacet
 facet normal 1 0 -0
  outer loop
   vertex 167.5 149 275
   vertex 167.5 150 274
   vertex 167.5 150 275
  endloop
 endfacet
 facet normal -0.70710678118654746 0.70710678118654746 0
  outer loop
   vertex 152.5 150 274
   vertex 152.5 150 275
   vertex 153 150.5 275
  endloop
 endfacet
 facet normal -0.70710678118654746 0.70710678118654746 0
  outer loop
   vertex 153 150.5 274
   vertex 152.5 150 274
   vertex 153 150.5 275
  endloop
 endfacet
 facet normal -0.70710678118654746 0.70710678118654746 0
  outer loop
   vertex 153 150.5 275
   vertex 153.5 151 274
   vertex 153 150.5 274
  endloop
 endfacet
 facet normal -0.70710678118654746 0.70710678118654746 0
  outer loop
   vertex 153.5 151 275
   vertex 153.5 151 274
   vertex 153 150.5 275
  endloop
 endfacet
 facet normal 0.57735026918962584 0.57735026918962584 -0.57735026918962584
  outer loop
   vertex 167 150.5 274
   vertex 166.5 151 274
   vertex 167 151 274.5
  endloop
 endfacet
 facet normal 0.57735026918962584 0.57735026918962584 -0.57735026918962584
  outer loop
   vertex 167 150.5 274
   vertex 167 151 274.5
   vertex 167.5 151 275
  endloop
 endfacet
 facet normal 0.57735026918962584 0.57735026918962584 -0.57735026918962584
  outer loop
   vertex 167 150.5 274
   vertex 167.5 151 275
   vertex 167.5 150 274
  endloop
 endfacet
 facet normal 1 0 0
  outer loop
   vertex 167.5 150 274
   vertex 167.5 151 275
   vertex 167.5 150 275
  endloop
 endfacet
 facet normal -1 0 0
  outer loop
   vertex 153.5 151 274
   vertex 153.5 151 275
   vertex 153.5 152 274
  endloop
 endfacet
 facet normal -1 -0 -0
  outer loop
   vertex 153.5 151 275
   vertex 153.5 152 275
   vertex 153.5 152 274
  endloop
 endfacet
 facet normal 0.57735026918962584 0.57735026918962584 -0.57735026918962584
  outer loop
   vertex 166 151.5 274
   vertex 165.5 152 274
   vertex 166 152 274.5
  endloop
 endfacet
 facet normal 0.57735026918962584 0.57735026918962584 -0.57735026918962584
  outer loop
   vertex 166 151.5 274
   vertex 166 152 274.5
   vertex 166.5 152 275
  endloop
 endfacet
 facet normal 0.57735026918962584 0.57735026918962584 -0.57735026918962584
  outer loop
   vertex 166.5 151 274
   vertex 166 151.5 274
   vertex 166.5 152 275
  endloop
 endfacet
 facet normal 0.57735026918962584 0.57735026918962584 -0.57735026918962584
  outer loop
   vertex 166.5 151 274
   vertex 166.5 152 275
   vertex 167 151.5 275
  endloop
 endfacet
 facet normal 0.57735026918962584 0.57735026918962584 -0.57735026918962584
  outer loop
   vertex 166.5 151 274
   vertex 167 151.5 275
   vertex 167 151 274.5
  endloop
 endfacet
 facet normal 0.57735026918962584 0.57735026918962584 -0.57735026918962584
  outer loop
   vertex 167.5 151 275
   vertex 167 151 274.5
   vertex 167 151.5 275
  endloop
 endfacet
 facet normal -0.57735026918962584 0.57735026918962584 -0.57735026918962584
  outer loop
   vertex 154 153 274.5
   vertex 154 152.5 274
   vertex 153.5 152 274
  endloop
 endfacet
 facet normal -0.57735026918962584 0.57735026918962584 -0.57735026918962584
  outer loop
   vertex 154 153 274.5
   vertex 153.5 152 274
   vertex 153.5 153 275
  endloop
 endfacet
 facet normal -1 0 0
  outer loop
   vertex 153.5 153 275
   vertex 153.5 152 274
   vertex 153.5 152 275
  endloop
 endfacet
 facet normal -0.57735026918962584 0.57735026918962584 -0.57735026918962584
  outer loop
   vertex 154 152.5 274
   vertex 154 153 274.5
   vertex 154.5 153 274
  endloop
 endfacet
 facet normal 0.57735026918962584 0.57735026918962584 -0.57735026918962584
  outer loop
   vertex 166 152 274.5
   vertex 165.5 153 275
   vertex 166 152.5 275
  endloop
 endfacet
 facet normal 0.57735026918962584 0.57735026918962584 -0.57735026918962584
  outer loop
   vertex 166 152 274.5
   vertex 165.5 152 274
   vertex 165.5 153 275
  endloop
 endfacet
 facet normal 1 0 -0
  outer loop
   vertex 165.5 152 274
   vertex 165.5 153 274
   vertex 165.5 153 275
  endloop
 endfacet
 facet normal 0.57735026918962584 0.57735026918962584 -0.57735026918962584
  outer loop
   vertex 166.5 152 275
   vertex 166 152 274.5
   vertex 166 152.5 275
  endloop
 endfacet
 facet normal -0.57735026918962584 0.57735026918962584 -0.57735026918962584
  outer loop
   vertex 154 153 274.5
   vertex 153.5 153 275
   vertex 154 153.5 275
  endloop
 endfacet
 facet normal -0.57735026918962584 0.57735026918962584 -0.57735026918962584
  outer loop
   vertex 154 153.5 275
   vertex 154.5 153 274
   vertex 154 153 274.5
  endloop
 endfacet
 facet normal -0.57735026918962584 0.57735026918962584 -0.57735026918962584
  outer loop
   vertex 154 153.5 275
   vertex 154.5 154 275
   vertex 154.5 153 274
  endloop
 endfacet
 facet normal -1 0 0
  outer loop
   vertex 154.5 154 275
   vertex 154.5 154 274
   vertex 154.5 153 274
  endloop
 endfacet
 facet normal 0.70710678118654746 0.70710678118654746 0
  outer loop
   vertex 165 153.5 274
   vertex 164.5 154 275
   vertex 165 153.5 275
  endloop
 endfacet
 facet normal 0.70710678118654746 0.70710678118654746 0
  outer loop
   vertex 164.5 154 274
   vertex 164.5 154 275
   vertex 165 153.5 274
  endloop
 endfacet
 facet normal 0.70710678118654746 0.70710678118654746 -0
  outer loop
   vertex 165.5 153 275
   vertex 165.5 153 274
   vertex 165 153.5 274
  endloop
 endfacet
 facet normal 0.70710678118654746 0.70710678118654746 0
  outer loop
   vertex 165 153.5 275
   vertex 165.5 153 275
   vertex 165 153.5 274
  endloop
 endfacet
 facet normal -0.70710678118654746 0.70710678118654746 0
  outer loop
   vertex 154.5 154 274
   vertex 154.5 154 275
   vertex 155 154.5 275
  endloop
 endfacet
 facet normal -0.70710678118654746 0.70710678118654746 0
  outer loop
   vertex 155 154.5 274
   vertex 154.5 154 274
   vertex 155 154.5 275
  endloop
 endfacet
 facet normal -0.70710678118654746 0.70710678118654746 0
  outer loop
   vertex 155 154.5 275
   vertex 155.5 155 274
   vertex 155 154.5 274
  endloop
 endfacet
 facet normal -0.70710678118654746 0.70710678118654746 0
  outer loop
   vertex 155.5 155 275
   vertex 155.5 155 274
   vertex 155 154.5 275
  endloop
 endfacet
 facet normal 0.57735026918962584 0.57735026918962584 -0.57735026918962584
  outer loop
   vertex 163 154.5 274
   vertex 162.5 155 274
   vertex 163 155 274.5
  endloop
 endfacet
 facet normal 0.57735026918962584 0.57735026918962584 -0.57735026918962584
  outer loop
   vertex 163.5 155 275
   vertex 163 154.5 274
   vertex 163 155 274.5
  endloop
 endfacet
 facet normal 0.57735026918962584 0.57735026918962584 -0.57735026918962584
  outer loop
   vertex 163.5 155 275
   vertex 164 154.5 275
   vertex 163 154.5 274
  endloop
 endfacet
 facet normal 0 1 -0
  outer loop
   vertex 164 154.5 275
   vertex 164 154.5 274
   vertex 163 154.5 274
  endloop
 endfacet
 facet normal 0.70710678118654746 0.70710678118654746 -0
  outer loop
   vertex 164.5 154 275
   vertex 164.5 154 274
   vertex 164 154.5 274
  endloop
 endfacet
 facet normal 0.70710678118654746 0.70710678118654746 0
  outer loop
   vertex 164 154.5 275
   vertex 164.5 154 275
   vertex 164 154.5 274
  endloop
 endfacet
 facet normal -0.70710678118654746 0.70710678118654746 0
  outer loop
   vertex 155.5 155 274
   vertex 155.5 155 275
   vertex 156 155.5 275
  endloop
 endfacet
 facet normal -0.70710678118654746 0.70710678118654746 0
  outer loop
   vertex 156 155.5 274
   vertex 155.5 155 274
   vertex 156 155.5 275
  endloop
 endfacet
 facet normal -0.57735026918962584 0.57735026918962584 -0.57735026918962584
  outer loop
   vertex 157 156 274.5
   vertex 156 155.5 275
   vertex 156.5 156 275
  endloop
 endfacet
 facet normal -0.57735026918962584 0.57735026918962584 -0.57735026918962584
  outer loop
   vertex 157 156 274.5
   vertex 157 155.5 274
   vertex 156 155.5 275
  endloop
 endfacet
 facet normal 0 1 0
  outer loop
   vertex 157 155.5 274
   vertex 156 155.5 274
   vertex 156 155.5 275
  endloop
 endfacet
 facet normal -0.57735026918962584 0.57735026918962584 -0.57735026918962584
  outer loop
   vertex 157 155.5 274
   vertex 157 156 274.5
   vertex 157.5 156 274
  endloop
 endfacet
 facet normal 0.70710678118654746 0.70710678118654746 0
  outer loop
   vertex 162 155.5 274
   vertex 161.5 156 275
   vertex 162 155.5 275
  endloop
 endfacet
 facet normal 0.70710678118654746 0.70710678118654746 0
  outer loop
   vertex 161.5 156 274
   vertex 161.5 156 275
   vertex 162 155.5 274
  endloop
 endfacet
 facet normal 0.57735026918962584 0.57735026918962584 -0.57735026918962584
  outer loop
   vertex 163 155 274.5
   vertex 162.5 155 274
   vertex 162 155.5 274
  endloop
 endfacet
 facet normal 0.57735026918962584 0.57735026918962584 -0.57735026918962584
  outer loop
   vertex 163 155 274.5
   vertex 162 155.5 274
   vertex 163 155.5 275
  endloop
 endfacet
 facet normal 0 1 0
  outer loop
   vertex 163 155.5 275
   vertex 162 155.5 274
   vertex 162 155.5 275
  endloop
 endfacet
 facet normal 0.57735026918962584 0.57735026918962584 -0.57735026918962584
  outer loop
   vertex 163.5 155 275
   vertex 163 155 274.5
   vertex 163 155.5 275
  endloop
 endfacet
 facet normal -0.57735026918962584 0.57735026918962584 -0.57735026918962584
  outer loop
   vertex 157 156 274.5
   vertex 156.5 156 275
   vertex 157 156.5 275
  endloop
 endfacet
 facet normal -0.57735026918962584 0.57735026918962584 -0.57735026918962584
  outer loop
   vertex 157.5 156 274
   vertex 157 156 274.5
   vertex 157 156.5 275
  endloop
 endfacet
 facet normal -0.57735026918962584 0.57735026918962584 -0.57735026918962584
  outer loop
   vertex 157.5 156 274
   vertex 157 156.5 275
   vertex 158 156.5 274
  endloop
 endfacet
 facet normal -0 1 0
  outer loop
   vertex 158 156.5 274
   vertex 157 156.5 275
   vertex 158 156.5 275
  endloop
 endfacet
 facet normal -0.57735026918962584 0.57735026918962584 -0.57735026918962584
  outer loop
   vertex 159 157 274.5
   vertex 158 156.5 275
   vertex 158.5 157 275
  endloop
 endfacet
 facet normal -0.57735026918962584 0.57735026918962584 -0.57735026918962584
  outer loop
   vertex 159 157 274.5
   vertex 159 156.5 274
   vertex 158 156.5 275
  endloop
 endfacet
 facet normal 0 1 0
  outer loop
   vertex 159 156.5 274
   vertex 158 156.5 274
   vertex 158 156.5 275
  endloop
 endfacet
 facet normal 0.57735026918962584 0.57735026918962584 -0.57735026918962584
  outer loop
   vertex 159.5 157 275
   vertex 159 156.5 274
   vertex 159 157 274.5
  endloop
 endfacet
 facet normal 0.57735026918962584 0.57735026918962584 -0.57735026918962584
  outer loop
   vertex 159.5 157 275
   vertex 160 156.5 275
   vertex 159 156.5 274
  endloop
 endfacet
 facet normal 0 1 -0
  outer loop
   vertex 160 156.5 275
   vertex 160 156.5 274
   vertex 159 156.5 274
  endloop
 endfacet
 facet normal 0 1 0
  outer loop
   vertex 161 156.5 274
   vertex 160 156.5 274
   vertex 161 156.5 275
  endloop
 endfacet
 facet normal -0 1 0
  outer loop
   vertex 160 156.5 274
   vertex 160 156.5 275
   vertex 161 156.5 275
  endloop
 endfacet
 facet normal 0.70710678118654746 0.70710678118654746 -0
  outer loop
   vertex 161.5 156 275
   vertex 161.5 156 274
   vertex 161 156.5 274
  endloop
 endfacet
 facet normal 0.70710678118654746 0.70710678118654746 0
  outer loop
   vertex 161 156.5 275
   vertex 161.5 156 275
   vertex 161 156.5 274
  endloop
 endfacet
 facet normal -0.57735026918962584 0.57735026918962584 -0.57735026918962584
  outer loop
   vertex 159 157 274.5
   vertex 158.5 157 275
   vertex 159 157.5 275
  endloop
 endfacet
 facet normal 0.57735026918962584 0.57735026918962584 -0.57735026918962584
  outer loop
   vertex 159.5 157 275
   vertex 159 157 274.5
   vertex 159 157.5 275
  endloop
 endfacet
 facet normal -0.70710678118654746 -0.70710678118654746 -0
  outer loop
   vertex 160 138.5 275
   vertex 160 138.5 276
   vertex 159.5 139 276
  endloop
 endfacet
 facet normal -0.70710678118654746 -0.70710678118654746 0
  outer loop
   vertex 159.5 139 275
   vertex 160 138.5 275
   vertex 159.5 139 276
  endloop
 endfacet
 facet normal 0 -1 -0
  outer loop
   vertex 161 138.5 275
   vertex 161 138.5 276
   vertex 160 138.5 275
  endloop
 endfacet
 facet normal -0 -1 0
  outer loop
   vertex 160 138.5 275
   vertex 161 138.5 276
   vertex 160 138.5 276
  endloop
 endfacet
 facet normal 0 -1 -0
  outer loop
   vertex 162 138.5 275
   vertex 162 138.5 276
   vertex 161 138.5 275
  endloop
 endfacet
 facet normal -0 -1 0
  outer loop
   vertex 161 138.5 275
   vertex 162 138.5 276
   vertex 161 138.5 276
  endloop
 endfacet
 facet normal 0 -1 -0
  outer loop
   vertex 163 138.5 275
   vertex 163 138.5 276
   vertex 162 138.5 275
  endloop
 endfacet
 facet normal -0 -1 0
  outer loop
   vertex 162 138.5 275
   vertex 163 138.5 276
   vertex 162 138.5 276
  endloop
 endfacet
 facet normal 0.70710678118654746 -0.70710678118654746 0
  outer loop
   vertex 163 138.5 276
   vertex 163 138.5 275
   vertex 163.5 139 275
  endloop
 endfacet
 facet normal 0.70710678118654746 -0.70710678118654746 0
  outer loop
   vertex 163.5 139 276
   vertex 163 138.5 276
   vertex 163.5 139 275
  endloop
 endfacet
 facet normal -0.70710678118654746 -0.70710678118654746 -0
  outer loop
   vertex 158 139.5 275
   vertex 158 139.5 276
   vertex 157.5 140 276
  endloop
 endfacet
 facet normal -0.70710678118654746 -0.70710678118654746 0
  outer loop
   vertex 157.5 140 275
   vertex 158 139.5 275
   vertex 157.5 140 276
  endloop
 endfacet
 facet normal 0 -1 -0
  outer loop
   vertex 159 139.5 275
   vertex 159 139.5 276
   vertex 158 139.5 275
  endloop
 endfacet
 facet normal -0 -1 0
  outer loop
   vertex 158 139.5 275
   vertex 159 139.5 276
   vertex 158 139.5 276
  endloop
 endfacet
 facet normal -0.70710678118654746 -0.70710678118654746 0
  outer loop
   vertex 159.5 139 276
   vertex 159 139.5 275
   vertex 159.5 139 275
  endloop
 endfacet
 facet normal -0.70710678118654746 -0.70710678118654746 0
  outer loop
   vertex 159 139.5 276
   vertex 159 139.5 275
   vertex 159.5 139 276
  endloop
 endfacet
 facet normal 0.70710678118654746 -0.70710678118654746 0
  outer loop
   vertex 163.5 139 275
   vertex 164 139.5 276
   vertex 163.5 139 276
  endloop
 endfacet
 facet normal 0.70710678118654746 -0.70710678118654746 0
  outer loop
   vertex 164 139.5 275
   vertex 164 139.5 276
   vertex 163.5 139 275
  endloop
 endfacet
 facet normal 0 -1 -0
  outer loop
   vertex 165 139.5 275
   vertex 165 139.5 276
   vertex 164 139.5 275
  endloop
 endfacet
 facet normal -0 -1 0
  outer loop
   vertex 164 139.5 275
   vertex 165 139.5 276
   vertex 164 139.5 276
  endloop
 endfacet
 facet normal 0.57735026918962584 -0.57735026918962584 -0.57735026918962584
  outer loop
   vertex 165.5 140 275
   vertex 166 140 275.5
   vertex 166 139.5 276
  endloop
 endfacet
 facet normal 0.57735026918962584 -0.57735026918962584 -0.57735026918962584
  outer loop
   vertex 165.5 140 275
   vertex 166 139.5 276
   vertex 165 139.5 275
  endloop
 endfacet
 facet normal -0 -1 0
  outer loop
   vertex 165 139.5 275
   vertex 166 139.5 276
   vertex 165 139.5 276
  endloop
 endfacet
 facet normal 0.57735026918962584 -0.57735026918962584 -0.57735026918962584
  outer loop
   vertex 166 139.5 276
   vertex 166 140 275.5
   vertex 166.5 140 276
  endloop
 endfacet
 facet normal -0.70710678118654746 -0.70710678118654746 -0
  outer loop
   vertex 156 140.5 275
   vertex 156 140.5 276
   vertex 155.5 141 276
  endloop
 endfacet
 facet normal -0.70710678118654746 -0.70710678118654746 0
  outer loop
   vertex 155.5 141 275
   vertex 156 140.5 275
   vertex 155.5 141 276
  endloop
 endfacet
 facet normal 0 -1 -0
  outer loop
   vertex 157 140.5 275
   vertex 157 140.5 276
   vertex 156 140.5 275
  endloop
 endfacet
 facet normal -0 -1 0
  outer loop
   vertex 156 140.5 275
   vertex 157 140.5 276
   vertex 156 140.5 276
  endloop
 endfacet
 facet normal -0.70710678118654746 -0.70710678118654746 0
  outer loop
   vertex 157.5 140 276
   vertex 157 140.5 275
   vertex 157.5 140 275
  endloop
 endfacet
 facet normal -0.70710678118654746 -0.70710678118654746 0
  outer loop
   vertex 157 140.5 276
   vertex 157 140.5 275
   vertex 157.5 140 276
  endloop
 endfacet
 facet normal 0.57735026918962584 -0.57735026918962584 -0.57735026918962584
  outer loop
   vertex 165.5 140 275
   vertex 166 140.5 275
   vertex 166 140 275.5
  endloop
 endfacet
 facet normal 0.57735026918962584 -0.57735026918962584 -0.57735026918962584
  outer loop
   vertex 166 140 275.5
   vertex 167 140.5 276
   vertex 166.5 140 276
  endloop
 endfacet
 facet normal 0.57735026918962584 -0.57735026918962584 -0.57735026918962584
  outer loop
   vertex 166 140 275.5
   vertex 166 140.5 275
   vertex 167 140.5 276
  endloop
 endfacet
 facet normal 0 -1 0
  outer loop
   vertex 166 140.5 275
   vertex 167 140.5 275
   vertex 167 140.5 276
  endloop
 endfacet
 facet normal 0.57735026918962584 -0.57735026918962584 -0.57735026918962584
  outer loop
   vertex 167.5 141 275
   vertex 168 141 275.5
   vertex 168 140.5 276
  endloop
 endfacet
 facet normal 0.57735026918962584 -0.57735026918962584 -0.57735026918962584
  outer loop
   vertex 167.5 141 275
   vertex 168 140.5 276
   vertex 167 140.5 275
  endloop
 endfacet
 facet normal -0 -1 0
  outer loop
   vertex 167 140.5 275
   vertex 168 140.5 276
   vertex 167 140.5 276
  endloop
 endfacet
 facet normal 0.57735026918962584 -0.57735026918962584 -0.57735026918962584
  outer loop
   vertex 168 140.5 276
   vertex 168 141 275.5
   vertex 168.5 141 276
  endloop
 endfacet
 facet normal -0.57735026918962584 -0.57735026918962584 -0.57735026918962584
  outer loop
   vertex 154 142 275.5
   vertex 154 141.5 276
   vertex 153.5 142 276
  endloop
 endfacet
 facet normal -0.57735026918962584 -0.57735026918962584 -0.57735026918962584
  outer loop
   vertex 154 142 275.5
   vertex 154.5 142 275
   vertex 155 141.5 275
  endloop
 endfacet
 facet normal -0.57735026918962584 -0.57735026918962584 -0.57735026918962584
  outer loop
   vertex 154 142 275.5
   vertex 155 141.5 275
   vertex 154 141.5 276
  endloop
 endfacet
 facet normal 0 -1 0
  outer loop
   vertex 154 141.5 276
   vertex 155 141.5 275
   vertex 155 141.5 276
  endloop
 endfacet
 facet normal -0.70710678118654746 -0.70710678118654746 0
  outer loop
   vertex 155.5 141 276
   vertex 155 141.5 275
   vertex 155.5 141 275
  endloop
 endfacet
 facet normal -0.70710678118654746 -0.70710678118654746 0
  outer loop
   vertex 155 141.5 276
   vertex 155 141.5 275
   vertex 155.5 141 276
  endloop
 endfacet
 facet normal 0.57735026918962584 -0.57735026918962584 -0.57735026918962584
  outer loop
   vertex 167.5 141 275
   vertex 168 141.5 275
   vertex 168 141 275.5
  endloop
 endfacet
 facet normal 0.57735026918962584 -0.57735026918962584 -0.57735026918962584
  outer loop
   vertex 168 141 275.5
   vertex 168 141.5 275
   vertex 168.5 142 275
  endloop
 endfacet
 facet normal 0.57735026918962584 -0.57735026918962584 -0.57735026918962584
  outer loop
   vertex 168 141 275.5
   vertex 168.5 142 275
   vertex 168.5 141 276
  endloop
 endfacet
 facet normal 1 0 -0
  outer loop
   vertex 168.5 141 276
   vertex 168.5 142 275
   vertex 168.5 142 276
  endloop
 endfacet
 facet normal -0.70710678118654746 -0.70710678118654746 -0
  outer loop
   vertex 153 142.5 275
   vertex 153 142.5 276
   vertex 152.5 143 276
  endloop
 endfacet
 facet normal -0.70710678118654746 -0.70710678118654746 0
  outer loop
   vertex 152.5 143 275
   vertex 153 142.5 275
   vertex 152.5 143 276
  endloop
 endfacet
 facet normal -0.57735026918962584 -0.57735026918962584 -0.57735026918962584
  outer loop
   vertex 153.5 142 276
   vertex 154 142.5 275
   vertex 154 142 275.5
  endloop
 endfacet
 facet normal -0.57735026918962584 -0.57735026918962584 -0.57735026918962584
  outer loop
   vertex 153.5 142 276
   vertex 153 142.5 276
   vertex 154 142.5 275
  endloop
 endfacet
 facet normal 0 -1 0
  outer loop
   vertex 153 142.5 276
   vertex 153 142.5 275
   vertex 154 142.5 275
  endloop
 endfacet
 facet normal -0.57735026918962584 -0.57735026918962584 -0.57735026918962584
  outer loop
   vertex 154.5 142 275
   vertex 154 142 275.5
   vertex 154 142.5 275
  endloop
 endfacet
 facet normal 1 0 0
  outer loop
   vertex 168.5 142 275
   vertex 168.5 143 275
   vertex 168.5 142 276
  endloop
 endfacet
 facet normal 1 0 -0
  outer loop
   vertex 168.5 142 276
   vertex 168.5 143 275
   vertex 168.5 143 276
  endloop
 endfacet
 facet normal -1 0 0
  outer loop
   vertex 152.5 143 275
   vertex 152.5 143 276
   vertex 152.5 144 275
  endloop
 endfacet
 facet normal -1 -0 -0
  outer loop
   vertex 152.5 143 276
   vertex 152.5 144 276
   vertex 152.5 144 275
  endloop
 endfacet
 facet normal 1 0 0
  outer loop
   vertex 168.5 143 275
   vertex 168.5 144 275
   vertex 168.5 143 276
  endloop
 endfacet
 facet normal 1 0 -0
  outer loop
   vertex 168.5 143 276
   vertex 168.5 144 275
   vertex 168.5 144 276
  endloop
 endfacet
 facet normal -1 0 0
  outer loop
   vertex 152.5 144 275
   vertex 152.5 144 276
   vertex 152.5 145 275
  endloop
 endfacet
 facet normal -1 -0 -0
  outer loop
   vertex 152.5 144 276
   vertex 152.5 145 276
   vertex 152.5 145 275
  endloop
 endfacet
 facet normal 1 0 0
  outer loop
   vertex 168.5 144 275
   vertex 168.5 145 275
   vertex 168.5 144 276
  endloop
 endfacet
 facet normal 1 0 -0
  outer loop
   vertex 168.5 144 276
   vertex 168.5 145 275
   vertex 168.5 145 276
  endloop
 endfacet
 facet normal -1 0 0
  outer loop
   vertex 152.5 145 275
   vertex 152.5 145 276
   vertex 152.5 146 275
  endloop
 endfacet
 facet normal -1 -0 -0
  outer loop
   vertex 152.5 145 276
   vertex 152.5 146 276
   vertex 152.5 146 275
  endloop
 endfacet
 facet normal 1 0 0
  outer loop
   vertex 168.5 145 275
   vertex 168.5 146 275
   vertex 168.5 145 276
  endloop
 endfacet
 facet normal 1 0 -0
  outer loop
   vertex 168.5 145 276
   vertex 168.5 146 275
   vertex 168.5 146 276
  endloop
 endfacet
 facet normal -1 0 0
  outer loop
   vertex 152.5 146 275
   vertex 152.5 146 276
   vertex 152.5 147 275
  endloop
 endfacet
 facet normal -1 -0 -0
  outer loop
   vertex 152.5 146 276
   vertex 152.5 147 276
   vertex 152.5 147 275
  endloop
 endfacet
 facet normal 1 0 0
  outer loop
   vertex 168.5 146 275
   vertex 168.5 147 275
   vertex 168.5 146 276
  endloop
 endfacet
 facet normal 1 0 -0
  outer loop
   vertex 168.5 146 276
   vertex 168.5 147 275
   vertex 168.5 147 276
  endloop
 endfacet
 facet normal -1 0 0
  outer loop
   vertex 152.5 147 275
   vertex 152.5 147 276
   vertex 152.5 148 275
  endloop
 endfacet
 facet normal -1 -0 -0
  outer loop
   vertex 152.5 147 276
   vertex 152.5 148 276
   vertex 152.5 148 275
  endloop
 endfacet
 facet normal 0.57735026918962584 0.57735026918962584 -0.57735026918962584
  outer loop
   vertex 168 147.5 275
   vertex 167.5 148 275
   vertex 168 148 275.5
  endloop
 endfacet
 facet normal 0.57735026918962584 0.57735026918962584 -0.57735026918962584
  outer loop
   vertex 168 147.5 275
   vertex 168 148 275.5
   vertex 168.5 148 276
  endloop
 endfacet
 facet normal 0.57735026918962584 0.57735026918962584 -0.57735026918962584
  outer loop
   vertex 168 147.5 275
   vertex 168.5 148 276
   vertex 168.5 147 275
  endloop
 endfacet
 facet normal 1 0 0
  outer loop
   vertex 168.5 147 275
   vertex 168.5 148 276
   vertex 168.5 147 276
  endloop
 endfacet
 facet normal -1 0 0
  outer loop
   vertex 152.5 148 275
   vertex 152.5 148 276
   vertex 152.5 149 275
  endloop
 endfacet
 facet normal -1 -0 -0
  outer loop
   vertex 152.5 148 276
   vertex 152.5 149 276
   vertex 152.5 149 275
  endloop
 endfacet
 facet normal 0.70710678118654746 0 -0.70710678118654746
  outer loop
   vertex 168 148 275.5
   vertex 167.5 149 275
   vertex 168 149 275.5
  endloop
 endfacet
 facet normal 0.70710678118654746 0 -0.70710678118654746
  outer loop
   vertex 167.5 148 275
   vertex 167.5 149 275
   vertex 168 148 275.5
  endloop
 endfacet
 facet normal 0.70710678118654746 0 -0.70710678118654746
  outer loop
   vertex 168.5 149 276
   vertex 168.5 148 276
   vertex 168 148 275.5
  endloop
 endfacet
 facet normal 0.70710678118654746 0 -0.70710678118654746
  outer loop
   vertex 168 149 275.5
   vertex 168.5 149 276
   vertex 168 148 275.5
  endloop
 endfacet
 facet normal -1 0 0
  outer loop
   vertex 152.5 149 275
   vertex 152.5 149 276
   vertex 152.5 150 275
  endloop
 endfacet
 facet normal -1 -0 -0
  outer loop
   vertex 152.5 149 276
   vertex 152.5 150 276
   vertex 152.5 150 275
  endloop
 endfacet
 facet normal 0.57735026918962584 0.57735026918962584 -0.57735026918962584
  outer loop
   vertex 168 149 275.5
   vertex 167.5 150 276
   vertex 168 149.5 276
  endloop
 endfacet
 facet normal 0.57735026918962584 0.57735026918962584 -0.57735026918962584
  outer loop
   vertex 168 149 275.5
   vertex 167.5 149 275
   vertex 167.5 150 276
  endloop
 endfacet
 facet normal 1 0 -0
  outer loop
   vertex 167.5 149 275
   vertex 167.5 150 275
   vertex 167.5 150 276
  endloop
 endfacet
 facet normal 0.57735026918962584 0.57735026918962584 -0.57735026918962584
  outer loop
   vertex 168.5 149 276
   vertex 168 149 275.5
   vertex 168 149.5 276
  endloop
 endfacet
 facet normal -0.57735026918962584 0.57735026918962584 -0.57735026918962584
  outer loop
   vertex 153 151 275.5
   vertex 153 150.5 275
   vertex 152.5 150 275
  endloop
 endfacet
 facet normal -0.57735026918962584 0.57735026918962584 -0.57735026918962584
  outer loop
   vertex 153 151 275.5
   vertex 152.5 150 275
   vertex 152.5 151 276
  endloop
 endfacet
 facet normal -1 0 0
  outer loop
   vertex 152.5 151 276
   vertex 152.5 150 275
   vertex 152.5 150 276
  endloop
 endfacet
 facet normal -0.57735026918962584 0.57735026918962584 -0.57735026918962584
  outer loop
   vertex 153 150.5 275
   vertex 153 151 275.5
   vertex 153.5 151 275
  endloop
 endfacet
 facet normal 1 0 0
  outer loop
   vertex 167.5 150 275
   vertex 167.5 151 275
   vertex 167.5 150 276
  endloop
 endfacet
 facet normal 1 0 -0
  outer loop
   vertex 167.5 150 276
   vertex 167.5 151 275
   vertex 167.5 151 276
  endloop
 endfacet
 facet normal -0.57735026918962584 0.57735026918962584 -0.57735026918962584
  outer loop
   vertex 153 151 275.5
   vertex 152.5 151 276
   vertex 153 151.5 276
  endloop
 endfacet
 facet normal -0.57735026918962584 0.57735026918962584 -0.57735026918962584
  outer loop
   vertex 153 151.5 276
   vertex 153.5 151 275
   vertex 153 151 275.5
  endloop
 endfacet
 facet normal -0.57735026918962584 0.57735026918962584 -0.57735026918962584
  outer loop
   vertex 153 151.5 276
   vertex 153.5 152 276
   vertex 153.5 151 275
  endloop
 endfacet
 facet normal -1 0 0
  outer loop
   vertex 153.5 152 276
   vertex 153.5 152 275
   vertex 153.5 151 275
  endloop
 endfacet
 facet normal 0.70710678118654746 0.70710678118654746 0
  outer loop
   vertex 167 151.5 275
   vertex 166.5 152 276
   vertex 167 151.5 276
  endloop
 endfacet
 facet normal 0.70710678118654746 0.70710678118654746 0
  outer loop
   vertex 166.5 152 275
   vertex 166.5 152 276
   vertex 167 151.5 275
  endloop
 endfacet
 facet normal 0.70710678118654746 0.70710678118654746 -0
  outer loop
   vertex 167.5 151 276
   vertex 167.5 151 275
   vertex 167 151.5 275
  endloop
 endfacet
 facet normal 0.70710678118654746 0.70710678118654746 0
  outer loop
   vertex 167 151.5 276
   vertex 167.5 151 276
   vertex 167 151.5 275
  endloop
 endfacet
 facet normal -1 0 0
  outer loop
   vertex 153.5 152 275
   vertex 153.5 152 276
   vertex 153.5 153 275
  endloop
 endfacet
 facet normal -1 -0 -0
  outer loop
   vertex 153.5 152 276
   vertex 153.5 153 276
   vertex 153.5 153 275
  endloop
 endfacet
 facet normal 0.57735026918962584 0.57735026918962584 -0.57735026918962584
  outer loop
   vertex 166 152.5 275
   vertex 165.5 153 275
   vertex 166 153 275.5
  endloop
 endfacet
 facet normal 0.57735026918962584 0.57735026918962584 -0.57735026918962584
  outer loop
   vertex 166 152.5 275
   vertex 166 153 275.5
   vertex 166.5 153 276
  endloop
 endfacet
 facet normal 0.57735026918962584 0.57735026918962584 -0.57735026918962584
  outer loop
   vertex 166 152.5 275
   vertex 166.5 153 276
   vertex 166.5 152 275
  endloop
 endfacet
 facet normal 1 0 0
  outer loop
   vertex 166.5 152 275
   vertex 166.5 153 276
   vertex 166.5 152 276
  endloop
 endfacet
 facet normal -0.70710678118654746 0.70710678118654746 0
  outer loop
   vertex 153.5 153 275
   vertex 153.5 153 276
   vertex 154 153.5 276
  endloop
 endfacet
 facet normal -0.70710678118654746 0.70710678118654746 0
  outer loop
   vertex 154 153.5 275
   vertex 153.5 153 275
   vertex 154 153.5 276
  endloop
 endfacet
 facet normal -0.70710678118654746 0.70710678118654746 0
  outer loop
   vertex 154 153.5 276
   vertex 154.5 154 275
   vertex 154 153.5 275
  endloop
 endfacet
 facet normal -0.70710678118654746 0.70710678118654746 0
  outer loop
   vertex 154.5 154 276
   vertex 154.5 154 275
   vertex 154 153.5 276
  endloop
 endfacet
 facet normal 0.57735026918962584 0.57735026918962584 -0.57735026918962584
  outer loop
   vertex 165 153.5 275
   vertex 164.5 154 275
   vertex 165 154 275.5
  endloop
 endfacet
 facet normal 0.57735026918962584 0.57735026918962584 -0.57735026918962584
  outer loop
   vertex 165 153.5 275
   vertex 165 154 275.5
   vertex 165.5 154 276
  endloop
 endfacet
 facet normal 0.57735026918962584 0.57735026918962584 -0.57735026918962584
  outer loop
   vertex 165.5 153 275
   vertex 165 153.5 275
   vertex 165.5 154 276
  endloop
 endfacet
 facet normal 0.57735026918962584 0.57735026918962584 -0.57735026918962584
  outer loop
   vertex 165.5 153 275
   vertex 165.5 154 276
   vertex 166 153.5 276
  endloop
 endfacet
 facet normal 0.57735026918962584 0.57735026918962584 -0.57735026918962584
  outer loop
   vertex 165.5 153 275
   vertex 166 153.5 276
   vertex 166 153 275.5
  endloop
 endfacet
 facet normal 0.57735026918962584 0.57735026918962584 -0.57735026918962584
  outer loop
   vertex 166.5 153 276
   vertex 166 153 275.5
   vertex 166 153.5 276
  endloop
 endfacet
 facet normal -0.70710678118654746 0.70710678118654746 0
  outer loop
   vertex 154.5 154 275
   vertex 154.5 154 276
   vertex 155 154.5 276
  endloop
 endfacet
 facet normal -0.70710678118654746 0.70710678118654746 0
  outer loop
   vertex 155 154.5 275
   vertex 154.5 154 275
   vertex 155 154.5 276
  endloop
 endfacet
 facet normal -0.70710678118654746 0.70710678118654746 0
  outer loop
   vertex 155 154.5 276
   vertex 155.5 155 275
   vertex 155 154.5 275
  endloop
 endfacet
 facet normal -0.70710678118654746 0.70710678118654746 0
  outer loop
   vertex 155.5 155 276
   vertex 155.5 155 275
   vertex 155 154.5 276
  endloop
 endfacet
 facet normal 0.70710678118654746 0.70710678118654746 0
  outer loop
   vertex 164 154.5 275
   vertex 163.5 155 276
   vertex 164 154.5 276
  endloop
 endfacet
 facet normal 0.70710678118654746 0.70710678118654746 0
  outer loop
   vertex 163.5 155 275
   vertex 163.5 155 276
   vertex 164 154.5 275
  endloop
 endfacet
 facet normal 0.57735026918962584 0.57735026918962584 -0.57735026918962584
  outer loop
   vertex 165 154 275.5
   vertex 164.5 154 275
   vertex 164 154.5 275
  endloop
 endfacet
 facet normal 0.57735026918962584 0.57735026918962584 -0.57735026918962584
  outer loop
   vertex 165 154 275.5
   vertex 164 154.5 275
   vertex 165 154.5 276
  endloop
 endfacet
 facet normal 0 1 0
  outer loop
   vertex 165 154.5 276
   vertex 164 154.5 275
   vertex 164 154.5 276
  endloop
 endfacet
 facet normal 0.57735026918962584 0.57735026918962584 -0.57735026918962584
  outer loop
   vertex 165.5 154 276
   vertex 165 154 275.5
   vertex 165 154.5 276
  endloop
 endfacet
 facet normal -0.70710678118654746 0.70710678118654746 0
  outer loop
   vertex 155.5 155 275
   vertex 155.5 155 276
   vertex 156 155.5 276
  endloop
 endfacet
 facet normal -0.70710678118654746 0.70710678118654746 0
  outer loop
   vertex 156 155.5 275
   vertex 155.5 155 275
   vertex 156 155.5 276
  endloop
 endfacet
 facet normal -0.70710678118654746 0.70710678118654746 0
  outer loop
   vertex 156 155.5 276
   vertex 156.5 156 275
   vertex 156 155.5 275
  endloop
 endfacet
 facet normal -0.70710678118654746 0.70710678118654746 0
  outer loop
   vertex 156.5 156 276
   vertex 156.5 156 275
   vertex 156 155.5 276
  endloop
 endfacet
 facet normal 0.57735026918962584 0.57735026918962584 -0.57735026918962584
  outer loop
   vertex 162 155.5 275
   vertex 161.5 156 275
   vertex 162 156 275.5
  endloop
 endfacet
 facet normal 0.57735026918962584 0.57735026918962584 -0.57735026918962584
  outer loop
   vertex 162.5 156 276
   vertex 162 155.5 275
   vertex 162 156 275.5
  endloop
 endfacet
 facet normal 0.57735026918962584 0.57735026918962584 -0.57735026918962584
  outer loop
   vertex 162.5 156 276
   vertex 163 155.5 276
   vertex 162 155.5 275
  endloop
 endfacet
 facet normal 0 1 -0
  outer loop
   vertex 163 155.5 276
   vertex 163 155.5 275
   vertex 162 155.5 275
  endloop
 endfacet
 facet normal 0.70710678118654746 0.70710678118654746 -0
  outer loop
   vertex 163.5 155 276
   vertex 163.5 155 275
   vertex 163 155.5 275
  endloop
 endfacet
 facet normal 0.70710678118654746 0.70710678118654746 0
  outer loop
   vertex 163 155.5 276
   vertex 163.5 155 276
   vertex 163 155.5 275
  endloop
 endfacet
 facet normal -0.70710678118654746 0.70710678118654746 0
  outer loop
   vertex 156.5 156 275
   vertex 156.5 156 276
   vertex 157 156.5 276
  endloop
 endfacet
 facet normal -0.70710678118654746 0.70710678118654746 0
  outer loop
   vertex 157 156.5 275
   vertex 156.5 156 275
   vertex 157 156.5 276
  endloop
 endfacet
 facet normal 0 1 0
  outer loop
   vertex 158 156.5 275
   vertex 157 156.5 275
   vertex 158 156.5 276
  endloop
 endfacet
 facet normal -0 1 0
  outer loop
   vertex 157 156.5 275
   vertex 157 156.5 276
   vertex 158 156.5 276
  endloop
 endfacet
 facet normal -0.70710678118654746 0.70710678118654746 0
  outer loop
   vertex 158 156.5 276
   vertex 158.5 157 275
   vertex 158 156.5 275
  endloop
 endfacet
 facet normal -0.70710678118654746 0.70710678118654746 0
  outer loop
   vertex 158.5 157 276
   vertex 158.5 157 275
   vertex 158 156.5 276
  endloop
 endfacet
 facet normal 0.70710678118654746 0.70710678118654746 0
  outer loop
   vertex 160 156.5 275
   vertex 159.5 157 276
   vertex 160 156.5 276
  endloop
 endfacet
 facet normal 0.70710678118654746 0.70710678118654746 0
  outer loop
   vertex 159.5 157 275
   vertex 159.5 157 276
   vertex 160 156.5 275
  endloop
 endfacet
 facet normal 0 1 0
  outer loop
   vertex 161 156.5 275
   vertex 160 156.5 275
   vertex 161 156.5 276
  endloop
 endfacet
 facet normal -0 1 0
  outer loop
   vertex 160 156.5 275
   vertex 160 156.5 276
   vertex 161 156.5 276
  endloop
 endfacet
 facet normal 0.57735026918962584 0.57735026918962584 -0.57735026918962584
  outer loop
   vertex 162 156 275.5
   vertex 161.5 156 275
   vertex 161 156.5 275
  endloop
 endfacet
 facet normal 0.57735026918962584 0.57735026918962584 -0.57735026918962584
  outer loop
   vertex 162 156 275.5
   vertex 161 156.5 275
   vertex 162 156.5 276
  endloop
 endfacet
 facet normal 0 1 0
  outer loop
   vertex 162 156.5 276
   vertex 161 156.5 275
   vertex 161 156.5 276
  endloop
 endfacet
 facet normal 0.57735026918962584 0.57735026918962584 -0.57735026918962584
  outer loop
   vertex 162.5 156 276
   vertex 162 156 275.5
   vertex 162 156.5 276
  endloop
 endfacet
 facet normal -0.70710678118654746 0.70710678118654746 0
  outer loop
   vertex 158.5 157 275
   vertex 158.5 157 276
   vertex 159 157.5 276
  endloop
 endfacet
 facet normal -0.70710678118654746 0.70710678118654746 0
  outer loop
   vertex 159 157.5 275
   vertex 158.5 157 275
   vertex 159 157.5 276
  endloop
 endfacet
 facet normal 0.70710678118654746 0.70710678118654746 -0
  outer loop
   vertex 159.5 157 276
   vertex 159.5 157 275
   vertex 159 157.5 275
  endloop
 endfacet
 facet normal 0.70710678118654746 0.70710678118654746 0
  outer loop
   vertex 159 157.5 276
   vertex 159.5 157 276
   vertex 159 157.5 275
  endloop
 endfacet
 facet normal -0.70710678118654746 -0.70710678118654746 -0
  outer loop
   vertex 160 138.5 276
   vertex 160 138.5 277
   vertex 159.5 139 277
  endloop
 endfacet
 facet normal -0.70710678118654746 -0.70710678118654746 0
  outer loop
   vertex 159.5 139 276
   vertex 160 138.5 276
   vertex 159.5 139 277
  endloop
 endfacet
 facet normal 0 -1 -0
  outer loop
   vertex 161 138.5 276
   vertex 161 138.5 277
   vertex 160 138.5 276
  endloop
 endfacet
 facet normal -0 -1 0
  outer loop
   vertex 160 138.5 276
   vertex 161 138.5 277
   vertex 160 138.5 277
  endloop
 endfacet
 facet normal 0 -1 -0
  outer loop
   vertex 162 138.5 276
   vertex 162 138.5 277
   vertex 161 138.5 276
  endloop
 endfacet
 facet normal -0 -1 0
  outer loop
   vertex 161 138.5 276
   vertex 162 138.5 277
   vertex 161 138.5 277
  endloop
 endfacet
 facet normal 0 -1 -0
  outer loop
   vertex 163 138.5 276
   vertex 163 138.5 277
   vertex 162 138.5 276
  endloop
 endfacet
 facet normal -0 -1 0
  outer loop
   vertex 162 138.5 276
   vertex 163 138.5 277
   vertex 162 138.5 277
  endloop
 endfacet
 facet normal 0.57735026918962584 -0.57735026918962584 -0.57735026918962584
  outer loop
   vertex 163.5 139 276
   vertex 164 139 276.5
   vertex 164 138.5 277
  endloop
 endfacet
 facet normal 0.57735026918962584 -0.57735026918962584 -0.57735026918962584
  outer loop
   vertex 163.5 139 276
   vertex 164 138.5 277
   vertex 163 138.5 276
  endloop
 endfacet
 facet normal -0 -1 0
  outer loop
   vertex 163 138.5 276
   vertex 164 138.5 277
   vertex 163 138.5 277
  endloop
 endfacet
 facet normal 0.57735026918962584 -0.57735026918962584 -0.57735026918962584
  outer loop
   vertex 164 138.5 277
   vertex 164 139 276.5
   vertex 164.5 139 277
  endloop
 endfacet
 facet normal -0.57735026918962584 -0.57735026918962584 -0.57735026918962584
  outer loop
   vertex 157 140 276.5
   vertex 157 139.5 277
   vertex 156.5 140 277
  endloop
 endfacet
 facet normal -0.57735026918962584 -0.57735026918962584 -0.57735026918962584
  outer loop
   vertex 157 140 276.5
   vertex 157.5 140 276
   vertex 158 139.5 276
  endloop
 endfacet
 facet normal -0.57735026918962584 -0.57735026918962584 -0.57735026918962584
  outer loop
   vertex 157 140 276.5
   vertex 158 139.5 276
   vertex 157 139.5 277
  endloop
 endfacet
 facet normal 0 -1 0
  outer loop
   vertex 157 139.5 277
   vertex 158 139.5 276
   vertex 158 139.5 277
  endloop
 endfacet
 facet normal 0 -1 -0
  outer loop
   vertex 159 139.5 276
   vertex 159 139.5 277
   vertex 158 139.5 276
  endloop
 endfacet
 facet normal -0 -1 0
  outer loop
   vertex 158 139.5 276
   vertex 159 139.5 277
   vertex 158 139.5 277
  endloop
 endfacet
 facet normal -0.70710678118654746 -0.70710678118654746 0
  outer loop
   vertex 159.5 139 277
   vertex 159 139.5 276
   vertex 159.5 139 276
  endloop
 endfacet
 facet normal -0.70710678118654746 -0.70710678118654746 0
  outer loop
   vertex 159 139.5 277
   vertex 159 139.5 276
   vertex 159.5 139 277
  endloop
 endfacet
 facet normal 0.57735026918962584 -0.57735026918962584 -0.57735026918962584
  outer loop
   vertex 163.5 139 276
   vertex 164 139.5 276
   vertex 164 139 276.5
  endloop
 endfacet
 facet normal 0.57735026918962584 -0.57735026918962584 -0.57735026918962584
  outer loop
   vertex 164 139 276.5
   vertex 165 139.5 277
   vertex 164.5 139 277
  endloop
 endfacet
 facet normal 0.57735026918962584 -0.57735026918962584 -0.57735026918962584
  outer loop
   vertex 164 139 276.5
   vertex 164 139.5 276
   vertex 165 139.5 277
  endloop
 endfacet
 facet normal 0 -1 0
  outer loop
   vertex 164 139.5 276
   vertex 165 139.5 276
   vertex 165 139.5 277
  endloop
 endfacet
 facet normal 0 -1 -0
  outer loop
   vertex 166 139.5 276
   vertex 166 139.5 277
   vertex 165 139.5 276
  endloop
 endfacet
 facet normal -0 -1 0
  outer loop
   vertex 165 139.5 276
   vertex 166 139.5 277
   vertex 165 139.5 277
  endloop
 endfacet
 facet normal 0.70710678118654746 -0.70710678118654746 0
  outer loop
   vertex 166 139.5 277
   vertex 166 139.5 276
   vertex 166.5 140 276
  endloop
 endfacet
 facet normal 0.70710678118654746 -0.70710678118654746 0
  outer loop
   vertex 166.5 140 277
   vertex 166 139.5 277
   vertex 166.5 140 276
  endloop
 endfacet
 facet normal -0.57735026918962584 -0.57735026918962584 -0.57735026918962584
  outer loop
   vertex 155 141 276.5
   vertex 155 140.5 277
   vertex 154.5 141 277
  endloop
 endfacet
 facet normal -0.57735026918962584 -0.57735026918962584 -0.57735026918962584
  outer loop
   vertex 155 141 276.5
   vertex 155.5 141 276
   vertex 156 140.5 276
  endloop
 endfacet
 facet normal -0.57735026918962584 -0.57735026918962584 -0.57735026918962584
  outer loop
   vertex 155 141 276.5
   vertex 156 140.5 276
   vertex 155 140.5 277
  endloop
 endfacet
 facet normal 0 -1 0
  outer loop
   vertex 155 140.5 277
   vertex 156 140.5 276
   vertex 156 140.5 277
  endloop
 endfacet
 facet normal -0.57735026918962584 -0.57735026918962584 -0.57735026918962584
  outer loop
   vertex 156.5 140 277
   vertex 157 140.5 276
   vertex 157 140 276.5
  endloop
 endfacet
 facet normal -0.57735026918962584 -0.57735026918962584 -0.57735026918962584
  outer loop
   vertex 156.5 140 277
   vertex 156 140.5 277
   vertex 157 140.5 276
  endloop
 endfacet
 facet normal 0 -1 0
  outer loop
   vertex 156 140.5 277
   vertex 156 140.5 276
   vertex 157 140.5 276
  endloop
 endfacet
 facet normal -0.57735026918962584 -0.57735026918962584 -0.57735026918962584
  outer loop
   vertex 157.5 140 276
   vertex 157 140 276.5
   vertex 157 140.5 276
  endloop
 endfacet
 facet normal 0.70710678118654746 -0.70710678118654746 0
  outer loop
   vertex 166.5 140 276
   vertex 167 140.5 277
   vertex 166.5 140 277
  endloop
 endfacet
 facet normal 0.70710678118654746 -0.70710678118654746 0
  outer loop
   vertex 167 140.5 276
   vertex 167 140.5 277
   vertex 166.5 140 276
  endloop
 endfacet
 facet normal 0 -1 -0
  outer loop
   vertex 168 140.5 276
   vertex 168 140.5 277
   vertex 167 140.5 276
  endloop
 endfacet
 facet normal -0 -1 0
  outer loop
   vertex 167 140.5 276
   vertex 168 140.5 277
   vertex 167 140.5 277
  endloop
 endfacet
 facet normal 0.70710678118654746 -0.70710678118654746 0
  outer loop
   vertex 168 140.5 277
   vertex 168 140.5 276
   vertex 168.5 141 276
  endloop
 endfacet
 facet normal 0.70710678118654746 -0.70710678118654746 0
  outer loop
   vertex 168.5 141 277
   vertex 168 140.5 277
   vertex 168.5 141 276
  endloop
 endfacet
 facet normal -0.70710678118654746 -0.70710678118654746 -0
  outer loop
   vertex 154 141.5 276
   vertex 154 141.5 277
   vertex 153.5 142 277
  endloop
 endfacet
 facet normal -0.70710678118654746 -0.70710678118654746 0
  outer loop
   vertex 153.5 142 276
   vertex 154 141.5 276
   vertex 153.5 142 277
  endloop
 endfacet
 facet normal -0.57735026918962584 -0.57735026918962584 -0.57735026918962584
  outer loop
   vertex 154.5 141 277
   vertex 155 141.5 276
   vertex 155 141 276.5
  endloop
 endfacet
 facet normal -0.57735026918962584 -0.57735026918962584 -0.57735026918962584
  outer loop
   vertex 154.5 141 277
   vertex 154 141.5 277
   vertex 155 141.5 276
  endloop
 endfacet
 facet normal 0 -1 0
  outer loop
   vertex 154 141.5 277
   vertex 154 141.5 276
   vertex 155 141.5 276
  endloop
 endfacet
 facet normal -0.57735026918962584 -0.57735026918962584 -0.57735026918962584
  outer loop
   vertex 155.5 141 276
   vertex 155 141 276.5
   vertex 155 141.5 276
  endloop
 endfacet
 facet normal 1 0 0
  outer loop
   vertex 168.5 141 276
   vertex 168.5 142 276
   vertex 168.5 141 277
  endloop
 endfacet
 facet normal 1 0 -0
  outer loop
   vertex 168.5 141 277
   vertex 168.5 142 276
   vertex 168.5 142 277
  endloop
 endfacet
 facet normal -0.70710678118654746 -0.70710678118654746 -0
  outer loop
   vertex 153 142.5 276
   vertex 153 142.5 277
   vertex 152.5 143 277
  endloop
 endfacet
 facet normal -0.70710678118654746 -0.70710678118654746 0
  outer loop
   vertex 152.5 143 276
   vertex 153 142.5 276
   vertex 152.5 143 277
  endloop
 endfacet
 facet normal -0.70710678118654746 -0.70710678118654746 0
  outer loop
   vertex 153.5 142 277
   vertex 153 142.5 276
   vertex 153.5 142 276
  endloop
 endfacet
 facet normal -0.70710678118654746 -0.70710678118654746 0
  outer loop
   vertex 153 142.5 277
   vertex 153 142.5 276
   vertex 153.5 142 277
  endloop
 endfacet
 facet normal 1 0 0
  outer loop
   vertex 168.5 142 276
   vertex 168.5 143 276
   vertex 168.5 142 277
  endloop
 endfacet
 facet normal 1 0 -0
  outer loop
   vertex 168.5 142 277
   vertex 168.5 143 276
   vertex 168.5 143 277
  endloop
 endfacet
 facet normal -1 0 0
  outer loop
   vertex 152.5 143 276
   vertex 152.5 143 277
   vertex 152.5 144 276
  endloop
 endfacet
 facet normal -1 -0 -0
  outer loop
   vertex 152.5 143 277
   vertex 152.5 144 277
   vertex 152.5 144 276
  endloop
 endfacet
 facet normal 1 0 0
  outer loop
   vertex 168.5 143 276
   vertex 168.5 144 276
   vertex 168.5 143 277
  endloop
 endfacet
 facet normal 1 0 -0
  outer loop
   vertex 168.5 143 277
   vertex 168.5 144 276
   vertex 168.5 144 277
  endloop
 endfacet
 facet normal -1 0 0
  outer loop
   vertex 152.5 144 276
   vertex 152.5 144 277
   vertex 152.5 145 276
  endloop
 endfacet
 facet normal -1 -0 -0
  outer loop
   vertex 152.5 144 277
   vertex 152.5 145 277
   vertex 152.5 145 276
  endloop
 endfacet
 facet normal 1 0 0
  outer loop
   vertex 168.5 144 276
   vertex 168.5 145 276
   vertex 168.5 144 277
  endloop
 endfacet
 facet normal 1 0 -0
  outer loop
   vertex 168.5 144 277
   vertex 168.5 145 276
   vertex 168.5 145 277
  endloop
 endfacet
 facet normal -1 0 0
  outer loop
   vertex 152.5 145 276
   vertex 152.5 145 277
   vertex 152.5 146 276
  endloop
 endfacet
 facet normal -1 -0 -0
  outer loop
   vertex 152.5 145 277
   vertex 152.5 146 277
   vertex 152.5 146 276
  endloop
 endfacet
 facet normal 1 0 0
  outer loop
   vertex 168.5 145 276
   vertex 168.5 146 276
   vertex 168.5 145 277
  endloop
 endfacet
 facet normal 1 0 -0
  outer loop
   vertex 168.5 145 277
   vertex 168.5 146 276
   vertex 168.5 146 277
  endloop
 endfacet
 facet normal -1 0 0
  outer loop
   vertex 152.5 146 276
   vertex 152.5 146 277
   vertex 152.5 147 276
  endloop
 endfacet
 facet normal -1 -0 -0
  outer loop
   vertex 152.5 146 277
   vertex 152.5 147 277
   vertex 152.5 147 276
  endloop
 endfacet
 facet normal 1 0 0
  outer loop
   vertex 168.5 146 276
   vertex 168.5 147 276
   vertex 168.5 146 277
  endloop
 endfacet
 facet normal 1 0 -0
  outer loop
   vertex 168.5 146 277
   vertex 168.5 147 276
   vertex 168.5 147 277
  endloop
 endfacet
 facet normal -1 0 0
  outer loop
   vertex 152.5 147 276
   vertex 152.5 147 277
   vertex 152.5 148 276
  endloop
 endfacet
 facet normal -1 -0 -0
  outer loop
   vertex 152.5 147 277
   vertex 152.5 148 277
   vertex 152.5 148 276
  endloop
 endfacet
 facet normal 1 0 0
  outer loop
   vertex 168.5 147 276
   vertex 168.5 148 276
   vertex 168.5 147 277
  endloop
 endfacet
 facet normal 1 0 -0
  outer loop
   vertex 168.5 147 277
   vertex 168.5 148 276
   vertex 168.5 148 277
  endloop
 endfacet
 facet normal -1 0 0
  outer loop
   vertex 152.5 148 276
   vertex 152.5 148 277
   vertex 152.5 149 276
  endloop
 endfacet
 facet normal -1 -0 -0
  outer loop
   vertex 152.5 148 277
   vertex 152.5 149 277
   vertex 152.5 149 276
  endloop
 endfacet
 facet normal 1 0 0
  outer loop
   vertex 168.5 148 276
   vertex 168.5 149 276
   vertex 168.5 148 277
  endloop
 endfacet
 facet normal 1 0 -0
  outer loop
   vertex 168.5 148 277
   vertex 168.5 149 276
   vertex 168.5 149 277
  endloop
 endfacet
 facet normal -1 0 0
  outer loop
   vertex 152.5 149 276
   vertex 152.5 149 277
   vertex 152.5 150 276
  endloop
 endfacet
 facet normal -1 -0 -0
  outer loop
   vertex 152.5 149 277
   vertex 152.5 150 277
   vertex 152.5 150 276
  endloop
 endfacet
 facet normal 0.57735026918962584 0.57735026918962584 -0.57735026918962584
  outer loop
   vertex 168 149.5 276
   vertex 167.5 150 276
   vertex 168 150 276.5
  endloop
 endfacet
 facet normal 0.57735026918962584 0.57735026918962584 -0.57735026918962584
  outer loop
   vertex 168 149.5 276
   vertex 168 150 276.5
   vertex 168.5 150 277
  endloop
 endfacet
 facet normal 0.57735026918962584 0.57735026918962584 -0.57735026918962584
  outer loop
   vertex 168 149.5 276
   vertex 168.5 150 277
   vertex 168.5 149 276
  endloop
 endfacet
 facet normal 1 0 0
  outer loop
   vertex 168.5 149 276
   vertex 168.5 150 277
   vertex 168.5 149 277
  endloop
 endfacet
 facet normal -1 0 0
  outer loop
   vertex 152.5 150 276
   vertex 152.5 150 277
   vertex 152.5 151 276
  endloop
 endfacet
 facet normal -1 -0 -0
  outer loop
   vertex 152.5 150 277
   vertex 152.5 151 277
   vertex 152.5 151 276
  endloop
 endfacet
 facet normal 0.57735026918962584 0.57735026918962584 -0.57735026918962584
  outer loop
   vertex 168 150 276.5
   vertex 167.5 151 277
   vertex 168 150.5 277
  endloop
 endfacet
 facet normal 0.57735026918962584 0.57735026918962584 -0.57735026918962584
  outer loop
   vertex 168 150 276.5
   vertex 167.5 150 276
   vertex 167.5 151 277
  endloop
 endfacet
 facet normal 1 0 -0
  outer loop
   vertex 167.5 150 276
   vertex 167.5 151 276
   vertex 167.5 151 277
  endloop
 endfacet
 facet normal 0.57735026918962584 0.57735026918962584 -0.57735026918962584
  outer loop
   vertex 168.5 150 277
   vertex 168 150 276.5
   vertex 168 150.5 277
  endloop
 endfacet
 facet normal -0.57735026918962584 0.57735026918962584 -0.57735026918962584
  outer loop
   vertex 153 152 276.5
   vertex 153 151.5 276
   vertex 152.5 151 276
  endloop
 endfacet
 facet normal -0.57735026918962584 0.57735026918962584 -0.57735026918962584
  outer loop
   vertex 153 152 276.5
   vertex 152.5 151 276
   vertex 152.5 152 277
  endloop
 endfacet
 facet normal -1 0 0
  outer loop
   vertex 152.5 152 277
   vertex 152.5 151 276
   vertex 152.5 151 277
  endloop
 endfacet
 facet normal -0.57735026918962584 0.57735026918962584 -0.57735026918962584
  outer loop
   vertex 153 151.5 276
   vertex 153 152 276.5
   vertex 153.5 152 276
  endloop
 endfacet
 facet normal 0.57735026918962584 0.57735026918962584 -0.57735026918962584
  outer loop
   vertex 167 151.5 276
   vertex 166.5 152 276
   vertex 167 152 276.5
  endloop
 endfacet
 facet normal 0.57735026918962584 0.57735026918962584 -0.57735026918962584
  outer loop
   vertex 167 151.5 276
   vertex 167 152 276.5
   vertex 167.5 152 277
  endloop
 endfacet
 facet normal 0.57735026918962584 0.57735026918962584 -0.57735026918962584
  outer loop
   vertex 167 151.5 276
   vertex 167.5 152 277
   vertex 167.5 151 276
  endloop
 endfacet
 facet normal 1 0 0
  outer loop
   vertex 167.5 151 276
   vertex 167.5 152 277
   vertex 167.5 151 277
  endloop
 endfacet
 facet normal -0.57735026918962584 0.57735026918962584 -0.57735026918962584
  outer loop
   vertex 153 152 276.5
   vertex 152.5 152 277
   vertex 153 152.5 277
  endloop
 endfacet
 facet normal -0.57735026918962584 0.57735026918962584 -0.57735026918962584
  outer loop
   vertex 153 152.5 277
   vertex 153.5 152 276
   vertex 153 152 276.5
  endloop
 endfacet
 facet normal -0.57735026918962584 0.57735026918962584 -0.57735026918962584
  outer loop
   vertex 153 152.5 277
   vertex 153.5 153 277
   vertex 153.5 152 276
  endloop
 endfacet
 facet normal -1 0 0
  outer loop
   vertex 153.5 153 277
   vertex 153.5 153 276
   vertex 153.5 152 276
  endloop
 endfacet
 facet normal 0.57735026918962584 0.57735026918962584 -0.57735026918962584
  outer loop
   vertex 167 152 276.5
   vertex 166.5 153 277
   vertex 167 152.5 277
  endloop
 endfacet
 facet normal 0.57735026918962584 0.57735026918962584 -0.57735026918962584
  outer loop
   vertex 167 152 276.5
   vertex 166.5 152 276
   vertex 166.5 153 277
  endloop
 endfacet
 facet normal 1 0 -0
  outer loop
   vertex 166.5 152 276
   vertex 166.5 153 276
   vertex 166.5 153 277
  endloop
 endfacet
 facet normal 0.57735026918962584 0.57735026918962584 -0.57735026918962584
  outer loop
   vertex 167.5 152 277
   vertex 167 152 276.5
   vertex 167 152.5 277
  endloop
 endfacet
 facet normal -0.70710678118654746 0.70710678118654746 0
  outer loop
   vertex 153.5 153 276
   vertex 153.5 153 277
   vertex 154 153.5 277
  endloop
 endfacet
 facet normal -0.70710678118654746 0.70710678118654746 0
  outer loop
   vertex 154 153.5 276
   vertex 153.5 153 276
   vertex 154 153.5 277
  endloop
 endfacet
 facet normal -0.70710678118654746 0.70710678118654746 0
  outer loop
   vertex 154 153.5 277
   vertex 154.5 154 276
   vertex 154 153.5 276
  endloop
 endfacet
 facet normal -0.70710678118654746 0.70710678118654746 0
  outer loop
   vertex 154.5 154 277
   vertex 154.5 154 276
   vertex 154 153.5 277
  endloop
 endfacet
 facet normal 0.70710678118654746 0.70710678118654746 0
  outer loop
   vertex 166 153.5 276
   vertex 165.5 154 277
   vertex 166 153.5 277
  endloop
 endfacet
 facet normal 0.70710678118654746 0.70710678118654746 0
  outer loop
   vertex 165.5 154 276
   vertex 165.5 154 277
   vertex 166 153.5 276
  endloop
 endfacet
 facet normal 0.70710678118654746 0.70710678118654746 -0
  outer loop
   vertex 166.5 153 277
   vertex 166.5 153 276
   vertex 166 153.5 276
  endloop
 endfacet
 facet normal 0.70710678118654746 0.70710678118654746 0
  outer loop
   vertex 166 153.5 277
   vertex 166.5 153 277
   vertex 166 153.5 276
  endloop
 endfacet
 facet normal -0.57735026918962584 0.57735026918962584 -0.57735026918962584
  outer loop
   vertex 155 155 276.5
   vertex 155 154.5 276
   vertex 154.5 154 276
  endloop
 endfacet
 facet normal -0.57735026918962584 0.57735026918962584 -0.57735026918962584
  outer loop
   vertex 155 155 276.5
   vertex 154.5 154 276
   vertex 154.5 155 277
  endloop
 endfacet
 facet normal -1 0 0
  outer loop
   vertex 154.5 155 277
   vertex 154.5 154 276
   vertex 154.5 154 277
  endloop
 endfacet
 facet normal -0.57735026918962584 0.57735026918962584 -0.57735026918962584
  outer loop
   vertex 155 154.5 276
   vertex 155 155 276.5
   vertex 155.5 155 276
  endloop
 endfacet
 facet normal 0.57735026918962584 0.57735026918962584 -0.57735026918962584
  outer loop
   vertex 164 154.5 276
   vertex 163.5 155 276
   vertex 164 155 276.5
  endloop
 endfacet
 facet normal 0.57735026918962584 0.57735026918962584 -0.57735026918962584
  outer loop
   vertex 164.5 155 277
   vertex 164 154.5 276
   vertex 164 155 276.5
  endloop
 endfacet
 facet normal 0.57735026918962584 0.57735026918962584 -0.57735026918962584
  outer loop
   vertex 164.5 155 277
   vertex 165 154.5 277
   vertex 164 154.5 276
  endloop
 endfacet
 facet normal 0 1 -0
  outer loop
   vertex 165 154.5 277
   vertex 165 154.5 276
   vertex 164 154.5 276
  endloop
 endfacet
 facet normal 0.70710678118654746 0.70710678118654746 -0
  outer loop
   vertex 165.5 154 277
   vertex 165.5 154 276
   vertex 165 154.5 276
  endloop
 endfacet
 facet normal 0.70710678118654746 0.70710678118654746 0
  outer loop
   vertex 165 154.5 277
   vertex 165.5 154 277
   vertex 165 154.5 276
  endloop
 endfacet
 facet normal -0.57735026918962584 0.57735026918962584 -0.57735026918962584
  outer loop
   vertex 155 155 276.5
   vertex 154.5 155 277
   vertex 155 155.5 277
  endloop
 endfacet
 facet normal -0.57735026918962584 0.57735026918962584 -0.57735026918962584
  outer loop
   vertex 156 156 276.5
   vertex 155 155.5 277
   vertex 155.5 156 277
  endloop
 endfacet
 facet normal -0.57735026918962584 0.57735026918962584 -0.57735026918962584
  outer loop
   vertex 156 155.5 276
   vertex 155 155.5 277
   vertex 156 156 276.5
  endloop
 endfacet
 facet normal -0.57735026918962584 0.57735026918962584 -0.57735026918962584
  outer loop
   vertex 156 155.5 276
   vertex 155 155 276.5
   vertex 155 155.5 277
  endloop
 endfacet
 facet normal -0.57735026918962584 0.57735026918962584 -0.57735026918962584
  outer loop
   vertex 156 155.5 276
   vertex 155.5 155 276
   vertex 155 155 276.5
  endloop
 endfacet
 facet normal -0.57735026918962584 0.57735026918962584 -0.57735026918962584
  outer loop
   vertex 156 155.5 276
   vertex 156 156 276.5
   vertex 156.5 156 276
  endloop
 endfacet
 facet normal 0.70710678118654746 0.70710678118654746 0
  outer loop
   vertex 163 155.5 276
   vertex 162.5 156 277
   vertex 163 155.5 277
  endloop
 endfacet
 facet normal 0.70710678118654746 0.70710678118654746 0
  outer loop
   vertex 162.5 156 276
   vertex 162.5 156 277
   vertex 163 155.5 276
  endloop
 endfacet
 facet normal 0.57735026918962584 0.57735026918962584 -0.57735026918962584
  outer loop
   vertex 164 155 276.5
   vertex 163.5 155 276
   vertex 163 155.5 276
  endloop
 endfacet
 facet normal 0.57735026918962584 0.57735026918962584 -0.57735026918962584
  outer loop
   vertex 164 155 276.5
   vertex 163 155.5 276
   vertex 164 155.5 277
  endloop
 endfacet
 facet normal 0 1 0
  outer loop
   vertex 164 155.5 277
   vertex 163 155.5 276
   vertex 163 155.5 277
  endloop
 endfacet
 facet normal 0.57735026918962584 0.57735026918962584 -0.57735026918962584
  outer loop
   vertex 164.5 155 277
   vertex 164 155 276.5
   vertex 164 155.5 277
  endloop
 endfacet
 facet normal -0.57735026918962584 0.57735026918962584 -0.57735026918962584
  outer loop
   vertex 156 156 276.5
   vertex 155.5 156 277
   vertex 156 156.5 277
  endloop
 endfacet
 facet normal -0.57735026918962584 0.57735026918962584 -0.57735026918962584
  outer loop
   vertex 156.5 156 276
   vertex 156 156 276.5
   vertex 156 156.5 277
  endloop
 endfacet
 facet normal -0.57735026918962584 0.57735026918962584 -0.57735026918962584
  outer loop
   vertex 156.5 156 276
   vertex 156 156.5 277
   vertex 157 156.5 276
  endloop
 endfacet
 facet normal -0 1 0
  outer loop
   vertex 157 156.5 276
   vertex 156 156.5 277
   vertex 157 156.5 277
  endloop
 endfacet
 facet normal 0 1 0
  outer loop
   vertex 158 156.5 276
   vertex 157 156.5 276
   vertex 158 156.5 277
  endloop
 endfacet
 facet normal -0 1 0
  outer loop
   vertex 157 156.5 276
   vertex 157 156.5 277
   vertex 158 156.5 277
  endloop
 endfacet
 facet normal -0.70710678118654746 0.70710678118654746 0
  outer loop
   vertex 158 156.5 277
   vertex 158.5 157 276
   vertex 158 156.5 276
  endloop
 endfacet
 facet normal -0.70710678118654746 0.70710678118654746 0
  outer loop
   vertex 158.5 157 277
   vertex 158.5 157 276
   vertex 158 156.5 277
  endloop
 endfacet
 facet normal 0.70710678118654746 0.70710678118654746 0
  outer loop
   vertex 160 156.5 276
   vertex 159.5 157 277
   vertex 160 156.5 277
  endloop
 endfacet
 facet normal 0.70710678118654746 0.70710678118654746 0
  outer loop
   vertex 159.5 157 276
   vertex 159.5 157 277
   vertex 160 156.5 276
  endloop
 endfacet
 facet normal 0 1 0
  outer loop
   vertex 161 156.5 276
   vertex 160 156.5 276
   vertex 161 156.5 277
  endloop
 endfacet
 facet normal -0 1 0
  outer loop
   vertex 160 156.5 276
   vertex 160 156.5 277
   vertex 161 156.5 277
  endloop
 endfacet
 facet normal 0 1 0
  outer loop
   vertex 162 156.5 276
   vertex 161 156.5 276
   vertex 162 156.5 277
  endloop
 endfacet
 facet normal -0 1 0
  outer loop
   vertex 161 156.5 276
   vertex 161 156.5 277
   vertex 162 156.5 277
  endloop
 endfacet
 facet normal 0.70710678118654746 0.70710678118654746 -0
  outer loop
   vertex 162.5 156 277
   vertex 162.5 156 276
   vertex 162 156.5 276
  endloop
 endfacet
 facet normal 0.70710678118654746 0.70710678118654746 0
  outer loop
   vertex 162 156.5 277
   vertex 162.5 156 277
   vertex 162 156.5 276
  endloop
 endfacet
 facet normal -0.70710678118654746 0.70710678118654746 0
  outer loop
   vertex 158.5 157 276
   vertex 158.5 157 277
   vertex 159 157.5 277
  endloop
 endfacet
 facet normal -0.70710678118654746 0.70710678118654746 0
  outer loop
   vertex 159 157.5 276
   vertex 158.5 157 276
   vertex 159 157.5 277
  endloop
 endfacet
 facet normal 0.70710678118654746 0.70710678118654746 -0
  outer loop
   vertex 159.5 157 277
   vertex 159.5 157 276
   vertex 159 157.5 276
  endloop
 endfacet
 facet normal 0.70710678118654746 0.70710678118654746 0
  outer loop
   vertex 159 157.5 277
   vertex 159.5 157 277
   vertex 159 157.5 276
  endloop
 endfacet
 facet normal -0.70710678118654746 -0.70710678118654746 -0
  outer loop
   vertex 160 138.5 277
   vertex 160 138.5 278
   vertex 159.5 139 278
  endloop
 endfacet
 facet normal -0.70710678118654746 -0.70710678118654746 0
  outer loop
   vertex 159.5 139 277
   vertex 160 138.5 277
   vertex 159.5 139 278
  endloop
 endfacet
 facet normal 0 -1 -0
  outer loop
   vertex 161 138.5 277
   vertex 161 138.5 278
   vertex 160 138.5 277
  endloop
 endfacet
 facet normal -0 -1 0
  outer loop
   vertex 160 138.5 277
   vertex 161 138.5 278
   vertex 160 138.5 278
  endloop
 endfacet
 facet normal 0 -1 -0
  outer loop
   vertex 162 138.5 277
   vertex 162 138.5 278
   vertex 161 138.5 277
  endloop
 endfacet
 facet normal -0 -1 0
  outer loop
   vertex 161 138.5 277
   vertex 162 138.5 278
   vertex 161 138.5 278
  endloop
 endfacet
 facet normal 0 -1 -0
  outer loop
   vertex 163 138.5 277
   vertex 163 138.5 278
   vertex 162 138.5 277
  endloop
 endfacet
 facet normal -0 -1 0
  outer loop
   vertex 162 138.5 277
   vertex 163 138.5 278
   vertex 162 138.5 278
  endloop
 endfacet
 facet normal 0 -1 -0
  outer loop
   vertex 164 138.5 277
   vertex 164 138.5 278
   vertex 163 138.5 277
  endloop
 endfacet
 facet normal -0 -1 0
  outer loop
   vertex 163 138.5 277
   vertex 164 138.5 278
   vertex 163 138.5 278
  endloop
 endfacet
 facet normal 0.70710678118654746 -0.70710678118654746 0
  outer loop
   vertex 164 138.5 278
   vertex 164 138.5 277
   vertex 164.5 139 277
  endloop
 endfacet
 facet normal 0.70710678118654746 -0.70710678118654746 0
  outer loop
   vertex 164.5 139 278
   vertex 164 138.5 278
   vertex 164.5 139 277
  endloop
 endfacet
 facet normal -0.70710678118654746 -0.70710678118654746 -0
  outer loop
   vertex 157 139.5 277
   vertex 157 139.5 278
   vertex 156.5 140 278
  endloop
 endfacet
 facet normal -0.70710678118654746 -0.70710678118654746 0
  outer loop
   vertex 156.5 140 277
   vertex 157 139.5 277
   vertex 156.5 140 278
  endloop
 endfacet
 facet normal 0 -1 -0
  outer loop
   vertex 158 139.5 277
   vertex 158 139.5 278
   vertex 157 139.5 277
  endloop
 endfacet
 facet normal -0 -1 0
  outer loop
   vertex 157 139.5 277
   vertex 158 139.5 278
   vertex 157 139.5 278
  endloop
 endfacet
 facet normal 0 -1 -0
  outer loop
   vertex 159 139.5 277
   vertex 159 139.5 278
   vertex 158 139.5 277
  endloop
 endfacet
 facet normal -0 -1 0
  outer loop
   vertex 158 139.5 277
   vertex 159 139.5 278
   vertex 158 139.5 278
  endloop
 endfacet
 facet normal -0.70710678118654746 -0.70710678118654746 0
  outer loop
   vertex 159.5 139 278
   vertex 159 139.5 277
   vertex 159.5 139 277
  endloop
 endfacet
 facet normal -0.70710678118654746 -0.70710678118654746 0
  outer loop
   vertex 159 139.5 278
   vertex 159 139.5 277
   vertex 159.5 139 278
  endloop
 endfacet
 facet normal 0.70710678118654746 -0.70710678118654746 0
  outer loop
   vertex 164.5 139 277
   vertex 165 139.5 278
   vertex 164.5 139 278
  endloop
 endfacet
 facet normal 0.70710678118654746 -0.70710678118654746 0
  outer loop
   vertex 165 139.5 277
   vertex 165 139.5 278
   vertex 164.5 139 277
  endloop
 endfacet
 facet normal 0 -1 -0
  outer loop
   vertex 166 139.5 277
   vertex 166 139.5 278
   vertex 165 139.5 277
  endloop
 endfacet
 facet normal -0 -1 0
  outer loop
   vertex 165 139.5 277
   vertex 166 139.5 278
   vertex 165 139.5 278
  endloop
 endfacet
 facet normal 0.70710678118654746 -0.70710678118654746 0
  outer loop
   vertex 166 139.5 278
   vertex 166 139.5 277
   vertex 166.5 140 277
  endloop
 endfacet
 facet normal 0.70710678118654746 -0.70710678118654746 0
  outer loop
   vertex 166.5 140 278
   vertex 166 139.5 278
   vertex 166.5 140 277
  endloop
 endfacet
 facet normal -0.57735026918962584 -0.57735026918962584 0.57735026918962584
  outer loop
   vertex 155 140.5 277
   vertex 155 141 277.5
   vertex 154.5 141 277
  endloop
 endfacet
 facet normal -0.57735026918962584 -0.57735026918962584 0.57735026918962584
  outer loop
   vertex 155.5 141 278
   vertex 155 141 277.5
   vertex 155 140.5 277
  endloop
 endfacet
 facet normal -0.57735026918962584 -0.57735026918962584 0.57735026918962584
  outer loop
   vertex 155.5 141 278
   vertex 155 140.5 277
   vertex 156 140.5 278
  endloop
 endfacet
 facet normal 0 -1 0
  outer loop
   vertex 156 140.5 278
   vertex 155 140.5 277
   vertex 156 140.5 277
  endloop
 endfacet
 facet normal -0.70710678118654746 -0.70710678118654746 0
  outer loop
   vertex 156.5 140 278
   vertex 156 140.5 277
   vertex 156.5 140 277
  endloop
 endfacet
 facet normal -0.70710678118654746 -0.70710678118654746 0
  outer loop
   vertex 156 140.5 278
   vertex 156 140.5 277
   vertex 156.5 140 278
  endloop
 endfacet
 facet normal 0.70710678118654746 -0.70710678118654746 0
  outer loop
   vertex 166.5 140 277
   vertex 167 140.5 278
   vertex 166.5 140 278
  endloop
 endfacet
 facet normal 0.70710678118654746 -0.70710678118654746 0
  outer loop
   vertex 167 140.5 277
   vertex 167 140.5 278
   vertex 166.5 140 277
  endloop
 endfacet
 facet normal 0 -1 -0
  outer loop
   vertex 168 140.5 277
   vertex 168 140.5 278
   vertex 167 140.5 277
  endloop
 endfacet
 facet normal -0 -1 0
  outer loop
   vertex 167 140.5 277
   vertex 168 140.5 278
   vertex 167 140.5 278
  endloop
 endfacet
 facet normal 0.70710678118654746 -0.70710678118654746 0
  outer loop
   vertex 168 140.5 278
   vertex 168 140.5 277
   vertex 168.5 141 277
  endloop
 endfacet
 facet normal 0.70710678118654746 -0.70710678118654746 0
  outer loop
   vertex 168.5 141 278
   vertex 168 140.5 278
   vertex 168.5 141 277
  endloop
 endfacet
 facet normal -0.70710678118654746 -0.70710678118654746 -0
  outer loop
   vertex 154 141.5 277
   vertex 154 141.5 278
   vertex 153.5 142 278
  endloop
 endfacet
 facet normal -0.70710678118654746 -0.70710678118654746 0
  outer loop
   vertex 153.5 142 277
   vertex 154 141.5 277
   vertex 153.5 142 278
  endloop
 endfacet
 facet normal -0.57735026918962584 -0.57735026918962584 0.57735026918962584
  outer loop
   vertex 155 141 277.5
   vertex 154 141.5 277
   vertex 154.5 141 277
  endloop
 endfacet
 facet normal -0.57735026918962584 -0.57735026918962584 0.57735026918962584
  outer loop
   vertex 155 141 277.5
   vertex 155 141.5 278
   vertex 154 141.5 277
  endloop
 endfacet
 facet normal 0 -1 0
  outer loop
   vertex 155 141.5 278
   vertex 154 141.5 278
   vertex 154 141.5 277
  endloop
 endfacet
 facet normal -0.57735026918962584 -0.57735026918962584 0.57735026918962584
  outer loop
   vertex 155.5 141 278
   vertex 155 141.5 278
   vertex 155 141 277.5
  endloop
 endfacet
 facet normal 1 0 0
  outer loop
   vertex 168.5 141 277
   vertex 168.5 142 277
   vertex 168.5 141 278
  endloop
 endfacet
 facet normal 1 0 -0
  outer loop
   vertex 168.5 141 278
   vertex 168.5 142 277
   vertex 168.5 142 278
  endloop
 endfacet
 facet normal -0.70710678118654746 -0.70710678118654746 -0
  outer loop
   vertex 153 142.5 277
   vertex 153 142.5 278
   vertex 152.5 143 278
  endloop
 endfacet
 facet normal -0.70710678118654746 -0.70710678118654746 0
  outer loop
   vertex 152.5 143 277
   vertex 153 142.5 277
   vertex 152.5 143 278
  endloop
 endfacet
 facet normal -0.70710678118654746 -0.70710678118654746 0
  outer loop
   vertex 153.5 142 278
   vertex 153 142.5 277
   vertex 153.5 142 277
  endloop
 endfacet
 facet normal -0.70710678118654746 -0.70710678118654746 0
  outer loop
   vertex 153 142.5 278
   vertex 153 142.5 277
   vertex 153.5 142 278
  endloop
 endfacet
 facet normal 1 0 0
  outer loop
   vertex 168.5 142 277
   vertex 168.5 143 277
   vertex 168.5 142 278
  endloop
 endfacet
 facet normal 1 0 -0
  outer loop
   vertex 168.5 142 278
   vertex 168.5 143 277
   vertex 168.5 143 278
  endloop
 endfacet
 facet normal -1 0 0
  outer loop
   vertex 152.5 143 277
   vertex 152.5 143 278
   vertex 152.5 144 277
  endloop
 endfacet
 facet normal -1 -0 -0
  outer loop
   vertex 152.5 143 278
   vertex 152.5 144 278
   vertex 152.5 144 277
  endloop
 endfacet
 facet normal 1 0 0
  outer loop
   vertex 168.5 143 277
   vertex 168.5 144 277
   vertex 168.5 143 278
  endloop
 endfacet
 facet normal 1 0 -0
  outer loop
   vertex 168.5 143 278
   vertex 168.5 144 277
   vertex 168.5 144 278
  endloop
 endfacet
 facet normal -1 0 0
  outer loop
   vertex 152.5 144 277
   vertex 152.5 144 278
   vertex 152.5 145 277
  endloop
 endfacet
 facet normal -1 -0 -0
  outer loop
   vertex 152.5 144 278
   vertex 152.5 145 278
   vertex 152.5 145 277
  endloop
 endfacet
 facet normal 1 0 0
  outer loop
   vertex 168.5 144 277
   vertex 168.5 145 277
   vertex 168.5 144 278
  endloop
 endfacet
 facet normal 1 0 -0
  outer loop
   vertex 168.5 144 278
   vertex 168.5 145 277
   vertex 168.5 145 278
  endloop
 endfacet
 facet normal -1 0 0
  outer loop
   vertex 152.5 145 277
   vertex 152.5 145 278
   vertex 152.5 146 277
  endloop
 endfacet
 facet normal -1 -0 -0
  outer loop
   vertex 152.5 145 278
   vertex 152.5 146 278
   vertex 152.5 146 277
  endloop
 endfacet
 facet normal 1 0 0
  outer loop
   vertex 168.5 145 277
   vertex 168.5 146 277
   vertex 168.5 145 278
  endloop
 endfacet
 facet normal 1 0 -0
  outer loop
   vertex 168.5 145 278
   vertex 168.5 146 277
   vertex 168.5 146 278
  endloop
 endfacet
 facet normal -1 0 0
  outer loop
   vertex 152.5 146 277
   vertex 152.5 146 278
   vertex 152.5 147 277
  endloop
 endfacet
 facet normal -1 -0 -0
  outer loop
   vertex 152.5 146 278
   vertex 152.5 147 278
   vertex 152.5 147 277
  endloop
 endfacet
 facet normal 1 0 0
  outer loop
   vertex 168.5 146 277
   vertex 168.5 147 277
   vertex 168.5 146 278
  endloop
 endfacet
 facet normal 1 0 -0
  outer loop
   vertex 168.5 146 278
   vertex 168.5 147 277
   vertex 168.5 147 278
  endloop
 endfacet
 facet normal -1 0 0
  outer loop
   vertex 152.5 147 277
   vertex 152.5 147 278
   vertex 152.5 148 277
  endloop
 endfacet
 facet normal -1 -0 -0
  outer loop
   vertex 152.5 147 278
   vertex 152.5 148 278
   vertex 152.5 148 277
  endloop
 endfacet
 facet normal 1 0 0
  outer loop
   vertex 168.5 147 277
   vertex 168.5 148 277
   vertex 168.5 147 278
  endloop
 endfacet
 facet normal 1 0 -0
  outer loop
   vertex 168.5 147 278
   vertex 168.5 148 277
   vertex 168.5 148 278
  endloop
 endfacet
 facet normal -1 0 0
  outer loop
   vertex 152.5 148 277
   vertex 152.5 148 278
   vertex 152.5 149 277
  endloop
 endfacet
 facet normal -1 -0 -0
  outer loop
   vertex 152.5 148 278
   vertex 152.5 149 278
   vertex 152.5 149 277
  endloop
 endfacet
 facet normal 1 0 0
  outer loop
   vertex 168.5 148 277
   vertex 168.5 149 277
   vertex 168.5 148 278
  endloop
 endfacet
 facet normal 1 0 -0
  outer loop
   vertex 168.5 148 278
   vertex 168.5 149 277
   vertex 168.5 149 278
  endloop
 endfacet
 facet normal -1 0 0
  outer loop
   vertex 152.5 149 277
   vertex 152.5 149 278
   vertex 152.5 150 277
  endloop
 endfacet
 facet normal -1 -0 -0
  outer loop
   vertex 152.5 149 278
   vertex 152.5 150 278
   vertex 152.5 150 277
  endloop
 endfacet
 facet normal 1 0 0
  outer loop
   vertex 168.5 149 277
   vertex 168.5 150 277
   vertex 168.5 149 278
  endloop
 endfacet
 facet normal 1 0 -0
  outer loop
   vertex 168.5 149 278
   vertex 168.5 150 277
   vertex 168.5 150 278
  endloop
 endfacet
 facet normal -1 0 0
  outer loop
   vertex 152.5 150 277
   vertex 152.5 150 278
   vertex 152.5 151 277
  endloop
 endfacet
 facet normal -1 -0 -0
  outer loop
   vertex 152.5 150 278
   vertex 152.5 151 278
   vertex 152.5 151 277
  endloop
 endfacet
 facet normal 0.70710678118654746 0.70710678118654746 0
  outer loop
   vertex 168 150.5 277
   vertex 167.5 151 278
   vertex 168 150.5 278
  endloop
 endfacet
 facet normal 0.70710678118654746 0.70710678118654746 0
  outer loop
   vertex 167.5 151 277
   vertex 167.5 151 278
   vertex 168 150.5 277
  endloop
 endfacet
 facet normal 0.70710678118654746 0.70710678118654746 -0
  outer loop
   vertex 168.5 150 278
   vertex 168.5 150 277
   vertex 168 150.5 277
  endloop
 endfacet
 facet normal 0.70710678118654746 0.70710678118654746 0
  outer loop
   vertex 168 150.5 278
   vertex 168.5 150 278
   vertex 168 150.5 277
  endloop
 endfacet
 facet normal -1 0 0
  outer loop
   vertex 152.5 151 277
   vertex 152.5 151 278
   vertex 152.5 152 277
  endloop
 endfacet
 facet normal -1 -0 -0
  outer loop
   vertex 152.5 151 278
   vertex 152.5 152 278
   vertex 152.5 152 277
  endloop
 endfacet
 facet normal 1 0 0
  outer loop
   vertex 167.5 151 277
   vertex 167.5 152 277
   vertex 167.5 151 278
  endloop
 endfacet
 facet normal 1 0 -0
  outer loop
   vertex 167.5 151 278
   vertex 167.5 152 277
   vertex 167.5 152 278
  endloop
 endfacet
 facet normal -0.70710678118654746 0.70710678118654746 0
  outer loop
   vertex 152.5 152 277
   vertex 152.5 152 278
   vertex 153 152.5 278
  endloop
 endfacet
 facet normal -0.70710678118654746 0.70710678118654746 0
  outer loop
   vertex 153 152.5 277
   vertex 152.5 152 277
   vertex 153 152.5 278
  endloop
 endfacet
 facet normal -0.70710678118654746 0.70710678118654746 0
  outer loop
   vertex 153 152.5 278
   vertex 153.5 153 277
   vertex 153 152.5 277
  endloop
 endfacet
 facet normal -0.70710678118654746 0.70710678118654746 0
  outer loop
   vertex 153.5 153 278
   vertex 153.5 153 277
   vertex 153 152.5 278
  endloop
 endfacet
 facet normal 0.70710678118654746 0.70710678118654746 0
  outer loop
   vertex 167 152.5 277
   vertex 166.5 153 278
   vertex 167 152.5 278
  endloop
 endfacet
 facet normal 0.70710678118654746 0.70710678118654746 0
  outer loop
   vertex 166.5 153 277
   vertex 166.5 153 278
   vertex 167 152.5 277
  endloop
 endfacet
 facet normal 0.70710678118654746 0.70710678118654746 -0
  outer loop
   vertex 167.5 152 278
   vertex 167.5 152 277
   vertex 167 152.5 277
  endloop
 endfacet
 facet normal 0.70710678118654746 0.70710678118654746 0
  outer loop
   vertex 167 152.5 278
   vertex 167.5 152 278
   vertex 167 152.5 277
  endloop
 endfacet
 facet normal -0.70710678118654746 0.70710678118654746 0
  outer loop
   vertex 153.5 153 277
   vertex 153.5 153 278
   vertex 154 153.5 278
  endloop
 endfacet
 facet normal -0.70710678118654746 0.70710678118654746 0
  outer loop
   vertex 154 153.5 277
   vertex 153.5 153 277
   vertex 154 153.5 278
  endloop
 endfacet
 facet normal -0.70710678118654746 0.70710678118654746 0
  outer loop
   vertex 154 153.5 278
   vertex 154.5 154 277
   vertex 154 153.5 277
  endloop
 endfacet
 facet normal -0.70710678118654746 0.70710678118654746 0
  outer loop
   vertex 154.5 154 278
   vertex 154.5 154 277
   vertex 154 153.5 278
  endloop
 endfacet
 facet normal 0.70710678118654746 0.70710678118654746 0
  outer loop
   vertex 166 153.5 277
   vertex 165.5 154 278
   vertex 166 153.5 278
  endloop
 endfacet
 facet normal 0.70710678118654746 0.70710678118654746 0
  outer loop
   vertex 165.5 154 277
   vertex 165.5 154 278
   vertex 166 153.5 277
  endloop
 endfacet
 facet normal 0.70710678118654746 0.70710678118654746 -0
  outer loop
   vertex 166.5 153 278
   vertex 166.5 153 277
   vertex 166 153.5 277
  endloop
 endfacet
 facet normal 0.70710678118654746 0.70710678118654746 0
  outer loop
   vertex 166 153.5 278
   vertex 166.5 153 278
   vertex 166 153.5 277
  endloop
 endfacet
 facet normal -1 0 0
  outer loop
   vertex 154.5 154 277
   vertex 154.5 154 278
   vertex 154.5 155 277
  endloop
 endfacet
 facet normal -1 -0 -0
  outer loop
   vertex 154.5 154 278
   vertex 154.5 155 278
   vertex 154.5 155 277
  endloop
 endfacet
 facet normal 0.70710678118654746 0.70710678118654746 0
  outer loop
   vertex 165 154.5 277
   vertex 164.5 155 278
   vertex 165 154.5 278
  endloop
 endfacet
 facet normal 0.70710678118654746 0.70710678118654746 0
  outer loop
   vertex 164.5 155 277
   vertex 164.5 155 278
   vertex 165 154.5 277
  endloop
 endfacet
 facet normal 0.70710678118654746 0.70710678118654746 -0
  outer loop
   vertex 165.5 154 278
   vertex 165.5 154 277
   vertex 165 154.5 277
  endloop
 endfacet
 facet normal 0.70710678118654746 0.70710678118654746 0
  outer loop
   vertex 165 154.5 278
   vertex 165.5 154 278
   vertex 165 154.5 277
  endloop
 endfacet
 facet normal -0.70710678118654746 0.70710678118654746 0
  outer loop
   vertex 154.5 155 277
   vertex 154.5 155 278
   vertex 155 155.5 278
  endloop
 endfacet
 facet normal -0.70710678118654746 0.70710678118654746 0
  outer loop
   vertex 155 155.5 277
   vertex 154.5 155 277
   vertex 155 155.5 278
  endloop
 endfacet
 facet normal -0.70710678118654746 0.70710678118654746 0
  outer loop
   vertex 155 155.5 278
   vertex 155.5 156 277
   vertex 155 155.5 277
  endloop
 endfacet
 facet normal -0.70710678118654746 0.70710678118654746 0
  outer loop
   vertex 155.5 156 278
   vertex 155.5 156 277
   vertex 155 155.5 278
  endloop
 endfacet
 facet normal 0.70710678118654746 0.70710678118654746 0
  outer loop
   vertex 163 155.5 277
   vertex 162.5 156 278
   vertex 163 155.5 278
  endloop
 endfacet
 facet normal 0.70710678118654746 0.70710678118654746 0
  outer loop
   vertex 162.5 156 277
   vertex 162.5 156 278
   vertex 163 155.5 277
  endloop
 endfacet
 facet normal 0 1 0
  outer loop
   vertex 164 155.5 277
   vertex 163 155.5 277
   vertex 164 155.5 278
  endloop
 endfacet
 facet normal -0 1 0
  outer loop
   vertex 163 155.5 277
   vertex 163 155.5 278
   vertex 164 155.5 278
  endloop
 endfacet
 facet normal 0.70710678118654746 0.70710678118654746 -0
  outer loop
   vertex 164.5 155 278
   vertex 164.5 155 277
   vertex 164 155.5 277
  endloop
 endfacet
 facet normal 0.70710678118654746 0.70710678118654746 0
  outer loop
   vertex 164 155.5 278
   vertex 164.5 155 278
   vertex 164 155.5 277
  endloop
 endfacet
 facet normal -0.70710678118654746 0.70710678118654746 0
  outer loop
   vertex 155.5 156 277
   vertex 155.5 156 278
   vertex 156 156.5 278
  endloop
 endfacet
 facet normal -0.70710678118654746 0.70710678118654746 0
  outer loop
   vertex 156 156.5 277
   vertex 155.5 156 277
   vertex 156 156.5 278
  endloop
 endfacet
 facet normal 0 1 0
  outer loop
   vertex 157 156.5 277
   vertex 156 156.5 277
   vertex 157 156.5 278
  endloop
 endfacet
 facet normal -0 1 0
  outer loop
   vertex 156 156.5 277
   vertex 156 156.5 278
   vertex 157 156.5 278
  endloop
 endfacet
 facet normal 0 1 0
  outer loop
   vertex 158 156.5 277
   vertex 157 156.5 277
   vertex 158 156.5 278
  endloop
 endfacet
 facet normal -0 1 0
  outer loop
   vertex 157 156.5 277
   vertex 157 156.5 278
   vertex 158 156.5 278
  endloop
 endfacet
 facet normal -0.70710678118654746 0.70710678118654746 0
  outer loop
   vertex 158 156.5 278
   vertex 158.5 157 277
   vertex 158 156.5 277
  endloop
 endfacet
 facet normal -0.70710678118654746 0.70710678118654746 0
  outer loop
   vertex 158.5 157 278
   vertex 158.5 157 277
   vertex 158 156.5 278
  endloop
 endfacet
 facet normal 0.70710678118654746 0.70710678118654746 0
  outer loop
   vertex 160 156.5 277
   vertex 159.5 157 278
   vertex 160 156.5 278
  endloop
 endfacet
 facet normal 0.70710678118654746 0.70710678118654746 0
  outer loop
   vertex 159.5 157 277
   vertex 159.5 157 278
   vertex 160 156.5 277
  endloop
 endfacet
 facet normal 0 1 0
  outer loop
   vertex 161 156.5 277
   vertex 160 156.5 277
   vertex 161 156.5 278
  endloop
 endfacet
 facet normal -0 1 0
  outer loop
   vertex 160 156.5 277
   vertex 160 156.5 278
   vertex 161 156.5 278
  endloop
 endfacet
 facet normal 0 1 0
  outer loop
   vertex 162 156.5 277
   vertex 161 156.5 277
   vertex 162 156.5 278
  endloop
 endfacet
 facet normal -0 1 0
  outer loop
   vertex 161 156.5 277
   vertex 161 156.5 278
   vertex 162 156.5 278
  endloop
 endfacet
 facet normal 0.70710678118654746 0.70710678118654746 -0
  outer loop
   vertex 162.5 156 278
   vertex 162.5 156 277
   vertex 162 156.5 277
  endloop
 endfacet
 facet normal 0.70710678118654746 0.70710678118654746 0
  outer loop
   vertex 162 156.5 278
   vertex 162.5 156 278
   vertex 162 156.5 277
  endloop
 endfacet
 facet normal -0.70710678118654746 0.70710678118654746 0
  outer loop
   vertex 158.5 157 277
   vertex 158.5 157 278
   vertex 159 157.5 278
  endloop
 endfacet
 facet normal -0.70710678118654746 0.70710678118654746 0
  outer loop
   vertex 159 157.5 277
   vertex 158.5 157 277
   vertex 159 157.5 278
  endloop
 endfacet
 facet normal 0.70710678118654746 0.70710678118654746 -0
  outer loop
   vertex 159.5 157 278
   vertex 159.5 157 277
   vertex 159 157.5 277
  endloop
 endfacet
 facet normal 0.70710678118654746 0.70710678118654746 0
  outer loop
   vertex 159 157.5 278
   vertex 159.5 157 278
   vertex 159 157.5 277
  endloop
 endfacet
 facet normal -0.70710678118654746 -0.70710678118654746 -0
  outer loop
   vertex 160 138.5 278
   vertex 160 138.5 279
   vertex 159.5 139 279
  endloop
 endfacet
 facet normal -0.70710678118654746 -0.70710678118654746 0
  outer loop
   vertex 159.5 139 278
   vertex 160 138.5 278
   vertex 159.5 139 279
  endloop
 endfacet
 facet normal 0 -1 -0
  outer loop
   vertex 161 138.5 278
   vertex 161 138.5 279
   vertex 160 138.5 278
  endloop
 endfacet
 facet normal -0 -1 0
  outer loop
   vertex 160 138.5 278
   vertex 161 138.5 279
   vertex 160 138.5 279
  endloop
 endfacet
 facet normal 0 -1 -0
  outer loop
   vertex 162 138.5 278
   vertex 162 138.5 279
   vertex 161 138.5 278
  endloop
 endfacet
 facet normal -0 -1 0
  outer loop
   vertex 161 138.5 278
   vertex 162 138.5 279
   vertex 161 138.5 279
  endloop
 endfacet
 facet normal 0.57735026918962584 -0.57735026918962584 0.57735026918962584
  outer loop
   vertex 163 139 278.5
   vertex 162.5 139 279
   vertex 162 138.5 279
  endloop
 endfacet
 facet normal 0.57735026918962584 -0.57735026918962584 0.57735026918962584
  outer loop
   vertex 163 139 278.5
   vertex 162 138.5 279
   vertex 163 138.5 278
  endloop
 endfacet
 facet normal 0 -1 0
  outer loop
   vertex 163 138.5 278
   vertex 162 138.5 279
   vertex 162 138.5 278
  endloop
 endfacet
 facet normal 0 -0.70710678118654746 0.70710678118654746
  outer loop
   vertex 163 138.5 278
   vertex 164 138.5 278
   vertex 164 139 278.5
  endloop
 endfacet
 facet normal 0 -0.70710678118654746 0.70710678118654746
  outer loop
   vertex 163 139 278.5
   vertex 163 138.5 278
   vertex 164 139 278.5
  endloop
 endfacet
 facet normal 0.57735026918962584 -0.57735026918962584 0.57735026918962584
  outer loop
   vertex 164 138.5 278
   vertex 164.5 139 278
   vertex 164 139 278.5
  endloop
 endfacet
 facet normal -0.57735026918962584 -0.57735026918962584 0.57735026918962584
  outer loop
   vertex 157 139.5 278
   vertex 157 140 278.5
   vertex 156.5 140 278
  endloop
 endfacet
 facet normal -0.57735026918962584 -0.57735026918962584 0.57735026918962584
  outer loop
   vertex 157.5 140 279
   vertex 157 140 278.5
   vertex 157 139.5 278
  endloop
 endfacet
 facet normal -0.57735026918962584 -0.57735026918962584 0.57735026918962584
  outer loop
   vertex 157.5 140 279
   vertex 157 139.5 278
   vertex 158 139.5 279
  endloop
 endfacet
 facet normal 0 -1 0
  outer loop
   vertex 158 139.5 279
   vertex 157 139.5 278
   vertex 158 139.5 278
  endloop
 endfacet
 facet normal 0 -1 -0
  outer loop
   vertex 159 139.5 278
   vertex 159 139.5 279
   vertex 158 139.5 278
  endloop
 endfacet
 facet normal -0 -1 0
  outer loop
   vertex 158 139.5 278
   vertex 159 139.5 279
   vertex 158 139.5 279
  endloop
 endfacet
 facet normal -0.70710678118654746 -0.70710678118654746 0
  outer loop
   vertex 159.5 139 279
   vertex 159 139.5 278
   vertex 159.5 139 278
  endloop
 endfacet
 facet normal -0.70710678118654746 -0.70710678118654746 0
  outer loop
   vertex 159 139.5 279
   vertex 159 139.5 278
   vertex 159.5 139 279
  endloop
 endfacet
 facet normal 0.57735026918962584 -0.57735026918962584 0.57735026918962584
  outer loop
   vertex 163 139 278.5
   vertex 163 139.5 279
   vertex 162.5 139 279
  endloop
 endfacet
 facet normal 0 -0.70710678118654746 0.70710678118654746
  outer loop
   vertex 164 139 278.5
   vertex 163 139.5 279
   vertex 163 139 278.5
  endloop
 endfacet
 facet normal 0 -0.70710678118654746 0.70710678118654746
  outer loop
   vertex 164 139.5 279
   vertex 163 139.5 279
   vertex 164 139 278.5
  endloop
 endfacet
 facet normal 0.57735026918962584 -0.57735026918962584 0.57735026918962584
  outer loop
   vertex 164.5 139 278
   vertex 164 139.5 279
   vertex 164 139 278.5
  endloop
 endfacet
 facet normal 0.57735026918962584 -0.57735026918962584 0.57735026918962584
  outer loop
   vertex 164.5 139 278
   vertex 165 139.5 278
   vertex 164 139.5 279
  endloop
 endfacet
 facet normal -0 -1 -0
  outer loop
   vertex 165 139.5 278
   vertex 165 139.5 279
   vertex 164 139.5 279
  endloop
 endfacet
 facet normal 0 -1 -0
  outer loop
   vertex 166 139.5 278
   vertex 166 139.5 279
   vertex 165 139.5 278
  endloop
 endfacet
 facet normal -0 -1 0
  outer loop
   vertex 165 139.5 278
   vertex 166 139.5 279
   vertex 165 139.5 279
  endloop
 endfacet
 facet normal 0.70710678118654746 -0.70710678118654746 0
  outer loop
   vertex 166 139.5 279
   vertex 166 139.5 278
   vertex 166.5 140 278
  endloop
 endfacet
 facet normal 0.70710678118654746 -0.70710678118654746 0
  outer loop
   vertex 166.5 140 279
   vertex 166 139.5 279
   vertex 166.5 140 278
  endloop
 endfacet
 facet normal -0.70710678118654746 -0.70710678118654746 -0
  outer loop
   vertex 156 140.5 278
   vertex 156 140.5 279
   vertex 155.5 141 279
  endloop
 endfacet
 facet normal -0.70710678118654746 -0.70710678118654746 0
  outer loop
   vertex 155.5 141 278
   vertex 156 140.5 278
   vertex 155.5 141 279
  endloop
 endfacet
 facet normal -0.57735026918962584 -0.57735026918962584 0.57735026918962584
  outer loop
   vertex 157 140 278.5
   vertex 156 140.5 278
   vertex 156.5 140 278
  endloop
 endfacet
 facet normal -0.57735026918962584 -0.57735026918962584 0.57735026918962584
  outer loop
   vertex 157 140 278.5
   vertex 157 140.5 279
   vertex 156 140.5 278
  endloop
 endfacet
 facet normal 0 -1 0
  outer loop
   vertex 157 140.5 279
   vertex 156 140.5 279
   vertex 156 140.5 278
  endloop
 endfacet
 facet normal -0.57735026918962584 -0.57735026918962584 0.57735026918962584
  outer loop
   vertex 157.5 140 279
   vertex 157 140.5 279
   vertex 157 140 278.5
  endloop
 endfacet
 facet normal 0.70710678118654746 -0.70710678118654746 0
  outer loop
   vertex 166.5 140 278
   vertex 167 140.5 279
   vertex 166.5 140 279
  endloop
 endfacet
 facet normal 0.70710678118654746 -0.70710678118654746 0
  outer loop
   vertex 167 140.5 278
   vertex 167 140.5 279
   vertex 166.5 140 278
  endloop
 endfacet
 facet normal 0.57735026918962584 -0.57735026918962584 0.57735026918962584
  outer loop
   vertex 168 141 278.5
   vertex 167.5 141 279
   vertex 167 140.5 279
  endloop
 endfacet
 facet normal 0.57735026918962584 -0.57735026918962584 0.57735026918962584
  outer loop
   vertex 168 141 278.5
   vertex 167 140.5 279
   vertex 168 140.5 278
  endloop
 endfacet
 facet normal 0 -1 0
  outer loop
   vertex 168 140.5 278
   vertex 167 140.5 279
   vertex 167 140.5 278
  endloop
 endfacet
 facet normal 0.57735026918962584 -0.57735026918962584 0.57735026918962584
  outer loop
   vertex 168 140.5 278
   vertex 168.5 141 278
   vertex 168 141 278.5
  endloop
 endfacet
 facet normal -0.57735026918962584 -0.57735026918962584 0.57735026918962584
  outer loop
   vertex 154 141.5 278
   vertex 154 142 278.5
   vertex 153.5 142 278
  endloop
 endfacet
 facet normal -0.57735026918962584 -0.57735026918962584 0.57735026918962584
  outer loop
   vertex 154.5 142 279
   vertex 154 142 278.5
   vertex 154 141.5 278
  endloop
 endfacet
 facet normal -0.57735026918962584 -0.57735026918962584 0.57735026918962584
  outer loop
   vertex 154.5 142 279
   vertex 154 141.5 278
   vertex 155 141.5 279
  endloop
 endfacet
 facet normal 0 -1 0
  outer loop
   vertex 155 141.5 279
   vertex 154 141.5 278
   vertex 155 141.5 278
  endloop
 endfacet
 facet normal -0.70710678118654746 -0.70710678118654746 0
  outer loop
   vertex 155.5 141 279
   vertex 155 141.5 278
   vertex 155.5 141 278
  endloop
 endfacet
 facet normal -0.70710678118654746 -0.70710678118654746 0
  outer loop
   vertex 155 141.5 279
   vertex 155 141.5 278
   vertex 155.5 141 279
  endloop
 endfacet
 facet normal 0.57735026918962584 -0.57735026918962584 0.57735026918962584
  outer loop
   vertex 168 141 278.5
   vertex 168 141.5 279
   vertex 167.5 141 279
  endloop
 endfacet
 facet normal 0.57735026918962584 -0.57735026918962584 0.57735026918962584
  outer loop
   vertex 168 141.5 279
   vertex 168 141 278.5
   vertex 168.5 141 278
  endloop
 endfacet
 facet normal 0.57735026918962584 -0.57735026918962584 0.57735026918962584
  outer loop
   vertex 168 141.5 279
   vertex 168.5 141 278
   vertex 168.5 142 279
  endloop
 endfacet
 facet normal 1 0 0
  outer loop
   vertex 168.5 142 279
   vertex 168.5 141 278
   vertex 168.5 142 278
  endloop
 endfacet
 facet normal -0.57735026918962584 -0.57735026918962584 0.57735026918962584
  outer loop
   vertex 153 142.5 278
   vertex 153 143 278.5
   vertex 152.5 143 278
  endloop
 endfacet
 facet normal -0.57735026918962584 -0.57735026918962584 0.57735026918962584
  outer loop
   vertex 153 142.5 278
   vertex 153.5 143 279
   vertex 153 143 278.5
  endloop
 endfacet
 facet normal -0.57735026918962584 -0.57735026918962584 0.57735026918962584
  outer loop
   vertex 153.5 142 278
   vertex 153.5 143 279
   vertex 153 142.5 278
  endloop
 endfacet
 facet normal -0.57735026918962584 -0.57735026918962584 0.57735026918962584
  outer loop
   vertex 153.5 142 278
   vertex 154 142.5 279
   vertex 153.5 143 279
  endloop
 endfacet
 facet normal -0.57735026918962584 -0.57735026918962584 0.57735026918962584
  outer loop
   vertex 153.5 142 278
   vertex 154 142 278.5
   vertex 154 142.5 279
  endloop
 endfacet
 facet normal -0.57735026918962584 -0.57735026918962584 0.57735026918962584
  outer loop
   vertex 154.5 142 279
   vertex 154 142.5 279
   vertex 154 142 278.5
  endloop
 endfacet
 facet normal 1 0 0
  outer loop
   vertex 168.5 142 278
   vertex 168.5 143 278
   vertex 168.5 142 279
  endloop
 endfacet
 facet normal 1 0 -0
  outer loop
   vertex 168.5 142 279
   vertex 168.5 143 278
   vertex 168.5 143 279
  endloop
 endfacet
 facet normal -0.57735026918962584 -0.57735026918962584 0.57735026918962584
  outer loop
   vertex 153 143 278.5
   vertex 153 143.5 279
   vertex 152.5 144 279
  endloop
 endfacet
 facet normal -0.57735026918962584 -0.57735026918962584 0.57735026918962584
  outer loop
   vertex 153 143 278.5
   vertex 152.5 144 279
   vertex 152.5 143 278
  endloop
 endfacet
 facet normal -1 0 -0
  outer loop
   vertex 152.5 143 278
   vertex 152.5 144 279
   vertex 152.5 144 278
  endloop
 endfacet
 facet normal -0.57735026918962584 -0.57735026918962584 0.57735026918962584
  outer loop
   vertex 153.5 143 279
   vertex 153 143.5 279
   vertex 153 143 278.5
  endloop
 endfacet
 facet normal 1 0 0
  outer loop
   vertex 168.5 143 278
   vertex 168.5 144 278
   vertex 168.5 143 279
  endloop
 endfacet
 facet normal 1 0 -0
  outer loop
   vertex 168.5 143 279
   vertex 168.5 144 278
   vertex 168.5 144 279
  endloop
 endfacet
 facet normal -1 0 0
  outer loop
   vertex 152.5 144 278
   vertex 152.5 144 279
   vertex 152.5 145 278
  endloop
 endfacet
 facet normal -1 -0 -0
  outer loop
   vertex 152.5 144 279
   vertex 152.5 145 279
   vertex 152.5 145 278
  endloop
 endfacet
 facet normal 1 0 0
  outer loop
   vertex 168.5 144 278
   vertex 168.5 145 278
   vertex 168.5 144 279
  endloop
 endfacet
 facet normal 1 0 -0
  outer loop
   vertex 168.5 144 279
   vertex 168.5 145 278
   vertex 168.5 145 279
  endloop
 endfacet
 facet normal -1 0 0
  outer loop
   vertex 152.5 145 278
   vertex 152.5 145 279
   vertex 152.5 146 278
  endloop
 endfacet
 facet normal -1 -0 -0
  outer loop
   vertex 152.5 145 279
   vertex 152.5 146 279
   vertex 152.5 146 278
  endloop
 endfacet
 facet normal 1 0 0
  outer loop
   vertex 168.5 145 278
   vertex 168.5 146 278
   vertex 168.5 145 279
  endloop
 endfacet
 facet normal 1 0 -0
  outer loop
   vertex 168.5 145 279
   vertex 168.5 146 278
   vertex 168.5 146 279
  endloop
 endfacet
 facet normal -1 0 0
  outer loop
   vertex 152.5 146 278
   vertex 152.5 146 279
   vertex 152.5 147 278
  endloop
 endfacet
 facet normal -1 -0 -0
  outer loop
   vertex 152.5 146 279
   vertex 152.5 147 279
   vertex 152.5 147 278
  endloop
 endfacet
 facet normal 1 0 0
  outer loop
   vertex 168.5 146 278
   vertex 168.5 147 278
   vertex 168.5 146 279
  endloop
 endfacet
 facet normal 1 0 -0
  outer loop
   vertex 168.5 146 279
   vertex 168.5 147 278
   vertex 168.5 147 279
  endloop
 endfacet
 facet normal -1 0 0
  outer loop
   vertex 152.5 147 278
   vertex 152.5 147 279
   vertex 152.5 148 278
  endloop
 endfacet
 facet normal -1 -0 -0
  outer loop
   vertex 152.5 147 279
   vertex 152.5 148 279
   vertex 152.5 148 278
  endloop
 endfacet
 facet normal 1 0 0
  outer loop
   vertex 168.5 147 278
   vertex 168.5 148 278
   vertex 168.5 147 279
  endloop
 endfacet
 facet normal 1 0 -0
  outer loop
   vertex 168.5 147 279
   vertex 168.5 148 278
   vertex 168.5 148 279
  endloop
 endfacet
 facet normal -1 0 0
  outer loop
   vertex 152.5 148 278
   vertex 152.5 148 279
   vertex 152.5 149 278
  endloop
 endfacet
 facet normal -1 -0 -0
  outer loop
   vertex 152.5 148 279
   vertex 152.5 149 279
   vertex 152.5 149 278
  endloop
 endfacet
 facet normal 1 0 0
  outer loop
   vertex 168.5 148 278
   vertex 168.5 149 278
   vertex 168.5 148 279
  endloop
 endfacet
 facet normal 1 0 -0
  outer loop
   vertex 168.5 148 279
   vertex 168.5 149 278
   vertex 168.5 149 279
  endloop
 endfacet
 facet normal -1 0 0
  outer loop
   vertex 152.5 149 278
   vertex 152.5 149 279
   vertex 152.5 150 278
  endloop
 endfacet
 facet normal -1 -0 -0
  outer loop
   vertex 152.5 149 279
   vertex 152.5 150 279
   vertex 152.5 150 278
  endloop
 endfacet
 facet normal 1 0 0
  outer loop
   vertex 168.5 149 278
   vertex 168.5 150 278
   vertex 168.5 149 279
  endloop
 endfacet
 facet normal 1 0 -0
  outer loop
   vertex 168.5 149 279
   vertex 168.5 150 278
   vertex 168.5 150 279
  endloop
 endfacet
 facet normal -1 0 0
  outer loop
   vertex 152.5 150 278
   vertex 152.5 150 279
   vertex 152.5 151 278
  endloop
 endfacet
 facet normal -1 -0 -0
  outer loop
   vertex 152.5 150 279
   vertex 152.5 151 279
   vertex 152.5 151 278
  endloop
 endfacet
 facet normal 0.70710678118654746 0.70710678118654746 0
  outer loop
   vertex 168 150.5 278
   vertex 167.5 151 279
   vertex 168 150.5 279
  endloop
 endfacet
 facet normal 0.70710678118654746 0.70710678118654746 0
  outer loop
   vertex 167.5 151 278
   vertex 167.5 151 279
   vertex 168 150.5 278
  endloop
 endfacet
 facet normal 0.70710678118654746 0.70710678118654746 -0
  outer loop
   vertex 168.5 150 279
   vertex 168.5 150 278
   vertex 168 150.5 278
  endloop
 endfacet
 facet normal 0.70710678118654746 0.70710678118654746 0
  outer loop
   vertex 168 150.5 279
   vertex 168.5 150 279
   vertex 168 150.5 278
  endloop
 endfacet
 facet normal -1 0 0
  outer loop
   vertex 152.5 151 278
   vertex 152.5 151 279
   vertex 152.5 152 278
  endloop
 endfacet
 facet normal -1 -0 -0
  outer loop
   vertex 152.5 151 279
   vertex 152.5 152 279
   vertex 152.5 152 278
  endloop
 endfacet
 facet normal 1 0 0
  outer loop
   vertex 167.5 151 278
   vertex 167.5 152 278
   vertex 167.5 151 279
  endloop
 endfacet
 facet normal 1 0 -0
  outer loop
   vertex 167.5 151 279
   vertex 167.5 152 278
   vertex 167.5 152 279
  endloop
 endfacet
 facet normal -0.70710678118654746 0.70710678118654746 0
  outer loop
   vertex 152.5 152 278
   vertex 152.5 152 279
   vertex 153 152.5 279
  endloop
 endfacet
 facet normal -0.70710678118654746 0.70710678118654746 0
  outer loop
   vertex 153 152.5 278
   vertex 152.5 152 278
   vertex 153 152.5 279
  endloop
 endfacet
 facet normal -0.70710678118654746 0.70710678118654746 0
  outer loop
   vertex 153 152.5 279
   vertex 153.5 153 278
   vertex 153 152.5 278
  endloop
 endfacet
 facet normal -0.70710678118654746 0.70710678118654746 0
  outer loop
   vertex 153.5 153 279
   vertex 153.5 153 278
   vertex 153 152.5 279
  endloop
 endfacet
 facet normal 0.70710678118654746 0.70710678118654746 0
  outer loop
   vertex 167 152.5 278
   vertex 166.5 153 279
   vertex 167 152.5 279
  endloop
 endfacet
 facet normal 0.70710678118654746 0.70710678118654746 0
  outer loop
   vertex 166.5 153 278
   vertex 166.5 153 279
   vertex 167 152.5 278
  endloop
 endfacet
 facet normal 0.70710678118654746 0.70710678118654746 -0
  outer loop
   vertex 167.5 152 279
   vertex 167.5 152 278
   vertex 167 152.5 278
  endloop
 endfacet
 facet normal 0.70710678118654746 0.70710678118654746 0
  outer loop
   vertex 167 152.5 279
   vertex 167.5 152 279
   vertex 167 152.5 278
  endloop
 endfacet
 facet normal -0.57735026918962584 0.57735026918962584 -0.57735026918962584
  outer loop
   vertex 154 154 278.5
   vertex 154 153.5 278
   vertex 153.5 153 278
  endloop
 endfacet
 facet normal -0.57735026918962584 0.57735026918962584 -0.57735026918962584
  outer loop
   vertex 154 154 278.5
   vertex 153.5 153 278
   vertex 153.5 154 279
  endloop
 endfacet
 facet normal -1 0 0
  outer loop
   vertex 153.5 154 279
   vertex 153.5 153 278
   vertex 153.5 153 279
  endloop
 endfacet
 facet normal -0.57735026918962584 0.57735026918962584 -0.57735026918962584
  outer loop
   vertex 154 153.5 278
   vertex 154 154 278.5
   vertex 154.5 154 278
  endloop
 endfacet
 facet normal 0.70710678118654746 0.70710678118654746 0
  outer loop
   vertex 166 153.5 278
   vertex 165.5 154 279
   vertex 166 153.5 279
  endloop
 endfacet
 facet normal 0.70710678118654746 0.70710678118654746 0
  outer loop
   vertex 165.5 154 278
   vertex 165.5 154 279
   vertex 166 153.5 278
  endloop
 endfacet
 facet normal 0.70710678118654746 0.70710678118654746 -0
  outer loop
   vertex 166.5 153 279
   vertex 166.5 153 278
   vertex 166 153.5 278
  endloop
 endfacet
 facet normal 0.70710678118654746 0.70710678118654746 0
  outer loop
   vertex 166 153.5 279
   vertex 166.5 153 279
   vertex 166 153.5 278
  endloop
 endfacet
 facet normal -0.57735026918962584 0.57735026918962584 -0.57735026918962584
  outer loop
   vertex 154 154 278.5
   vertex 153.5 154 279
   vertex 154 154.5 279
  endloop
 endfacet
 facet normal -0.57735026918962584 0.57735026918962584 -0.57735026918962584
  outer loop
   vertex 154 154.5 279
   vertex 154.5 154 278
   vertex 154 154 278.5
  endloop
 endfacet
 facet normal -0.57735026918962584 0.57735026918962584 -0.57735026918962584
  outer loop
   vertex 154 154.5 279
   vertex 154.5 155 279
   vertex 154.5 154 278
  endloop
 endfacet
 facet normal -1 0 0
  outer loop
   vertex 154.5 155 279
   vertex 154.5 155 278
   vertex 154.5 154 278
  endloop
 endfacet
 facet normal 0.70710678118654746 0.70710678118654746 0
  outer loop
   vertex 165 154.5 278
   vertex 164.5 155 279
   vertex 165 154.5 279
  endloop
 endfacet
 facet normal 0.70710678118654746 0.70710678118654746 0
  outer loop
   vertex 164.5 155 278
   vertex 164.5 155 279
   vertex 165 154.5 278
  endloop
 endfacet
 facet normal 0.70710678118654746 0.70710678118654746 -0
  outer loop
   vertex 165.5 154 279
   vertex 165.5 154 278
   vertex 165 154.5 278
  endloop
 endfacet
 facet normal 0.70710678118654746 0.70710678118654746 0
  outer loop
   vertex 165 154.5 279
   vertex 165.5 154 279
   vertex 165 154.5 278
  endloop
 endfacet
 facet normal -0.70710678118654746 0.70710678118654746 0
  outer loop
   vertex 154.5 155 278
   vertex 154.5 155 279
   vertex 155 155.5 279
  endloop
 endfacet
 facet normal -0.70710678118654746 0.70710678118654746 0
  outer loop
   vertex 155 155.5 278
   vertex 154.5 155 278
   vertex 155 155.5 279
  endloop
 endfacet
 facet normal -0.70710678118654746 0.70710678118654746 0
  outer loop
   vertex 155 155.5 279
   vertex 155.5 156 278
   vertex 155 155.5 278
  endloop
 endfacet
 facet normal -0.70710678118654746 0.70710678118654746 0
  outer loop
   vertex 155.5 156 279
   vertex 155.5 156 278
   vertex 155 155.5 279
  endloop
 endfacet
 facet normal 0.70710678118654746 0.70710678118654746 0
  outer loop
   vertex 163 155.5 278
   vertex 162.5 156 279
   vertex 163 155.5 279
  endloop
 endfacet
 facet normal 0.70710678118654746 0.70710678118654746 0
  outer loop
   vertex 162.5 156 278
   vertex 162.5 156 279
   vertex 163 155.5 278
  endloop
 endfacet
 facet normal 0 1 0
  outer loop
   vertex 164 155.5 278
   vertex 163 155.5 278
   vertex 164 155.5 279
  endloop
 endfacet
 facet normal -0 1 0
  outer loop
   vertex 163 155.5 278
   vertex 163 155.5 279
   vertex 164 155.5 279
  endloop
 endfacet
 facet normal 0.70710678118654746 0.70710678118654746 -0
  outer loop
   vertex 164.5 155 279
   vertex 164.5 155 278
   vertex 164 155.5 278
  endloop
 endfacet
 facet normal 0.70710678118654746 0.70710678118654746 0
  outer loop
   vertex 164 155.5 279
   vertex 164.5 155 279
   vertex 164 155.5 278
  endloop
 endfacet
 facet normal -0.70710678118654746 0.70710678118654746 0
  outer loop
   vertex 155.5 156 278
   vertex 155.5 156 279
   vertex 156 156.5 279
  endloop
 endfacet
 facet normal -0.70710678118654746 0.70710678118654746 0
  outer loop
   vertex 156 156.5 278
   vertex 155.5 156 278
   vertex 156 156.5 279
  endloop
 endfacet
 facet normal 0 1 0
  outer loop
   vertex 157 156.5 278
   vertex 156 156.5 278
   vertex 157 156.5 279
  endloop
 endfacet
 facet normal -0 1 0
  outer loop
   vertex 156 156.5 278
   vertex 156 156.5 279
   vertex 157 156.5 279
  endloop
 endfacet
 facet normal 0 1 0
  outer loop
   vertex 158 156.5 278
   vertex 157 156.5 278
   vertex 158 156.5 279
  endloop
 endfacet
 facet normal -0 1 0
  outer loop
   vertex 157 156.5 278
   vertex 157 156.5 279
   vertex 158 156.5 279
  endloop
 endfacet
 facet normal -0.57735026918962584 0.57735026918962584 0.57735026918962584
  outer loop
   vertex 158.5 157 278
   vertex 159 156.5 279
   vertex 159 157 278.5
  endloop
 endfacet
 facet normal -0.57735026918962584 0.57735026918962584 0.57735026918962584
  outer loop
   vertex 158.5 157 278
   vertex 158 156.5 278
   vertex 159 156.5 279
  endloop
 endfacet
 facet normal -0 1 0
  outer loop
   vertex 158 156.5 278
   vertex 158 156.5 279
   vertex 159 156.5 279
  endloop
 endfacet
 facet normal 0.57735026918962584 0.57735026918962584 0.57735026918962584
  outer loop
   vertex 159 157 278.5
   vertex 160 156.5 278
   vertex 159.5 157 278
  endloop
 endfacet
 facet normal 0.57735026918962584 0.57735026918962584 0.57735026918962584
  outer loop
   vertex 159 157 278.5
   vertex 159 156.5 279
   vertex 160 156.5 278
  endloop
 endfacet
 facet normal 0 1 0
  outer loop
   vertex 159 156.5 279
   vertex 160 156.5 279
   vertex 160 156.5 278
  endloop
 endfacet
 facet normal 0 1 0
  outer loop
   vertex 161 156.5 278
   vertex 160 156.5 278
   vertex 161 156.5 279
  endloop
 endfacet
 facet normal -0 1 0
  outer loop
   vertex 160 156.5 278
   vertex 160 156.5 279
   vertex 161 156.5 279
  endloop
 endfacet
 facet normal 0 1 0
  outer loop
   vertex 162 156.5 278
   vertex 161 156.5 278
   vertex 162 156.5 279
  endloop
 endfacet
 facet normal -0 1 0
  outer loop
   vertex 161 156.5 278
   vertex 161 156.5 279
   vertex 162 156.5 279
  endloop
 endfacet
 facet normal 0.70710678118654746 0.70710678118654746 -0
  outer loop
   vertex 162.5 156 279
   vertex 162.5 156 278
   vertex 162 156.5 278
  endloop
 endfacet
 facet normal 0.70710678118654746 0.70710678118654746 0
  outer loop
   vertex 162 156.5 279
   vertex 162.5 156 279
   vertex 162 156.5 278
  endloop
 endfacet
 facet normal -0.57735026918962584 0.57735026918962584 0.57735026918962584
  outer loop
   vertex 158.5 157 278
   vertex 159 157 278.5
   vertex 159 157.5 278
  endloop
 endfacet
 facet normal 0.57735026918962584 0.57735026918962584 0.57735026918962584
  outer loop
   vertex 159.5 157 278
   vertex 159 157.5 278
   vertex 159 157 278.5
  endloop
 endfacet
 facet normal -0.57735026918962584 -0.57735026918962584 0.57735026918962584
  outer loop
   vertex 160 138.5 279
   vertex 160 139 279.5
   vertex 159.5 139 279
  endloop
 endfacet
 facet normal -0.57735026918962584 -0.57735026918962584 0.57735026918962584
  outer loop
   vertex 160.5 139 280
   vertex 160 139 279.5
   vertex 160 138.5 279
  endloop
 endfacet
 facet normal -0.57735026918962584 -0.57735026918962584 0.57735026918962584
  outer loop
   vertex 160.5 139 280
   vertex 160 138.5 279
   vertex 161 138.5 280
  endloop
 endfacet
 facet normal 0 -1 0
  outer loop
   vertex 161 138.5 280
   vertex 160 138.5 279
   vertex 161 138.5 279
  endloop
 endfacet
 facet normal 0.57735026918962584 -0.57735026918962584 0.57735026918962584
  outer loop
   vertex 162 139 279.5
   vertex 161.5 139 280
   vertex 161 138.5 280
  endloop
 endfacet
 facet normal 0.57735026918962584 -0.57735026918962584 0.57735026918962584
  outer loop
   vertex 162 139 279.5
   vertex 161 138.5 280
   vertex 162 138.5 279
  endloop
 endfacet
 facet normal 0 -1 0
  outer loop
   vertex 162 138.5 279
   vertex 161 138.5 280
   vertex 161 138.5 279
  endloop
 endfacet
 facet normal 0.57735026918962584 -0.57735026918962584 0.57735026918962584
  outer loop
   vertex 162 138.5 279
   vertex 162.5 139 279
   vertex 162 139 279.5
  endloop
 endfacet
 facet normal -0.70710678118654746 -0.70710678118654746 -0
  outer loop
   vertex 158 139.5 279
   vertex 158 139.5 280
   vertex 157.5 140 280
  endloop
 endfacet
 facet normal -0.70710678118654746 -0.70710678118654746 0
  outer loop
   vertex 157.5 140 279
   vertex 158 139.5 279
   vertex 157.5 140 280
  endloop
 endfacet
 facet normal 0 -1 -0
  outer loop
   vertex 159 139.5 279
   vertex 159 139.5 280
   vertex 158 139.5 279
  endloop
 endfacet
 facet normal -0 -1 0
  outer loop
   vertex 158 139.5 279
   vertex 159 139.5 280
   vertex 158 139.5 280
  endloop
 endfacet
 facet normal -0.57735026918962584 -0.57735026918962584 0.57735026918962584
  outer loop
   vertex 160 139 279.5
   vertex 159 139.5 279
   vertex 159.5 139 279
  endloop
 endfacet
 facet normal -0.57735026918962584 -0.57735026918962584 0.57735026918962584
  outer loop
   vertex 160 139 279.5
   vertex 160 139.5 280
   vertex 159 139.5 279
  endloop
 endfacet
 facet normal 0 -1 0
  outer loop
   vertex 160 139.5 280
   vertex 159 139.5 280
   vertex 159 139.5 279
  endloop
 endfacet
 facet normal -0.57735026918962584 -0.57735026918962584 0.57735026918962584
  outer loop
   vertex 160.5 139 280
   vertex 160 139.5 280
   vertex 160 139 279.5
  endloop
 endfacet
 facet normal 0.57735026918962584 -0.57735026918962584 0.57735026918962584
  outer loop
   vertex 162 139 279.5
   vertex 162 139.5 280
   vertex 161.5 139 280
  endloop
 endfacet
 facet normal 0.57735026918962584 -0.57735026918962584 0.57735026918962584
  outer loop
   vertex 162.5 139 279
   vertex 162 139.5 280
   vertex 162 139 279.5
  endloop
 endfacet
 facet normal 0.57735026918962584 -0.57735026918962584 0.57735026918962584
  outer loop
   vertex 162.5 139 279
   vertex 163 139.5 279
   vertex 162 139.5 280
  endloop
 endfacet
 facet normal -0 -1 -0
  outer loop
   vertex 163 139.5 279
   vertex 163 139.5 280
   vertex 162 139.5 280
  endloop
 endfacet
 facet normal 0 -1 -0
  outer loop
   vertex 164 139.5 279
   vertex 164 139.5 280
   vertex 163 139.5 279
  endloop
 endfacet
 facet normal -0 -1 0
  outer loop
   vertex 163 139.5 279
   vertex 164 139.5 280
   vertex 163 139.5 280
  endloop
 endfacet
 facet normal 0 -1 -0
  outer loop
   vertex 165 139.5 279
   vertex 165 139.5 280
   vertex 164 139.5 279
  endloop
 endfacet
 facet normal -0 -1 0
  outer loop
   vertex 164 139.5 279
   vertex 165 139.5 280
   vertex 164 139.5 280
  endloop
 endfacet
 facet normal 0.57735026918962584 -0.57735026918962584 0.57735026918962584
  outer loop
   vertex 166 140 279.5
   vertex 165.5 140 280
   vertex 165 139.5 280
  endloop
 endfacet
 facet normal 0.57735026918962584 -0.57735026918962584 0.57735026918962584
  outer loop
   vertex 166 140 279.5
   vertex 165 139.5 280
   vertex 166 139.5 279
  endloop
 endfacet
 facet normal 0 -1 0
  outer loop
   vertex 166 139.5 279
   vertex 165 139.5 280
   vertex 165 139.5 279
  endloop
 endfacet
 facet normal 0.57735026918962584 -0.57735026918962584 0.57735026918962584
  outer loop
   vertex 166 139.5 279
   vertex 166.5 140 279
   vertex 166 140 279.5
  endloop
 endfacet
 facet normal -0.70710678118654746 -0.70710678118654746 -0
  outer loop
   vertex 156 140.5 279
   vertex 156 140.5 280
   vertex 155.5 141 280
  endloop
 endfacet
 facet normal -0.70710678118654746 -0.70710678118654746 0
  outer loop
   vertex 155.5 141 279
   vertex 156 140.5 279
   vertex 155.5 141 280
  endloop
 endfacet
 facet normal 0 -1 -0
  outer loop
   vertex 157 140.5 279
   vertex 157 140.5 280
   vertex 156 140.5 279
  endloop
 endfacet
 facet normal -0 -1 0
  outer loop
   vertex 156 140.5 279
   vertex 157 140.5 280
   vertex 156 140.5 280
  endloop
 endfacet
 facet normal -0.70710678118654746 -0.70710678118654746 0
  outer loop
   vertex 157.5 140 280
   vertex 157 140.5 279
   vertex 157.5 140 279
  endloop
 endfacet
 facet normal -0.70710678118654746 -0.70710678118654746 0
  outer loop
   vertex 157 140.5 280
   vertex 157 140.5 279
   vertex 157.5 140 280
  endloop
 endfacet
 facet normal 0.57735026918962584 -0.57735026918962584 0.57735026918962584
  outer loop
   vertex 166 140 279.5
   vertex 166 140.5 280
   vertex 165.5 140 280
  endloop
 endfacet
 facet normal 0.57735026918962584 -0.57735026918962584 0.57735026918962584
  outer loop
   vertex 166.5 140 279
   vertex 166 140.5 280
   vertex 166 140 279.5
  endloop
 endfacet
 facet normal 0.57735026918962584 -0.57735026918962584 0.57735026918962584
  outer loop
   vertex 166.5 140 279
   vertex 167 140.5 279
   vertex 166 140.5 280
  endloop
 endfacet
 facet normal -0 -1 -0
  outer loop
   vertex 167 140.5 279
   vertex 167 140.5 280
   vertex 166 140.5 280
  endloop
 endfacet
 facet normal 0.70710678118654746 -0.70710678118654746 0
  outer loop
   vertex 167 140.5 280
   vertex 167 140.5 279
   vertex 167.5 141 279
  endloop
 endfacet
 facet normal 0.70710678118654746 -0.70710678118654746 0
  outer loop
   vertex 167.5 141 280
   vertex 167 140.5 280
   vertex 167.5 141 279
  endloop
 endfacet
 facet normal -0.70710678118654746 -0.70710678118654746 -0
  outer loop
   vertex 155 141.5 279
   vertex 155 141.5 280
   vertex 154.5 142 280
  endloop
 endfacet
 facet normal -0.70710678118654746 -0.70710678118654746 0
  outer loop
   vertex 154.5 142 279
   vertex 155 141.5 279
   vertex 154.5 142 280
  endloop
 endfacet
 facet normal -0.70710678118654746 -0.70710678118654746 0
  outer loop
   vertex 155.5 141 280
   vertex 155 141.5 279
   vertex 155.5 141 279
  endloop
 endfacet
 facet normal -0.70710678118654746 -0.70710678118654746 0
  outer loop
   vertex 155 141.5 280
   vertex 155 141.5 279
   vertex 155.5 141 280
  endloop
 endfacet
 facet normal 0.70710678118654746 -0.70710678118654746 0
  outer loop
   vertex 167.5 141 279
   vertex 168 141.5 280
   vertex 167.5 141 280
  endloop
 endfacet
 facet normal 0.70710678118654746 -0.70710678118654746 0
  outer loop
   vertex 168 141.5 279
   vertex 168 141.5 280
   vertex 167.5 141 279
  endloop
 endfacet
 facet normal 0.70710678118654746 -0.70710678118654746 0
  outer loop
   vertex 168 141.5 280
   vertex 168 141.5 279
   vertex 168.5 142 279
  endloop
 endfacet
 facet normal 0.70710678118654746 -0.70710678118654746 0
  outer loop
   vertex 168.5 142 280
   vertex 168 141.5 280
   vertex 168.5 142 279
  endloop
 endfacet
 facet normal -0.70710678118654746 -0.70710678118654746 -0
  outer loop
   vertex 154 142.5 279
   vertex 154 142.5 280
   vertex 153.5 143 280
  endloop
 endfacet
 facet normal -0.70710678118654746 -0.70710678118654746 0
  outer loop
   vertex 153.5 143 279
   vertex 154 142.5 279
   vertex 153.5 143 280
  endloop
 endfacet
 facet normal -0.70710678118654746 -0.70710678118654746 0
  outer loop
   vertex 154.5 142 280
   vertex 154 142.5 279
   vertex 154.5 142 279
  endloop
 endfacet
 facet normal -0.70710678118654746 -0.70710678118654746 0
  outer loop
   vertex 154 142.5 280
   vertex 154 142.5 279
   vertex 154.5 142 280
  endloop
 endfacet
 facet normal 1 0 0
  outer loop
   vertex 168.5 142 279
   vertex 168.5 143 279
   vertex 168.5 142 280
  endloop
 endfacet
 facet normal 1 0 -0
  outer loop
   vertex 168.5 142 280
   vertex 168.5 143 279
   vertex 168.5 143 280
  endloop
 endfacet
 facet normal -0.57735026918962584 -0.57735026918962584 0.57735026918962584
  outer loop
   vertex 153 143.5 279
   vertex 153 144 279.5
   vertex 152.5 144 279
  endloop
 endfacet
 facet normal -0.57735026918962584 -0.57735026918962584 0.57735026918962584
  outer loop
   vertex 153 143.5 279
   vertex 153.5 144 280
   vertex 153 144 279.5
  endloop
 endfacet
 facet normal -0.57735026918962584 -0.57735026918962584 0.57735026918962584
  outer loop
   vertex 153 143.5 279
   vertex 153.5 143 279
   vertex 153.5 144 280
  endloop
 endfacet
 facet normal -1 0 0
  outer loop
   vertex 153.5 143 279
   vertex 153.5 143 280
   vertex 153.5 144 280
  endloop
 endfacet
 facet normal 1 0 0
  outer loop
   vertex 168.5 143 279
   vertex 168.5 144 279
   vertex 168.5 143 280
  endloop
 endfacet
 facet normal 1 0 -0
  outer loop
   vertex 168.5 143 280
   vertex 168.5 144 279
   vertex 168.5 144 280
  endloop
 endfacet
 facet normal -0.70710678118654746 0 0.70710678118654746
  outer loop
   vertex 153 144 279.5
   vertex 153 145 279.5
   vertex 152.5 145 279
  endloop
 endfacet
 facet normal -0.70710678118654746 0 0.70710678118654746
  outer loop
   vertex 152.5 144 279
   vertex 153 144 279.5
   vertex 152.5 145 279
  endloop
 endfacet
 facet normal -0.70710678118654746 0 0.70710678118654746
  outer loop
   vertex 153.5 145 280
   vertex 153 144 279.5
   vertex 153.5 144 280
  endloop
 endfacet
 facet normal -0.70710678118654746 0 0.70710678118654746
  outer loop
   vertex 153 145 279.5
   vertex 153 144 279.5
   vertex 153.5 145 280
  endloop
 endfacet
 facet normal 1 0 0
  outer loop
   vertex 168.5 144 279
   vertex 168.5 145 279
   vertex 168.5 144 280
  endloop
 endfacet
 facet normal 1 0 -0
  outer loop
   vertex 168.5 144 280
   vertex 168.5 145 279
   vertex 168.5 145 280
  endloop
 endfacet
 facet normal -0.57735026918962584 -0.57735026918962584 0.57735026918962584
  outer loop
   vertex 153 145 279.5
   vertex 153 145.5 280
   vertex 152.5 146 280
  endloop
 endfacet
 facet normal -0.57735026918962584 -0.57735026918962584 0.57735026918962584
  outer loop
   vertex 153 145 279.5
   vertex 152.5 146 280
   vertex 152.5 145 279
  endloop
 endfacet
 facet normal -1 0 -0
  outer loop
   vertex 152.5 145 279
   vertex 152.5 146 280
   vertex 152.5 146 279
  endloop
 endfacet
 facet normal -0.57735026918962584 -0.57735026918962584 0.57735026918962584
  outer loop
   vertex 153.5 145 280
   vertex 153 145.5 280
   vertex 153 145 279.5
  endloop
 endfacet
 facet normal 1 0 0
  outer loop
   vertex 168.5 145 279
   vertex 168.5 146 279
   vertex 168.5 145 280
  endloop
 endfacet
 facet normal 1 0 -0
  outer loop
   vertex 168.5 145 280
   vertex 168.5 146 279
   vertex 168.5 146 280
  endloop
 endfacet
 facet normal -1 0 0
  outer loop
   vertex 152.5 146 279
   vertex 152.5 146 280
   vertex 152.5 147 279
  endloop
 endfacet
 facet normal -1 -0 -0
  outer loop
   vertex 152.5 146 280
   vertex 152.5 147 280
   vertex 152.5 147 279
  endloop
 endfacet
 facet normal 1 0 0
  outer loop
   vertex 168.5 146 279
   vertex 168.5 147 279
   vertex 168.5 146 280
  endloop
 endfacet
 facet normal 1 0 -0
  outer loop
   vertex 168.5 146 280
   vertex 168.5 147 279
   vertex 168.5 147 280
  endloop
 endfacet
 facet normal -1 0 0
  outer loop
   vertex 152.5 147 279
   vertex 152.5 147 280
   vertex 152.5 148 279
  endloop
 endfacet
 facet normal -1 -0 -0
  outer loop
   vertex 152.5 147 280
   vertex 152.5 148 280
   vertex 152.5 148 279
  endloop
 endfacet
 facet normal 1 0 0
  outer loop
   vertex 168.5 147 279
   vertex 168.5 148 279
   vertex 168.5 147 280
  endloop
 endfacet
 facet normal 1 0 -0
  outer loop
   vertex 168.5 147 280
   vertex 168.5 148 279
   vertex 168.5 148 280
  endloop
 endfacet
 facet normal -1 0 0
  outer loop
   vertex 152.5 148 279
   vertex 152.5 148 280
   vertex 152.5 149 279
  endloop
 endfacet
 facet normal -1 -0 -0
  outer loop
   vertex 152.5 148 280
   vertex 152.5 149 280
   vertex 152.5 149 279
  endloop
 endfacet
 facet normal 1 0 0
  outer loop
   vertex 168.5 148 279
   vertex 168.5 149 279
   vertex 168.5 148 280
  endloop
 endfacet
 facet normal 1 0 -0
  outer loop
   vertex 168.5 148 280
   vertex 168.5 149 279
   vertex 168.5 149 280
  endloop
 endfacet
 facet normal -1 0 0
  outer loop
   vertex 152.5 149 279
   vertex 152.5 149 280
   vertex 152.5 150 279
  endloop
 endfacet
 facet normal -1 -0 -0
  outer loop
   vertex 152.5 149 280
   vertex 152.5 150 280
   vertex 152.5 150 279
  endloop
 endfacet
 facet normal 0.57735026918962584 0.57735026918962584 0.57735026918962584
  outer loop
   vertex 168 150 279.5
   vertex 167.5 150 280
   vertex 168 149.5 280
  endloop
 endfacet
 facet normal 0.57735026918962584 0.57735026918962584 0.57735026918962584
  outer loop
   vertex 168 150 279.5
   vertex 168 149.5 280
   vertex 168.5 149 280
  endloop
 endfacet
 facet normal 0.57735026918962584 0.57735026918962584 0.57735026918962584
  outer loop
   vertex 168 150 279.5
   vertex 168.5 149 280
   vertex 168.5 150 279
  endloop
 endfacet
 facet normal 1 0 0
  outer loop
   vertex 168.5 150 279
   vertex 168.5 149 280
   vertex 168.5 149 279
  endloop
 endfacet
 facet normal -1 0 0
  outer loop
   vertex 152.5 150 279
   vertex 152.5 150 280
   vertex 152.5 151 279
  endloop
 endfacet
 facet normal -1 -0 -0
  outer loop
   vertex 152.5 150 280
   vertex 152.5 151 280
   vertex 152.5 151 279
  endloop
 endfacet
 facet normal 0.57735026918962584 0.57735026918962584 0.57735026918962584
  outer loop
   vertex 168 150.5 279
   vertex 167.5 150 280
   vertex 168 150 279.5
  endloop
 endfacet
 facet normal 0.57735026918962584 0.57735026918962584 0.57735026918962584
  outer loop
   vertex 168 150.5 279
   vertex 167.5 151 279
   vertex 167.5 150 280
  endloop
 endfacet
 facet normal 1 0 0
  outer loop
   vertex 167.5 151 279
   vertex 167.5 151 280
   vertex 167.5 150 280
  endloop
 endfacet
 facet normal 0.57735026918962584 0.57735026918962584 0.57735026918962584
  outer loop
   vertex 168.5 150 279
   vertex 168 150.5 279
   vertex 168 150 279.5
  endloop
 endfacet
 facet normal -1 0 0
  outer loop
   vertex 152.5 151 279
   vertex 152.5 151 280
   vertex 152.5 152 279
  endloop
 endfacet
 facet normal -1 -0 -0
  outer loop
   vertex 152.5 151 280
   vertex 152.5 152 280
   vertex 152.5 152 279
  endloop
 endfacet
 facet normal 0.57735026918962584 0.57735026918962584 0.57735026918962584
  outer loop
   vertex 167 152 279.5
   vertex 166.5 152 280
   vertex 167 151.5 280
  endloop
 endfacet
 facet normal 0.57735026918962584 0.57735026918962584 0.57735026918962584
  outer loop
   vertex 167 152 279.5
   vertex 167 151.5 280
   vertex 167.5 151 280
  endloop
 endfacet
 facet normal 0.57735026918962584 0.57735026918962584 0.57735026918962584
  outer loop
   vertex 167 152 279.5
   vertex 167.5 151 280
   vertex 167.5 152 279
  endloop
 endfacet
 facet normal 1 0 0
  outer loop
   vertex 167.5 152 279
   vertex 167.5 151 280
   vertex 167.5 151 279
  endloop
 endfacet
 facet normal -0.70710678118654746 0.70710678118654746 0
  outer loop
   vertex 152.5 152 279
   vertex 152.5 152 280
   vertex 153 152.5 280
  endloop
 endfacet
 facet normal -0.70710678118654746 0.70710678118654746 0
  outer loop
   vertex 153 152.5 279
   vertex 152.5 152 279
   vertex 153 152.5 280
  endloop
 endfacet
 facet normal -0.70710678118654746 0.70710678118654746 0
  outer loop
   vertex 153 152.5 280
   vertex 153.5 153 279
   vertex 153 152.5 279
  endloop
 endfacet
 facet normal -0.70710678118654746 0.70710678118654746 0
  outer loop
   vertex 153.5 153 280
   vertex 153.5 153 279
   vertex 153 152.5 280
  endloop
 endfacet
 facet normal 0.57735026918962584 0.57735026918962584 0.57735026918962584
  outer loop
   vertex 167 152.5 279
   vertex 166.5 152 280
   vertex 167 152 279.5
  endloop
 endfacet
 facet normal 0.57735026918962584 0.57735026918962584 0.57735026918962584
  outer loop
   vertex 167 152.5 279
   vertex 166.5 153 279
   vertex 166.5 152 280
  endloop
 endfacet
 facet normal 1 0 0
  outer loop
   vertex 166.5 153 279
   vertex 166.5 153 280
   vertex 166.5 152 280
  endloop
 endfacet
 facet normal 0.57735026918962584 0.57735026918962584 0.57735026918962584
  outer loop
   vertex 167.5 152 279
   vertex 167 152.5 279
   vertex 167 152 279.5
  endloop
 endfacet
 facet normal -0.57735026918962584 0.57735026918962584 0.57735026918962584
  outer loop
   vertex 154 153.5 280
   vertex 154 154 279.5
   vertex 153.5 154 279
  endloop
 endfacet
 facet normal -0.57735026918962584 0.57735026918962584 0.57735026918962584
  outer loop
   vertex 154 153.5 280
   vertex 153.5 154 279
   vertex 153.5 153 280
  endloop
 endfacet
 facet normal -1 0 0
  outer loop
   vertex 153.5 153 280
   vertex 153.5 154 279
   vertex 153.5 153 279
  endloop
 endfacet
 facet normal -0.57735026918962584 0.57735026918962584 0.57735026918962584
  outer loop
   vertex 154 153.5 280
   vertex 154.5 154 280
   vertex 154 154 279.5
  endloop
 endfacet
 facet normal 0.70710678118654746 0.70710678118654746 0
  outer loop
   vertex 166 153.5 279
   vertex 165.5 154 280
   vertex 166 153.5 280
  endloop
 endfacet
 facet normal 0.70710678118654746 0.70710678118654746 0
  outer loop
   vertex 165.5 154 279
   vertex 165.5 154 280
   vertex 166 153.5 279
  endloop
 endfacet
 facet normal 0.70710678118654746 0.70710678118654746 -0
  outer loop
   vertex 166.5 153 280
   vertex 166.5 153 279
   vertex 166 153.5 279
  endloop
 endfacet
 facet normal 0.70710678118654746 0.70710678118654746 0
  outer loop
   vertex 166 153.5 280
   vertex 166.5 153 280
   vertex 166 153.5 279
  endloop
 endfacet
 facet normal -0.57735026918962584 0.57735026918962584 0.57735026918962584
  outer loop
   vertex 153.5 154 279
   vertex 154 154 279.5
   vertex 154 154.5 279
  endloop
 endfacet
 facet normal -0.57735026918962584 0.57735026918962584 0.57735026918962584
  outer loop
   vertex 154.5 155 279
   vertex 155 154.5 280
   vertex 155 155 279.5
  endloop
 endfacet
 facet normal -0.57735026918962584 0.57735026918962584 0.57735026918962584
  outer loop
   vertex 154 154.5 279
   vertex 155 154.5 280
   vertex 154.5 155 279
  endloop
 endfacet
 facet normal -0.57735026918962584 0.57735026918962584 0.57735026918962584
  outer loop
   vertex 154 154.5 279
   vertex 154.5 154 280
   vertex 155 154.5 280
  endloop
 endfacet
 facet normal -0.57735026918962584 0.57735026918962584 0.57735026918962584
  outer loop
   vertex 154 154.5 279
   vertex 154 154 279.5
   vertex 154.5 154 280
  endloop
 endfacet
 facet normal -0.57735026918962584 0.57735026918962584 0.57735026918962584
  outer loop
   vertex 155 154.5 280
   vertex 155.5 155 280
   vertex 155 155 279.5
  endloop
 endfacet
 facet normal 0.70710678118654746 0.70710678118654746 0
  outer loop
   vertex 165 154.5 279
   vertex 164.5 155 280
   vertex 165 154.5 280
  endloop
 endfacet
 facet normal 0.70710678118654746 0.70710678118654746 0
  outer loop
   vertex 164.5 155 279
   vertex 164.5 155 280
   vertex 165 154.5 279
  endloop
 endfacet
 facet normal 0.70710678118654746 0.70710678118654746 -0
  outer loop
   vertex 165.5 154 280
   vertex 165.5 154 279
   vertex 165 154.5 279
  endloop
 endfacet
 facet normal 0.70710678118654746 0.70710678118654746 0
  outer loop
   vertex 165 154.5 280
   vertex 165.5 154 280
   vertex 165 154.5 279
  endloop
 endfacet
 facet normal -0.57735026918962584 0.57735026918962584 0.57735026918962584
  outer loop
   vertex 154.5 155 279
   vertex 155 155 279.5
   vertex 155 155.5 279
  endloop
 endfacet
 facet normal -0.57735026918962584 0.57735026918962584 0.57735026918962584
  outer loop
   vertex 155.5 156 279
   vertex 156 155.5 280
   vertex 156 156 279.5
  endloop
 endfacet
 facet normal -0.57735026918962584 0.57735026918962584 0.57735026918962584
  outer loop
   vertex 155 155.5 279
   vertex 156 155.5 280
   vertex 155.5 156 279
  endloop
 endfacet
 facet normal -0.57735026918962584 0.57735026918962584 0.57735026918962584
  outer loop
   vertex 155 155.5 279
   vertex 155.5 155 280
   vertex 156 155.5 280
  endloop
 endfacet
 facet normal -0.57735026918962584 0.57735026918962584 0.57735026918962584
  outer loop
   vertex 155 155.5 279
   vertex 155 155 279.5
   vertex 155.5 155 280
  endloop
 endfacet
 facet normal -0.57735026918962584 0.57735026918962584 0.57735026918962584
  outer loop
   vertex 156 155.5 280
   vertex 156.5 156 280
   vertex 156 156 279.5
  endloop
 endfacet
 facet normal 0.70710678118654746 0.70710678118654746 0
  outer loop
   vertex 163 155.5 279
   vertex 162.5 156 280
   vertex 163 155.5 280
  endloop
 endfacet
 facet normal 0.70710678118654746 0.70710678118654746 0
  outer loop
   vertex 162.5 156 279
   vertex 162.5 156 280
   vertex 163 155.5 279
  endloop
 endfacet
 facet normal 0 1 0
  outer loop
   vertex 164 155.5 279
   vertex 163 155.5 279
   vertex 164 155.5 280
  endloop
 endfacet
 facet normal -0 1 0
  outer loop
   vertex 163 155.5 279
   vertex 163 155.5 280
   vertex 164 155.5 280
  endloop
 endfacet
 facet normal 0.70710678118654746 0.70710678118654746 -0
  outer loop
   vertex 164.5 155 280
   vertex 164.5 155 279
   vertex 164 155.5 279
  endloop
 endfacet
 facet normal 0.70710678118654746 0.70710678118654746 0
  outer loop
   vertex 164 155.5 280
   vertex 164.5 155 280
   vertex 164 155.5 279
  endloop
 endfacet
 facet normal -0.57735026918962584 0.57735026918962584 0.57735026918962584
  outer loop
   vertex 155.5 156 279
   vertex 156 156 279.5
   vertex 156 156.5 279
  endloop
 endfacet
 facet normal -0.57735026918962584 0.57735026918962584 0.57735026918962584
  outer loop
   vertex 156 156 279.5
   vertex 156.5 156 280
   vertex 157 156.5 280
  endloop
 endfacet
 facet normal -0.57735026918962584 0.57735026918962584 0.57735026918962584
  outer loop
   vertex 156 156 279.5
   vertex 157 156.5 280
   vertex 156 156.5 279
  endloop
 endfacet
 facet normal 0 1 0
  outer loop
   vertex 156 156.5 279
   vertex 157 156.5 280
   vertex 157 156.5 279
  endloop
 endfacet
 facet normal 0 1 0
  outer loop
   vertex 158 156.5 279
   vertex 157 156.5 279
   vertex 158 156.5 280
  endloop
 endfacet
 facet normal -0 1 0
  outer loop
   vertex 157 156.5 279
   vertex 157 156.5 280
   vertex 158 156.5 280
  endloop
 endfacet
 facet normal 0 1 0
  outer loop
   vertex 159 156.5 279
   vertex 158 156.5 279
   vertex 159 156.5 280
  endloop
 endfacet
 facet normal -0 1 0
  outer loop
   vertex 158 156.5 279
   vertex 158 156.5 280
   vertex 159 156.5 280
  endloop
 endfacet
 facet normal 0 1 0
  outer loop
   vertex 160 156.5 279
   vertex 159 156.5 279
   vertex 160 156.5 280
  endloop
 endfacet
 facet normal -0 1 0
  outer loop
   vertex 159 156.5 279
   vertex 159 156.5 280
   vertex 160 156.5 280
  endloop
 endfacet
 facet normal 0 1 0
  outer loop
   vertex 161 156.5 279
   vertex 160 156.5 279
   vertex 161 156.5 280
  endloop
 endfacet
 facet normal -0 1 0
  outer loop
   vertex 160 156.5 279
   vertex 160 156.5 280
   vertex 161 156.5 280
  endloop
 endfacet
 facet normal 0 1 0
  outer loop
   vertex 162 156.5 279
   vertex 161 156.5 279
   vertex 162 156.5 280
  endloop
 endfacet
 facet normal -0 1 0
  outer loop
   vertex 161 156.5 279
   vertex 161 156.5 280
   vertex 162 156.5 280
  endloop
 endfacet
 facet normal 0.70710678118654746 0.70710678118654746 -0
  outer loop
   vertex 162.5 156 280
   vertex 162.5 156 279
   vertex 162 156.5 279
  endloop
 endfacet
 facet normal 0.70710678118654746 0.70710678118654746 0
  outer loop
   vertex 162 156.5 280
   vertex 162.5 156 280
   vertex 162 156.5 279
  endloop
 endfacet
 facet normal -0.57735026918962584 -0.57735026918962584 0.57735026918962584
  outer loop
   vertex 161 138.5 280
   vertex 161 139 280.5
   vertex 160.5 139 280
  endloop
 endfacet
 facet normal 0.57735026918962584 -0.57735026918962584 0.57735026918962584
  outer loop
   vertex 161 138.5 280
   vertex 161.5 139 280
   vertex 161 139 280.5
  endloop
 endfacet
 facet normal -0.57735026918962584 -0.57735026918962584 0.57735026918962584
  outer loop
   vertex 158 139.5 280
   vertex 158 140 280.5
   vertex 157.5 140 280
  endloop
 endfacet
 facet normal -0.57735026918962584 -0.57735026918962584 0.57735026918962584
  outer loop
   vertex 158.5 140 281
   vertex 158 140 280.5
   vertex 158 139.5 280
  endloop
 endfacet
 facet normal -0.57735026918962584 -0.57735026918962584 0.57735026918962584
  outer loop
   vertex 158.5 140 281
   vertex 158 139.5 280
   vertex 159 139.5 281
  endloop
 endfacet
 facet normal 0 -1 0
  outer loop
   vertex 159 139.5 281
   vertex 158 139.5 280
   vertex 159 139.5 280
  endloop
 endfacet
 facet normal 0 -1 -0
  outer loop
   vertex 160 139.5 280
   vertex 160 139.5 281
   vertex 159 139.5 280
  endloop
 endfacet
 facet normal -0 -1 0
  outer loop
   vertex 159 139.5 280
   vertex 160 139.5 281
   vertex 159 139.5 281
  endloop
 endfacet
 facet normal -0.57735026918962584 -0.57735026918962584 0.57735026918962584
  outer loop
   vertex 161 139 280.5
   vertex 160 139.5 280
   vertex 160.5 139 280
  endloop
 endfacet
 facet normal -0.57735026918962584 -0.57735026918962584 0.57735026918962584
  outer loop
   vertex 161 139 280.5
   vertex 161 139.5 281
   vertex 160 139.5 280
  endloop
 endfacet
 facet normal 0 -1 0
  outer loop
   vertex 161 139.5 281
   vertex 160 139.5 281
   vertex 160 139.5 280
  endloop
 endfacet
 facet normal 0.57735026918962584 -0.57735026918962584 0.57735026918962584
  outer loop
   vertex 161.5 139 280
   vertex 161 139.5 281
   vertex 161 139 280.5
  endloop
 endfacet
 facet normal 0.57735026918962584 -0.57735026918962584 0.57735026918962584
  outer loop
   vertex 161.5 139 280
   vertex 162 139.5 280
   vertex 161 139.5 281
  endloop
 endfacet
 facet normal -0 -1 -0
  outer loop
   vertex 162 139.5 280
   vertex 162 139.5 281
   vertex 161 139.5 281
  endloop
 endfacet
 facet normal 0 -1 -0
  outer loop
   vertex 163 139.5 280
   vertex 163 139.5 281
   vertex 162 139.5 280
  endloop
 endfacet
 facet normal -0 -1 0
  outer loop
   vertex 162 139.5 280
   vertex 163 139.5 281
   vertex 162 139.5 281
  endloop
 endfacet
 facet normal 0 -1 -0
  outer loop
   vertex 164 139.5 280
   vertex 164 139.5 281
   vertex 163 139.5 280
  endloop
 endfacet
 facet normal -0 -1 0
  outer loop
   vertex 163 139.5 280
   vertex 164 139.5 281
   vertex 163 139.5 281
  endloop
 endfacet
 facet normal 0 -1 -0
  outer loop
   vertex 165 139.5 280
   vertex 165 139.5 281
   vertex 164 139.5 280
  endloop
 endfacet
 facet normal -0 -1 0
  outer loop
   vertex 164 139.5 280
   vertex 165 139.5 281
   vertex 164 139.5 281
  endloop
 endfacet
 facet normal 0.70710678118654746 -0.70710678118654746 0
  outer loop
   vertex 165 139.5 281
   vertex 165 139.5 280
   vertex 165.5 140 280
  endloop
 endfacet
 facet normal 0.70710678118654746 -0.70710678118654746 0
  outer loop
   vertex 165.5 140 281
   vertex 165 139.5 281
   vertex 165.5 140 280
  endloop
 endfacet
 facet normal -0.57735026918962584 -0.57735026918962584 0.57735026918962584
  outer loop
   vertex 156 140.5 280
   vertex 156 141 280.5
   vertex 155.5 141 280
  endloop
 endfacet
 facet normal -0.57735026918962584 -0.57735026918962584 0.57735026918962584
  outer loop
   vertex 156.5 141 281
   vertex 156 141 280.5
   vertex 156 140.5 280
  endloop
 endfacet
 facet normal -0.57735026918962584 -0.57735026918962584 0.57735026918962584
  outer loop
   vertex 156.5 141 281
   vertex 156 140.5 280
   vertex 157 140.5 281
  endloop
 endfacet
 facet normal 0 -1 0
  outer loop
   vertex 157 140.5 281
   vertex 156 140.5 280
   vertex 157 140.5 280
  endloop
 endfacet
 facet normal -0.57735026918962584 -0.57735026918962584 0.57735026918962584
  outer loop
   vertex 158 140 280.5
   vertex 157 140.5 280
   vertex 157.5 140 280
  endloop
 endfacet
 facet normal -0.57735026918962584 -0.57735026918962584 0.57735026918962584
  outer loop
   vertex 158 140 280.5
   vertex 158 140.5 281
   vertex 157 140.5 280
  endloop
 endfacet
 facet normal 0 -1 0
  outer loop
   vertex 158 140.5 281
   vertex 157 140.5 281
   vertex 157 140.5 280
  endloop
 endfacet
 facet normal -0.57735026918962584 -0.57735026918962584 0.57735026918962584
  outer loop
   vertex 158.5 140 281
   vertex 158 140.5 281
   vertex 158 140 280.5
  endloop
 endfacet
 facet normal 0.70710678118654746 -0.70710678118654746 0
  outer loop
   vertex 165.5 140 280
   vertex 166 140.5 281
   vertex 165.5 140 281
  endloop
 endfacet
 facet normal 0.70710678118654746 -0.70710678118654746 0
  outer loop
   vertex 166 140.5 280
   vertex 166 140.5 281
   vertex 165.5 140 280
  endloop
 endfacet
 facet normal 0.57735026918962584 -0.57735026918962584 0.57735026918962584
  outer loop
   vertex 167 141 280.5
   vertex 166.5 141 281
   vertex 166 140.5 281
  endloop
 endfacet
 facet normal 0.57735026918962584 -0.57735026918962584 0.57735026918962584
  outer loop
   vertex 167 141 280.5
   vertex 166 140.5 281
   vertex 167 140.5 280
  endloop
 endfacet
 facet normal 0 -1 0
  outer loop
   vertex 167 140.5 280
   vertex 166 140.5 281
   vertex 166 140.5 280
  endloop
 endfacet
 facet normal 0.57735026918962584 -0.57735026918962584 0.57735026918962584
  outer loop
   vertex 167 140.5 280
   vertex 167.5 141 280
   vertex 167 141 280.5
  endloop
 endfacet
 facet normal -0.57735026918962584 -0.57735026918962584 0.57735026918962584
  outer loop
   vertex 155 141.5 280
   vertex 155 142 280.5
   vertex 154.5 142 280
  endloop
 endfacet
 facet normal -0.57735026918962584 -0.57735026918962584 0.57735026918962584
  outer loop
   vertex 155 141.5 280
   vertex 155.5 142 281
   vertex 155 142 280.5
  endloop
 endfacet
 facet normal -0.57735026918962584 -0.57735026918962584 0.57735026918962584
  outer loop
   vertex 155.5 141 280
   vertex 155.5 142 281
   vertex 155 141.5 280
  endloop
 endfacet
 facet normal -0.57735026918962584 -0.57735026918962584 0.57735026918962584
  outer loop
   vertex 155.5 141 280
   vertex 156 141.5 281
   vertex 155.5 142 281
  endloop
 endfacet
 facet normal -0.57735026918962584 -0.57735026918962584 0.57735026918962584
  outer loop
   vertex 155.5 141 280
   vertex 156 141 280.5
   vertex 156 141.5 281
  endloop
 endfacet
 facet normal -0.57735026918962584 -0.57735026918962584 0.57735026918962584
  outer loop
   vertex 156.5 141 281
   vertex 156 141.5 281
   vertex 156 141 280.5
  endloop
 endfacet
 facet normal 0.57735026918962584 -0.57735026918962584 0.57735026918962584
  outer loop
   vertex 167 141 280.5
   vertex 167 141.5 281
   vertex 166.5 141 281
  endloop
 endfacet
 facet normal 0.57735026918962584 -0.57735026918962584 0.57735026918962584
  outer loop
   vertex 167.5 141 280
   vertex 167 141.5 281
   vertex 167 141 280.5
  endloop
 endfacet
 facet normal 0.57735026918962584 -0.57735026918962584 0.57735026918962584
  outer loop
   vertex 167.5 141 280
   vertex 168 141.5 280
   vertex 167 141.5 281
  endloop
 endfacet
 facet normal -0 -1 -0
  outer loop
   vertex 168 141.5 280
   vertex 168 141.5 281
   vertex 167 141.5 281
  endloop
 endfacet
 facet normal 0.70710678118654746 -0.70710678118654746 0
  outer loop
   vertex 168 141.5 281
   vertex 168 141.5 280
   vertex 168.5 142 280
  endloop
 endfacet
 facet normal 0.70710678118654746 -0.70710678118654746 0
  outer loop
   vertex 168.5 142 281
   vertex 168 141.5 281
   vertex 168.5 142 280
  endloop
 endfacet
 facet normal -0.57735026918962584 -0.57735026918962584 0.57735026918962584
  outer loop
   vertex 154 142.5 280
   vertex 154 143 280.5
   vertex 153.5 143 280
  endloop
 endfacet
 facet normal -0.57735026918962584 -0.57735026918962584 0.57735026918962584
  outer loop
   vertex 154 142.5 280
   vertex 154.5 143 281
   vertex 154 143 280.5
  endloop
 endfacet
 facet normal -0.57735026918962584 -0.57735026918962584 0.57735026918962584
  outer loop
   vertex 154.5 142 280
   vertex 154.5 143 281
   vertex 154 142.5 280
  endloop
 endfacet
 facet normal -0.57735026918962584 -0.57735026918962584 0.57735026918962584
  outer loop
   vertex 154.5 142 280
   vertex 155 142.5 281
   vertex 154.5 143 281
  endloop
 endfacet
 facet normal -0.57735026918962584 -0.57735026918962584 0.57735026918962584
  outer loop
   vertex 154.5 142 280
   vertex 155 142 280.5
   vertex 155 142.5 281
  endloop
 endfacet
 facet normal -0.57735026918962584 -0.57735026918962584 0.57735026918962584
  outer loop
   vertex 155.5 142 281
   vertex 155 142.5 281
   vertex 155 142 280.5
  endloop
 endfacet
 facet normal 1 0 0
  outer loop
   vertex 168.5 142 280
   vertex 168.5 143 280
   vertex 168.5 142 281
  endloop
 endfacet
 facet normal 1 0 -0
  outer loop
   vertex 168.5 142 281
   vertex 168.5 143 280
   vertex 168.5 143 281
  endloop
 endfacet
 facet normal -0.57735026918962584 -0.57735026918962584 0.57735026918962584
  outer loop
   vertex 154 143 280.5
   vertex 154 143.5 281
   vertex 153.5 144 281
  endloop
 endfacet
 facet normal -0.57735026918962584 -0.57735026918962584 0.57735026918962584
  outer loop
   vertex 154 143 280.5
   vertex 153.5 144 281
   vertex 153.5 143 280
  endloop
 endfacet
 facet normal -1 0 -0
  outer loop
   vertex 153.5 143 280
   vertex 153.5 144 281
   vertex 153.5 144 280
  endloop
 endfacet
 facet normal -0.57735026918962584 -0.57735026918962584 0.57735026918962584
  outer loop
   vertex 154.5 143 281
   vertex 154 143.5 281
   vertex 154 143 280.5
  endloop
 endfacet
 facet normal 0.57735026918962584 0.57735026918962584 0.57735026918962584
  outer loop
   vertex 168 144 280.5
   vertex 167.5 144 281
   vertex 168 143.5 281
  endloop
 endfacet
 facet normal 0.57735026918962584 0.57735026918962584 0.57735026918962584
  outer loop
   vertex 168 144 280.5
   vertex 168 143.5 281
   vertex 168.5 143 281
  endloop
 endfacet
 facet normal 0.57735026918962584 0.57735026918962584 0.57735026918962584
  outer loop
   vertex 168 144 280.5
   vertex 168.5 143 281
   vertex 168.5 144 280
  endloop
 endfacet
 facet normal 1 0 0
  outer loop
   vertex 168.5 144 280
   vertex 168.5 143 281
   vertex 168.5 143 280
  endloop
 endfacet
 facet normal -1 0 0
  outer loop
   vertex 153.5 144 280
   vertex 153.5 144 281
   vertex 153.5 145 280
  endloop
 endfacet
 facet normal -1 -0 -0
  outer loop
   vertex 153.5 144 281
   vertex 153.5 145 281
   vertex 153.5 145 280
  endloop
 endfacet
 facet normal 0.70710678118654746 0 0.70710678118654746
  outer loop
   vertex 168 145 280.5
   vertex 167.5 144 281
   vertex 168 144 280.5
  endloop
 endfacet
 facet normal 0.70710678118654746 -0 0.70710678118654746
  outer loop
   vertex 167.5 145 281
   vertex 167.5 144 281
   vertex 168 145 280.5
  endloop
 endfacet
 facet normal 0.70710678118654746 0 0.70710678118654746
  outer loop
   vertex 168.5 144 280
   vertex 168.5 145 280
   vertex 168 145 280.5
  endloop
 endfacet
 facet normal 0.70710678118654746 0 0.70710678118654746
  outer loop
   vertex 168 144 280.5
   vertex 168.5 144 280
   vertex 168 145 280.5
  endloop
 endfacet
 facet normal -0.57735026918962584 -0.57735026918962584 0.57735026918962584
  outer loop
   vertex 153 145.5 280
   vertex 153 146 280.5
   vertex 152.5 146 280
  endloop
 endfacet
 facet normal -0.57735026918962584 -0.57735026918962584 0.57735026918962584
  outer loop
   vertex 153 145.5 280
   vertex 153.5 146 281
   vertex 153 146 280.5
  endloop
 endfacet
 facet normal -0.57735026918962584 -0.57735026918962584 0.57735026918962584
  outer loop
   vertex 153 145.5 280
   vertex 153.5 145 280
   vertex 153.5 146 281
  endloop
 endfacet
 facet normal -1 0 0
  outer loop
   vertex 153.5 145 280
   vertex 153.5 145 281
   vertex 153.5 146 281
  endloop
 endfacet
 facet normal 0.70710678118654746 0 0.70710678118654746
  outer loop
   vertex 168 146 280.5
   vertex 167.5 145 281
   vertex 168 145 280.5
  endloop
 endfacet
 facet normal 0.70710678118654746 -0 0.70710678118654746
  outer loop
   vertex 167.5 146 281
   vertex 167.5 145 281
   vertex 168 146 280.5
  endloop
 endfacet
 facet normal 0.70710678118654746 0 0.70710678118654746
  outer loop
   vertex 168.5 145 280
   vertex 168.5 146 280
   vertex 168 146 280.5
  endloop
 endfacet
 facet normal 0.70710678118654746 0 0.70710678118654746
  outer loop
   vertex 168 145 280.5
   vertex 168.5 145 280
   vertex 168 146 280.5
  endloop
 endfacet
 facet normal -0.57735026918962584 -0.57735026918962584 0.57735026918962584
  outer loop
   vertex 153 146 280.5
   vertex 153 146.5 281
   vertex 152.5 147 281
  endloop
 endfacet
 facet normal -0.57735026918962584 -0.57735026918962584 0.57735026918962584
  outer loop
   vertex 153 146 280.5
   vertex 152.5 147 281
   vertex 152.5 146 280
  endloop
 endfacet
 facet normal -1 0 -0
  outer loop
   vertex 152.5 146 280
   vertex 152.5 147 281
   vertex 152.5 147 280
  endloop
 endfacet
 facet normal -0.57735026918962584 -0.57735026918962584 0.57735026918962584
  outer loop
   vertex 153.5 146 281
   vertex 153 146.5 281
   vertex 153 146 280.5
  endloop
 endfacet
 facet normal 0.57735026918962584 -0.57735026918962584 0.57735026918962584
  outer loop
   vertex 168 146 280.5
   vertex 168 146.5 281
   vertex 167.5 146 281
  endloop
 endfacet
 facet normal 0.57735026918962584 -0.57735026918962584 0.57735026918962584
  outer loop
   vertex 168 146.5 281
   vertex 168 146 280.5
   vertex 168.5 146 280
  endloop
 endfacet
 facet normal 0.57735026918962584 -0.57735026918962584 0.57735026918962584
  outer loop
   vertex 168 146.5 281
   vertex 168.5 146 280
   vertex 168.5 147 281
  endloop
 endfacet
 facet normal 1 0 0
  outer loop
   vertex 168.5 147 281
   vertex 168.5 146 280
   vertex 168.5 147 280
  endloop
 endfacet
 facet normal -1 0 0
  outer loop
   vertex 152.5 147 280
   vertex 152.5 147 281
   vertex 152.5 148 280
  endloop
 endfacet
 facet normal -1 -0 -0
  outer loop
   vertex 152.5 147 281
   vertex 152.5 148 281
   vertex 152.5 148 280
  endloop
 endfacet
 facet normal 1 0 0
  outer loop
   vertex 168.5 147 280
   vertex 168.5 148 280
   vertex 168.5 147 281
  endloop
 endfacet
 facet normal 1 0 -0
  outer loop
   vertex 168.5 147 281
   vertex 168.5 148 280
   vertex 168.5 148 281
  endloop
 endfacet
 facet normal -1 0 0
  outer loop
   vertex 152.5 148 280
   vertex 152.5 148 281
   vertex 152.5 149 280
  endloop
 endfacet
 facet normal -1 -0 -0
  outer loop
   vertex 152.5 148 281
   vertex 152.5 149 281
   vertex 152.5 149 280
  endloop
 endfacet
 facet normal 0.57735026918962584 0.57735026918962584 0.57735026918962584
  outer loop
   vertex 168 149 280.5
   vertex 167.5 149 281
   vertex 168 148.5 281
  endloop
 endfacet
 facet normal 0.57735026918962584 0.57735026918962584 0.57735026918962584
  outer loop
   vertex 168 149 280.5
   vertex 168 148.5 281
   vertex 168.5 148 281
  endloop
 endfacet
 facet normal 0.57735026918962584 0.57735026918962584 0.57735026918962584
  outer loop
   vertex 168 149 280.5
   vertex 168.5 148 281
   vertex 168.5 149 280
  endloop
 endfacet
 facet normal 1 0 0
  outer loop
   vertex 168.5 149 280
   vertex 168.5 148 281
   vertex 168.5 148 280
  endloop
 endfacet
 facet normal -1 0 0
  outer loop
   vertex 152.5 149 280
   vertex 152.5 149 281
   vertex 152.5 150 280
  endloop
 endfacet
 facet normal -1 -0 -0
  outer loop
   vertex 152.5 149 281
   vertex 152.5 150 281
   vertex 152.5 150 280
  endloop
 endfacet
 facet normal 0.57735026918962584 0.57735026918962584 0.57735026918962584
  outer loop
   vertex 168 149.5 280
   vertex 167.5 149 281
   vertex 168 149 280.5
  endloop
 endfacet
 facet normal 0.57735026918962584 0.57735026918962584 0.57735026918962584
  outer loop
   vertex 168 149.5 280
   vertex 167.5 150 280
   vertex 167.5 149 281
  endloop
 endfacet
 facet normal 1 0 0
  outer loop
   vertex 167.5 150 280
   vertex 167.5 150 281
   vertex 167.5 149 281
  endloop
 endfacet
 facet normal 0.57735026918962584 0.57735026918962584 0.57735026918962584
  outer loop
   vertex 168.5 149 280
   vertex 168 149.5 280
   vertex 168 149 280.5
  endloop
 endfacet
 facet normal -1 0 0
  outer loop
   vertex 152.5 150 280
   vertex 152.5 150 281
   vertex 152.5 151 280
  endloop
 endfacet
 facet normal -1 -0 -0
  outer loop
   vertex 152.5 150 281
   vertex 152.5 151 281
   vertex 152.5 151 280
  endloop
 endfacet
 facet normal 1 0 0
  outer loop
   vertex 167.5 150 280
   vertex 167.5 151 280
   vertex 167.5 150 281
  endloop
 endfacet
 facet normal 1 0 -0
  outer loop
   vertex 167.5 150 281
   vertex 167.5 151 280
   vertex 167.5 151 281
  endloop
 endfacet
 facet normal -0.57735026918962584 0.57735026918962584 0.57735026918962584
  outer loop
   vertex 153 151.5 281
   vertex 153 152 280.5
   vertex 152.5 152 280
  endloop
 endfacet
 facet normal -0.57735026918962584 0.57735026918962584 0.57735026918962584
  outer loop
   vertex 153 151.5 281
   vertex 152.5 152 280
   vertex 152.5 151 281
  endloop
 endfacet
 facet normal -1 0 0
  outer loop
   vertex 152.5 151 281
   vertex 152.5 152 280
   vertex 152.5 151 280
  endloop
 endfacet
 facet normal -0.57735026918962584 0.57735026918962584 0.57735026918962584
  outer loop
   vertex 153 151.5 281
   vertex 153.5 152 281
   vertex 153 152 280.5
  endloop
 endfacet
 facet normal 0.70710678118654746 0.70710678118654746 0
  outer loop
   vertex 167 151.5 280
   vertex 166.5 152 281
   vertex 167 151.5 281
  endloop
 endfacet
 facet normal 0.70710678118654746 0.70710678118654746 0
  outer loop
   vertex 166.5 152 280
   vertex 166.5 152 281
   vertex 167 151.5 280
  endloop
 endfacet
 facet normal 0.70710678118654746 0.70710678118654746 -0
  outer loop
   vertex 167.5 151 281
   vertex 167.5 151 280
   vertex 167 151.5 280
  endloop
 endfacet
 facet normal 0.70710678118654746 0.70710678118654746 0
  outer loop
   vertex 167 151.5 281
   vertex 167.5 151 281
   vertex 167 151.5 280
  endloop
 endfacet
 facet normal -0.57735026918962584 0.57735026918962584 0.57735026918962584
  outer loop
   vertex 152.5 152 280
   vertex 153 152 280.5
   vertex 153 152.5 280
  endloop
 endfacet
 facet normal -0.57735026918962584 0.57735026918962584 0.57735026918962584
  outer loop
   vertex 153 152 280.5
   vertex 153.5 153 280
   vertex 153 152.5 280
  endloop
 endfacet
 facet normal -0.57735026918962584 0.57735026918962584 0.57735026918962584
  outer loop
   vertex 153 152 280.5
   vertex 153.5 152 281
   vertex 153.5 153 280
  endloop
 endfacet
 facet normal -1 -0 -0
  outer loop
   vertex 153.5 152 281
   vertex 153.5 153 281
   vertex 153.5 153 280
  endloop
 endfacet
 facet normal 0.57735026918962584 0.57735026918962584 0.57735026918962584
  outer loop
   vertex 166 153 280.5
   vertex 165.5 153 281
   vertex 166 152.5 281
  endloop
 endfacet
 facet normal 0.57735026918962584 0.57735026918962584 0.57735026918962584
  outer loop
   vertex 166 153 280.5
   vertex 166 152.5 281
   vertex 166.5 152 281
  endloop
 endfacet
 facet normal 0.57735026918962584 0.57735026918962584 0.57735026918962584
  outer loop
   vertex 166 153 280.5
   vertex 166.5 152 281
   vertex 166.5 153 280
  endloop
 endfacet
 facet normal 1 0 0
  outer loop
   vertex 166.5 153 280
   vertex 166.5 152 281
   vertex 166.5 152 280
  endloop
 endfacet
 facet normal -0.70710678118654746 0.70710678118654746 0
  outer loop
   vertex 153.5 153 280
   vertex 153.5 153 281
   vertex 154 153.5 281
  endloop
 endfacet
 facet normal -0.70710678118654746 0.70710678118654746 0
  outer loop
   vertex 154 153.5 280
   vertex 153.5 153 280
   vertex 154 153.5 281
  endloop
 endfacet
 facet normal -0.70710678118654746 0.70710678118654746 0
  outer loop
   vertex 154 153.5 281
   vertex 154.5 154 280
   vertex 154 153.5 280
  endloop
 endfacet
 facet normal -0.70710678118654746 0.70710678118654746 0
  outer loop
   vertex 154.5 154 281
   vertex 154.5 154 280
   vertex 154 153.5 281
  endloop
 endfacet
 facet normal 0.57735026918962584 0.57735026918962584 0.57735026918962584
  outer loop
   vertex 165 154 280.5
   vertex 164.5 154 281
   vertex 165 153.5 281
  endloop
 endfacet
 facet normal 0.57735026918962584 0.57735026918962584 0.57735026918962584
  outer loop
   vertex 165.5 153 281
   vertex 165 154 280.5
   vertex 165 153.5 281
  endloop
 endfacet
 facet normal 0.57735026918962584 0.57735026918962584 0.57735026918962584
  outer loop
   vertex 166 153 280.5
   vertex 165 154 280.5
   vertex 165.5 153 281
  endloop
 endfacet
 facet normal 0.57735026918962584 0.57735026918962584 0.57735026918962584
  outer loop
   vertex 166 153 280.5
   vertex 165.5 154 280
   vertex 165 154 280.5
  endloop
 endfacet
 facet normal 0.57735026918962584 0.57735026918962584 0.57735026918962584
  outer loop
   vertex 166 153 280.5
   vertex 166 153.5 280
   vertex 165.5 154 280
  endloop
 endfacet
 facet normal 0.57735026918962584 0.57735026918962584 0.57735026918962584
  outer loop
   vertex 166.5 153 280
   vertex 166 153.5 280
   vertex 166 153 280.5
  endloop
 endfacet
 facet normal -0.70710678118654746 0.70710678118654746 0
  outer loop
   vertex 154.5 154 280
   vertex 154.5 154 281
   vertex 155 154.5 281
  endloop
 endfacet
 facet normal -0.70710678118654746 0.70710678118654746 0
  outer loop
   vertex 155 154.5 280
   vertex 154.5 154 280
   vertex 155 154.5 281
  endloop
 endfacet
 facet normal -0.70710678118654746 0.70710678118654746 0
  outer loop
   vertex 155 154.5 281
   vertex 155.5 155 280
   vertex 155 154.5 280
  endloop
 endfacet
 facet normal -0.70710678118654746 0.70710678118654746 0
  outer loop
   vertex 155.5 155 281
   vertex 155.5 155 280
   vertex 155 154.5 281
  endloop
 endfacet
 facet normal 0.57735026918962584 0.57735026918962584 0.57735026918962584
  outer loop
   vertex 164 155 280.5
   vertex 163.5 155 281
   vertex 164 154.5 281
  endloop
 endfacet
 facet normal 0.57735026918962584 0.57735026918962584 0.57735026918962584
  outer loop
   vertex 164.5 154 281
   vertex 164 155 280.5
   vertex 164 154.5 281
  endloop
 endfacet
 facet normal 0.57735026918962584 0.57735026918962584 0.57735026918962584
  outer loop
   vertex 165 154 280.5
   vertex 164 155 280.5
   vertex 164.5 154 281
  endloop
 endfacet
 facet normal 0.57735026918962584 0.57735026918962584 0.57735026918962584
  outer loop
   vertex 165 154 280.5
   vertex 164.5 155 280
   vertex 164 155 280.5
  endloop
 endfacet
 facet normal 0.57735026918962584 0.57735026918962584 0.57735026918962584
  outer loop
   vertex 165 154 280.5
   vertex 165 154.5 280
   vertex 164.5 155 280
  endloop
 endfacet
 facet normal 0.57735026918962584 0.57735026918962584 0.57735026918962584
  outer loop
   vertex 165.5 154 280
   vertex 165 154.5 280
   vertex 165 154 280.5
  endloop
 endfacet
 facet normal -0.70710678118654746 0.70710678118654746 0
  outer loop
   vertex 155.5 155 280
   vertex 155.5 155 281
   vertex 156 155.5 281
  endloop
 endfacet
 facet normal -0.70710678118654746 0.70710678118654746 0
  outer loop
   vertex 156 155.5 280
   vertex 155.5 155 280
   vertex 156 155.5 281
  endloop
 endfacet
 facet normal -0.70710678118654746 0.70710678118654746 0
  outer loop
   vertex 156 155.5 281
   vertex 156.5 156 280
   vertex 156 155.5 280
  endloop
 endfacet
 facet normal -0.70710678118654746 0.70710678118654746 0
  outer loop
   vertex 156.5 156 281
   vertex 156.5 156 280
   vertex 156 155.5 281
  endloop
 endfacet
 facet normal 0.57735026918962584 0.57735026918962584 0.57735026918962584
  outer loop
   vertex 162 156 280.5
   vertex 161.5 156 281
   vertex 162 155.5 281
  endloop
 endfacet
 facet normal 0.57735026918962584 0.57735026918962584 0.57735026918962584
  outer loop
   vertex 162 156 280.5
   vertex 163 155.5 280
   vertex 162.5 156 280
  endloop
 endfacet
 facet normal 0.57735026918962584 0.57735026918962584 0.57735026918962584
  outer loop
   vertex 162 156 280.5
   vertex 162 155.5 281
   vertex 163 155.5 280
  endloop
 endfacet
 facet normal 0 1 0
  outer loop
   vertex 162 155.5 281
   vertex 163 155.5 281
   vertex 163 155.5 280
  endloop
 endfacet
 facet normal 0.57735026918962584 0.57735026918962584 0.57735026918962584
  outer loop
   vertex 163.5 155 281
   vertex 164 155 280.5
   vertex 164 155.5 280
  endloop
 endfacet
 facet normal 0.57735026918962584 0.57735026918962584 0.57735026918962584
  outer loop
   vertex 163.5 155 281
   vertex 164 155.5 280
   vertex 163 155.5 281
  endloop
 endfacet
 facet normal 0 1 0
  outer loop
   vertex 163 155.5 281
   vertex 164 155.5 280
   vertex 163 155.5 280
  endloop
 endfacet
 facet normal 0.57735026918962584 0.57735026918962584 0.57735026918962584
  outer loop
   vertex 164.5 155 280
   vertex 164 155.5 280
   vertex 164 155 280.5
  endloop
 endfacet
 facet normal -0.70710678118654746 0.70710678118654746 0
  outer loop
   vertex 156.5 156 280
   vertex 156.5 156 281
   vertex 157 156.5 281
  endloop
 endfacet
 facet normal -0.70710678118654746 0.70710678118654746 0
  outer loop
   vertex 157 156.5 280
   vertex 156.5 156 280
   vertex 157 156.5 281
  endloop
 endfacet
 facet normal 0 1 0
  outer loop
   vertex 158 156.5 280
   vertex 157 156.5 280
   vertex 158 156.5 281
  endloop
 endfacet
 facet normal -0 1 0
  outer loop
   vertex 157 156.5 280
   vertex 157 156.5 281
   vertex 158 156.5 281
  endloop
 endfacet
 facet normal 0 1 0
  outer loop
   vertex 159 156.5 280
   vertex 158 156.5 280
   vertex 159 156.5 281
  endloop
 endfacet
 facet normal -0 1 0
  outer loop
   vertex 158 156.5 280
   vertex 158 156.5 281
   vertex 159 156.5 281
  endloop
 endfacet
 facet normal 0 1 0
  outer loop
   vertex 160 156.5 280
   vertex 159 156.5 280
   vertex 160 156.5 281
  endloop
 endfacet
 facet normal -0 1 0
  outer loop
   vertex 159 156.5 280
   vertex 159 156.5 281
   vertex 160 156.5 281
  endloop
 endfacet
 facet normal 0 1 0
  outer loop
   vertex 161 156.5 280
   vertex 160 156.5 280
   vertex 161 156.5 281
  endloop
 endfacet
 facet normal -0 1 0
  outer loop
   vertex 160 156.5 280
   vertex 160 156.5 281
   vertex 161 156.5 281
  endloop
 endfacet
 facet normal 0.57735026918962584 0.57735026918962584 0.57735026918962584
  outer loop
   vertex 161.5 156 281
   vertex 162 156 280.5
   vertex 162 156.5 280
  endloop
 endfacet
 facet normal 0.57735026918962584 0.57735026918962584 0.57735026918962584
  outer loop
   vertex 161.5 156 281
   vertex 162 156.5 280
   vertex 161 156.5 281
  endloop
 endfacet
 facet normal 0 1 0
  outer loop
   vertex 161 156.5 281
   vertex 162 156.5 280
   vertex 161 156.5 280
  endloop
 endfacet
 facet normal 0.57735026918962584 0.57735026918962584 0.57735026918962584
  outer loop
   vertex 162.5 156 280
   vertex 162 156.5 280
   vertex 162 156 280.5
  endloop
 endfacet
 facet normal -0.57735026918962584 -0.57735026918962584 0.57735026918962584
  outer loop
   vertex 159 139.5 281
   vertex 159 140 281.5
   vertex 158.5 140 281
  endloop
 endfacet
 facet normal -0.57735026918962584 -0.57735026918962584 0.57735026918962584
  outer loop
   vertex 159.5 140 282
   vertex 159 140 281.5
   vertex 159 139.5 281
  endloop
 endfacet
 facet normal -0.57735026918962584 -0.57735026918962584 0.57735026918962584
  outer loop
   vertex 159.5 140 282
   vertex 159 139.5 281
   vertex 160 139.5 282
  endloop
 endfacet
 facet normal 0 -1 0
  outer loop
   vertex 160 139.5 282
   vertex 159 139.5 281
   vertex 160 139.5 281
  endloop
 endfacet
 facet normal 0 -1 -0
  outer loop
   vertex 161 139.5 281
   vertex 161 139.5 282
   vertex 160 139.5 281
  endloop
 endfacet
 facet normal -0 -1 0
  outer loop
   vertex 160 139.5 281
   vertex 161 139.5 282
   vertex 160 139.5 282
  endloop
 endfacet
 facet normal 0 -1 -0
  outer loop
   vertex 162 139.5 281
   vertex 162 139.5 282
   vertex 161 139.5 281
  endloop
 endfacet
 facet normal -0 -1 0
  outer loop
   vertex 161 139.5 281
   vertex 162 139.5 282
   vertex 161 139.5 282
  endloop
 endfacet
 facet normal 0 -1 -0
  outer loop
   vertex 163 139.5 281
   vertex 163 139.5 282
   vertex 162 139.5 281
  endloop
 endfacet
 facet normal -0 -1 0
  outer loop
   vertex 162 139.5 281
   vertex 163 139.5 282
   vertex 162 139.5 282
  endloop
 endfacet
 facet normal 0 -1 -0
  outer loop
   vertex 164 139.5 281
   vertex 164 139.5 282
   vertex 163 139.5 281
  endloop
 endfacet
 facet normal -0 -1 0
  outer loop
   vertex 163 139.5 281
   vertex 164 139.5 282
   vertex 163 139.5 282
  endloop
 endfacet
 facet normal 0.57735026918962584 -0.57735026918962584 0.57735026918962584
  outer loop
   vertex 165 140 281.5
   vertex 164.5 140 282
   vertex 164 139.5 282
  endloop
 endfacet
 facet normal 0.57735026918962584 -0.57735026918962584 0.57735026918962584
  outer loop
   vertex 165 140 281.5
   vertex 164 139.5 282
   vertex 165 139.5 281
  endloop
 endfacet
 facet normal 0 -1 0
  outer loop
   vertex 165 139.5 281
   vertex 164 139.5 282
   vertex 164 139.5 281
  endloop
 endfacet
 facet normal 0.57735026918962584 -0.57735026918962584 0.57735026918962584
  outer loop
   vertex 165 139.5 281
   vertex 165.5 140 281
   vertex 165 140 281.5
  endloop
 endfacet
 facet normal -0.70710678118654746 -0.70710678118654746 -0
  outer loop
   vertex 157 140.5 281
   vertex 157 140.5 282
   vertex 156.5 141 282
  endloop
 endfacet
 facet normal -0.70710678118654746 -0.70710678118654746 0
  outer loop
   vertex 156.5 141 281
   vertex 157 140.5 281
   vertex 156.5 141 282
  endloop
 endfacet
 facet normal 0 -1 -0
  outer loop
   vertex 158 140.5 281
   vertex 158 140.5 282
   vertex 157 140.5 281
  endloop
 endfacet
 facet normal -0 -1 0
  outer loop
   vertex 157 140.5 281
   vertex 158 140.5 282
   vertex 157 140.5 282
  endloop
 endfacet
 facet normal -0.57735026918962584 -0.57735026918962584 0.57735026918962584
  outer loop
   vertex 159 140 281.5
   vertex 158 140.5 281
   vertex 158.5 140 281
  endloop
 endfacet
 facet normal -0.57735026918962584 -0.57735026918962584 0.57735026918962584
  outer loop
   vertex 159 140 281.5
   vertex 159 140.5 282
   vertex 158 140.5 281
  endloop
 endfacet
 facet normal 0 -1 0
  outer loop
   vertex 159 140.5 282
   vertex 158 140.5 282
   vertex 158 140.5 281
  endloop
 endfacet
 facet normal -0.57735026918962584 -0.57735026918962584 0.57735026918962584
  outer loop
   vertex 159.5 140 282
   vertex 159 140.5 282
   vertex 159 140 281.5
  endloop
 endfacet
 facet normal 0.57735026918962584 -0.57735026918962584 0.57735026918962584
  outer loop
   vertex 165 140 281.5
   vertex 165 140.5 282
   vertex 164.5 140 282
  endloop
 endfacet
 facet normal 0.57735026918962584 -0.57735026918962584 0.57735026918962584
  outer loop
   vertex 165.5 140 281
   vertex 165 140.5 282
   vertex 165 140 281.5
  endloop
 endfacet
 facet normal 0.57735026918962584 -0.57735026918962584 0.57735026918962584
  outer loop
   vertex 165.5 140 281
   vertex 166 140.5 281
   vertex 165 140.5 282
  endloop
 endfacet
 facet normal -0 -1 -0
  outer loop
   vertex 166 140.5 281
   vertex 166 140.5 282
   vertex 165 140.5 282
  endloop
 endfacet
 facet normal 0.70710678118654746 -0.70710678118654746 0
  outer loop
   vertex 166 140.5 282
   vertex 166 140.5 281
   vertex 166.5 141 281
  endloop
 endfacet
 facet normal 0.70710678118654746 -0.70710678118654746 0
  outer loop
   vertex 166.5 141 282
   vertex 166 140.5 282
   vertex 166.5 141 281
  endloop
 endfacet
 facet normal -0.70710678118654746 -0.70710678118654746 -0
  outer loop
   vertex 156 141.5 281
   vertex 156 141.5 282
   vertex 155.5 142 282
  endloop
 endfacet
 facet normal -0.70710678118654746 -0.70710678118654746 0
  outer loop
   vertex 155.5 142 281
   vertex 156 141.5 281
   vertex 155.5 142 282
  endloop
 endfacet
 facet normal -0.70710678118654746 -0.70710678118654746 0
  outer loop
   vertex 156.5 141 282
   vertex 156 141.5 281
   vertex 156.5 141 281
  endloop
 endfacet
 facet normal -0.70710678118654746 -0.70710678118654746 0
  outer loop
   vertex 156 141.5 282
   vertex 156 141.5 281
   vertex 156.5 141 282
  endloop
 endfacet
 facet normal 0.70710678118654746 -0.70710678118654746 0
  outer loop
   vertex 166.5 141 281
   vertex 167 141.5 282
   vertex 166.5 141 282
  endloop
 endfacet
 facet normal 0.70710678118654746 -0.70710678118654746 0
  outer loop
   vertex 167 141.5 281
   vertex 167 141.5 282
   vertex 166.5 141 281
  endloop
 endfacet
 facet normal 0.57735026918962584 -0.57735026918962584 0.57735026918962584
  outer loop
   vertex 168 142 281.5
   vertex 167.5 142 282
   vertex 167 141.5 282
  endloop
 endfacet
 facet normal 0.57735026918962584 -0.57735026918962584 0.57735026918962584
  outer loop
   vertex 168 142 281.5
   vertex 167 141.5 282
   vertex 168 141.5 281
  endloop
 endfacet
 facet normal 0 -1 0
  outer loop
   vertex 168 141.5 281
   vertex 167 141.5 282
   vertex 167 141.5 281
  endloop
 endfacet
 facet normal 0.57735026918962584 -0.57735026918962584 0.57735026918962584
  outer loop
   vertex 168 141.5 281
   vertex 168.5 142 281
   vertex 168 142 281.5
  endloop
 endfacet
 facet normal -0.70710678118654746 -0.70710678118654746 -0
  outer loop
   vertex 155 142.5 281
   vertex 155 142.5 282
   vertex 154.5 143 282
  endloop
 endfacet
 facet normal -0.70710678118654746 -0.70710678118654746 0
  outer loop
   vertex 154.5 143 281
   vertex 155 142.5 281
   vertex 154.5 143 282
  endloop
 endfacet
 facet normal -0.70710678118654746 -0.70710678118654746 0
  outer loop
   vertex 155.5 142 282
   vertex 155 142.5 281
   vertex 155.5 142 281
  endloop
 endfacet
 facet normal -0.70710678118654746 -0.70710678118654746 0
  outer loop
   vertex 155 142.5 282
   vertex 155 142.5 281
   vertex 155.5 142 282
  endloop
 endfacet
 facet normal 0.70710678118654746 0 0.70710678118654746
  outer loop
   vertex 168 143 281.5
   vertex 167.5 142 282
   vertex 168 142 281.5
  endloop
 endfacet
 facet normal 0.70710678118654746 -0 0.70710678118654746
  outer loop
   vertex 167.5 143 282
   vertex 167.5 142 282
   vertex 168 143 281.5
  endloop
 endfacet
 facet normal 0.70710678118654746 0 0.70710678118654746
  outer loop
   vertex 168.5 142 281
   vertex 168.5 143 281
   vertex 168 143 281.5
  endloop
 endfacet
 facet normal 0.70710678118654746 0 0.70710678118654746
  outer loop
   vertex 168 142 281.5
   vertex 168.5 142 281
   vertex 168 143 281.5
  endloop
 endfacet
 facet normal -0.57735026918962584 -0.57735026918962584 0.57735026918962584
  outer loop
   vertex 154 143.5 281
   vertex 154 144 281.5
   vertex 153.5 144 281
  endloop
 endfacet
 facet normal -0.57735026918962584 -0.57735026918962584 0.57735026918962584
  outer loop
   vertex 154 143.5 281
   vertex 154.5 144 282
   vertex 154 144 281.5
  endloop
 endfacet
 facet normal -0.57735026918962584 -0.57735026918962584 0.57735026918962584
  outer loop
   vertex 154 143.5 281
   vertex 154.5 143 281
   vertex 154.5 144 282
  endloop
 endfacet
 facet normal -1 0 0
  outer loop
   vertex 154.5 143 281
   vertex 154.5 143 282
   vertex 154.5 144 282
  endloop
 endfacet
 facet normal 0.57735026918962584 0.57735026918962584 0.57735026918962584
  outer loop
   vertex 168 143.5 281
   vertex 167.5 143 282
   vertex 168 143 281.5
  endloop
 endfacet
 facet normal 0.57735026918962584 0.57735026918962584 0.57735026918962584
  outer loop
   vertex 168 143.5 281
   vertex 167.5 144 281
   vertex 167.5 143 282
  endloop
 endfacet
 facet normal 1 0 0
  outer loop
   vertex 167.5 144 281
   vertex 167.5 144 282
   vertex 167.5 143 282
  endloop
 endfacet
 facet normal 0.57735026918962584 0.57735026918962584 0.57735026918962584
  outer loop
   vertex 168.5 143 281
   vertex 168 143.5 281
   vertex 168 143 281.5
  endloop
 endfacet
 facet normal -0.57735026918962584 -0.57735026918962584 0.57735026918962584
  outer loop
   vertex 154 144 281.5
   vertex 154 144.5 282
   vertex 153.5 145 282
  endloop
 endfacet
 facet normal -0.57735026918962584 -0.57735026918962584 0.57735026918962584
  outer loop
   vertex 154 144 281.5
   vertex 153.5 145 282
   vertex 153.5 144 281
  endloop
 endfacet
 facet normal -1 0 -0
  outer loop
   vertex 153.5 144 281
   vertex 153.5 145 282
   vertex 153.5 145 281
  endloop
 endfacet
 facet normal -0.57735026918962584 -0.57735026918962584 0.57735026918962584
  outer loop
   vertex 154.5 144 282
   vertex 154 144.5 282
   vertex 154 144 281.5
  endloop
 endfacet
 facet normal 1 0 0
  outer loop
   vertex 167.5 144 281
   vertex 167.5 145 281
   vertex 167.5 144 282
  endloop
 endfacet
 facet normal 1 0 -0
  outer loop
   vertex 167.5 144 282
   vertex 167.5 145 281
   vertex 167.5 145 282
  endloop
 endfacet
 facet normal -1 0 0
  outer loop
   vertex 153.5 145 281
   vertex 153.5 145 282
   vertex 153.5 146 281
  endloop
 endfacet
 facet normal -1 -0 -0
  outer loop
   vertex 153.5 145 282
   vertex 153.5 146 282
   vertex 153.5 146 281
  endloop
 endfacet
 facet normal 1 0 0
  outer loop
   vertex 167.5 145 281
   vertex 167.5 146 281
   vertex 167.5 145 282
  endloop
 endfacet
 facet normal 1 0 -0
  outer loop
   vertex 167.5 145 282
   vertex 167.5 146 281
   vertex 167.5 146 282
  endloop
 endfacet
 facet normal -0.57735026918962584 -0.57735026918962584 0.57735026918962584
  outer loop
   vertex 153 146.5 281
   vertex 153 147 281.5
   vertex 152.5 147 281
  endloop
 endfacet
 facet normal -0.57735026918962584 -0.57735026918962584 0.57735026918962584
  outer loop
   vertex 153 146.5 281
   vertex 153.5 147 282
   vertex 153 147 281.5
  endloop
 endfacet
 facet normal -0.57735026918962584 -0.57735026918962584 0.57735026918962584
  outer loop
   vertex 153 146.5 281
   vertex 153.5 146 281
   vertex 153.5 147 282
  endloop
 endfacet
 facet normal -1 0 0
  outer loop
   vertex 153.5 146 281
   vertex 153.5 146 282
   vertex 153.5 147 282
  endloop
 endfacet
 facet normal 0.57735026918962584 -0.57735026918962584 0.57735026918962584
  outer loop
   vertex 168 147 281.5
   vertex 167.5 146 281
   vertex 168 146.5 281
  endloop
 endfacet
 facet normal 0.57735026918962584 -0.57735026918962584 0.57735026918962584
  outer loop
   vertex 168 147 281.5
   vertex 167.5 147 282
   vertex 167.5 146 281
  endloop
 endfacet
 facet normal 1 -0 0
  outer loop
   vertex 167.5 147 282
   vertex 167.5 146 282
   vertex 167.5 146 281
  endloop
 endfacet
 facet normal 0.57735026918962584 -0.57735026918962584 0.57735026918962584
  outer loop
   vertex 168 146.5 281
   vertex 168.5 147 281
   vertex 168 147 281.5
  endloop
 endfacet
 facet normal -0.70710678118654746 0 0.70710678118654746
  outer loop
   vertex 153 147 281.5
   vertex 153 148 281.5
   vertex 152.5 148 281
  endloop
 endfacet
 facet normal -0.70710678118654746 0 0.70710678118654746
  outer loop
   vertex 152.5 147 281
   vertex 153 147 281.5
   vertex 152.5 148 281
  endloop
 endfacet
 facet normal -0.70710678118654746 0 0.70710678118654746
  outer loop
   vertex 153.5 148 282
   vertex 153 147 281.5
   vertex 153.5 147 282
  endloop
 endfacet
 facet normal -0.70710678118654746 0 0.70710678118654746
  outer loop
   vertex 153 148 281.5
   vertex 153 147 281.5
   vertex 153.5 148 282
  endloop
 endfacet
 facet normal 0.70710678118654746 0 0.70710678118654746
  outer loop
   vertex 168 148 281.5
   vertex 167.5 147 282
   vertex 168 147 281.5
  endloop
 endfacet
 facet normal 0.70710678118654746 -0 0.70710678118654746
  outer loop
   vertex 167.5 148 282
   vertex 167.5 147 282
   vertex 168 148 281.5
  endloop
 endfacet
 facet normal 0.70710678118654746 0 0.70710678118654746
  outer loop
   vertex 168.5 147 281
   vertex 168.5 148 281
   vertex 168 148 281.5
  endloop
 endfacet
 facet normal 0.70710678118654746 0 0.70710678118654746
  outer loop
   vertex 168 147 281.5
   vertex 168.5 147 281
   vertex 168 148 281.5
  endloop
 endfacet
 facet normal -0.70710678118654746 0 0.70710678118654746
  outer loop
   vertex 153 148 281.5
   vertex 153 149 281.5
   vertex 152.5 149 281
  endloop
 endfacet
 facet normal -0.70710678118654746 0 0.70710678118654746
  outer loop
   vertex 152.5 148 281
   vertex 153 148 281.5
   vertex 152.5 149 281
  endloop
 endfacet
 facet normal -0.70710678118654746 0 0.70710678118654746
  outer loop
   vertex 153.5 149 282
   vertex 153 148 281.5
   vertex 153.5 148 282
  endloop
 endfacet
 facet normal -0.70710678118654746 0 0.70710678118654746
  outer loop
   vertex 153 149 281.5
   vertex 153 148 281.5
   vertex 153.5 149 282
  endloop
 endfacet
 facet normal 0.57735026918962584 0.57735026918962584 0.57735026918962584
  outer loop
   vertex 168 148.5 281
   vertex 167.5 148 282
   vertex 168 148 281.5
  endloop
 endfacet
 facet normal 0.57735026918962584 0.57735026918962584 0.57735026918962584
  outer loop
   vertex 168 148.5 281
   vertex 167.5 149 281
   vertex 167.5 148 282
  endloop
 endfacet
 facet normal 1 0 0
  outer loop
   vertex 167.5 149 281
   vertex 167.5 149 282
   vertex 167.5 148 282
  endloop
 endfacet
 facet normal 0.57735026918962584 0.57735026918962584 0.57735026918962584
  outer loop
   vertex 168.5 148 281
   vertex 168 148.5 281
   vertex 168 148 281.5
  endloop
 endfacet
 facet normal -0.70710678118654746 0 0.70710678118654746
  outer loop
   vertex 153 149 281.5
   vertex 153 150 281.5
   vertex 152.5 150 281
  endloop
 endfacet
 facet normal -0.70710678118654746 0 0.70710678118654746
  outer loop
   vertex 152.5 149 281
   vertex 153 149 281.5
   vertex 152.5 150 281
  endloop
 endfacet
 facet normal -0.70710678118654746 0 0.70710678118654746
  outer loop
   vertex 153.5 150 282
   vertex 153 149 281.5
   vertex 153.5 149 282
  endloop
 endfacet
 facet normal -0.70710678118654746 0 0.70710678118654746
  outer loop
   vertex 153 150 281.5
   vertex 153 149 281.5
   vertex 153.5 150 282
  endloop
 endfacet
 facet normal 1 0 0
  outer loop
   vertex 167.5 149 281
   vertex 167.5 150 281
   vertex 167.5 149 282
  endloop
 endfacet
 facet normal 1 0 -0
  outer loop
   vertex 167.5 149 282
   vertex 167.5 150 281
   vertex 167.5 150 282
  endloop
 endfacet
 facet normal -0.70710678118654746 0 0.70710678118654746
  outer loop
   vertex 153 150 281.5
   vertex 153 151 281.5
   vertex 152.5 151 281
  endloop
 endfacet
 facet normal -0.70710678118654746 0 0.70710678118654746
  outer loop
   vertex 152.5 150 281
   vertex 153 150 281.5
   vertex 152.5 151 281
  endloop
 endfacet
 facet normal -0.70710678118654746 0 0.70710678118654746
  outer loop
   vertex 153.5 151 282
   vertex 153 150 281.5
   vertex 153.5 150 282
  endloop
 endfacet
 facet normal -0.70710678118654746 0 0.70710678118654746
  outer loop
   vertex 153 151 281.5
   vertex 153 150 281.5
   vertex 153.5 151 282
  endloop
 endfacet
 facet normal 0.57735026918962584 0.57735026918962584 0.57735026918962584
  outer loop
   vertex 167 151 281.5
   vertex 166.5 151 282
   vertex 167 150.5 282
  endloop
 endfacet
 facet normal 0.57735026918962584 0.57735026918962584 0.57735026918962584
  outer loop
   vertex 167 151 281.5
   vertex 167 150.5 282
   vertex 167.5 150 282
  endloop
 endfacet
 facet normal 0.57735026918962584 0.57735026918962584 0.57735026918962584
  outer loop
   vertex 167 151 281.5
   vertex 167.5 150 282
   vertex 167.5 151 281
  endloop
 endfacet
 facet normal 1 0 0
  outer loop
   vertex 167.5 151 281
   vertex 167.5 150 282
   vertex 167.5 150 281
  endloop
 endfacet
 facet normal -0.57735026918962584 0.57735026918962584 0.57735026918962584
  outer loop
   vertex 152.5 151 281
   vertex 153 151 281.5
   vertex 153 151.5 281
  endloop
 endfacet
 facet normal -0.57735026918962584 0.57735026918962584 0.57735026918962584
  outer loop
   vertex 153 151 281.5
   vertex 153.5 152 281
   vertex 153 151.5 281
  endloop
 endfacet
 facet normal -0.57735026918962584 0.57735026918962584 0.57735026918962584
  outer loop
   vertex 153 151 281.5
   vertex 153.5 151 282
   vertex 153.5 152 281
  endloop
 endfacet
 facet normal -1 -0 -0
  outer loop
   vertex 153.5 151 282
   vertex 153.5 152 282
   vertex 153.5 152 281
  endloop
 endfacet
 facet normal 0.57735026918962584 0.57735026918962584 0.57735026918962584
  outer loop
   vertex 167 151.5 281
   vertex 166.5 151 282
   vertex 167 151 281.5
  endloop
 endfacet
 facet normal 0.57735026918962584 0.57735026918962584 0.57735026918962584
  outer loop
   vertex 167 151.5 281
   vertex 166.5 152 281
   vertex 166.5 151 282
  endloop
 endfacet
 facet normal 1 0 0
  outer loop
   vertex 166.5 152 281
   vertex 166.5 152 282
   vertex 166.5 151 282
  endloop
 endfacet
 facet normal 0.57735026918962584 0.57735026918962584 0.57735026918962584
  outer loop
   vertex 167.5 151 281
   vertex 167 151.5 281
   vertex 167 151 281.5
  endloop
 endfacet
 facet normal -0.57735026918962584 0.57735026918962584 0.57735026918962584
  outer loop
   vertex 154 152.5 282
   vertex 154 153 281.5
   vertex 153.5 153 281
  endloop
 endfacet
 facet normal -0.57735026918962584 0.57735026918962584 0.57735026918962584
  outer loop
   vertex 154 152.5 282
   vertex 153.5 153 281
   vertex 153.5 152 282
  endloop
 endfacet
 facet normal -1 0 0
  outer loop
   vertex 153.5 152 282
   vertex 153.5 153 281
   vertex 153.5 152 281
  endloop
 endfacet
 facet normal -0.57735026918962584 0.57735026918962584 0.57735026918962584
  outer loop
   vertex 154 152.5 282
   vertex 154.5 153 282
   vertex 154 153 281.5
  endloop
 endfacet
 facet normal 0.70710678118654746 0.70710678118654746 0
  outer loop
   vertex 166 152.5 281
   vertex 165.5 153 282
   vertex 166 152.5 282
  endloop
 endfacet
 facet normal 0.70710678118654746 0.70710678118654746 0
  outer loop
   vertex 165.5 153 281
   vertex 165.5 153 282
   vertex 166 152.5 281
  endloop
 endfacet
 facet normal 0.70710678118654746 0.70710678118654746 -0
  outer loop
   vertex 166.5 152 282
   vertex 166.5 152 281
   vertex 166 152.5 281
  endloop
 endfacet
 facet normal 0.70710678118654746 0.70710678118654746 0
  outer loop
   vertex 166 152.5 282
   vertex 166.5 152 282
   vertex 166 152.5 281
  endloop
 endfacet
 facet normal -0.57735026918962584 0.57735026918962584 0.57735026918962584
  outer loop
   vertex 153.5 153 281
   vertex 154 153 281.5
   vertex 154 153.5 281
  endloop
 endfacet
 facet normal -0.57735026918962584 0.57735026918962584 0.57735026918962584
  outer loop
   vertex 154.5 154 281
   vertex 155 153.5 282
   vertex 155 154 281.5
  endloop
 endfacet
 facet normal -0.57735026918962584 0.57735026918962584 0.57735026918962584
  outer loop
   vertex 154 153.5 281
   vertex 155 153.5 282
   vertex 154.5 154 281
  endloop
 endfacet
 facet normal -0.57735026918962584 0.57735026918962584 0.57735026918962584
  outer loop
   vertex 154 153.5 281
   vertex 154.5 153 282
   vertex 155 153.5 282
  endloop
 endfacet
 facet normal -0.57735026918962584 0.57735026918962584 0.57735026918962584
  outer loop
   vertex 154 153.5 281
   vertex 154 153 281.5
   vertex 154.5 153 282
  endloop
 endfacet
 facet normal -0.57735026918962584 0.57735026918962584 0.57735026918962584
  outer loop
   vertex 155 153.5 282
   vertex 155.5 154 282
   vertex 155 154 281.5
  endloop
 endfacet
 facet normal 0.70710678118654746 0.70710678118654746 0
  outer loop
   vertex 165 153.5 281
   vertex 164.5 154 282
   vertex 165 153.5 282
  endloop
 endfacet
 facet normal 0.70710678118654746 0.70710678118654746 0
  outer loop
   vertex 164.5 154 281
   vertex 164.5 154 282
   vertex 165 153.5 281
  endloop
 endfacet
 facet normal 0.70710678118654746 0.70710678118654746 -0
  outer loop
   vertex 165.5 153 282
   vertex 165.5 153 281
   vertex 165 153.5 281
  endloop
 endfacet
 facet normal 0.70710678118654746 0.70710678118654746 0
  outer loop
   vertex 165 153.5 282
   vertex 165.5 153 282
   vertex 165 153.5 281
  endloop
 endfacet
 facet normal -0.57735026918962584 0.57735026918962584 0.57735026918962584
  outer loop
   vertex 154.5 154 281
   vertex 155 154 281.5
   vertex 155 154.5 281
  endloop
 endfacet
 facet normal -0.57735026918962584 0.57735026918962584 0.57735026918962584
  outer loop
   vertex 155.5 155 281
   vertex 156 154.5 282
   vertex 156 155 281.5
  endloop
 endfacet
 facet normal -0.57735026918962584 0.57735026918962584 0.57735026918962584
  outer loop
   vertex 155 154.5 281
   vertex 156 154.5 282
   vertex 155.5 155 281
  endloop
 endfacet
 facet normal -0.57735026918962584 0.57735026918962584 0.57735026918962584
  outer loop
   vertex 155 154.5 281
   vertex 155.5 154 282
   vertex 156 154.5 282
  endloop
 endfacet
 facet normal -0.57735026918962584 0.57735026918962584 0.57735026918962584
  outer loop
   vertex 155 154.5 281
   vertex 155 154 281.5
   vertex 155.5 154 282
  endloop
 endfacet
 facet normal -0.57735026918962584 0.57735026918962584 0.57735026918962584
  outer loop
   vertex 156 154.5 282
   vertex 156.5 155 282
   vertex 156 155 281.5
  endloop
 endfacet
 facet normal 0.70710678118654746 0.70710678118654746 0
  outer loop
   vertex 164 154.5 281
   vertex 163.5 155 282
   vertex 164 154.5 282
  endloop
 endfacet
 facet normal 0.70710678118654746 0.70710678118654746 0
  outer loop
   vertex 163.5 155 281
   vertex 163.5 155 282
   vertex 164 154.5 281
  endloop
 endfacet
 facet normal 0.70710678118654746 0.70710678118654746 -0
  outer loop
   vertex 164.5 154 282
   vertex 164.5 154 281
   vertex 164 154.5 281
  endloop
 endfacet
 facet normal 0.70710678118654746 0.70710678118654746 0
  outer loop
   vertex 164 154.5 282
   vertex 164.5 154 282
   vertex 164 154.5 281
  endloop
 endfacet
 facet normal -0.57735026918962584 0.57735026918962584 0.57735026918962584
  outer loop
   vertex 155.5 155 281
   vertex 156 155 281.5
   vertex 156 155.5 281
  endloop
 endfacet
 facet normal -0.57735026918962584 0.57735026918962584 0.57735026918962584
  outer loop
   vertex 156.5 156 281
   vertex 157 155.5 282
   vertex 157 156 281.5
  endloop
 endfacet
 facet normal -0.57735026918962584 0.57735026918962584 0.57735026918962584
  outer loop
   vertex 156 155.5 281
   vertex 157 155.5 282
   vertex 156.5 156 281
  endloop
 endfacet
 facet normal -0.57735026918962584 0.57735026918962584 0.57735026918962584
  outer loop
   vertex 156 155.5 281
   vertex 156.5 155 282
   vertex 157 155.5 282
  endloop
 endfacet
 facet normal -0.57735026918962584 0.57735026918962584 0.57735026918962584
  outer loop
   vertex 156 155.5 281
   vertex 156 155 281.5
   vertex 156.5 155 282
  endloop
 endfacet
 facet normal 0 0.70710678118654746 0.70710678118654746
  outer loop
   vertex 157 156 281.5
   vertex 158 155.5 282
   vertex 158 156 281.5
  endloop
 endfacet
 facet normal 0 0.70710678118654746 0.70710678118654746
  outer loop
   vertex 157 155.5 282
   vertex 158 155.5 282
   vertex 157 156 281.5
  endloop
 endfacet
 facet normal 0 0.70710678118654746 0.70710678118654746
  outer loop
   vertex 158 156 281.5
   vertex 159 155.5 282
   vertex 159 156 281.5
  endloop
 endfacet
 facet normal 0 0.70710678118654746 0.70710678118654746
  outer loop
   vertex 158 155.5 282
   vertex 159 155.5 282
   vertex 158 156 281.5
  endloop
 endfacet
 facet normal 0 0.70710678118654746 0.70710678118654746
  outer loop
   vertex 159 156 281.5
   vertex 160 155.5 282
   vertex 160 156 281.5
  endloop
 endfacet
 facet normal 0 0.70710678118654746 0.70710678118654746
  outer loop
   vertex 159 155.5 282
   vertex 160 155.5 282
   vertex 159 156 281.5
  endloop
 endfacet
 facet normal 0 0.70710678118654746 0.70710678118654746
  outer loop
   vertex 160 156 281.5
   vertex 161 155.5 282
   vertex 161 156 281.5
  endloop
 endfacet
 facet normal 0 0.70710678118654746 0.70710678118654746
  outer loop
   vertex 160 155.5 282
   vertex 161 155.5 282
   vertex 160 156 281.5
  endloop
 endfacet
 facet normal 0.57735026918962584 0.57735026918962584 0.57735026918962584
  outer loop
   vertex 161 156 281.5
   vertex 162 155.5 281
   vertex 161.5 156 281
  endloop
 endfacet
 facet normal 0.57735026918962584 0.57735026918962584 0.57735026918962584
  outer loop
   vertex 161 156 281.5
   vertex 161 155.5 282
   vertex 162 155.5 281
  endloop
 endfacet
 facet normal 0 1 0
  outer loop
   vertex 161 155.5 282
   vertex 162 155.5 282
   vertex 162 155.5 281
  endloop
 endfacet
 facet normal 0 1 0
  outer loop
   vertex 163 155.5 281
   vertex 162 155.5 281
   vertex 163 155.5 282
  endloop
 endfacet
 facet normal -0 1 0
  outer loop
   vertex 162 155.5 281
   vertex 162 155.5 282
   vertex 163 155.5 282
  endloop
 endfacet
 facet normal 0.70710678118654746 0.70710678118654746 -0
  outer loop
   vertex 163.5 155 282
   vertex 163.5 155 281
   vertex 163 155.5 281
  endloop
 endfacet
 facet normal 0.70710678118654746 0.70710678118654746 0
  outer loop
   vertex 163 155.5 282
   vertex 163.5 155 282
   vertex 163 155.5 281
  endloop
 endfacet
 facet normal -0.57735026918962584 0.57735026918962584 0.57735026918962584
  outer loop
   vertex 156.5 156 281
   vertex 157 156 281.5
   vertex 157 156.5 281
  endloop
 endfacet
 facet normal -0 0.70710678118654746 0.70710678118654746
  outer loop
   vertex 158 156.5 281
   vertex 157 156.5 281
   vertex 157 156 281.5
  endloop
 endfacet
 facet normal 0 0.70710678118654746 0.70710678118654746
  outer loop
   vertex 158 156 281.5
   vertex 158 156.5 281
   vertex 157 156 281.5
  endloop
 endfacet
 facet normal -0 0.70710678118654746 0.70710678118654746
  outer loop
   vertex 159 156.5 281
   vertex 158 156.5 281
   vertex 158 156 281.5
  endloop
 endfacet
 facet normal 0 0.70710678118654746 0.70710678118654746
  outer loop
   vertex 159 156 281.5
   vertex 159 156.5 281
   vertex 158 156 281.5
  endloop
 endfacet
 facet normal -0 0.70710678118654746 0.70710678118654746
  outer loop
   vertex 160 156.5 281
   vertex 159 156.5 281
   vertex 159 156 281.5
  endloop
 endfacet
 facet normal 0 0.70710678118654746 0.70710678118654746
  outer loop
   vertex 160 156 281.5
   vertex 160 156.5 281
   vertex 159 156 281.5
  endloop
 endfacet
 facet normal -0 0.70710678118654746 0.70710678118654746
  outer loop
   vertex 161 156.5 281
   vertex 160 156.5 281
   vertex 160 156 281.5
  endloop
 endfacet
 facet normal 0 0.70710678118654746 0.70710678118654746
  outer loop
   vertex 161 156 281.5
   vertex 161 156.5 281
   vertex 160 156 281.5
  endloop
 endfacet
 facet normal 0.57735026918962584 0.57735026918962584 0.57735026918962584
  outer loop
   vertex 161.5 156 281
   vertex 161 156.5 281
   vertex 161 156 281.5
  endloop
 endfacet
 facet normal -0.57735026918962584 -0.57735026918962584 0.57735026918962584
  outer loop
   vertex 160 139.5 282
   vertex 160 140 282.5
   vertex 159.5 140 282
  endloop
 endfacet
 facet normal 0 -0.70710678118654746 0.70710678118654746
  outer loop
   vertex 160 139.5 282
   vertex 161 139.5 282
   vertex 161 140 282.5
  endloop
 endfacet
 facet normal 0 -0.70710678118654746 0.70710678118654746
  outer loop
   vertex 160 140 282.5
   vertex 160 139.5 282
   vertex 161 140 282.5
  endloop
 endfacet
 facet normal 0 -0.70710678118654746 0.70710678118654746
  outer loop
   vertex 161 139.5 282
   vertex 162 139.5 282
   vertex 162 140 282.5
  endloop
 endfacet
 facet normal 0 -0.70710678118654746 0.70710678118654746
  outer loop
   vertex 161 140 282.5
   vertex 161 139.5 282
   vertex 162 140 282.5
  endloop
 endfacet
 facet normal 0 -0.70710678118654746 0.70710678118654746
  outer loop
   vertex 162 139.5 282
   vertex 163 139.5 282
   vertex 163 140 282.5
  endloop
 endfacet
 facet normal 0 -0.70710678118654746 0.70710678118654746
  outer loop
   vertex 162 140 282.5
   vertex 162 139.5 282
   vertex 163 140 282.5
  endloop
 endfacet
 facet normal 0 -0.70710678118654746 0.70710678118654746
  outer loop
   vertex 163 139.5 282
   vertex 164 139.5 282
   vertex 164 140 282.5
  endloop
 endfacet
 facet normal 0 -0.70710678118654746 0.70710678118654746
  outer loop
   vertex 163 140 282.5
   vertex 163 139.5 282
   vertex 164 140 282.5
  endloop
 endfacet
 facet normal 0.57735026918962584 -0.57735026918962584 0.57735026918962584
  outer loop
   vertex 164 139.5 282
   vertex 164.5 140 282
   vertex 164 140 282.5
  endloop
 endfacet
 facet normal -0.57735026918962584 -0.57735026918962584 0.57735026918962584
  outer loop
   vertex 157 140.5 282
   vertex 157 141 282.5
   vertex 156.5 141 282
  endloop
 endfacet
 facet normal -0.57735026918962584 -0.57735026918962584 0.57735026918962584
  outer loop
   vertex 157.5 141 283
   vertex 157 141 282.5
   vertex 157 140.5 282
  endloop
 endfacet
 facet normal -0.57735026918962584 -0.57735026918962584 0.57735026918962584
  outer loop
   vertex 157.5 141 283
   vertex 157 140.5 282
   vertex 158 140.5 283
  endloop
 endfacet
 facet normal 0 -1 0
  outer loop
   vertex 158 140.5 283
   vertex 157 140.5 282
   vertex 158 140.5 282
  endloop
 endfacet
 facet normal 0 -1 -0
  outer loop
   vertex 159 140.5 282
   vertex 159 140.5 283
   vertex 158 140.5 282
  endloop
 endfacet
 facet normal -0 -1 0
  outer loop
   vertex 158 140.5 282
   vertex 159 140.5 283
   vertex 158 140.5 283
  endloop
 endfacet
 facet normal -0.57735026918962584 -0.57735026918962584 0.57735026918962584
  outer loop
   vertex 160 140 282.5
   vertex 159 140.5 282
   vertex 159.5 140 282
  endloop
 endfacet
 facet normal -0.57735026918962584 -0.57735026918962584 0.57735026918962584
  outer loop
   vertex 160 140 282.5
   vertex 160 140.5 283
   vertex 159 140.5 282
  endloop
 endfacet
 facet normal 0 -1 0
  outer loop
   vertex 160 140.5 283
   vertex 159 140.5 283
   vertex 159 140.5 282
  endloop
 endfacet
 facet normal 0 -0.70710678118654746 0.70710678118654746
  outer loop
   vertex 161 140 282.5
   vertex 160 140.5 283
   vertex 160 140 282.5
  endloop
 endfacet
 facet normal 0 -0.70710678118654746 0.70710678118654746
  outer loop
   vertex 161 140.5 283
   vertex 160 140.5 283
   vertex 161 140 282.5
  endloop
 endfacet
 facet normal 0 -0.70710678118654746 0.70710678118654746
  outer loop
   vertex 162 140 282.5
   vertex 161 140.5 283
   vertex 161 140 282.5
  endloop
 endfacet
 facet normal 0 -0.70710678118654746 0.70710678118654746
  outer loop
   vertex 162 140.5 283
   vertex 161 140.5 283
   vertex 162 140 282.5
  endloop
 endfacet
 facet normal 0 -0.70710678118654746 0.70710678118654746
  outer loop
   vertex 163 140 282.5
   vertex 162 140.5 283
   vertex 162 140 282.5
  endloop
 endfacet
 facet normal 0 -0.70710678118654746 0.70710678118654746
  outer loop
   vertex 163 140.5 283
   vertex 162 140.5 283
   vertex 163 140 282.5
  endloop
 endfacet
 facet normal 0 -0.70710678118654746 0.70710678118654746
  outer loop
   vertex 164 140 282.5
   vertex 163 140.5 283
   vertex 163 140 282.5
  endloop
 endfacet
 facet normal 0 -0.70710678118654746 0.70710678118654746
  outer loop
   vertex 164 140.5 283
   vertex 163 140.5 283
   vertex 164 140 282.5
  endloop
 endfacet
 facet normal 0.57735026918962584 -0.57735026918962584 0.57735026918962584
  outer loop
   vertex 164.5 140 282
   vertex 164 140.5 283
   vertex 164 140 282.5
  endloop
 endfacet
 facet normal 0.57735026918962584 -0.57735026918962584 0.57735026918962584
  outer loop
   vertex 164.5 140 282
   vertex 165 140.5 282
   vertex 164 140.5 283
  endloop
 endfacet
 facet normal -0 -1 -0
  outer loop
   vertex 165 140.5 282
   vertex 165 140.5 283
   vertex 164 140.5 283
  endloop
 endfacet
 facet normal 0.57735026918962584 -0.57735026918962584 0.57735026918962584
  outer loop
   vertex 166 141 282.5
   vertex 165.5 141 283
   vertex 165 140.5 283
  endloop
 endfacet
 facet normal 0.57735026918962584 -0.57735026918962584 0.57735026918962584
  outer loop
   vertex 166 141 282.5
   vertex 165 140.5 283
   vertex 166 140.5 282
  endloop
 endfacet
 facet normal 0 -1 0
  outer loop
   vertex 166 140.5 282
   vertex 165 140.5 283
   vertex 165 140.5 282
  endloop
 endfacet
 facet normal 0.57735026918962584 -0.57735026918962584 0.57735026918962584
  outer loop
   vertex 166 140.5 282
   vertex 166.5 141 282
   vertex 166 141 282.5
  endloop
 endfacet
 facet normal -0.57735026918962584 -0.57735026918962584 0.57735026918962584
  outer loop
   vertex 156 141.5 282
   vertex 156 142 282.5
   vertex 155.5 142 282
  endloop
 endfacet
 facet normal -0.57735026918962584 -0.57735026918962584 0.57735026918962584
  outer loop
   vertex 156 141.5 282
   vertex 156.5 142 283
   vertex 156 142 282.5
  endloop
 endfacet
 facet normal -0.57735026918962584 -0.57735026918962584 0.57735026918962584
  outer loop
   vertex 156.5 141 282
   vertex 156.5 142 283
   vertex 156 141.5 282
  endloop
 endfacet
 facet normal -0.57735026918962584 -0.57735026918962584 0.57735026918962584
  outer loop
   vertex 156.5 141 282
   vertex 157 141.5 283
   vertex 156.5 142 283
  endloop
 endfacet
 facet normal -0.57735026918962584 -0.57735026918962584 0.57735026918962584
  outer loop
   vertex 156.5 141 282
   vertex 157 141 282.5
   vertex 157 141.5 283
  endloop
 endfacet
 facet normal -0.57735026918962584 -0.57735026918962584 0.57735026918962584
  outer loop
   vertex 157.5 141 283
   vertex 157 141.5 283
   vertex 157 141 282.5
  endloop
 endfacet
 facet normal 0.57735026918962584 -0.57735026918962584 0.57735026918962584
  outer loop
   vertex 166 141 282.5
   vertex 166 141.5 283
   vertex 165.5 141 283
  endloop
 endfacet
 facet normal 0.57735026918962584 -0.57735026918962584 0.57735026918962584
  outer loop
   vertex 167 142 282.5
   vertex 166.5 142 283
   vertex 166 141.5 283
  endloop
 endfacet
 facet normal 0.57735026918962584 -0.57735026918962584 0.57735026918962584
  outer loop
   vertex 167 141.5 282
   vertex 167 142 282.5
   vertex 166 141.5 283
  endloop
 endfacet
 facet normal 0.57735026918962584 -0.57735026918962584 0.57735026918962584
  outer loop
   vertex 167 141.5 282
   vertex 166 141.5 283
   vertex 166 141 282.5
  endloop
 endfacet
 facet normal 0.57735026918962584 -0.57735026918962584 0.57735026918962584
  outer loop
   vertex 167 141.5 282
   vertex 166 141 282.5
   vertex 166.5 141 282
  endloop
 endfacet
 facet normal 0.57735026918962584 -0.57735026918962584 0.57735026918962584
  outer loop
   vertex 167 141.5 282
   vertex 167.5 142 282
   vertex 167 142 282.5
  endloop
 endfacet
 facet normal -0.57735026918962584 -0.57735026918962584 0.57735026918962584
  outer loop
   vertex 155 142.5 282
   vertex 155 143 282.5
   vertex 154.5 143 282
  endloop
 endfacet
 facet normal -0.57735026918962584 -0.57735026918962584 0.57735026918962584
  outer loop
   vertex 155 142.5 282
   vertex 155.5 143 283
   vertex 155 143 282.5
  endloop
 endfacet
 facet normal -0.57735026918962584 -0.57735026918962584 0.57735026918962584
  outer loop
   vertex 155.5 142 282
   vertex 155.5 143 283
   vertex 155 142.5 282
  endloop
 endfacet
 facet normal -0.57735026918962584 -0.57735026918962584 0.57735026918962584
  outer loop
   vertex 155.5 142 282
   vertex 156 142.5 283
   vertex 155.5 143 283
  endloop
 endfacet
 facet normal -0.57735026918962584 -0.57735026918962584 0.57735026918962584
  outer loop
   vertex 155.5 142 282
   vertex 156 142 282.5
   vertex 156 142.5 283
  endloop
 endfacet
 facet normal -0.57735026918962584 -0.57735026918962584 0.57735026918962584
  outer loop
   vertex 156.5 142 283
   vertex 156 142.5 283
   vertex 156 142 282.5
  endloop
 endfacet
 facet normal 0.57735026918962584 -0.57735026918962584 0.57735026918962584
  outer loop
   vertex 167 142 282.5
   vertex 167 142.5 283
   vertex 166.5 142 283
  endloop
 endfacet
 facet normal 0.57735026918962584 -0.57735026918962584 0.57735026918962584
  outer loop
   vertex 167 142.5 283
   vertex 167 142 282.5
   vertex 167.5 142 282
  endloop
 endfacet
 facet normal 0.57735026918962584 -0.57735026918962584 0.57735026918962584
  outer loop
   vertex 167 142.5 283
   vertex 167.5 142 282
   vertex 167.5 143 283
  endloop
 endfacet
 facet normal 1 0 0
  outer loop
   vertex 167.5 143 283
   vertex 167.5 142 282
   vertex 167.5 143 282
  endloop
 endfacet
 facet normal -0.57735026918962584 -0.57735026918962584 0.57735026918962584
  outer loop
   vertex 155 143 282.5
   vertex 155 143.5 283
   vertex 154.5 144 283
  endloop
 endfacet
 facet normal -0.57735026918962584 -0.57735026918962584 0.57735026918962584
  outer loop
   vertex 155 143 282.5
   vertex 154.5 144 283
   vertex 154.5 143 282
  endloop
 endfacet
 facet normal -1 0 -0
  outer loop
   vertex 154.5 143 282
   vertex 154.5 144 283
   vertex 154.5 144 282
  endloop
 endfacet
 facet normal -0.57735026918962584 -0.57735026918962584 0.57735026918962584
  outer loop
   vertex 155.5 143 283
   vertex 155 143.5 283
   vertex 155 143 282.5
  endloop
 endfacet
 facet normal 1 0 0
  outer loop
   vertex 167.5 143 282
   vertex 167.5 144 282
   vertex 167.5 143 283
  endloop
 endfacet
 facet normal 1 0 -0
  outer loop
   vertex 167.5 143 283
   vertex 167.5 144 282
   vertex 167.5 144 283
  endloop
 endfacet
 facet normal -0.57735026918962584 -0.57735026918962584 0.57735026918962584
  outer loop
   vertex 154 144.5 282
   vertex 154 145 282.5
   vertex 153.5 145 282
  endloop
 endfacet
 facet normal -0.57735026918962584 -0.57735026918962584 0.57735026918962584
  outer loop
   vertex 154 144.5 282
   vertex 154.5 145 283
   vertex 154 145 282.5
  endloop
 endfacet
 facet normal -0.57735026918962584 -0.57735026918962584 0.57735026918962584
  outer loop
   vertex 154 144.5 282
   vertex 154.5 144 282
   vertex 154.5 145 283
  endloop
 endfacet
 facet normal -1 0 0
  outer loop
   vertex 154.5 144 282
   vertex 154.5 144 283
   vertex 154.5 145 283
  endloop
 endfacet
 facet normal 1 0 0
  outer loop
   vertex 167.5 144 282
   vertex 167.5 145 282
   vertex 167.5 144 283
  endloop
 endfacet
 facet normal 1 0 -0
  outer loop
   vertex 167.5 144 283
   vertex 167.5 145 282
   vertex 167.5 145 283
  endloop
 endfacet
 facet normal -0.70710678118654746 0 0.70710678118654746
  outer loop
   vertex 154 145 282.5
   vertex 154 146 282.5
   vertex 153.5 146 282
  endloop
 endfacet
 facet normal -0.70710678118654746 0 0.70710678118654746
  outer loop
   vertex 153.5 145 282
   vertex 154 145 282.5
   vertex 153.5 146 282
  endloop
 endfacet
 facet normal -0.70710678118654746 0 0.70710678118654746
  outer loop
   vertex 154.5 146 283
   vertex 154 145 282.5
   vertex 154.5 145 283
  endloop
 endfacet
 facet normal -0.70710678118654746 0 0.70710678118654746
  outer loop
   vertex 154 146 282.5
   vertex 154 145 282.5
   vertex 154.5 146 283
  endloop
 endfacet
 facet normal 1 0 0
  outer loop
   vertex 167.5 145 282
   vertex 167.5 146 282
   vertex 167.5 145 283
  endloop
 endfacet
 facet normal 1 0 -0
  outer loop
   vertex 167.5 145 283
   vertex 167.5 146 282
   vertex 167.5 146 283
  endloop
 endfacet
 facet normal -0.57735026918962584 -0.57735026918962584 0.57735026918962584
  outer loop
   vertex 154 146 282.5
   vertex 154 146.5 283
   vertex 153.5 147 283
  endloop
 endfacet
 facet normal -0.57735026918962584 -0.57735026918962584 0.57735026918962584
  outer loop
   vertex 154 146 282.5
   vertex 153.5 147 283
   vertex 153.5 146 282
  endloop
 endfacet
 facet normal -1 0 -0
  outer loop
   vertex 153.5 146 282
   vertex 153.5 147 283
   vertex 153.5 147 282
  endloop
 endfacet
 facet normal -0.57735026918962584 -0.57735026918962584 0.57735026918962584
  outer loop
   vertex 154.5 146 283
   vertex 154 146.5 283
   vertex 154 146 282.5
  endloop
 endfacet
 facet normal 1 0 0
  outer loop
   vertex 167.5 146 282
   vertex 167.5 147 282
   vertex 167.5 146 283
  endloop
 endfacet
 facet normal 1 0 -0
  outer loop
   vertex 167.5 146 283
   vertex 167.5 147 282
   vertex 167.5 147 283
  endloop
 endfacet
 facet normal -1 0 0
  outer loop
   vertex 153.5 147 282
   vertex 153.5 147 283
   vertex 153.5 148 282
  endloop
 endfacet
 facet normal -1 -0 -0
  outer loop
   vertex 153.5 147 283
   vertex 153.5 148 283
   vertex 153.5 148 282
  endloop
 endfacet
 facet normal 1 0 0
  outer loop
   vertex 167.5 147 282
   vertex 167.5 148 282
   vertex 167.5 147 283
  endloop
 endfacet
 facet normal 1 0 -0
  outer loop
   vertex 167.5 147 283
   vertex 167.5 148 282
   vertex 167.5 148 283
  endloop
 endfacet
 facet normal -1 0 0
  outer loop
   vertex 153.5 148 282
   vertex 153.5 148 283
   vertex 153.5 149 282
  endloop
 endfacet
 facet normal -1 -0 -0
  outer loop
   vertex 153.5 148 283
   vertex 153.5 149 283
   vertex 153.5 149 282
  endloop
 endfacet
 facet normal 0.57735026918962584 0.57735026918962584 0.57735026918962584
  outer loop
   vertex 167 149 282.5
   vertex 166.5 149 283
   vertex 167 148.5 283
  endloop
 endfacet
 facet normal 0.57735026918962584 0.57735026918962584 0.57735026918962584
  outer loop
   vertex 167 149 282.5
   vertex 167 148.5 283
   vertex 167.5 148 283
  endloop
 endfacet
 facet normal 0.57735026918962584 0.57735026918962584 0.57735026918962584
  outer loop
   vertex 167 149 282.5
   vertex 167.5 148 283
   vertex 167.5 149 282
  endloop
 endfacet
 facet normal 1 0 0
  outer loop
   vertex 167.5 149 282
   vertex 167.5 148 283
   vertex 167.5 148 282
  endloop
 endfacet
 facet normal -1 0 0
  outer loop
   vertex 153.5 149 282
   vertex 153.5 149 283
   vertex 153.5 150 282
  endloop
 endfacet
 facet normal -1 -0 -0
  outer loop
   vertex 153.5 149 283
   vertex 153.5 150 283
   vertex 153.5 150 282
  endloop
 endfacet
 facet normal 0.70710678118654746 0 0.70710678118654746
  outer loop
   vertex 167 150 282.5
   vertex 166.5 149 283
   vertex 167 149 282.5
  endloop
 endfacet
 facet normal 0.70710678118654746 -0 0.70710678118654746
  outer loop
   vertex 166.5 150 283
   vertex 166.5 149 283
   vertex 167 150 282.5
  endloop
 endfacet
 facet normal 0.70710678118654746 0 0.70710678118654746
  outer loop
   vertex 167.5 149 282
   vertex 167.5 150 282
   vertex 167 150 282.5
  endloop
 endfacet
 facet normal 0.70710678118654746 0 0.70710678118654746
  outer loop
   vertex 167 149 282.5
   vertex 167.5 149 282
   vertex 167 150 282.5
  endloop
 endfacet
 facet normal -0.57735026918962584 0.57735026918962584 0.57735026918962584
  outer loop
   vertex 154 150.5 283
   vertex 154 151 282.5
   vertex 153.5 151 282
  endloop
 endfacet
 facet normal -0.57735026918962584 0.57735026918962584 0.57735026918962584
  outer loop
   vertex 154 150.5 283
   vertex 153.5 151 282
   vertex 153.5 150 283
  endloop
 endfacet
 facet normal -1 0 0
  outer loop
   vertex 153.5 150 283
   vertex 153.5 151 282
   vertex 153.5 150 282
  endloop
 endfacet
 facet normal -0.57735026918962584 0.57735026918962584 0.57735026918962584
  outer loop
   vertex 154 150.5 283
   vertex 154.5 151 283
   vertex 154 151 282.5
  endloop
 endfacet
 facet normal 0.57735026918962584 0.57735026918962584 0.57735026918962584
  outer loop
   vertex 167 150.5 282
   vertex 166.5 150 283
   vertex 167 150 282.5
  endloop
 endfacet
 facet normal 0.57735026918962584 0.57735026918962584 0.57735026918962584
  outer loop
   vertex 167 150.5 282
   vertex 166.5 151 282
   vertex 166.5 150 283
  endloop
 endfacet
 facet normal 1 0 0
  outer loop
   vertex 166.5 151 282
   vertex 166.5 151 283
   vertex 166.5 150 283
  endloop
 endfacet
 facet normal 0.57735026918962584 0.57735026918962584 0.57735026918962584
  outer loop
   vertex 167.5 150 282
   vertex 167 150.5 282
   vertex 167 150 282.5
  endloop
 endfacet
 facet normal -0.70710678118654746 0 0.70710678118654746
  outer loop
   vertex 154 151 282.5
   vertex 154 152 282.5
   vertex 153.5 152 282
  endloop
 endfacet
 facet normal -0.70710678118654746 0 0.70710678118654746
  outer loop
   vertex 153.5 151 282
   vertex 154 151 282.5
   vertex 153.5 152 282
  endloop
 endfacet
 facet normal -0.70710678118654746 0 0.70710678118654746
  outer loop
   vertex 154.5 152 283
   vertex 154 151 282.5
   vertex 154.5 151 283
  endloop
 endfacet
 facet normal -0.70710678118654746 0 0.70710678118654746
  outer loop
   vertex 154 152 282.5
   vertex 154 151 282.5
   vertex 154.5 152 283
  endloop
 endfacet
 facet normal 0.57735026918962584 0.57735026918962584 0.57735026918962584
  outer loop
   vertex 166 152 282.5
   vertex 165.5 152 283
   vertex 166 151.5 283
  endloop
 endfacet
 facet normal 0.57735026918962584 0.57735026918962584 0.57735026918962584
  outer loop
   vertex 166 152 282.5
   vertex 166 151.5 283
   vertex 166.5 151 283
  endloop
 endfacet
 facet normal 0.57735026918962584 0.57735026918962584 0.57735026918962584
  outer loop
   vertex 166 152 282.5
   vertex 166.5 151 283
   vertex 166.5 152 282
  endloop
 endfacet
 facet normal 1 0 0
  outer loop
   vertex 166.5 152 282
   vertex 166.5 151 283
   vertex 166.5 151 282
  endloop
 endfacet
 facet normal -0.57735026918962584 0.57735026918962584 0.57735026918962584
  outer loop
   vertex 153.5 152 282
   vertex 154 152 282.5
   vertex 154 152.5 282
  endloop
 endfacet
 facet normal -0.57735026918962584 0.57735026918962584 0.57735026918962584
  outer loop
   vertex 154.5 153 282
   vertex 155 152.5 283
   vertex 155 153 282.5
  endloop
 endfacet
 facet normal -0.57735026918962584 0.57735026918962584 0.57735026918962584
  outer loop
   vertex 154 152.5 282
   vertex 155 152.5 283
   vertex 154.5 153 282
  endloop
 endfacet
 facet normal -0.57735026918962584 0.57735026918962584 0.57735026918962584
  outer loop
   vertex 154 152.5 282
   vertex 154.5 152 283
   vertex 155 152.5 283
  endloop
 endfacet
 facet normal -0.57735026918962584 0.57735026918962584 0.57735026918962584
  outer loop
   vertex 154 152.5 282
   vertex 154 152 282.5
   vertex 154.5 152 283
  endloop
 endfacet
 facet normal -0.57735026918962584 0.57735026918962584 0.57735026918962584
  outer loop
   vertex 155 152.5 283
   vertex 155.5 153 283
   vertex 155 153 282.5
  endloop
 endfacet
 facet normal 0.57735026918962584 0.57735026918962584 0.57735026918962584
  outer loop
   vertex 166 152.5 282
   vertex 165.5 152 283
   vertex 166 152 282.5
  endloop
 endfacet
 facet normal 0.57735026918962584 0.57735026918962584 0.57735026918962584
  outer loop
   vertex 166 152.5 282
   vertex 165.5 153 282
   vertex 165.5 152 283
  endloop
 endfacet
 facet normal 1 0 0
  outer loop
   vertex 165.5 153 282
   vertex 165.5 153 283
   vertex 165.5 152 283
  endloop
 endfacet
 facet normal 0.57735026918962584 0.57735026918962584 0.57735026918962584
  outer loop
   vertex 166.5 152 282
   vertex 166 152.5 282
   vertex 166 152 282.5
  endloop
 endfacet
 facet normal -0.57735026918962584 0.57735026918962584 0.57735026918962584
  outer loop
   vertex 154.5 153 282
   vertex 155 153 282.5
   vertex 155 153.5 282
  endloop
 endfacet
 facet normal -0.57735026918962584 0.57735026918962584 0.57735026918962584
  outer loop
   vertex 155.5 154 282
   vertex 156 153.5 283
   vertex 156 154 282.5
  endloop
 endfacet
 facet normal -0.57735026918962584 0.57735026918962584 0.57735026918962584
  outer loop
   vertex 155 153.5 282
   vertex 156 153.5 283
   vertex 155.5 154 282
  endloop
 endfacet
 facet normal -0.57735026918962584 0.57735026918962584 0.57735026918962584
  outer loop
   vertex 155 153.5 282
   vertex 155.5 153 283
   vertex 156 153.5 283
  endloop
 endfacet
 facet normal -0.57735026918962584 0.57735026918962584 0.57735026918962584
  outer loop
   vertex 155 153.5 282
   vertex 155 153 282.5
   vertex 155.5 153 283
  endloop
 endfacet
 facet normal -0.57735026918962584 0.57735026918962584 0.57735026918962584
  outer loop
   vertex 156 153.5 283
   vertex 156.5 154 283
   vertex 156 154 282.5
  endloop
 endfacet
 facet normal 0.57735026918962584 0.57735026918962584 0.57735026918962584
  outer loop
   vertex 164 154 282.5
   vertex 163.5 154 283
   vertex 164 153.5 283
  endloop
 endfacet
 facet normal 0.57735026918962584 0.57735026918962584 0.57735026918962584
  outer loop
   vertex 164 154 282.5
   vertex 165 153.5 282
   vertex 164.5 154 282
  endloop
 endfacet
 facet normal 0.57735026918962584 0.57735026918962584 0.57735026918962584
  outer loop
   vertex 164 154 282.5
   vertex 164 153.5 283
   vertex 165 153.5 282
  endloop
 endfacet
 facet normal 0 1 0
  outer loop
   vertex 164 153.5 283
   vertex 165 153.5 283
   vertex 165 153.5 282
  endloop
 endfacet
 facet normal 0.70710678118654746 0.70710678118654746 -0
  outer loop
   vertex 165.5 153 283
   vertex 165.5 153 282
   vertex 165 153.5 282
  endloop
 endfacet
 facet normal 0.70710678118654746 0.70710678118654746 0
  outer loop
   vertex 165 153.5 283
   vertex 165.5 153 283
   vertex 165 153.5 282
  endloop
 endfacet
 facet normal -0.57735026918962584 0.57735026918962584 0.57735026918962584
  outer loop
   vertex 155.5 154 282
   vertex 156 154 282.5
   vertex 156 154.5 282
  endloop
 endfacet
 facet normal -0.57735026918962584 0.57735026918962584 0.57735026918962584
  outer loop
   vertex 156.5 155 282
   vertex 157 154.5 283
   vertex 157 155 282.5
  endloop
 endfacet
 facet normal -0.57735026918962584 0.57735026918962584 0.57735026918962584
  outer loop
   vertex 156 154.5 282
   vertex 157 154.5 283
   vertex 156.5 155 282
  endloop
 endfacet
 facet normal -0.57735026918962584 0.57735026918962584 0.57735026918962584
  outer loop
   vertex 156 154.5 282
   vertex 156.5 154 283
   vertex 157 154.5 283
  endloop
 endfacet
 facet normal -0.57735026918962584 0.57735026918962584 0.57735026918962584
  outer loop
   vertex 156 154.5 282
   vertex 156 154 282.5
   vertex 156.5 154 283
  endloop
 endfacet
 facet normal -0.57735026918962584 0.57735026918962584 0.57735026918962584
  outer loop
   vertex 157 154.5 283
   vertex 157.5 155 283
   vertex 157 155 282.5
  endloop
 endfacet
 facet normal 0.57735026918962584 0.57735026918962584 0.57735026918962584
  outer loop
   vertex 162 155 282.5
   vertex 161.5 155 283
   vertex 162 154.5 283
  endloop
 endfacet
 facet normal 0 0.70710678118654746 0.70710678118654746
  outer loop
   vertex 162 155 282.5
   vertex 163 154.5 283
   vertex 163 155 282.5
  endloop
 endfacet
 facet normal 0 0.70710678118654746 0.70710678118654746
  outer loop
   vertex 162 154.5 283
   vertex 163 154.5 283
   vertex 162 155 282.5
  endloop
 endfacet
 facet normal 0.57735026918962584 0.57735026918962584 0.57735026918962584
  outer loop
   vertex 163.5 154 283
   vertex 163 155 282.5
   vertex 163 154.5 283
  endloop
 endfacet
 facet normal 0.57735026918962584 0.57735026918962584 0.57735026918962584
  outer loop
   vertex 164 154 282.5
   vertex 163 155 282.5
   vertex 163.5 154 283
  endloop
 endfacet
 facet normal 0.57735026918962584 0.57735026918962584 0.57735026918962584
  outer loop
   vertex 164 154 282.5
   vertex 163.5 155 282
   vertex 163 155 282.5
  endloop
 endfacet
 facet normal 0.57735026918962584 0.57735026918962584 0.57735026918962584
  outer loop
   vertex 164 154 282.5
   vertex 164 154.5 282
   vertex 163.5 155 282
  endloop
 endfacet
 facet normal 0.57735026918962584 0.57735026918962584 0.57735026918962584
  outer loop
   vertex 164.5 154 282
   vertex 164 154.5 282
   vertex 164 154 282.5
  endloop
 endfacet
 facet normal -0.57735026918962584 0.57735026918962584 0.57735026918962584
  outer loop
   vertex 156.5 155 282
   vertex 157 155 282.5
   vertex 157 155.5 282
  endloop
 endfacet
 facet normal -0.57735026918962584 0.57735026918962584 0.57735026918962584
  outer loop
   vertex 157 155 282.5
   vertex 157.5 155 283
   vertex 158 155.5 283
  endloop
 endfacet
 facet normal -0.57735026918962584 0.57735026918962584 0.57735026918962584
  outer loop
   vertex 157 155 282.5
   vertex 158 155.5 283
   vertex 157 155.5 282
  endloop
 endfacet
 facet normal 0 1 0
  outer loop
   vertex 157 155.5 282
   vertex 158 155.5 283
   vertex 158 155.5 282
  endloop
 endfacet
 facet normal 0 1 0
  outer loop
   vertex 159 155.5 282
   vertex 158 155.5 282
   vertex 159 155.5 283
  endloop
 endfacet
 facet normal -0 1 0
  outer loop
   vertex 158 155.5 282
   vertex 158 155.5 283
   vertex 159 155.5 283
  endloop
 endfacet
 facet normal 0 1 0
  outer loop
   vertex 160 155.5 282
   vertex 159 155.5 282
   vertex 160 155.5 283
  endloop
 endfacet
 facet normal -0 1 0
  outer loop
   vertex 159 155.5 282
   vertex 159 155.5 283
   vertex 160 155.5 283
  endloop
 endfacet
 facet normal 0 1 0
  outer loop
   vertex 161 155.5 282
   vertex 160 155.5 282
   vertex 161 155.5 283
  endloop
 endfacet
 facet normal -0 1 0
  outer loop
   vertex 160 155.5 282
   vertex 160 155.5 283
   vertex 161 155.5 283
  endloop
 endfacet
 facet normal 0.57735026918962584 0.57735026918962584 0.57735026918962584
  outer loop
   vertex 161.5 155 283
   vertex 162 155 282.5
   vertex 162 155.5 282
  endloop
 endfacet
 facet normal 0.57735026918962584 0.57735026918962584 0.57735026918962584
  outer loop
   vertex 161.5 155 283
   vertex 162 155.5 282
   vertex 161 155.5 283
  endloop
 endfacet
 facet normal 0 1 0
  outer loop
   vertex 161 155.5 283
   vertex 162 155.5 282
   vertex 161 155.5 282
  endloop
 endfacet
 facet normal -0 0.70710678118654746 0.70710678118654746
  outer loop
   vertex 163 155.5 282
   vertex 162 155.5 282
   vertex 162 155 282.5
  endloop
 endfacet
 facet normal 0 0.70710678118654746 0.70710678118654746
  outer loop
   vertex 163 155 282.5
   vertex 163 155.5 282
   vertex 162 155 282.5
  endloop
 endfacet
 facet normal 0.57735026918962584 0.57735026918962584 0.57735026918962584
  outer loop
   vertex 163.5 155 282
   vertex 163 155.5 282
   vertex 163 155 282.5
  endloop
 endfacet
 facet normal -0.57735026918962584 -0.57735026918962584 0.57735026918962584
  outer loop
   vertex 158 140.5 283
   vertex 158 141 283.5
   vertex 157.5 141 283
  endloop
 endfacet
 facet normal 0 -0.70710678118654746 0.70710678118654746
  outer loop
   vertex 158 140.5 283
   vertex 159 140.5 283
   vertex 159 141 283.5
  endloop
 endfacet
 facet normal 0 -0.70710678118654746 0.70710678118654746
  outer loop
   vertex 158 141 283.5
   vertex 158 140.5 283
   vertex 159 141 283.5
  endloop
 endfacet
 facet normal 0 -0.70710678118654746 0.70710678118654746
  outer loop
   vertex 159 140.5 283
   vertex 160 140.5 283
   vertex 160 141 283.5
  endloop
 endfacet
 facet normal 0 -0.70710678118654746 0.70710678118654746
  outer loop
   vertex 159 141 283.5
   vertex 159 140.5 283
   vertex 160 141 283.5
  endloop
 endfacet
 facet normal -0.57735026918962584 -0.57735026918962584 0.57735026918962584
  outer loop
   vertex 160.5 141 284
   vertex 160 141 283.5
   vertex 160 140.5 283
  endloop
 endfacet
 facet normal -0.57735026918962584 -0.57735026918962584 0.57735026918962584
  outer loop
   vertex 160.5 141 284
   vertex 160 140.5 283
   vertex 161 140.5 284
  endloop
 endfacet
 facet normal 0 -1 0
  outer loop
   vertex 161 140.5 284
   vertex 160 140.5 283
   vertex 161 140.5 283
  endloop
 endfacet
 facet normal 0.57735026918962584 -0.57735026918962584 0.57735026918962584
  outer loop
   vertex 162 141 283.5
   vertex 161.5 141 284
   vertex 161 140.5 284
  endloop
 endfacet
 facet normal 0.57735026918962584 -0.57735026918962584 0.57735026918962584
  outer loop
   vertex 162 141 283.5
   vertex 161 140.5 284
   vertex 162 140.5 283
  endloop
 endfacet
 facet normal 0 -1 0
  outer loop
   vertex 162 140.5 283
   vertex 161 140.5 284
   vertex 161 140.5 283
  endloop
 endfacet
 facet normal 0 -0.70710678118654746 0.70710678118654746
  outer loop
   vertex 162 140.5 283
   vertex 163 140.5 283
   vertex 163 141 283.5
  endloop
 endfacet
 facet normal 0 -0.70710678118654746 0.70710678118654746
  outer loop
   vertex 162 141 283.5
   vertex 162 140.5 283
   vertex 163 141 283.5
  endloop
 endfacet
 facet normal 0 -0.70710678118654746 0.70710678118654746
  outer loop
   vertex 163 140.5 283
   vertex 164 140.5 283
   vertex 164 141 283.5
  endloop
 endfacet
 facet normal 0 -0.70710678118654746 0.70710678118654746
  outer loop
   vertex 163 141 283.5
   vertex 163 140.5 283
   vertex 164 141 283.5
  endloop
 endfacet
 facet normal 0 -0.70710678118654746 0.70710678118654746
  outer loop
   vertex 164 140.5 283
   vertex 165 140.5 283
   vertex 165 141 283.5
  endloop
 endfacet
 facet normal 0 -0.70710678118654746 0.70710678118654746
  outer loop
   vertex 164 141 283.5
   vertex 164 140.5 283
   vertex 165 141 283.5
  endloop
 endfacet
 facet normal 0.57735026918962584 -0.57735026918962584 0.57735026918962584
  outer loop
   vertex 165 140.5 283
   vertex 165.5 141 283
   vertex 165 141 283.5
  endloop
 endfacet
 facet normal -0.57735026918962584 -0.57735026918962584 0.57735026918962584
  outer loop
   vertex 157 141.5 283
   vertex 157 142 283.5
   vertex 156.5 142 283
  endloop
 endfacet
 facet normal -0.57735026918962584 -0.57735026918962584 0.57735026918962584
  outer loop
   vertex 157 141.5 283
   vertex 157.5 142 284
   vertex 157 142 283.5
  endloop
 endfacet
 facet normal -0.57735026918962584 -0.57735026918962584 0.57735026918962584
  outer loop
   vertex 157.5 141 283
   vertex 157.5 142 284
   vertex 157 141.5 283
  endloop
 endfacet
 facet normal -0.57735026918962584 -0.57735026918962584 0.57735026918962584
  outer loop
   vertex 157.5 141 283
   vertex 158 141.5 284
   vertex 157.5 142 284
  endloop
 endfacet
 facet normal -0.57735026918962584 -0.57735026918962584 0.57735026918962584
  outer loop
   vertex 157.5 141 283
   vertex 158 141 283.5
   vertex 158 141.5 284
  endloop
 endfacet
 facet normal 0 -0.70710678118654746 0.70710678118654746
  outer loop
   vertex 159 141 283.5
   vertex 158 141.5 284
   vertex 158 141 283.5
  endloop
 endfacet
 facet normal 0 -0.70710678118654746 0.70710678118654746
  outer loop
   vertex 159 141.5 284
   vertex 158 141.5 284
   vertex 159 141 283.5
  endloop
 endfacet
 facet normal 0 -0.70710678118654746 0.70710678118654746
  outer loop
   vertex 160 141 283.5
   vertex 159 141.5 284
   vertex 159 141 283.5
  endloop
 endfacet
 facet normal 0 -0.70710678118654746 0.70710678118654746
  outer loop
   vertex 160 141.5 284
   vertex 159 141.5 284
   vertex 160 141 283.5
  endloop
 endfacet
 facet normal -0.57735026918962584 -0.57735026918962584 0.57735026918962584
  outer loop
   vertex 160.5 141 284
   vertex 160 141.5 284
   vertex 160 141 283.5
  endloop
 endfacet
 facet normal 0.57735026918962584 -0.57735026918962584 0.57735026918962584
  outer loop
   vertex 162 141 283.5
   vertex 162 141.5 284
   vertex 161.5 141 284
  endloop
 endfacet
 facet normal 0 -0.70710678118654746 0.70710678118654746
  outer loop
   vertex 163 141 283.5
   vertex 162 141.5 284
   vertex 162 141 283.5
  endloop
 endfacet
 facet normal 0 -0.70710678118654746 0.70710678118654746
  outer loop
   vertex 163 141.5 284
   vertex 162 141.5 284
   vertex 163 141 283.5
  endloop
 endfacet
 facet normal 0 -0.70710678118654746 0.70710678118654746
  outer loop
   vertex 164 141 283.5
   vertex 163 141.5 284
   vertex 163 141 283.5
  endloop
 endfacet
 facet normal 0 -0.70710678118654746 0.70710678118654746
  outer loop
   vertex 164 141.5 284
   vertex 163 141.5 284
   vertex 164 141 283.5
  endloop
 endfacet
 facet normal 0 -0.70710678118654746 0.70710678118654746
  outer loop
   vertex 165 141 283.5
   vertex 164 141.5 284
   vertex 164 141 283.5
  endloop
 endfacet
 facet normal 0 -0.70710678118654746 0.70710678118654746
  outer loop
   vertex 165 141.5 284
   vertex 164 141.5 284
   vertex 165 141 283.5
  endloop
 endfacet
 facet normal 0.57735026918962584 -0.57735026918962584 0.57735026918962584
  outer loop
   vertex 165.5 141 283
   vertex 165 141.5 284
   vertex 165 141 283.5
  endloop
 endfacet
 facet normal 0.57735026918962584 -0.57735026918962584 0.57735026918962584
  outer loop
   vertex 165.5 141 283
   vertex 166 141.5 283
   vertex 165 141.5 284
  endloop
 endfacet
 facet normal -0 -1 -0
  outer loop
   vertex 166 141.5 283
   vertex 166 141.5 284
   vertex 165 141.5 284
  endloop
 endfacet
 facet normal 0.70710678118654746 -0.70710678118654746 0
  outer loop
   vertex 166 141.5 284
   vertex 166 141.5 283
   vertex 166.5 142 283
  endloop
 endfacet
 facet normal 0.70710678118654746 -0.70710678118654746 0
  outer loop
   vertex 166.5 142 284
   vertex 166 141.5 284
   vertex 166.5 142 283
  endloop
 endfacet
 facet normal -0.57735026918962584 -0.57735026918962584 0.57735026918962584
  outer loop
   vertex 156 142.5 283
   vertex 156 143 283.5
   vertex 155.5 143 283
  endloop
 endfacet
 facet normal -0.57735026918962584 -0.57735026918962584 0.57735026918962584
  outer loop
   vertex 156 142.5 283
   vertex 156.5 143 284
   vertex 156 143 283.5
  endloop
 endfacet
 facet normal -0.57735026918962584 -0.57735026918962584 0.57735026918962584
  outer loop
   vertex 156.5 142 283
   vertex 156.5 143 284
   vertex 156 142.5 283
  endloop
 endfacet
 facet normal -0.57735026918962584 -0.57735026918962584 0.57735026918962584
  outer loop
   vertex 156.5 142 283
   vertex 157 142.5 284
   vertex 156.5 143 284
  endloop
 endfacet
 facet normal -0.57735026918962584 -0.57735026918962584 0.57735026918962584
  outer loop
   vertex 156.5 142 283
   vertex 157 142 283.5
   vertex 157 142.5 284
  endloop
 endfacet
 facet normal -0.57735026918962584 -0.57735026918962584 0.57735026918962584
  outer loop
   vertex 157.5 142 284
   vertex 157 142.5 284
   vertex 157 142 283.5
  endloop
 endfacet
 facet normal 0.70710678118654746 -0.70710678118654746 0
  outer loop
   vertex 166.5 142 283
   vertex 167 142.5 284
   vertex 166.5 142 284
  endloop
 endfacet
 facet normal 0.70710678118654746 -0.70710678118654746 0
  outer loop
   vertex 167 142.5 283
   vertex 167 142.5 284
   vertex 166.5 142 283
  endloop
 endfacet
 facet normal 0.70710678118654746 -0.70710678118654746 0
  outer loop
   vertex 167 142.5 284
   vertex 167 142.5 283
   vertex 167.5 143 283
  endloop
 endfacet
 facet normal 0.70710678118654746 -0.70710678118654746 0
  outer loop
   vertex 167.5 143 284
   vertex 167 142.5 284
   vertex 167.5 143 283
  endloop
 endfacet
 facet normal -0.57735026918962584 -0.57735026918962584 0.57735026918962584
  outer loop
   vertex 155 143.5 283
   vertex 155 144 283.5
   vertex 154.5 144 283
  endloop
 endfacet
 facet normal -0.57735026918962584 -0.57735026918962584 0.57735026918962584
  outer loop
   vertex 155 143.5 283
   vertex 155.5 144 284
   vertex 155 144 283.5
  endloop
 endfacet
 facet normal -0.57735026918962584 -0.57735026918962584 0.57735026918962584
  outer loop
   vertex 155.5 143 283
   vertex 155.5 144 284
   vertex 155 143.5 283
  endloop
 endfacet
 facet normal -0.57735026918962584 -0.57735026918962584 0.57735026918962584
  outer loop
   vertex 155.5 143 283
   vertex 156 143.5 284
   vertex 155.5 144 284
  endloop
 endfacet
 facet normal -0.57735026918962584 -0.57735026918962584 0.57735026918962584
  outer loop
   vertex 155.5 143 283
   vertex 156 143 283.5
   vertex 156 143.5 284
  endloop
 endfacet
 facet normal -0.57735026918962584 -0.57735026918962584 0.57735026918962584
  outer loop
   vertex 156.5 143 284
   vertex 156 143.5 284
   vertex 156 143 283.5
  endloop
 endfacet
 facet normal 1 0 0
  outer loop
   vertex 167.5 143 283
   vertex 167.5 144 283
   vertex 167.5 143 284
  endloop
 endfacet
 facet normal 1 0 -0
  outer loop
   vertex 167.5 143 284
   vertex 167.5 144 283
   vertex 167.5 144 284
  endloop
 endfacet
 facet normal -0.57735026918962584 -0.57735026918962584 0.57735026918962584
  outer loop
   vertex 155 144 283.5
   vertex 155 144.5 284
   vertex 154.5 145 284
  endloop
 endfacet
 facet normal -0.57735026918962584 -0.57735026918962584 0.57735026918962584
  outer loop
   vertex 155 144 283.5
   vertex 154.5 145 284
   vertex 154.5 144 283
  endloop
 endfacet
 facet normal -1 0 -0
  outer loop
   vertex 154.5 144 283
   vertex 154.5 145 284
   vertex 154.5 145 283
  endloop
 endfacet
 facet normal -0.57735026918962584 -0.57735026918962584 0.57735026918962584
  outer loop
   vertex 155.5 144 284
   vertex 155 144.5 284
   vertex 155 144 283.5
  endloop
 endfacet
 facet normal 1 0 0
  outer loop
   vertex 167.5 144 283
   vertex 167.5 145 283
   vertex 167.5 144 284
  endloop
 endfacet
 facet normal 1 0 -0
  outer loop
   vertex 167.5 144 284
   vertex 167.5 145 283
   vertex 167.5 145 284
  endloop
 endfacet
 facet normal -1 0 0
  outer loop
   vertex 154.5 145 283
   vertex 154.5 145 284
   vertex 154.5 146 283
  endloop
 endfacet
 facet normal -1 -0 -0
  outer loop
   vertex 154.5 145 284
   vertex 154.5 146 284
   vertex 154.5 146 283
  endloop
 endfacet
 facet normal 0.57735026918962584 0.57735026918962584 0.57735026918962584
  outer loop
   vertex 167 146 283.5
   vertex 166.5 146 284
   vertex 167 145.5 284
  endloop
 endfacet
 facet normal 0.57735026918962584 0.57735026918962584 0.57735026918962584
  outer loop
   vertex 167 146 283.5
   vertex 167 145.5 284
   vertex 167.5 145 284
  endloop
 endfacet
 facet normal 0.57735026918962584 0.57735026918962584 0.57735026918962584
  outer loop
   vertex 167 146 283.5
   vertex 167.5 145 284
   vertex 167.5 146 283
  endloop
 endfacet
 facet normal 1 0 0
  outer loop
   vertex 167.5 146 283
   vertex 167.5 145 284
   vertex 167.5 145 283
  endloop
 endfacet
 facet normal -0.57735026918962584 -0.57735026918962584 0.57735026918962584
  outer loop
   vertex 154 146.5 283
   vertex 154 147 283.5
   vertex 153.5 147 283
  endloop
 endfacet
 facet normal -0.57735026918962584 -0.57735026918962584 0.57735026918962584
  outer loop
   vertex 154 146.5 283
   vertex 154.5 147 284
   vertex 154 147 283.5
  endloop
 endfacet
 facet normal -0.57735026918962584 -0.57735026918962584 0.57735026918962584
  outer loop
   vertex 154 146.5 283
   vertex 154.5 146 283
   vertex 154.5 147 284
  endloop
 endfacet
 facet normal -1 0 0
  outer loop
   vertex 154.5 146 283
   vertex 154.5 146 284
   vertex 154.5 147 284
  endloop
 endfacet
 facet normal 0.70710678118654746 0 0.70710678118654746
  outer loop
   vertex 167 147 283.5
   vertex 166.5 146 284
   vertex 167 146 283.5
  endloop
 endfacet
 facet normal 0.70710678118654746 -0 0.70710678118654746
  outer loop
   vertex 166.5 147 284
   vertex 166.5 146 284
   vertex 167 147 283.5
  endloop
 endfacet
 facet normal 0.70710678118654746 0 0.70710678118654746
  outer loop
   vertex 167.5 146 283
   vertex 167.5 147 283
   vertex 167 147 283.5
  endloop
 endfacet
 facet normal 0.70710678118654746 0 0.70710678118654746
  outer loop
   vertex 167 146 283.5
   vertex 167.5 146 283
   vertex 167 147 283.5
  endloop
 endfacet
 facet normal -0.70710678118654746 0 0.70710678118654746
  outer loop
   vertex 154 147 283.5
   vertex 154 148 283.5
   vertex 153.5 148 283
  endloop
 endfacet
 facet normal -0.70710678118654746 0 0.70710678118654746
  outer loop
   vertex 153.5 147 283
   vertex 154 147 283.5
   vertex 153.5 148 283
  endloop
 endfacet
 facet normal -0.70710678118654746 0 0.70710678118654746
  outer loop
   vertex 154.5 148 284
   vertex 154 147 283.5
   vertex 154.5 147 284
  endloop
 endfacet
 facet normal -0.70710678118654746 0 0.70710678118654746
  outer loop
   vertex 154 148 283.5
   vertex 154 147 283.5
   vertex 154.5 148 284
  endloop
 endfacet
 facet normal 0.70710678118654746 0 0.70710678118654746
  outer loop
   vertex 167 148 283.5
   vertex 166.5 147 284
   vertex 167 147 283.5
  endloop
 endfacet
 facet normal 0.70710678118654746 -0 0.70710678118654746
  outer loop
   vertex 166.5 148 284
   vertex 166.5 147 284
   vertex 167 148 283.5
  endloop
 endfacet
 facet normal 0.70710678118654746 0 0.70710678118654746
  outer loop
   vertex 167.5 147 283
   vertex 167.5 148 283
   vertex 167 148 283.5
  endloop
 endfacet
 facet normal 0.70710678118654746 0 0.70710678118654746
  outer loop
   vertex 167 147 283.5
   vertex 167.5 147 283
   vertex 167 148 283.5
  endloop
 endfacet
 facet normal -0.70710678118654746 0 0.70710678118654746
  outer loop
   vertex 154 148 283.5
   vertex 154 149 283.5
   vertex 153.5 149 283
  endloop
 endfacet
 facet normal -0.70710678118654746 0 0.70710678118654746
  outer loop
   vertex 153.5 148 283
   vertex 154 148 283.5
   vertex 153.5 149 283
  endloop
 endfacet
 facet normal -0.70710678118654746 0 0.70710678118654746
  outer loop
   vertex 154.5 149 284
   vertex 154 148 283.5
   vertex 154.5 148 284
  endloop
 endfacet
 facet normal -0.70710678118654746 0 0.70710678118654746
  outer loop
   vertex 154 149 283.5
   vertex 154 148 283.5
   vertex 154.5 149 284
  endloop
 endfacet
 facet normal 0.57735026918962584 0.57735026918962584 0.57735026918962584
  outer loop
   vertex 167 148.5 283
   vertex 166.5 148 284
   vertex 167 148 283.5
  endloop
 endfacet
 facet normal 0.57735026918962584 0.57735026918962584 0.57735026918962584
  outer loop
   vertex 167 148.5 283
   vertex 166.5 149 283
   vertex 166.5 148 284
  endloop
 endfacet
 facet normal 1 0 0
  outer loop
   vertex 166.5 149 283
   vertex 166.5 149 284
   vertex 166.5 148 284
  endloop
 endfacet
 facet normal 0.57735026918962584 0.57735026918962584 0.57735026918962584
  outer loop
   vertex 167.5 148 283
   vertex 167 148.5 283
   vertex 167 148 283.5
  endloop
 endfacet
 facet normal -0.70710678118654746 0 0.70710678118654746
  outer loop
   vertex 154 149 283.5
   vertex 154 150 283.5
   vertex 153.5 150 283
  endloop
 endfacet
 facet normal -0.70710678118654746 0 0.70710678118654746
  outer loop
   vertex 153.5 149 283
   vertex 154 149 283.5
   vertex 153.5 150 283
  endloop
 endfacet
 facet normal -0.70710678118654746 0 0.70710678118654746
  outer loop
   vertex 154.5 150 284
   vertex 154 149 283.5
   vertex 154.5 149 284
  endloop
 endfacet
 facet normal -0.70710678118654746 0 0.70710678118654746
  outer loop
   vertex 154 150 283.5
   vertex 154 149 283.5
   vertex 154.5 150 284
  endloop
 endfacet
 facet normal 0.57735026918962584 0.57735026918962584 0.57735026918962584
  outer loop
   vertex 166 150 283.5
   vertex 165.5 150 284
   vertex 166 149.5 284
  endloop
 endfacet
 facet normal 0.57735026918962584 0.57735026918962584 0.57735026918962584
  outer loop
   vertex 166 150 283.5
   vertex 166 149.5 284
   vertex 166.5 149 284
  endloop
 endfacet
 facet normal 0.57735026918962584 0.57735026918962584 0.57735026918962584
  outer loop
   vertex 166 150 283.5
   vertex 166.5 149 284
   vertex 166.5 150 283
  endloop
 endfacet
 facet normal 1 0 0
  outer loop
   vertex 166.5 150 283
   vertex 166.5 149 284
   vertex 166.5 149 283
  endloop
 endfacet
 facet normal -0.57735026918962584 0.57735026918962584 0.57735026918962584
  outer loop
   vertex 153.5 150 283
   vertex 154 150 283.5
   vertex 154 150.5 283
  endloop
 endfacet
 facet normal -0.57735026918962584 0.57735026918962584 0.57735026918962584
  outer loop
   vertex 154 150 283.5
   vertex 154.5 151 283
   vertex 154 150.5 283
  endloop
 endfacet
 facet normal -0.57735026918962584 0.57735026918962584 0.57735026918962584
  outer loop
   vertex 154 150 283.5
   vertex 154.5 150 284
   vertex 154.5 151 283
  endloop
 endfacet
 facet normal -1 -0 -0
  outer loop
   vertex 154.5 150 284
   vertex 154.5 151 284
   vertex 154.5 151 283
  endloop
 endfacet
 facet normal 0.70710678118654746 0 0.70710678118654746
  outer loop
   vertex 166 151 283.5
   vertex 165.5 150 284
   vertex 166 150 283.5
  endloop
 endfacet
 facet normal 0.70710678118654746 -0 0.70710678118654746
  outer loop
   vertex 165.5 151 284
   vertex 165.5 150 284
   vertex 166 151 283.5
  endloop
 endfacet
 facet normal 0.70710678118654746 0 0.70710678118654746
  outer loop
   vertex 166.5 150 283
   vertex 166.5 151 283
   vertex 166 151 283.5
  endloop
 endfacet
 facet normal 0.70710678118654746 0 0.70710678118654746
  outer loop
   vertex 166 150 283.5
   vertex 166.5 150 283
   vertex 166 151 283.5
  endloop
 endfacet
 facet normal -0.57735026918962584 0.57735026918962584 0.57735026918962584
  outer loop
   vertex 155 151.5 284
   vertex 155 152 283.5
   vertex 154.5 152 283
  endloop
 endfacet
 facet normal -0.57735026918962584 0.57735026918962584 0.57735026918962584
  outer loop
   vertex 155 151.5 284
   vertex 154.5 152 283
   vertex 154.5 151 284
  endloop
 endfacet
 facet normal -1 0 0
  outer loop
   vertex 154.5 151 284
   vertex 154.5 152 283
   vertex 154.5 151 283
  endloop
 endfacet
 facet normal -0.57735026918962584 0.57735026918962584 0.57735026918962584
  outer loop
   vertex 155 151.5 284
   vertex 155.5 152 284
   vertex 155 152 283.5
  endloop
 endfacet
 facet normal 0.57735026918962584 0.57735026918962584 0.57735026918962584
  outer loop
   vertex 165 152 283.5
   vertex 164.5 152 284
   vertex 165 151.5 284
  endloop
 endfacet
 facet normal 0.57735026918962584 0.57735026918962584 0.57735026918962584
  outer loop
   vertex 165.5 151 284
   vertex 165 152 283.5
   vertex 165 151.5 284
  endloop
 endfacet
 facet normal 0.57735026918962584 0.57735026918962584 0.57735026918962584
  outer loop
   vertex 166 151 283.5
   vertex 165 152 283.5
   vertex 165.5 151 284
  endloop
 endfacet
 facet normal 0.57735026918962584 0.57735026918962584 0.57735026918962584
  outer loop
   vertex 166 151 283.5
   vertex 165.5 152 283
   vertex 165 152 283.5
  endloop
 endfacet
 facet normal 0.57735026918962584 0.57735026918962584 0.57735026918962584
  outer loop
   vertex 166 151 283.5
   vertex 166 151.5 283
   vertex 165.5 152 283
  endloop
 endfacet
 facet normal 0.57735026918962584 0.57735026918962584 0.57735026918962584
  outer loop
   vertex 166.5 151 283
   vertex 166 151.5 283
   vertex 166 151 283.5
  endloop
 endfacet
 facet normal -0.57735026918962584 0.57735026918962584 0.57735026918962584
  outer loop
   vertex 154.5 152 283
   vertex 155 152 283.5
   vertex 155 152.5 283
  endloop
 endfacet
 facet normal -0.57735026918962584 0.57735026918962584 0.57735026918962584
  outer loop
   vertex 155.5 153 283
   vertex 156 152.5 284
   vertex 156 153 283.5
  endloop
 endfacet
 facet normal -0.57735026918962584 0.57735026918962584 0.57735026918962584
  outer loop
   vertex 155 152.5 283
   vertex 156 152.5 284
   vertex 155.5 153 283
  endloop
 endfacet
 facet normal -0.57735026918962584 0.57735026918962584 0.57735026918962584
  outer loop
   vertex 155 152.5 283
   vertex 155.5 152 284
   vertex 156 152.5 284
  endloop
 endfacet
 facet normal -0.57735026918962584 0.57735026918962584 0.57735026918962584
  outer loop
   vertex 155 152.5 283
   vertex 155 152 283.5
   vertex 155.5 152 284
  endloop
 endfacet
 facet normal -0.57735026918962584 0.57735026918962584 0.57735026918962584
  outer loop
   vertex 156 152.5 284
   vertex 156.5 153 284
   vertex 156 153 283.5
  endloop
 endfacet
 facet normal 0.70710678118654746 0 0.70710678118654746
  outer loop
   vertex 165 153 283.5
   vertex 164.5 152 284
   vertex 165 152 283.5
  endloop
 endfacet
 facet normal 0.70710678118654746 -0 0.70710678118654746
  outer loop
   vertex 164.5 153 284
   vertex 164.5 152 284
   vertex 165 153 283.5
  endloop
 endfacet
 facet normal 0.70710678118654746 0 0.70710678118654746
  outer loop
   vertex 165.5 152 283
   vertex 165.5 153 283
   vertex 165 153 283.5
  endloop
 endfacet
 facet normal 0.70710678118654746 0 0.70710678118654746
  outer loop
   vertex 165 152 283.5
   vertex 165.5 152 283
   vertex 165 153 283.5
  endloop
 endfacet
 facet normal -0.57735026918962584 0.57735026918962584 0.57735026918962584
  outer loop
   vertex 155.5 153 283
   vertex 156 153 283.5
   vertex 156 153.5 283
  endloop
 endfacet
 facet normal -0.57735026918962584 0.57735026918962584 0.57735026918962584
  outer loop
   vertex 156.5 154 283
   vertex 157 153.5 284
   vertex 157 154 283.5
  endloop
 endfacet
 facet normal -0.57735026918962584 0.57735026918962584 0.57735026918962584
  outer loop
   vertex 156 153.5 283
   vertex 157 153.5 284
   vertex 156.5 154 283
  endloop
 endfacet
 facet normal -0.57735026918962584 0.57735026918962584 0.57735026918962584
  outer loop
   vertex 156 153.5 283
   vertex 156.5 153 284
   vertex 157 153.5 284
  endloop
 endfacet
 facet normal -0.57735026918962584 0.57735026918962584 0.57735026918962584
  outer loop
   vertex 156 153.5 283
   vertex 156 153 283.5
   vertex 156.5 153 284
  endloop
 endfacet
 facet normal -0.57735026918962584 0.57735026918962584 0.57735026918962584
  outer loop
   vertex 157 153.5 284
   vertex 157.5 154 284
   vertex 157 154 283.5
  endloop
 endfacet
 facet normal 0.57735026918962584 0.57735026918962584 0.57735026918962584
  outer loop
   vertex 163 154 283.5
   vertex 162.5 154 284
   vertex 163 153.5 284
  endloop
 endfacet
 facet normal 0.57735026918962584 0.57735026918962584 0.57735026918962584
  outer loop
   vertex 163 154 283.5
   vertex 164 153.5 283
   vertex 163.5 154 283
  endloop
 endfacet
 facet normal 0.57735026918962584 0.57735026918962584 0.57735026918962584
  outer loop
   vertex 163 154 283.5
   vertex 163 153.5 284
   vertex 164 153.5 283
  endloop
 endfacet
 facet normal 0 1 0
  outer loop
   vertex 163 153.5 284
   vertex 164 153.5 284
   vertex 164 153.5 283
  endloop
 endfacet
 facet normal 0.57735026918962584 0.57735026918962584 0.57735026918962584
  outer loop
   vertex 164.5 153 284
   vertex 165 153 283.5
   vertex 165 153.5 283
  endloop
 endfacet
 facet normal 0.57735026918962584 0.57735026918962584 0.57735026918962584
  outer loop
   vertex 164.5 153 284
   vertex 165 153.5 283
   vertex 164 153.5 284
  endloop
 endfacet
 facet normal 0 1 0
  outer loop
   vertex 164 153.5 284
   vertex 165 153.5 283
   vertex 164 153.5 283
  endloop
 endfacet
 facet normal 0.57735026918962584 0.57735026918962584 0.57735026918962584
  outer loop
   vertex 165.5 153 283
   vertex 165 153.5 283
   vertex 165 153 283.5
  endloop
 endfacet
 facet normal -0.57735026918962584 0.57735026918962584 0.57735026918962584
  outer loop
   vertex 156.5 154 283
   vertex 157 154 283.5
   vertex 157 154.5 283
  endloop
 endfacet
 facet normal -0.57735026918962584 0.57735026918962584 0.57735026918962584
  outer loop
   vertex 157.5 155 283
   vertex 158 154.5 284
   vertex 158 155 283.5
  endloop
 endfacet
 facet normal -0.57735026918962584 0.57735026918962584 0.57735026918962584
  outer loop
   vertex 157 154.5 283
   vertex 158 154.5 284
   vertex 157.5 155 283
  endloop
 endfacet
 facet normal -0.57735026918962584 0.57735026918962584 0.57735026918962584
  outer loop
   vertex 157 154.5 283
   vertex 157.5 154 284
   vertex 158 154.5 284
  endloop
 endfacet
 facet normal -0.57735026918962584 0.57735026918962584 0.57735026918962584
  outer loop
   vertex 157 154.5 283
   vertex 157 154 283.5
   vertex 157.5 154 284
  endloop
 endfacet
 facet normal -0.57735026918962584 0.57735026918962584 0.57735026918962584
  outer loop
   vertex 158 154.5 284
   vertex 158.5 155 284
   vertex 158 155 283.5
  endloop
 endfacet
 facet normal 0.57735026918962584 0.57735026918962584 0.57735026918962584
  outer loop
   vertex 160 155 283.5
   vertex 159.5 155 284
   vertex 160 154.5 284
  endloop
 endfacet
 facet normal 0 0.70710678118654746 0.70710678118654746
  outer loop
   vertex 160 155 283.5
   vertex 161 154.5 284
   vertex 161 155 283.5
  endloop
 endfacet
 facet normal 0 0.70710678118654746 0.70710678118654746
  outer loop
   vertex 160 154.5 284
   vertex 161 154.5 284
   vertex 160 155 283.5
  endloop
 endfacet
 facet normal 0.57735026918962584 0.57735026918962584 0.57735026918962584
  outer loop
   vertex 161 155 283.5
   vertex 162 154.5 283
   vertex 161.5 155 283
  endloop
 endfacet
 facet normal 0.57735026918962584 0.57735026918962584 0.57735026918962584
  outer loop
   vertex 161 155 283.5
   vertex 161 154.5 284
   vertex 162 154.5 283
  endloop
 endfacet
 facet normal 0 1 0
  outer loop
   vertex 161 154.5 284
   vertex 162 154.5 284
   vertex 162 154.5 283
  endloop
 endfacet
 facet normal 0.57735026918962584 0.57735026918962584 0.57735026918962584
  outer loop
   vertex 162.5 154 284
   vertex 163 154 283.5
   vertex 163 154.5 283
  endloop
 endfacet
 facet normal 0.57735026918962584 0.57735026918962584 0.57735026918962584
  outer loop
   vertex 162.5 154 284
   vertex 163 154.5 283
   vertex 162 154.5 284
  endloop
 endfacet
 facet normal 0 1 0
  outer loop
   vertex 162 154.5 284
   vertex 163 154.5 283
   vertex 162 154.5 283
  endloop
 endfacet
 facet normal 0.57735026918962584 0.57735026918962584 0.57735026918962584
  outer loop
   vertex 163.5 154 283
   vertex 163 154.5 283
   vertex 163 154 283.5
  endloop
 endfacet
 facet normal -0.57735026918962584 0.57735026918962584 0.57735026918962584
  outer loop
   vertex 157.5 155 283
   vertex 158 155 283.5
   vertex 158 155.5 283
  endloop
 endfacet
 facet normal -0.57735026918962584 0.57735026918962584 0.57735026918962584
  outer loop
   vertex 158 155 283.5
   vertex 158.5 155 284
   vertex 159 155.5 284
  endloop
 endfacet
 facet normal -0.57735026918962584 0.57735026918962584 0.57735026918962584
  outer loop
   vertex 158 155 283.5
   vertex 159 155.5 284
   vertex 158 155.5 283
  endloop
 endfacet
 facet normal 0 1 0
  outer loop
   vertex 158 155.5 283
   vertex 159 155.5 284
   vertex 159 155.5 283
  endloop
 endfacet
 facet normal 0.57735026918962584 0.57735026918962584 0.57735026918962584
  outer loop
   vertex 159.5 155 284
   vertex 160 155 283.5
   vertex 160 155.5 283
  endloop
 endfacet
 facet normal 0.57735026918962584 0.57735026918962584 0.57735026918962584
  outer loop
   vertex 159.5 155 284
   vertex 160 155.5 283
   vertex 159 155.5 284
  endloop
 endfacet
 facet normal 0 1 0
  outer loop
   vertex 159 155.5 284
   vertex 160 155.5 283
   vertex 159 155.5 283
  endloop
 endfacet
 facet normal -0 0.70710678118654746 0.70710678118654746
  outer loop
   vertex 161 155.5 283
   vertex 160 155.5 283
   vertex 160 155 283.5
  endloop
 endfacet
 facet normal 0 0.70710678118654746 0.70710678118654746
  outer loop
   vertex 161 155 283.5
   vertex 161 155.5 283
   vertex 160 155 283.5
  endloop
 endfacet
 facet normal 0.57735026918962584 0.57735026918962584 0.57735026918962584
  outer loop
   vertex 161.5 155 283
   vertex 161 155.5 283
   vertex 161 155 283.5
  endloop
 endfacet
 facet normal -0.57735026918962584 -0.57735026918962584 0.57735026918962584
  outer loop
   vertex 161 140.5 284
   vertex 161 141 284.5
   vertex 160.5 141 284
  endloop
 endfacet
 facet normal 0.57735026918962584 -0.57735026918962584 0.57735026918962584
  outer loop
   vertex 161 140.5 284
   vertex 161.5 141 284
   vertex 161 141 284.5
  endloop
 endfacet
 facet normal -0.57735026918962584 -0.57735026918962584 0.57735026918962584
  outer loop
   vertex 158 141.5 284
   vertex 158 142 284.5
   vertex 157.5 142 284
  endloop
 endfacet
 facet normal 0 -0.70710678118654746 0.70710678118654746
  outer loop
   vertex 158 141.5 284
   vertex 159 141.5 284
   vertex 159 142 284.5
  endloop
 endfacet
 facet normal 0 -0.70710678118654746 0.70710678118654746
  outer loop
   vertex 158 142 284.5
   vertex 158 141.5 284
   vertex 159 142 284.5
  endloop
 endfacet
 facet normal -0.57735026918962584 -0.57735026918962584 0.57735026918962584
  outer loop
   vertex 159.5 142 285
   vertex 159 142 284.5
   vertex 159 141.5 284
  endloop
 endfacet
 facet normal -0.57735026918962584 -0.57735026918962584 0.57735026918962584
  outer loop
   vertex 159.5 142 285
   vertex 159 141.5 284
   vertex 160 141.5 285
  endloop
 endfacet
 facet normal 0 -1 0
  outer loop
   vertex 160 141.5 285
   vertex 159 141.5 284
   vertex 160 141.5 284
  endloop
 endfacet
 facet normal -0.57735026918962584 -0.57735026918962584 0.57735026918962584
  outer loop
   vertex 161 141 284.5
   vertex 160 141.5 284
   vertex 160.5 141 284
  endloop
 endfacet
 facet normal -0.57735026918962584 -0.57735026918962584 0.57735026918962584
  outer loop
   vertex 161 141 284.5
   vertex 161 141.5 285
   vertex 160 141.5 284
  endloop
 endfacet
 facet normal 0 -1 0
  outer loop
   vertex 161 141.5 285
   vertex 160 141.5 285
   vertex 160 141.5 284
  endloop
 endfacet
 facet normal 0.57735026918962584 -0.57735026918962584 0.57735026918962584
  outer loop
   vertex 161.5 141 284
   vertex 161 141.5 285
   vertex 161 141 284.5
  endloop
 endfacet
 facet normal 0.57735026918962584 -0.57735026918962584 0.57735026918962584
  outer loop
   vertex 161.5 141 284
   vertex 162 141.5 284
   vertex 161 141.5 285
  endloop
 endfacet
 facet normal -0 -1 -0
  outer loop
   vertex 162 141.5 284
   vertex 162 141.5 285
   vertex 161 141.5 285
  endloop
 endfacet
 facet normal 0 -1 -0
  outer loop
   vertex 163 141.5 284
   vertex 163 141.5 285
   vertex 162 141.5 284
  endloop
 endfacet
 facet normal -0 -1 0
  outer loop
   vertex 162 141.5 284
   vertex 163 141.5 285
   vertex 162 141.5 285
  endloop
 endfacet
 facet normal 0.57735026918962584 -0.57735026918962584 0.57735026918962584
  outer loop
   vertex 164 142 284.5
   vertex 163.5 142 285
   vertex 163 141.5 285
  endloop
 endfacet
 facet normal 0.57735026918962584 -0.57735026918962584 0.57735026918962584
  outer loop
   vertex 164 142 284.5
   vertex 163 141.5 285
   vertex 164 141.5 284
  endloop
 endfacet
 facet normal 0 -1 0
  outer loop
   vertex 164 141.5 284
   vertex 163 141.5 285
   vertex 163 141.5 284
  endloop
 endfacet
 facet normal 0 -0.70710678118654746 0.70710678118654746
  outer loop
   vertex 164 141.5 284
   vertex 165 141.5 284
   vertex 165 142 284.5
  endloop
 endfacet
 facet normal 0 -0.70710678118654746 0.70710678118654746
  outer loop
   vertex 164 142 284.5
   vertex 164 141.5 284
   vertex 165 142 284.5
  endloop
 endfacet
 facet normal 0 -0.70710678118654746 0.70710678118654746
  outer loop
   vertex 165 141.5 284
   vertex 166 141.5 284
   vertex 166 142 284.5
  endloop
 endfacet
 facet normal 0 -0.70710678118654746 0.70710678118654746
  outer loop
   vertex 165 142 284.5
   vertex 165 141.5 284
   vertex 166 142 284.5
  endloop
 endfacet
 facet normal 0.57735026918962584 -0.57735026918962584 0.57735026918962584
  outer loop
   vertex 166 141.5 284
   vertex 166.5 142 284
   vertex 166 142 284.5
  endloop
 endfacet
 facet normal -0.57735026918962584 -0.57735026918962584 0.57735026918962584
  outer loop
   vertex 157 142.5 284
   vertex 157 143 284.5
   vertex 156.5 143 284
  endloop
 endfacet
 facet normal -0.57735026918962584 -0.57735026918962584 0.57735026918962584
  outer loop
   vertex 157 142.5 284
   vertex 157.5 142 284
   vertex 158 142 284.5
  endloop
 endfacet
 facet normal -0.57735026918962584 -0.57735026918962584 0.57735026918962584
  outer loop
   vertex 157 142.5 284
   vertex 158 142 284.5
   vertex 157 143 284.5
  endloop
 endfacet
 facet normal 0 -0 1
  outer loop
   vertex 157 143 284.5
   vertex 158 142 284.5
   vertex 158 143 284.5
  endloop
 endfacet
 facet normal -0.57735026918962584 -0.57735026918962584 0.57735026918962584
  outer loop
   vertex 158.5 143 285
   vertex 159 142 284.5
   vertex 159 142.5 285
  endloop
 endfacet
 facet normal -0.57735026918962584 -0.57735026918962584 0.57735026918962584
  outer loop
   vertex 158.5 143 285
   vertex 158 143 284.5
   vertex 159 142 284.5
  endloop
 endfacet
 facet normal 0 0 1
  outer loop
   vertex 158 143 284.5
   vertex 158 142 284.5
   vertex 159 142 284.5
  endloop
 endfacet
 facet normal -0.57735026918962584 -0.57735026918962584 0.57735026918962584
  outer loop
   vertex 159.5 142 285
   vertex 159 142.5 285
   vertex 159 142 284.5
  endloop
 endfacet
 facet normal 0.57735026918962584 -0.57735026918962584 0.57735026918962584
  outer loop
   vertex 164 142 284.5
   vertex 164 142.5 285
   vertex 163.5 142 285
  endloop
 endfacet
 facet normal 0 -0.70710678118654746 0.70710678118654746
  outer loop
   vertex 165 142 284.5
   vertex 164 142.5 285
   vertex 164 142 284.5
  endloop
 endfacet
 facet normal 0 -0.70710678118654746 0.70710678118654746
  outer loop
   vertex 165 142.5 285
   vertex 164 142.5 285
   vertex 165 142 284.5
  endloop
 endfacet
 facet normal 0 -0.70710678118654746 0.70710678118654746
  outer loop
   vertex 166 142 284.5
   vertex 165 142.5 285
   vertex 165 142 284.5
  endloop
 endfacet
 facet normal 0 -0.70710678118654746 0.70710678118654746
  outer loop
   vertex 166 142.5 285
   vertex 165 142.5 285
   vertex 166 142 284.5
  endloop
 endfacet
 facet normal 0.57735026918962584 -0.57735026918962584 0.57735026918962584
  outer loop
   vertex 167 143 284.5
   vertex 166.5 143 285
   vertex 166 142.5 285
  endloop
 endfacet
 facet normal 0.57735026918962584 -0.57735026918962584 0.57735026918962584
  outer loop
   vertex 167 142.5 284
   vertex 167 143 284.5
   vertex 166 142.5 285
  endloop
 endfacet
 facet normal 0.57735026918962584 -0.57735026918962584 0.57735026918962584
  outer loop
   vertex 167 142.5 284
   vertex 166 142.5 285
   vertex 166 142 284.5
  endloop
 endfacet
 facet normal 0.57735026918962584 -0.57735026918962584 0.57735026918962584
  outer loop
   vertex 167 142.5 284
   vertex 166 142 284.5
   vertex 166.5 142 284
  endloop
 endfacet
 facet normal 0.57735026918962584 -0.57735026918962584 0.57735026918962584
  outer loop
   vertex 167 142.5 284
   vertex 167.5 143 284
   vertex 167 143 284.5
  endloop
 endfacet
 facet normal -0.57735026918962584 -0.57735026918962584 0.57735026918962584
  outer loop
   vertex 156 143.5 284
   vertex 156 144 284.5
   vertex 155.5 144 284
  endloop
 endfacet
 facet normal -0.57735026918962584 -0.57735026918962584 0.57735026918962584
  outer loop
   vertex 156 143.5 284
   vertex 156.5 144 285
   vertex 156 144 284.5
  endloop
 endfacet
 facet normal -0.57735026918962584 -0.57735026918962584 0.57735026918962584
  outer loop
   vertex 156.5 143 284
   vertex 156.5 144 285
   vertex 156 143.5 284
  endloop
 endfacet
 facet normal -0.57735026918962584 -0.57735026918962584 0.57735026918962584
  outer loop
   vertex 156.5 143 284
   vertex 157 143.5 285
   vertex 156.5 144 285
  endloop
 endfacet
 facet normal -0.57735026918962584 -0.57735026918962584 0.57735026918962584
  outer loop
   vertex 156.5 143 284
   vertex 157 143 284.5
   vertex 157 143.5 285
  endloop
 endfacet
 facet normal 0 -0.70710678118654746 0.70710678118654746
  outer loop
   vertex 158 143 284.5
   vertex 157 143.5 285
   vertex 157 143 284.5
  endloop
 endfacet
 facet normal 0 -0.70710678118654746 0.70710678118654746
  outer loop
   vertex 158 143.5 285
   vertex 157 143.5 285
   vertex 158 143 284.5
  endloop
 endfacet
 facet normal -0.57735026918962584 -0.57735026918962584 0.57735026918962584
  outer loop
   vertex 158.5 143 285
   vertex 158 143.5 285
   vertex 158 143 284.5
  endloop
 endfacet
 facet normal 0.57735026918962584 -0.57735026918962584 0.57735026918962584
  outer loop
   vertex 167 143 284.5
   vertex 167 143.5 285
   vertex 166.5 143 285
  endloop
 endfacet
 facet normal 0.57735026918962584 -0.57735026918962584 0.57735026918962584
  outer loop
   vertex 167 143.5 285
   vertex 167 143 284.5
   vertex 167.5 143 284
  endloop
 endfacet
 facet normal 0.57735026918962584 -0.57735026918962584 0.57735026918962584
  outer loop
   vertex 167 143.5 285
   vertex 167.5 143 284
   vertex 167.5 144 285
  endloop
 endfacet
 facet normal 1 0 0
  outer loop
   vertex 167.5 144 285
   vertex 167.5 143 284
   vertex 167.5 144 284
  endloop
 endfacet
 facet normal -0.57735026918962584 -0.57735026918962584 0.57735026918962584
  outer loop
   vertex 155 144.5 284
   vertex 155 145 284.5
   vertex 154.5 145 284
  endloop
 endfacet
 facet normal -0.57735026918962584 -0.57735026918962584 0.57735026918962584
  outer loop
   vertex 155 144.5 284
   vertex 155.5 144 284
   vertex 156 144 284.5
  endloop
 endfacet
 facet normal -0.57735026918962584 -0.57735026918962584 0.57735026918962584
  outer loop
   vertex 155 144.5 284
   vertex 156 144 284.5
   vertex 155 145 284.5
  endloop
 endfacet
 facet normal 0 -0 1
  outer loop
   vertex 155 145 284.5
   vertex 156 144 284.5
   vertex 156 145 284.5
  endloop
 endfacet
 facet normal -0.70710678118654746 0 0.70710678118654746
  outer loop
   vertex 156.5 145 285
   vertex 156 144 284.5
   vertex 156.5 144 285
  endloop
 endfacet
 facet normal -0.70710678118654746 0 0.70710678118654746
  outer loop
   vertex 156 145 284.5
   vertex 156 144 284.5
   vertex 156.5 145 285
  endloop
 endfacet
 facet normal 1 0 0
  outer loop
   vertex 167.5 144 284
   vertex 167.5 145 284
   vertex 167.5 144 285
  endloop
 endfacet
 facet normal 1 0 -0
  outer loop
   vertex 167.5 144 285
   vertex 167.5 145 284
   vertex 167.5 145 285
  endloop
 endfacet
 facet normal -0.70710678118654746 0 0.70710678118654746
  outer loop
   vertex 155 145 284.5
   vertex 155 146 284.5
   vertex 154.5 146 284
  endloop
 endfacet
 facet normal -0.70710678118654746 0 0.70710678118654746
  outer loop
   vertex 154.5 145 284
   vertex 155 145 284.5
   vertex 154.5 146 284
  endloop
 endfacet
 facet normal -0.57735026918962584 -0.57735026918962584 0.57735026918962584
  outer loop
   vertex 155.5 146 285
   vertex 156 145 284.5
   vertex 156 145.5 285
  endloop
 endfacet
 facet normal -0.57735026918962584 -0.57735026918962584 0.57735026918962584
  outer loop
   vertex 155.5 146 285
   vertex 155 146 284.5
   vertex 156 145 284.5
  endloop
 endfacet
 facet normal 0 0 1
  outer loop
   vertex 155 146 284.5
   vertex 155 145 284.5
   vertex 156 145 284.5
  endloop
 endfacet
 facet normal -0.57735026918962584 -0.57735026918962584 0.57735026918962584
  outer loop
   vertex 156.5 145 285
   vertex 156 145.5 285
   vertex 156 145 284.5
  endloop
 endfacet
 facet normal 0.70710678118654746 0.70710678118654746 0
  outer loop
   vertex 167 145.5 284
   vertex 166.5 146 285
   vertex 167 145.5 285
  endloop
 endfacet
 facet normal 0.70710678118654746 0.70710678118654746 0
  outer loop
   vertex 166.5 146 284
   vertex 166.5 146 285
   vertex 167 145.5 284
  endloop
 endfacet
 facet normal 0.70710678118654746 0.70710678118654746 -0
  outer loop
   vertex 167.5 145 285
   vertex 167.5 145 284
   vertex 167 145.5 284
  endloop
 endfacet
 facet normal 0.70710678118654746 0.70710678118654746 0
  outer loop
   vertex 167 145.5 285
   vertex 167.5 145 285
   vertex 167 145.5 284
  endloop
 endfacet
 facet normal -0.70710678118654746 0 0.70710678118654746
  outer loop
   vertex 155 146 284.5
   vertex 155 147 284.5
   vertex 154.5 147 284
  endloop
 endfacet
 facet normal -0.70710678118654746 0 0.70710678118654746
  outer loop
   vertex 154.5 146 284
   vertex 155 146 284.5
   vertex 154.5 147 284
  endloop
 endfacet
 facet normal -0.70710678118654746 0 0.70710678118654746
  outer loop
   vertex 155.5 147 285
   vertex 155 146 284.5
   vertex 155.5 146 285
  endloop
 endfacet
 facet normal -0.70710678118654746 0 0.70710678118654746
  outer loop
   vertex 155 147 284.5
   vertex 155 146 284.5
   vertex 155.5 147 285
  endloop
 endfacet
 facet normal 1 0 0
  outer loop
   vertex 166.5 146 284
   vertex 166.5 147 284
   vertex 166.5 146 285
  endloop
 endfacet
 facet normal 1 0 -0
  outer loop
   vertex 166.5 146 285
   vertex 166.5 147 284
   vertex 166.5 147 285
  endloop
 endfacet
 facet normal -0.70710678118654746 0 0.70710678118654746
  outer loop
   vertex 155 147 284.5
   vertex 155 148 284.5
   vertex 154.5 148 284
  endloop
 endfacet
 facet normal -0.70710678118654746 0 0.70710678118654746
  outer loop
   vertex 154.5 147 284
   vertex 155 147 284.5
   vertex 154.5 148 284
  endloop
 endfacet
 facet normal -0.70710678118654746 0 0.70710678118654746
  outer loop
   vertex 155.5 148 285
   vertex 155 147 284.5
   vertex 155.5 147 285
  endloop
 endfacet
 facet normal -0.70710678118654746 0 0.70710678118654746
  outer loop
   vertex 155 148 284.5
   vertex 155 147 284.5
   vertex 155.5 148 285
  endloop
 endfacet
 facet normal 0.57735026918962584 0.57735026918962584 0.57735026918962584
  outer loop
   vertex 166 148 284.5
   vertex 165.5 148 285
   vertex 166 147.5 285
  endloop
 endfacet
 facet normal 0.57735026918962584 0.57735026918962584 0.57735026918962584
  outer loop
   vertex 166 148 284.5
   vertex 166 147.5 285
   vertex 166.5 147 285
  endloop
 endfacet
 facet normal 0.57735026918962584 0.57735026918962584 0.57735026918962584
  outer loop
   vertex 166 148 284.5
   vertex 166.5 147 285
   vertex 166.5 148 284
  endloop
 endfacet
 facet normal 1 0 0
  outer loop
   vertex 166.5 148 284
   vertex 166.5 147 285
   vertex 166.5 147 284
  endloop
 endfacet
 facet normal -0.70710678118654746 0 0.70710678118654746
  outer loop
   vertex 155 148 284.5
   vertex 155 149 284.5
   vertex 154.5 149 284
  endloop
 endfacet
 facet normal -0.70710678118654746 0 0.70710678118654746
  outer loop
   vertex 154.5 148 284
   vertex 155 148 284.5
   vertex 154.5 149 284
  endloop
 endfacet
 facet normal -0.70710678118654746 0 0.70710678118654746
  outer loop
   vertex 155.5 149 285
   vertex 155 148 284.5
   vertex 155.5 148 285
  endloop
 endfacet
 facet normal -0.70710678118654746 0 0.70710678118654746
  outer loop
   vertex 155 149 284.5
   vertex 155 148 284.5
   vertex 155.5 149 285
  endloop
 endfacet
 facet normal 0.70710678118654746 0 0.70710678118654746
  outer loop
   vertex 166 149 284.5
   vertex 165.5 148 285
   vertex 166 148 284.5
  endloop
 endfacet
 facet normal 0.70710678118654746 -0 0.70710678118654746
  outer loop
   vertex 165.5 149 285
   vertex 165.5 148 285
   vertex 166 149 284.5
  endloop
 endfacet
 facet normal 0.70710678118654746 0 0.70710678118654746
  outer loop
   vertex 166.5 148 284
   vertex 166.5 149 284
   vertex 166 149 284.5
  endloop
 endfacet
 facet normal 0.70710678118654746 0 0.70710678118654746
  outer loop
   vertex 166 148 284.5
   vertex 166.5 148 284
   vertex 166 149 284.5
  endloop
 endfacet
 facet normal -0.70710678118654746 0 0.70710678118654746
  outer loop
   vertex 155 149 284.5
   vertex 155 150 284.5
   vertex 154.5 150 284
  endloop
 endfacet
 facet normal -0.70710678118654746 0 0.70710678118654746
  outer loop
   vertex 154.5 149 284
   vertex 155 149 284.5
   vertex 154.5 150 284
  endloop
 endfacet
 facet normal -0.70710678118654746 0 0.70710678118654746
  outer loop
   vertex 155.5 150 285
   vertex 155 149 284.5
   vertex 155.5 149 285
  endloop
 endfacet
 facet normal -0.70710678118654746 0 0.70710678118654746
  outer loop
   vertex 155 150 284.5
   vertex 155 149 284.5
   vertex 155.5 150 285
  endloop
 endfacet
 facet normal 0.57735026918962584 0.57735026918962584 0.57735026918962584
  outer loop
   vertex 165 150 284.5
   vertex 164.5 150 285
   vertex 165 149.5 285
  endloop
 endfacet
 facet normal 0.57735026918962584 0.57735026918962584 0.57735026918962584
  outer loop
   vertex 165.5 149 285
   vertex 165 150 284.5
   vertex 165 149.5 285
  endloop
 endfacet
 facet normal 0.57735026918962584 0.57735026918962584 0.57735026918962584
  outer loop
   vertex 166 149 284.5
   vertex 165 150 284.5
   vertex 165.5 149 285
  endloop
 endfacet
 facet normal 0.57735026918962584 0.57735026918962584 0.57735026918962584
  outer loop
   vertex 166 149 284.5
   vertex 165.5 150 284
   vertex 165 150 284.5
  endloop
 endfacet
 facet normal 0.57735026918962584 0.57735026918962584 0.57735026918962584
  outer loop
   vertex 166 149 284.5
   vertex 166 149.5 284
   vertex 165.5 150 284
  endloop
 endfacet
 facet normal 0.57735026918962584 0.57735026918962584 0.57735026918962584
  outer loop
   vertex 166.5 149 284
   vertex 166 149.5 284
   vertex 166 149 284.5
  endloop
 endfacet
 facet normal -0.70710678118654746 0 0.70710678118654746
  outer loop
   vertex 155 150 284.5
   vertex 155 151 284.5
   vertex 154.5 151 284
  endloop
 endfacet
 facet normal -0.70710678118654746 0 0.70710678118654746
  outer loop
   vertex 154.5 150 284
   vertex 155 150 284.5
   vertex 154.5 151 284
  endloop
 endfacet
 facet normal -0.70710678118654746 0 0.70710678118654746
  outer loop
   vertex 155.5 151 285
   vertex 155 150 284.5
   vertex 155.5 150 285
  endloop
 endfacet
 facet normal -0.70710678118654746 0 0.70710678118654746
  outer loop
   vertex 155 151 284.5
   vertex 155 150 284.5
   vertex 155.5 151 285
  endloop
 endfacet
 facet normal 0.70710678118654746 0 0.70710678118654746
  outer loop
   vertex 165 151 284.5
   vertex 164.5 150 285
   vertex 165 150 284.5
  endloop
 endfacet
 facet normal 0.70710678118654746 -0 0.70710678118654746
  outer loop
   vertex 164.5 151 285
   vertex 164.5 150 285
   vertex 165 151 284.5
  endloop
 endfacet
 facet normal 0.70710678118654746 0 0.70710678118654746
  outer loop
   vertex 165.5 150 284
   vertex 165.5 151 284
   vertex 165 151 284.5
  endloop
 endfacet
 facet normal 0.70710678118654746 0 0.70710678118654746
  outer loop
   vertex 165 150 284.5
   vertex 165.5 150 284
   vertex 165 151 284.5
  endloop
 endfacet
 facet normal -0.57735026918962584 0.57735026918962584 0.57735026918962584
  outer loop
   vertex 154.5 151 284
   vertex 155 151 284.5
   vertex 155 151.5 284
  endloop
 endfacet
 facet normal -0.57735026918962584 0.57735026918962584 0.57735026918962584
  outer loop
   vertex 155.5 152 284
   vertex 156 151.5 285
   vertex 156 152 284.5
  endloop
 endfacet
 facet normal -0.57735026918962584 0.57735026918962584 0.57735026918962584
  outer loop
   vertex 155 151.5 284
   vertex 156 151.5 285
   vertex 155.5 152 284
  endloop
 endfacet
 facet normal -0.57735026918962584 0.57735026918962584 0.57735026918962584
  outer loop
   vertex 155 151.5 284
   vertex 155.5 151 285
   vertex 156 151.5 285
  endloop
 endfacet
 facet normal -0.57735026918962584 0.57735026918962584 0.57735026918962584
  outer loop
   vertex 155 151.5 284
   vertex 155 151 284.5
   vertex 155.5 151 285
  endloop
 endfacet
 facet normal -0.57735026918962584 0.57735026918962584 0.57735026918962584
  outer loop
   vertex 156 151.5 285
   vertex 156.5 152 285
   vertex 156 152 284.5
  endloop
 endfacet
 facet normal 0.57735026918962584 0.57735026918962584 0.57735026918962584
  outer loop
   vertex 164 152 284.5
   vertex 163.5 152 285
   vertex 164 151.5 285
  endloop
 endfacet
 facet normal 0.57735026918962584 0.57735026918962584 0.57735026918962584
  outer loop
   vertex 164.5 151 285
   vertex 164 152 284.5
   vertex 164 151.5 285
  endloop
 endfacet
 facet normal 0.57735026918962584 0.57735026918962584 0.57735026918962584
  outer loop
   vertex 165 151 284.5
   vertex 164 152 284.5
   vertex 164.5 151 285
  endloop
 endfacet
 facet normal 0.57735026918962584 0.57735026918962584 0.57735026918962584
  outer loop
   vertex 165 151 284.5
   vertex 164.5 152 284
   vertex 164 152 284.5
  endloop
 endfacet
 facet normal 0.57735026918962584 0.57735026918962584 0.57735026918962584
  outer loop
   vertex 165 151 284.5
   vertex 165 151.5 284
   vertex 164.5 152 284
  endloop
 endfacet
 facet normal 0.57735026918962584 0.57735026918962584 0.57735026918962584
  outer loop
   vertex 165.5 151 284
   vertex 165 151.5 284
   vertex 165 151 284.5
  endloop
 endfacet
 facet normal -0.57735026918962584 0.57735026918962584 0.57735026918962584
  outer loop
   vertex 155.5 152 284
   vertex 156 152 284.5
   vertex 156 152.5 284
  endloop
 endfacet
 facet normal -0.57735026918962584 0.57735026918962584 0.57735026918962584
  outer loop
   vertex 156.5 153 284
   vertex 157 152.5 285
   vertex 157 153 284.5
  endloop
 endfacet
 facet normal -0.57735026918962584 0.57735026918962584 0.57735026918962584
  outer loop
   vertex 156 152.5 284
   vertex 157 152.5 285
   vertex 156.5 153 284
  endloop
 endfacet
 facet normal -0.57735026918962584 0.57735026918962584 0.57735026918962584
  outer loop
   vertex 156 152.5 284
   vertex 156.5 152 285
   vertex 157 152.5 285
  endloop
 endfacet
 facet normal -0.57735026918962584 0.57735026918962584 0.57735026918962584
  outer loop
   vertex 156 152.5 284
   vertex 156 152 284.5
   vertex 156.5 152 285
  endloop
 endfacet
 facet normal -0.57735026918962584 0.57735026918962584 0.57735026918962584
  outer loop
   vertex 157 152.5 285
   vertex 157.5 153 285
   vertex 157 153 284.5
  endloop
 endfacet
 facet normal 0.57735026918962584 0.57735026918962584 0.57735026918962584
  outer loop
   vertex 163 153 284.5
   vertex 162.5 153 285
   vertex 163 152.5 285
  endloop
 endfacet
 facet normal 0.57735026918962584 0.57735026918962584 0.57735026918962584
  outer loop
   vertex 163.5 152 285
   vertex 163 153 284.5
   vertex 163 152.5 285
  endloop
 endfacet
 facet normal 0.57735026918962584 0.57735026918962584 0.57735026918962584
  outer loop
   vertex 163.5 152 285
   vertex 164 152 284.5
   vertex 163 153 284.5
  endloop
 endfacet
 facet normal 0 0 1
  outer loop
   vertex 164 152 284.5
   vertex 164 153 284.5
   vertex 163 153 284.5
  endloop
 endfacet
 facet normal 0.70710678118654746 0 0.70710678118654746
  outer loop
   vertex 164.5 152 284
   vertex 164.5 153 284
   vertex 164 153 284.5
  endloop
 endfacet
 facet normal 0.70710678118654746 0 0.70710678118654746
  outer loop
   vertex 164 152 284.5
   vertex 164.5 152 284
   vertex 164 153 284.5
  endloop
 endfacet
 facet normal -0.57735026918962584 0.57735026918962584 0.57735026918962584
  outer loop
   vertex 156.5 153 284
   vertex 157 153 284.5
   vertex 157 153.5 284
  endloop
 endfacet
 facet normal -0.57735026918962584 0.57735026918962584 0.57735026918962584
  outer loop
   vertex 157.5 154 284
   vertex 158 153.5 285
   vertex 158 154 284.5
  endloop
 endfacet
 facet normal -0.57735026918962584 0.57735026918962584 0.57735026918962584
  outer loop
   vertex 157 153.5 284
   vertex 158 153.5 285
   vertex 157.5 154 284
  endloop
 endfacet
 facet normal -0.57735026918962584 0.57735026918962584 0.57735026918962584
  outer loop
   vertex 157 153.5 284
   vertex 157.5 153 285
   vertex 158 153.5 285
  endloop
 endfacet
 facet normal -0.57735026918962584 0.57735026918962584 0.57735026918962584
  outer loop
   vertex 157 153.5 284
   vertex 157 153 284.5
   vertex 157.5 153 285
  endloop
 endfacet
 facet normal -0.57735026918962584 0.57735026918962584 0.57735026918962584
  outer loop
   vertex 158 153.5 285
   vertex 158.5 154 285
   vertex 158 154 284.5
  endloop
 endfacet
 facet normal 0.57735026918962584 0.57735026918962584 0.57735026918962584
  outer loop
   vertex 162 154 284.5
   vertex 161.5 154 285
   vertex 162 153.5 285
  endloop
 endfacet
 facet normal 0.57735026918962584 0.57735026918962584 0.57735026918962584
  outer loop
   vertex 162.5 153 285
   vertex 162 154 284.5
   vertex 162 153.5 285
  endloop
 endfacet
 facet normal 0.57735026918962584 0.57735026918962584 0.57735026918962584
  outer loop
   vertex 163 153 284.5
   vertex 162 154 284.5
   vertex 162.5 153 285
  endloop
 endfacet
 facet normal 0.57735026918962584 0.57735026918962584 0.57735026918962584
  outer loop
   vertex 163 153 284.5
   vertex 162.5 154 284
   vertex 162 154 284.5
  endloop
 endfacet
 facet normal 0.57735026918962584 0.57735026918962584 0.57735026918962584
  outer loop
   vertex 163 153 284.5
   vertex 163 153.5 284
   vertex 162.5 154 284
  endloop
 endfacet
 facet normal -0 0.70710678118654746 0.70710678118654746
  outer loop
   vertex 164 153.5 284
   vertex 163 153.5 284
   vertex 163 153 284.5
  endloop
 endfacet
 facet normal 0 0.70710678118654746 0.70710678118654746
  outer loop
   vertex 164 153 284.5
   vertex 164 153.5 284
   vertex 163 153 284.5
  endloop
 endfacet
 facet normal 0.57735026918962584 0.57735026918962584 0.57735026918962584
  outer loop
   vertex 164.5 153 284
   vertex 164 153.5 284
   vertex 164 153 284.5
  endloop
 endfacet
 facet normal -0.57735026918962584 0.57735026918962584 0.57735026918962584
  outer loop
   vertex 157.5 154 284
   vertex 158 154 284.5
   vertex 158 154.5 284
  endloop
 endfacet
 facet normal -0.57735026918962584 0.57735026918962584 0.57735026918962584
  outer loop
   vertex 158 154 284.5
   vertex 158.5 155 284
   vertex 158 154.5 284
  endloop
 endfacet
 facet normal -0.57735026918962584 0.57735026918962584 0.57735026918962584
  outer loop
   vertex 158 154 284.5
   vertex 158.5 154 285
   vertex 158.5 155 284
  endloop
 endfacet
 facet normal -1 -0 -0
  outer loop
   vertex 158.5 154 285
   vertex 158.5 155 285
   vertex 158.5 155 284
  endloop
 endfacet
 facet normal 0.70710678118654746 0.70710678118654746 0
  outer loop
   vertex 160 154.5 284
   vertex 159.5 155 285
   vertex 160 154.5 285
  endloop
 endfacet
 facet normal 0.70710678118654746 0.70710678118654746 0
  outer loop
   vertex 159.5 155 284
   vertex 159.5 155 285
   vertex 160 154.5 284
  endloop
 endfacet
 facet normal 0 1 0
  outer loop
   vertex 161 154.5 284
   vertex 160 154.5 284
   vertex 161 154.5 285
  endloop
 endfacet
 facet normal -0 1 0
  outer loop
   vertex 160 154.5 284
   vertex 160 154.5 285
   vertex 161 154.5 285
  endloop
 endfacet
 facet normal 0.57735026918962584 0.57735026918962584 0.57735026918962584
  outer loop
   vertex 161.5 154 285
   vertex 162 154 284.5
   vertex 162 154.5 284
  endloop
 endfacet
 facet normal 0.57735026918962584 0.57735026918962584 0.57735026918962584
  outer loop
   vertex 161.5 154 285
   vertex 162 154.5 284
   vertex 161 154.5 285
  endloop
 endfacet
 facet normal 0 1 0
  outer loop
   vertex 161 154.5 285
   vertex 162 154.5 284
   vertex 161 154.5 284
  endloop
 endfacet
 facet normal 0.57735026918962584 0.57735026918962584 0.57735026918962584
  outer loop
   vertex 162.5 154 284
   vertex 162 154.5 284
   vertex 162 154 284.5
  endloop
 endfacet
 facet normal -0.70710678118654746 0.70710678118654746 0
  outer loop
   vertex 158.5 155 284
   vertex 158.5 155 285
   vertex 159 155.5 285
  endloop
 endfacet
 facet normal -0.70710678118654746 0.70710678118654746 0
  outer loop
   vertex 159 155.5 284
   vertex 158.5 155 284
   vertex 159 155.5 285
  endloop
 endfacet
 facet normal 0.70710678118654746 0.70710678118654746 -0
  outer loop
   vertex 159.5 155 285
   vertex 159.5 155 284
   vertex 159 155.5 284
  endloop
 endfacet
 facet normal 0.70710678118654746 0.70710678118654746 0
  outer loop
   vertex 159 155.5 285
   vertex 159.5 155 285
   vertex 159 155.5 284
  endloop
 endfacet
 facet normal -0.57735026918962584 -0.57735026918962584 0.57735026918962584
  outer loop
   vertex 160 141.5 285
   vertex 160 142 285.5
   vertex 159.5 142 285
  endloop
 endfacet
 facet normal 0 -0.70710678118654746 0.70710678118654746
  outer loop
   vertex 160 141.5 285
   vertex 161 141.5 285
   vertex 161 142 285.5
  endloop
 endfacet
 facet normal 0 -0.70710678118654746 0.70710678118654746
  outer loop
   vertex 160 142 285.5
   vertex 160 141.5 285
   vertex 161 142 285.5
  endloop
 endfacet
 facet normal 0 -0.70710678118654746 0.70710678118654746
  outer loop
   vertex 161 141.5 285
   vertex 162 141.5 285
   vertex 162 142 285.5
  endloop
 endfacet
 facet normal 0 -0.70710678118654746 0.70710678118654746
  outer loop
   vertex 161 142 285.5
   vertex 161 141.5 285
   vertex 162 142 285.5
  endloop
 endfacet
 facet normal 0 -0.70710678118654746 0.70710678118654746
  outer loop
   vertex 162 141.5 285
   vertex 163 141.5 285
   vertex 163 142 285.5
  endloop
 endfacet
 facet normal 0 -0.70710678118654746 0.70710678118654746
  outer loop
   vertex 162 142 285.5
   vertex 162 141.5 285
   vertex 163 142 285.5
  endloop
 endfacet
 facet normal 0.57735026918962584 -0.57735026918962584 0.57735026918962584
  outer loop
   vertex 163 141.5 285
   vertex 163.5 142 285
   vertex 163 142 285.5
  endloop
 endfacet
 facet normal -0.57735026918962584 -0.57735026918962584 0.57735026918962584
  outer loop
   vertex 159 142.5 285
   vertex 159 143 285.5
   vertex 158.5 143 285
  endloop
 endfacet
 facet normal -0.57735026918962584 -0.57735026918962584 0.57735026918962584
  outer loop
   vertex 159 142.5 285
   vertex 159.5 142 285
   vertex 160 142 285.5
  endloop
 endfacet
 facet normal -0.57735026918962584 -0.57735026918962584 0.57735026918962584
  outer loop
   vertex 159 142.5 285
   vertex 160 142 285.5
   vertex 159 143 285.5
  endloop
 endfacet
 facet normal 0 -0 1
  outer loop
   vertex 159 143 285.5
   vertex 160 142 285.5
   vertex 160 143 285.5
  endloop
 endfacet
 facet normal 0 0 1
  outer loop
   vertex 161 142 285.5
   vertex 161 143 285.5
   vertex 160 142 285.5
  endloop
 endfacet
 facet normal -0 0 1
  outer loop
   vertex 161 143 285.5
   vertex 160 143 285.5
   vertex 160 142 285.5
  endloop
 endfacet
 facet normal -0.57735026918962584 -0.57735026918962584 0.57735026918962584
  outer loop
   vertex 161.5 143 286
   vertex 162 142 285.5
   vertex 162 142.5 286
  endloop
 endfacet
 facet normal -0.57735026918962584 -0.57735026918962584 0.57735026918962584
  outer loop
   vertex 161.5 143 286
   vertex 161 143 285.5
   vertex 162 142 285.5
  endloop
 endfacet
 facet normal 0 0 1
  outer loop
   vertex 161 143 285.5
   vertex 161 142 285.5
   vertex 162 142 285.5
  endloop
 endfacet
 facet normal 0 -0.70710678118654746 0.70710678118654746
  outer loop
   vertex 163 142 285.5
   vertex 162 142.5 286
   vertex 162 142 285.5
  endloop
 endfacet
 facet normal 0 -0.70710678118654746 0.70710678118654746
  outer loop
   vertex 163 142.5 286
   vertex 162 142.5 286
   vertex 163 142 285.5
  endloop
 endfacet
 facet normal 0.57735026918962584 -0.57735026918962584 0.57735026918962584
  outer loop
   vertex 164 143 285.5
   vertex 163.5 143 286
   vertex 163 142.5 286
  endloop
 endfacet
 facet normal 0.57735026918962584 -0.57735026918962584 0.57735026918962584
  outer loop
   vertex 164 142.5 285
   vertex 164 143 285.5
   vertex 163 142.5 286
  endloop
 endfacet
 facet normal 0.57735026918962584 -0.57735026918962584 0.57735026918962584
  outer loop
   vertex 164 142.5 285
   vertex 163 142.5 286
   vertex 163 142 285.5
  endloop
 endfacet
 facet normal 0.57735026918962584 -0.57735026918962584 0.57735026918962584
  outer loop
   vertex 164 142.5 285
   vertex 163 142 285.5
   vertex 163.5 142 285
  endloop
 endfacet
 facet normal 0 -0.70710678118654746 0.70710678118654746
  outer loop
   vertex 164 142.5 285
   vertex 165 142.5 285
   vertex 165 143 285.5
  endloop
 endfacet
 facet normal 0 -0.70710678118654746 0.70710678118654746
  outer loop
   vertex 164 143 285.5
   vertex 164 142.5 285
   vertex 165 143 285.5
  endloop
 endfacet
 facet normal 0 -0.70710678118654746 0.70710678118654746
  outer loop
   vertex 165 142.5 285
   vertex 166 142.5 285
   vertex 166 143 285.5
  endloop
 endfacet
 facet normal 0 -0.70710678118654746 0.70710678118654746
  outer loop
   vertex 165 143 285.5
   vertex 165 142.5 285
   vertex 166 143 285.5
  endloop
 endfacet
 facet normal 0.57735026918962584 -0.57735026918962584 0.57735026918962584
  outer loop
   vertex 166 142.5 285
   vertex 166.5 143 285
   vertex 166 143 285.5
  endloop
 endfacet
 facet normal -0.57735026918962584 -0.57735026918962584 0.57735026918962584
  outer loop
   vertex 157 143.5 285
   vertex 157 144 285.5
   vertex 156.5 144 285
  endloop
 endfacet
 facet normal 0 -0.70710678118654746 0.70710678118654746
  outer loop
   vertex 157 143.5 285
   vertex 158 143.5 285
   vertex 158 144 285.5
  endloop
 endfacet
 facet normal 0 -0.70710678118654746 0.70710678118654746
  outer loop
   vertex 157 144 285.5
   vertex 157 143.5 285
   vertex 158 144 285.5
  endloop
 endfacet
 facet normal -0.57735026918962584 -0.57735026918962584 0.57735026918962584
  outer loop
   vertex 158 143.5 285
   vertex 158.5 144 286
   vertex 158 144 285.5
  endloop
 endfacet
 facet normal -0.57735026918962584 -0.57735026918962584 0.57735026918962584
  outer loop
   vertex 158.5 143 285
   vertex 158.5 144 286
   vertex 158 143.5 285
  endloop
 endfacet
 facet normal -0.57735026918962584 -0.57735026918962584 0.57735026918962584
  outer loop
   vertex 158.5 143 285
   vertex 159 143.5 286
   vertex 158.5 144 286
  endloop
 endfacet
 facet normal -0.57735026918962584 -0.57735026918962584 0.57735026918962584
  outer loop
   vertex 158.5 143 285
   vertex 159 143 285.5
   vertex 159 143.5 286
  endloop
 endfacet
 facet normal 0 -0.70710678118654746 0.70710678118654746
  outer loop
   vertex 160 143 285.5
   vertex 159 143.5 286
   vertex 159 143 285.5
  endloop
 endfacet
 facet normal 0 -0.70710678118654746 0.70710678118654746
  outer loop
   vertex 160 143.5 286
   vertex 159 143.5 286
   vertex 160 143 285.5
  endloop
 endfacet
 facet normal 0 -0.70710678118654746 0.70710678118654746
  outer loop
   vertex 161 143 285.5
   vertex 160 143.5 286
   vertex 160 143 285.5
  endloop
 endfacet
 facet normal 0 -0.70710678118654746 0.70710678118654746
  outer loop
   vertex 161 143.5 286
   vertex 160 143.5 286
   vertex 161 143 285.5
  endloop
 endfacet
 facet normal -0.57735026918962584 -0.57735026918962584 0.57735026918962584
  outer loop
   vertex 161.5 143 286
   vertex 161 143.5 286
   vertex 161 143 285.5
  endloop
 endfacet
 facet normal 0.57735026918962584 -0.57735026918962584 0.57735026918962584
  outer loop
   vertex 164 143 285.5
   vertex 164 143.5 286
   vertex 163.5 143 286
  endloop
 endfacet
 facet normal 0 -0.70710678118654746 0.70710678118654746
  outer loop
   vertex 165 143 285.5
   vertex 164 143.5 286
   vertex 164 143 285.5
  endloop
 endfacet
 facet normal 0 -0.70710678118654746 0.70710678118654746
  outer loop
   vertex 165 143.5 286
   vertex 164 143.5 286
   vertex 165 143 285.5
  endloop
 endfacet
 facet normal 0 -0.70710678118654746 0.70710678118654746
  outer loop
   vertex 166 143 285.5
   vertex 165 143.5 286
   vertex 165 143 285.5
  endloop
 endfacet
 facet normal 0 -0.70710678118654746 0.70710678118654746
  outer loop
   vertex 166 143.5 286
   vertex 165 143.5 286
   vertex 166 143 285.5
  endloop
 endfacet
 facet normal 0.57735026918962584 -0.57735026918962584 0.57735026918962584
  outer loop
   vertex 167 144 285.5
   vertex 166.5 144 286
   vertex 166 143.5 286
  endloop
 endfacet
 facet normal 0.57735026918962584 -0.57735026918962584 0.57735026918962584
  outer loop
   vertex 167 143.5 285
   vertex 167 144 285.5
   vertex 166 143.5 286
  endloop
 endfacet
 facet normal 0.57735026918962584 -0.57735026918962584 0.57735026918962584
  outer loop
   vertex 167 143.5 285
   vertex 166 143.5 286
   vertex 166 143 285.5
  endloop
 endfacet
 facet normal 0.57735026918962584 -0.57735026918962584 0.57735026918962584
  outer loop
   vertex 167 143.5 285
   vertex 166 143 285.5
   vertex 166.5 143 285
  endloop
 endfacet
 facet normal 0.57735026918962584 -0.57735026918962584 0.57735026918962584
  outer loop
   vertex 167 143.5 285
   vertex 167.5 144 285
   vertex 167 144 285.5
  endloop
 endfacet
 facet normal -0.70710678118654746 0 0.70710678118654746
  outer loop
   vertex 157 144 285.5
   vertex 157 145 285.5
   vertex 156.5 145 285
  endloop
 endfacet
 facet normal -0.70710678118654746 0 0.70710678118654746
  outer loop
   vertex 156.5 144 285
   vertex 157 144 285.5
   vertex 156.5 145 285
  endloop
 endfacet
 facet normal -0.57735026918962584 -0.57735026918962584 0.57735026918962584
  outer loop
   vertex 157.5 145 286
   vertex 158 144 285.5
   vertex 158 144.5 286
  endloop
 endfacet
 facet normal -0.57735026918962584 -0.57735026918962584 0.57735026918962584
  outer loop
   vertex 157.5 145 286
   vertex 157 145 285.5
   vertex 158 144 285.5
  endloop
 endfacet
 facet normal 0 0 1
  outer loop
   vertex 157 145 285.5
   vertex 157 144 285.5
   vertex 158 144 285.5
  endloop
 endfacet
 facet normal -0.57735026918962584 -0.57735026918962584 0.57735026918962584
  outer loop
   vertex 158.5 144 286
   vertex 158 144.5 286
   vertex 158 144 285.5
  endloop
 endfacet
 facet normal 0.70710678118654746 0 0.70710678118654746
  outer loop
   vertex 167 145 285.5
   vertex 166.5 144 286
   vertex 167 144 285.5
  endloop
 endfacet
 facet normal 0.70710678118654746 -0 0.70710678118654746
  outer loop
   vertex 166.5 145 286
   vertex 166.5 144 286
   vertex 167 145 285.5
  endloop
 endfacet
 facet normal 0.70710678118654746 0 0.70710678118654746
  outer loop
   vertex 167.5 144 285
   vertex 167.5 145 285
   vertex 167 145 285.5
  endloop
 endfacet
 facet normal 0.70710678118654746 0 0.70710678118654746
  outer loop
   vertex 167 144 285.5
   vertex 167.5 144 285
   vertex 167 145 285.5
  endloop
 endfacet
 facet normal -0.57735026918962584 -0.57735026918962584 0.57735026918962584
  outer loop
   vertex 156 145.5 285
   vertex 156 146 285.5
   vertex 155.5 146 285
  endloop
 endfacet
 facet normal -0.57735026918962584 -0.57735026918962584 0.57735026918962584
  outer loop
   vertex 156 145.5 285
   vertex 156.5 145 285
   vertex 157 145 285.5
  endloop
 endfacet
 facet normal -0.57735026918962584 -0.57735026918962584 0.57735026918962584
  outer loop
   vertex 156 145.5 285
   vertex 157 145 285.5
   vertex 156 146 285.5
  endloop
 endfacet
 facet normal 0 -0 1
  outer loop
   vertex 156 146 285.5
   vertex 157 145 285.5
   vertex 157 146 285.5
  endloop
 endfacet
 facet normal -0.70710678118654746 0 0.70710678118654746
  outer loop
   vertex 157.5 146 286
   vertex 157 145 285.5
   vertex 157.5 145 286
  endloop
 endfacet
 facet normal -0.70710678118654746 0 0.70710678118654746
  outer loop
   vertex 157 146 285.5
   vertex 157 145 285.5
   vertex 157.5 146 286
  endloop
 endfacet
 facet normal 0.57735026918962584 0.57735026918962584 0.57735026918962584
  outer loop
   vertex 167 145.5 285
   vertex 166.5 145 286
   vertex 167 145 285.5
  endloop
 endfacet
 facet normal 0.57735026918962584 0.57735026918962584 0.57735026918962584
  outer loop
   vertex 167 145.5 285
   vertex 166.5 146 285
   vertex 166.5 145 286
  endloop
 endfacet
 facet normal 1 0 0
  outer loop
   vertex 166.5 146 285
   vertex 166.5 146 286
   vertex 166.5 145 286
  endloop
 endfacet
 facet normal 0.57735026918962584 0.57735026918962584 0.57735026918962584
  outer loop
   vertex 167.5 145 285
   vertex 167 145.5 285
   vertex 167 145 285.5
  endloop
 endfacet
 facet normal -0.70710678118654746 0 0.70710678118654746
  outer loop
   vertex 156 146 285.5
   vertex 156 147 285.5
   vertex 155.5 147 285
  endloop
 endfacet
 facet normal -0.70710678118654746 0 0.70710678118654746
  outer loop
   vertex 155.5 146 285
   vertex 156 146 285.5
   vertex 155.5 147 285
  endloop
 endfacet
 facet normal -0.57735026918962584 -0.57735026918962584 0.57735026918962584
  outer loop
   vertex 156.5 147 286
   vertex 157 146 285.5
   vertex 157 146.5 286
  endloop
 endfacet
 facet normal -0.57735026918962584 -0.57735026918962584 0.57735026918962584
  outer loop
   vertex 156.5 147 286
   vertex 156 147 285.5
   vertex 157 146 285.5
  endloop
 endfacet
 facet normal 0 0 1
  outer loop
   vertex 156 147 285.5
   vertex 156 146 285.5
   vertex 157 146 285.5
  endloop
 endfacet
 facet normal -0.57735026918962584 -0.57735026918962584 0.57735026918962584
  outer loop
   vertex 157.5 146 286
   vertex 157 146.5 286
   vertex 157 146 285.5
  endloop
 endfacet
 facet normal 1 0 0
  outer loop
   vertex 166.5 146 285
   vertex 166.5 147 285
   vertex 166.5 146 286
  endloop
 endfacet
 facet normal 1 0 -0
  outer loop
   vertex 166.5 146 286
   vertex 166.5 147 285
   vertex 166.5 147 286
  endloop
 endfacet
 facet normal -0.70710678118654746 0 0.70710678118654746
  outer loop
   vertex 156 147 285.5
   vertex 156 148 285.5
   vertex 155.5 148 285
  endloop
 endfacet
 facet normal -0.70710678118654746 0 0.70710678118654746
  outer loop
   vertex 155.5 147 285
   vertex 156 147 285.5
   vertex 155.5 148 285
  endloop
 endfacet
 facet normal -0.70710678118654746 0 0.70710678118654746
  outer loop
   vertex 156.5 148 286
   vertex 156 147 285.5
   vertex 156.5 147 286
  endloop
 endfacet
 facet normal -0.70710678118654746 0 0.70710678118654746
  outer loop
   vertex 156 148 285.5
   vertex 156 147 285.5
   vertex 156.5 148 286
  endloop
 endfacet
 facet normal 0.70710678118654746 0.70710678118654746 0
  outer loop
   vertex 166 147.5 285
   vertex 165.5 148 286
   vertex 166 147.5 286
  endloop
 endfacet
 facet normal 0.70710678118654746 0.70710678118654746 0
  outer loop
   vertex 165.5 148 285
   vertex 165.5 148 286
   vertex 166 147.5 285
  endloop
 endfacet
 facet normal 0.70710678118654746 0.70710678118654746 -0
  outer loop
   vertex 166.5 147 286
   vertex 166.5 147 285
   vertex 166 147.5 285
  endloop
 endfacet
 facet normal 0.70710678118654746 0.70710678118654746 0
  outer loop
   vertex 166 147.5 286
   vertex 166.5 147 286
   vertex 166 147.5 285
  endloop
 endfacet
 facet normal -0.70710678118654746 0 0.70710678118654746
  outer loop
   vertex 156 148 285.5
   vertex 156 149 285.5
   vertex 155.5 149 285
  endloop
 endfacet
 facet normal -0.70710678118654746 0 0.70710678118654746
  outer loop
   vertex 155.5 148 285
   vertex 156 148 285.5
   vertex 155.5 149 285
  endloop
 endfacet
 facet normal -0.70710678118654746 0 0.70710678118654746
  outer loop
   vertex 156.5 149 286
   vertex 156 148 285.5
   vertex 156.5 148 286
  endloop
 endfacet
 facet normal -0.70710678118654746 0 0.70710678118654746
  outer loop
   vertex 156 149 285.5
   vertex 156 148 285.5
   vertex 156.5 149 286
  endloop
 endfacet
 facet normal 0.57735026918962584 0.57735026918962584 0.57735026918962584
  outer loop
   vertex 165 149 285.5
   vertex 164.5 149 286
   vertex 165 148.5 286
  endloop
 endfacet
 facet normal 0.57735026918962584 0.57735026918962584 0.57735026918962584
  outer loop
   vertex 165 149 285.5
   vertex 165 148.5 286
   vertex 165.5 148 286
  endloop
 endfacet
 facet normal 0.57735026918962584 0.57735026918962584 0.57735026918962584
  outer loop
   vertex 165 149 285.5
   vertex 165.5 148 286
   vertex 165.5 149 285
  endloop
 endfacet
 facet normal 1 0 0
  outer loop
   vertex 165.5 149 285
   vertex 165.5 148 286
   vertex 165.5 148 285
  endloop
 endfacet
 facet normal -0.70710678118654746 0 0.70710678118654746
  outer loop
   vertex 156 149 285.5
   vertex 156 150 285.5
   vertex 155.5 150 285
  endloop
 endfacet
 facet normal -0.70710678118654746 0 0.70710678118654746
  outer loop
   vertex 155.5 149 285
   vertex 156 149 285.5
   vertex 155.5 150 285
  endloop
 endfacet
 facet normal -0.70710678118654746 0 0.70710678118654746
  outer loop
   vertex 156.5 150 286
   vertex 156 149 285.5
   vertex 156.5 149 286
  endloop
 endfacet
 facet normal -0.70710678118654746 0 0.70710678118654746
  outer loop
   vertex 156 150 285.5
   vertex 156 149 285.5
   vertex 156.5 150 286
  endloop
 endfacet
 facet normal 0.57735026918962584 0.57735026918962584 0.57735026918962584
  outer loop
   vertex 165 149.5 285
   vertex 164.5 149 286
   vertex 165 149 285.5
  endloop
 endfacet
 facet normal 0.57735026918962584 0.57735026918962584 0.57735026918962584
  outer loop
   vertex 165 149.5 285
   vertex 164.5 150 285
   vertex 164.5 149 286
  endloop
 endfacet
 facet normal 1 0 0
  outer loop
   vertex 164.5 150 285
   vertex 164.5 150 286
   vertex 164.5 149 286
  endloop
 endfacet
 facet normal 0.57735026918962584 0.57735026918962584 0.57735026918962584
  outer loop
   vertex 165.5 149 285
   vertex 165 149.5 285
   vertex 165 149 285.5
  endloop
 endfacet
 facet normal -0.70710678118654746 0 0.70710678118654746
  outer loop
   vertex 156 150 285.5
   vertex 156 151 285.5
   vertex 155.5 151 285
  endloop
 endfacet
 facet normal -0.70710678118654746 0 0.70710678118654746
  outer loop
   vertex 155.5 150 285
   vertex 156 150 285.5
   vertex 155.5 151 285
  endloop
 endfacet
 facet normal -0.70710678118654746 0 0.70710678118654746
  outer loop
   vertex 156.5 151 286
   vertex 156 150 285.5
   vertex 156.5 150 286
  endloop
 endfacet
 facet normal -0.70710678118654746 0 0.70710678118654746
  outer loop
   vertex 156 151 285.5
   vertex 156 150 285.5
   vertex 156.5 151 286
  endloop
 endfacet
 facet normal 0.57735026918962584 0.57735026918962584 0.57735026918962584
  outer loop
   vertex 164 151 285.5
   vertex 163.5 151 286
   vertex 164 150.5 286
  endloop
 endfacet
 facet normal 0.57735026918962584 0.57735026918962584 0.57735026918962584
  outer loop
   vertex 164 151 285.5
   vertex 164 150.5 286
   vertex 164.5 150 286
  endloop
 endfacet
 facet normal 0.57735026918962584 0.57735026918962584 0.57735026918962584
  outer loop
   vertex 164 151 285.5
   vertex 164.5 150 286
   vertex 164.5 151 285
  endloop
 endfacet
 facet normal 1 0 0
  outer loop
   vertex 164.5 151 285
   vertex 164.5 150 286
   vertex 164.5 150 285
  endloop
 endfacet
 facet normal -0.57735026918962584 0.57735026918962584 0.57735026918962584
  outer loop
   vertex 155.5 151 285
   vertex 156 151 285.5
   vertex 156 151.5 285
  endloop
 endfacet
 facet normal -0.57735026918962584 0.57735026918962584 0.57735026918962584
  outer loop
   vertex 156.5 152 285
   vertex 157 151.5 286
   vertex 157 152 285.5
  endloop
 endfacet
 facet normal -0.57735026918962584 0.57735026918962584 0.57735026918962584
  outer loop
   vertex 156 151.5 285
   vertex 157 151.5 286
   vertex 156.5 152 285
  endloop
 endfacet
 facet normal -0.57735026918962584 0.57735026918962584 0.57735026918962584
  outer loop
   vertex 156 151.5 285
   vertex 156.5 151 286
   vertex 157 151.5 286
  endloop
 endfacet
 facet normal -0.57735026918962584 0.57735026918962584 0.57735026918962584
  outer loop
   vertex 156 151.5 285
   vertex 156 151 285.5
   vertex 156.5 151 286
  endloop
 endfacet
 facet normal -0.57735026918962584 0.57735026918962584 0.57735026918962584
  outer loop
   vertex 157 151.5 286
   vertex 157.5 152 286
   vertex 157 152 285.5
  endloop
 endfacet
 facet normal 0.57735026918962584 0.57735026918962584 0.57735026918962584
  outer loop
   vertex 163 152 285.5
   vertex 162.5 152 286
   vertex 163 151.5 286
  endloop
 endfacet
 facet normal 0.57735026918962584 0.57735026918962584 0.57735026918962584
  outer loop
   vertex 163.5 151 286
   vertex 163 152 285.5
   vertex 163 151.5 286
  endloop
 endfacet
 facet normal 0.57735026918962584 0.57735026918962584 0.57735026918962584
  outer loop
   vertex 164 151 285.5
   vertex 163 152 285.5
   vertex 163.5 151 286
  endloop
 endfacet
 facet normal 0.57735026918962584 0.57735026918962584 0.57735026918962584
  outer loop
   vertex 164 151 285.5
   vertex 163.5 152 285
   vertex 163 152 285.5
  endloop
 endfacet
 facet normal 0.57735026918962584 0.57735026918962584 0.57735026918962584
  outer loop
   vertex 164 151 285.5
   vertex 164 151.5 285
   vertex 163.5 152 285
  endloop
 endfacet
 facet normal 0.57735026918962584 0.57735026918962584 0.57735026918962584
  outer loop
   vertex 164.5 151 285
   vertex 164 151.5 285
   vertex 164 151 285.5
  endloop
 endfacet
 facet normal -0.57735026918962584 0.57735026918962584 0.57735026918962584
  outer loop
   vertex 156.5 152 285
   vertex 157 152 285.5
   vertex 157 152.5 285
  endloop
 endfacet
 facet normal -0.57735026918962584 0.57735026918962584 0.57735026918962584
  outer loop
   vertex 157.5 153 285
   vertex 158 152.5 286
   vertex 158 153 285.5
  endloop
 endfacet
 facet normal -0.57735026918962584 0.57735026918962584 0.57735026918962584
  outer loop
   vertex 157 152.5 285
   vertex 158 152.5 286
   vertex 157.5 153 285
  endloop
 endfacet
 facet normal -0.57735026918962584 0.57735026918962584 0.57735026918962584
  outer loop
   vertex 157 152.5 285
   vertex 157.5 152 286
   vertex 158 152.5 286
  endloop
 endfacet
 facet normal -0.57735026918962584 0.57735026918962584 0.57735026918962584
  outer loop
   vertex 157 152.5 285
   vertex 157 152 285.5
   vertex 157.5 152 286
  endloop
 endfacet
 facet normal -0.57735026918962584 0.57735026918962584 0.57735026918962584
  outer loop
   vertex 158 152.5 286
   vertex 158.5 153 286
   vertex 158 153 285.5
  endloop
 endfacet
 facet normal 0.57735026918962584 0.57735026918962584 0.57735026918962584
  outer loop
   vertex 162 153 285.5
   vertex 161.5 153 286
   vertex 162 152.5 286
  endloop
 endfacet
 facet normal 0.57735026918962584 0.57735026918962584 0.57735026918962584
  outer loop
   vertex 162.5 152 286
   vertex 162 153 285.5
   vertex 162 152.5 286
  endloop
 endfacet
 facet normal 0.57735026918962584 0.57735026918962584 0.57735026918962584
  outer loop
   vertex 163 152 285.5
   vertex 162 153 285.5
   vertex 162.5 152 286
  endloop
 endfacet
 facet normal 0.57735026918962584 0.57735026918962584 0.57735026918962584
  outer loop
   vertex 163 152 285.5
   vertex 162.5 153 285
   vertex 162 153 285.5
  endloop
 endfacet
 facet normal 0.57735026918962584 0.57735026918962584 0.57735026918962584
  outer loop
   vertex 163 152 285.5
   vertex 163 152.5 285
   vertex 162.5 153 285
  endloop
 endfacet
 facet normal 0.57735026918962584 0.57735026918962584 0.57735026918962584
  outer loop
   vertex 163.5 152 285
   vertex 163 152.5 285
   vertex 163 152 285.5
  endloop
 endfacet
 facet normal -0.57735026918962584 0.57735026918962584 0.57735026918962584
  outer loop
   vertex 157.5 153 285
   vertex 158 153 285.5
   vertex 158 153.5 285
  endloop
 endfacet
 facet normal -0.57735026918962584 0.57735026918962584 0.57735026918962584
  outer loop
   vertex 158 153 285.5
   vertex 158.5 154 285
   vertex 158 153.5 285
  endloop
 endfacet
 facet normal -0.57735026918962584 0.57735026918962584 0.57735026918962584
  outer loop
   vertex 158 153 285.5
   vertex 158.5 153 286
   vertex 158.5 154 285
  endloop
 endfacet
 facet normal -1 -0 -0
  outer loop
   vertex 158.5 153 286
   vertex 158.5 154 286
   vertex 158.5 154 285
  endloop
 endfacet
 facet normal 0.57735026918962584 0.57735026918962584 0.57735026918962584
  outer loop
   vertex 162 153.5 285
   vertex 161.5 153 286
   vertex 162 153 285.5
  endloop
 endfacet
 facet normal 0.57735026918962584 0.57735026918962584 0.57735026918962584
  outer loop
   vertex 162 153.5 285
   vertex 161.5 154 285
   vertex 161.5 153 286
  endloop
 endfacet
 facet normal 1 0 0
  outer loop
   vertex 161.5 154 285
   vertex 161.5 154 286
   vertex 161.5 153 286
  endloop
 endfacet
 facet normal 0.57735026918962584 0.57735026918962584 0.57735026918962584
  outer loop
   vertex 162.5 153 285
   vertex 162 153.5 285
   vertex 162 153 285.5
  endloop
 endfacet
 facet normal -0.57735026918962584 0.57735026918962584 0.57735026918962584
  outer loop
   vertex 159 154.5 286
   vertex 159 155 285.5
   vertex 158.5 155 285
  endloop
 endfacet
 facet normal -0.57735026918962584 0.57735026918962584 0.57735026918962584
  outer loop
   vertex 159 154.5 286
   vertex 158.5 155 285
   vertex 158.5 154 286
  endloop
 endfacet
 facet normal -1 0 0
  outer loop
   vertex 158.5 154 286
   vertex 158.5 155 285
   vertex 158.5 154 285
  endloop
 endfacet
 facet normal 0.57735026918962584 0.57735026918962584 0.57735026918962584
  outer loop
   vertex 159 155 285.5
   vertex 160 154.5 285
   vertex 159.5 155 285
  endloop
 endfacet
 facet normal 0.57735026918962584 0.57735026918962584 0.57735026918962584
  outer loop
   vertex 159 155 285.5
   vertex 159 154.5 286
   vertex 160 154.5 285
  endloop
 endfacet
 facet normal 0 1 0
  outer loop
   vertex 159 154.5 286
   vertex 160 154.5 286
   vertex 160 154.5 285
  endloop
 endfacet
 facet normal 0 1 0
  outer loop
   vertex 161 154.5 285
   vertex 160 154.5 285
   vertex 161 154.5 286
  endloop
 endfacet
 facet normal -0 1 0
  outer loop
   vertex 160 154.5 285
   vertex 160 154.5 286
   vertex 161 154.5 286
  endloop
 endfacet
 facet normal 0.70710678118654746 0.70710678118654746 -0
  outer loop
   vertex 161.5 154 286
   vertex 161.5 154 285
   vertex 161 154.5 285
  endloop
 endfacet
 facet normal 0.70710678118654746 0.70710678118654746 0
  outer loop
   vertex 161 154.5 286
   vertex 161.5 154 286
   vertex 161 154.5 285
  endloop
 endfacet
 facet normal -0.57735026918962584 0.57735026918962584 0.57735026918962584
  outer loop
   vertex 158.5 155 285
   vertex 159 155 285.5
   vertex 159 155.5 285
  endloop
 endfacet
 facet normal 0.57735026918962584 0.57735026918962584 0.57735026918962584
  outer loop
   vertex 159.5 155 285
   vertex 159 155.5 285
   vertex 159 155 285.5
  endloop
 endfacet
 facet normal -0.57735026918962584 -0.57735026918962584 0.57735026918962584
  outer loop
   vertex 162 142.5 286
   vertex 162 143 286.5
   vertex 161.5 143 286
  endloop
 endfacet
 facet normal 0 -0.70710678118654746 0.70710678118654746
  outer loop
   vertex 162 142.5 286
   vertex 163 142.5 286
   vertex 163 143 286.5
  endloop
 endfacet
 facet normal 0 -0.70710678118654746 0.70710678118654746
  outer loop
   vertex 162 143 286.5
   vertex 162 142.5 286
   vertex 163 143 286.5
  endloop
 endfacet
 facet normal 0.57735026918962584 -0.57735026918962584 0.57735026918962584
  outer loop
   vertex 163 142.5 286
   vertex 163.5 143 286
   vertex 163 143 286.5
  endloop
 endfacet
 facet normal -0.57735026918962584 -0.57735026918962584 0.57735026918962584
  outer loop
   vertex 159 143.5 286
   vertex 159 144 286.5
   vertex 158.5 144 286
  endloop
 endfacet
 facet normal 0 -0.70710678118654746 0.70710678118654746
  outer loop
   vertex 159 143.5 286
   vertex 160 143.5 286
   vertex 160 144 286.5
  endloop
 endfacet
 facet normal 0 -0.70710678118654746 0.70710678118654746
  outer loop
   vertex 159 144 286.5
   vertex 159 143.5 286
   vertex 160 144 286.5
  endloop
 endfacet
 facet normal 0 -0.70710678118654746 0.70710678118654746
  outer loop
   vertex 160 143.5 286
   vertex 161 143.5 286
   vertex 161 144 286.5
  endloop
 endfacet
 facet normal 0 -0.70710678118654746 0.70710678118654746
  outer loop
   vertex 160 144 286.5
   vertex 160 143.5 286
   vertex 161 144 286.5
  endloop
 endfacet
 facet normal -0.57735026918962584 -0.57735026918962584 0.57735026918962584
  outer loop
   vertex 161 143.5 286
   vertex 161.5 143 286
   vertex 162 143 286.5
  endloop
 endfacet
 facet normal -0.57735026918962584 -0.57735026918962584 0.57735026918962584
  outer loop
   vertex 161 143.5 286
   vertex 162 143 286.5
   vertex 161 144 286.5
  endloop
 endfacet
 facet normal 0 -0 1
  outer loop
   vertex 161 144 286.5
   vertex 162 143 286.5
   vertex 162 144 286.5
  endloop
 endfacet
 facet normal 0 0 1
  outer loop
   vertex 163 143 286.5
   vertex 163 144 286.5
   vertex 162 143 286.5
  endloop
 endfacet
 facet normal -0 0 1
  outer loop
   vertex 163 144 286.5
   vertex 162 144 286.5
   vertex 162 143 286.5
  endloop
 endfacet
 facet normal 0.57735026918962584 -0.57735026918962584 0.57735026918962584
  outer loop
   vertex 163.5 143 286
   vertex 164 143.5 286
   vertex 164 144 286.5
  endloop
 endfacet
 facet normal 0.57735026918962584 -0.57735026918962584 0.57735026918962584
  outer loop
   vertex 163.5 143 286
   vertex 164 144 286.5
   vertex 163 143 286.5
  endloop
 endfacet
 facet normal 0 0 1
  outer loop
   vertex 163 143 286.5
   vertex 164 144 286.5
   vertex 163 144 286.5
  endloop
 endfacet
 facet normal 0 -0.70710678118654746 0.70710678118654746
  outer loop
   vertex 164 143.5 286
   vertex 165 143.5 286
   vertex 165 144 286.5
  endloop
 endfacet
 facet normal 0 -0.70710678118654746 0.70710678118654746
  outer loop
   vertex 164 144 286.5
   vertex 164 143.5 286
   vertex 165 144 286.5
  endloop
 endfacet
 facet normal 0 -0.70710678118654746 0.70710678118654746
  outer loop
   vertex 165 143.5 286
   vertex 166 143.5 286
   vertex 166 144 286.5
  endloop
 endfacet
 facet normal 0 -0.70710678118654746 0.70710678118654746
  outer loop
   vertex 165 144 286.5
   vertex 165 143.5 286
   vertex 166 144 286.5
  endloop
 endfacet
 facet normal 0.57735026918962584 -0.57735026918962584 0.57735026918962584
  outer loop
   vertex 166 143.5 286
   vertex 166.5 144 286
   vertex 166 144 286.5
  endloop
 endfacet
 facet normal -0.57735026918962584 -0.57735026918962584 0.57735026918962584
  outer loop
   vertex 158 144.5 286
   vertex 158 145 286.5
   vertex 157.5 145 286
  endloop
 endfacet
 facet normal -0.57735026918962584 -0.57735026918962584 0.57735026918962584
  outer loop
   vertex 158 144.5 286
   vertex 158.5 144 286
   vertex 159 144 286.5
  endloop
 endfacet
 facet normal -0.57735026918962584 -0.57735026918962584 0.57735026918962584
  outer loop
   vertex 158 144.5 286
   vertex 159 144 286.5
   vertex 158 145 286.5
  endloop
 endfacet
 facet normal 0 -0 1
  outer loop
   vertex 158 145 286.5
   vertex 159 144 286.5
   vertex 159 145 286.5
  endloop
 endfacet
 facet normal -0.57735026918962584 -0.57735026918962584 0.57735026918962584
  outer loop
   vertex 159.5 145 287
   vertex 160 144 286.5
   vertex 160 144.5 287
  endloop
 endfacet
 facet normal -0.57735026918962584 -0.57735026918962584 0.57735026918962584
  outer loop
   vertex 159.5 145 287
   vertex 159 145 286.5
   vertex 160 144 286.5
  endloop
 endfacet
 facet normal 0 0 1
  outer loop
   vertex 159 145 286.5
   vertex 159 144 286.5
   vertex 160 144 286.5
  endloop
 endfacet
 facet normal 0 -0.70710678118654746 0.70710678118654746
  outer loop
   vertex 161 144 286.5
   vertex 160 144.5 287
   vertex 160 144 286.5
  endloop
 endfacet
 facet normal 0 -0.70710678118654746 0.70710678118654746
  outer loop
   vertex 161 144.5 287
   vertex 160 144.5 287
   vertex 161 144 286.5
  endloop
 endfacet
 facet normal 0 -0.70710678118654746 0.70710678118654746
  outer loop
   vertex 162 144 286.5
   vertex 161 144.5 287
   vertex 161 144 286.5
  endloop
 endfacet
 facet normal 0 -0.70710678118654746 0.70710678118654746
  outer loop
   vertex 162 144.5 287
   vertex 161 144.5 287
   vertex 162 144 286.5
  endloop
 endfacet
 facet normal 0 -0.70710678118654746 0.70710678118654746
  outer loop
   vertex 163 144 286.5
   vertex 162 144.5 287
   vertex 162 144 286.5
  endloop
 endfacet
 facet normal 0 -0.70710678118654746 0.70710678118654746
  outer loop
   vertex 163 144.5 287
   vertex 162 144.5 287
   vertex 163 144 286.5
  endloop
 endfacet
 facet normal 0 -0.70710678118654746 0.70710678118654746
  outer loop
   vertex 164 144 286.5
   vertex 163 144.5 287
   vertex 163 144 286.5
  endloop
 endfacet
 facet normal 0 -0.70710678118654746 0.70710678118654746
  outer loop
   vertex 164 144.5 287
   vertex 163 144.5 287
   vertex 164 144 286.5
  endloop
 endfacet
 facet normal 0 -0.70710678118654746 0.70710678118654746
  outer loop
   vertex 165 144 286.5
   vertex 164 144.5 287
   vertex 164 144 286.5
  endloop
 endfacet
 facet normal 0 -0.70710678118654746 0.70710678118654746
  outer loop
   vertex 165 144.5 287
   vertex 164 144.5 287
   vertex 165 144 286.5
  endloop
 endfacet
 facet normal 0.57735026918962584 -0.57735026918962584 0.57735026918962584
  outer loop
   vertex 165 144.5 287
   vertex 166 145 286.5
   vertex 165.5 145 287
  endloop
 endfacet
 facet normal 0.57735026918962584 -0.57735026918962584 0.57735026918962584
  outer loop
   vertex 165 144.5 287
   vertex 165 144 286.5
   vertex 166 145 286.5
  endloop
 endfacet
 facet normal 0 -0 1
  outer loop
   vertex 165 144 286.5
   vertex 166 144 286.5
   vertex 166 145 286.5
  endloop
 endfacet
 facet normal 0.70710678118654746 0 0.70710678118654746
  outer loop
   vertex 166.5 144 286
   vertex 166.5 145 286
   vertex 166 145 286.5
  endloop
 endfacet
 facet normal 0.70710678118654746 0 0.70710678118654746
  outer loop
   vertex 166 144 286.5
   vertex 166.5 144 286
   vertex 166 145 286.5
  endloop
 endfacet
 facet normal -0.70710678118654746 0 0.70710678118654746
  outer loop
   vertex 158 145 286.5
   vertex 158 146 286.5
   vertex 157.5 146 286
  endloop
 endfacet
 facet normal -0.70710678118654746 0 0.70710678118654746
  outer loop
   vertex 157.5 145 286
   vertex 158 145 286.5
   vertex 157.5 146 286
  endloop
 endfacet
 facet normal -0.57735026918962584 -0.57735026918962584 0.57735026918962584
  outer loop
   vertex 158.5 146 287
   vertex 159 145 286.5
   vertex 159 145.5 287
  endloop
 endfacet
 facet normal -0.57735026918962584 -0.57735026918962584 0.57735026918962584
  outer loop
   vertex 158.5 146 287
   vertex 158 146 286.5
   vertex 159 145 286.5
  endloop
 endfacet
 facet normal 0 0 1
  outer loop
   vertex 158 146 286.5
   vertex 158 145 286.5
   vertex 159 145 286.5
  endloop
 endfacet
 facet normal -0.57735026918962584 -0.57735026918962584 0.57735026918962584
  outer loop
   vertex 159.5 145 287
   vertex 159 145.5 287
   vertex 159 145 286.5
  endloop
 endfacet
 facet normal 0.57735026918962584 -0.57735026918962584 0.57735026918962584
  outer loop
   vertex 166 145 286.5
   vertex 166 145.5 287
   vertex 165.5 145 287
  endloop
 endfacet
 facet normal 0.57735026918962584 -0.57735026918962584 0.57735026918962584
  outer loop
   vertex 166 145.5 287
   vertex 166 145 286.5
   vertex 166.5 145 286
  endloop
 endfacet
 facet normal 0.57735026918962584 -0.57735026918962584 0.57735026918962584
  outer loop
   vertex 166 145.5 287
   vertex 166.5 145 286
   vertex 166.5 146 287
  endloop
 endfacet
 facet normal 1 0 0
  outer loop
   vertex 166.5 146 287
   vertex 166.5 145 286
   vertex 166.5 146 286
  endloop
 endfacet
 facet normal -0.57735026918962584 -0.57735026918962584 0.57735026918962584
  outer loop
   vertex 157 146.5 286
   vertex 157 147 286.5
   vertex 156.5 147 286
  endloop
 endfacet
 facet normal -0.57735026918962584 -0.57735026918962584 0.57735026918962584
  outer loop
   vertex 157 146.5 286
   vertex 157.5 146 286
   vertex 158 146 286.5
  endloop
 endfacet
 facet normal -0.57735026918962584 -0.57735026918962584 0.57735026918962584
  outer loop
   vertex 157 146.5 286
   vertex 158 146 286.5
   vertex 157 147 286.5
  endloop
 endfacet
 facet normal 0 -0 1
  outer loop
   vertex 157 147 286.5
   vertex 158 146 286.5
   vertex 158 147 286.5
  endloop
 endfacet
 facet normal -0.70710678118654746 0 0.70710678118654746
  outer loop
   vertex 158.5 147 287
   vertex 158 146 286.5
   vertex 158.5 146 287
  endloop
 endfacet
 facet normal -0.70710678118654746 0 0.70710678118654746
  outer loop
   vertex 158 147 286.5
   vertex 158 146 286.5
   vertex 158.5 147 287
  endloop
 endfacet
 facet normal 0.57735026918962584 0.57735026918962584 0.57735026918962584
  outer loop
   vertex 166 147 286.5
   vertex 165.5 147 287
   vertex 166 146.5 287
  endloop
 endfacet
 facet normal 0.57735026918962584 0.57735026918962584 0.57735026918962584
  outer loop
   vertex 166 147 286.5
   vertex 166 146.5 287
   vertex 166.5 146 287
  endloop
 endfacet
 facet normal 0.57735026918962584 0.57735026918962584 0.57735026918962584
  outer loop
   vertex 166 147 286.5
   vertex 166.5 146 287
   vertex 166.5 147 286
  endloop
 endfacet
 facet normal 1 0 0
  outer loop
   vertex 166.5 147 286
   vertex 166.5 146 287
   vertex 166.5 146 286
  endloop
 endfacet
 facet normal -0.70710678118654746 0 0.70710678118654746
  outer loop
   vertex 157 147 286.5
   vertex 157 148 286.5
   vertex 156.5 148 286
  endloop
 endfacet
 facet normal -0.70710678118654746 0 0.70710678118654746
  outer loop
   vertex 156.5 147 286
   vertex 157 147 286.5
   vertex 156.5 148 286
  endloop
 endfacet
 facet normal 0 0 1
  outer loop
   vertex 158 147 286.5
   vertex 158 148 286.5
   vertex 157 147 286.5
  endloop
 endfacet
 facet normal -0 0 1
  outer loop
   vertex 158 148 286.5
   vertex 157 148 286.5
   vertex 157 147 286.5
  endloop
 endfacet
 facet normal -0.70710678118654746 0 0.70710678118654746
  outer loop
   vertex 158.5 148 287
   vertex 158 147 286.5
   vertex 158.5 147 287
  endloop
 endfacet
 facet normal -0.70710678118654746 0 0.70710678118654746
  outer loop
   vertex 158 148 286.5
   vertex 158 147 286.5
   vertex 158.5 148 287
  endloop
 endfacet
 facet normal 0.57735026918962584 0.57735026918962584 0.57735026918962584
  outer loop
   vertex 166 147.5 286
   vertex 165.5 147 287
   vertex 166 147 286.5
  endloop
 endfacet
 facet normal 0.57735026918962584 0.57735026918962584 0.57735026918962584
  outer loop
   vertex 166 147.5 286
   vertex 165.5 148 286
   vertex 165.5 147 287
  endloop
 endfacet
 facet normal 1 0 0
  outer loop
   vertex 165.5 148 286
   vertex 165.5 148 287
   vertex 165.5 147 287
  endloop
 endfacet
 facet normal 0.57735026918962584 0.57735026918962584 0.57735026918962584
  outer loop
   vertex 166.5 147 286
   vertex 166 147.5 286
   vertex 166 147 286.5
  endloop
 endfacet
 facet normal -0.70710678118654746 0 0.70710678118654746
  outer loop
   vertex 157 148 286.5
   vertex 157 149 286.5
   vertex 156.5 149 286
  endloop
 endfacet
 facet normal -0.70710678118654746 0 0.70710678118654746
  outer loop
   vertex 156.5 148 286
   vertex 157 148 286.5
   vertex 156.5 149 286
  endloop
 endfacet
 facet normal -0.57735026918962584 -0.57735026918962584 0.57735026918962584
  outer loop
   vertex 157.5 149 287
   vertex 158 148 286.5
   vertex 158 148.5 287
  endloop
 endfacet
 facet normal -0.57735026918962584 -0.57735026918962584 0.57735026918962584
  outer loop
   vertex 157.5 149 287
   vertex 157 149 286.5
   vertex 158 148 286.5
  endloop
 endfacet
 facet normal 0 0 1
  outer loop
   vertex 157 149 286.5
   vertex 157 148 286.5
   vertex 158 148 286.5
  endloop
 endfacet
 facet normal -0.57735026918962584 -0.57735026918962584 0.57735026918962584
  outer loop
   vertex 158.5 148 287
   vertex 158 148.5 287
   vertex 158 148 286.5
  endloop
 endfacet
 facet normal 0.70710678118654746 0.70710678118654746 0
  outer loop
   vertex 165 148.5 286
   vertex 164.5 149 287
   vertex 165 148.5 287
  endloop
 endfacet
 facet normal 0.70710678118654746 0.70710678118654746 0
  outer loop
   vertex 164.5 149 286
   vertex 164.5 149 287
   vertex 165 148.5 286
  endloop
 endfacet
 facet normal 0.70710678118654746 0.70710678118654746 -0
  outer loop
   vertex 165.5 148 287
   vertex 165.5 148 286
   vertex 165 148.5 286
  endloop
 endfacet
 facet normal 0.70710678118654746 0.70710678118654746 0
  outer loop
   vertex 165 148.5 287
   vertex 165.5 148 287
   vertex 165 148.5 286
  endloop
 endfacet
 facet normal -0.70710678118654746 0 0.70710678118654746
  outer loop
   vertex 157 149 286.5
   vertex 157 150 286.5
   vertex 156.5 150 286
  endloop
 endfacet
 facet normal -0.70710678118654746 0 0.70710678118654746
  outer loop
   vertex 156.5 149 286
   vertex 157 149 286.5
   vertex 156.5 150 286
  endloop
 endfacet
 facet normal -0.70710678118654746 0 0.70710678118654746
  outer loop
   vertex 157.5 150 287
   vertex 157 149 286.5
   vertex 157.5 149 287
  endloop
 endfacet
 facet normal -0.70710678118654746 0 0.70710678118654746
  outer loop
   vertex 157 150 286.5
   vertex 157 149 286.5
   vertex 157.5 150 287
  endloop
 endfacet
 facet normal 0.57735026918962584 0.57735026918962584 0.57735026918962584
  outer loop
   vertex 164 150 286.5
   vertex 163.5 150 287
   vertex 164 149.5 287
  endloop
 endfacet
 facet normal 0.57735026918962584 0.57735026918962584 0.57735026918962584
  outer loop
   vertex 164 150 286.5
   vertex 164 149.5 287
   vertex 164.5 149 287
  endloop
 endfacet
 facet normal 0.57735026918962584 0.57735026918962584 0.57735026918962584
  outer loop
   vertex 164 150 286.5
   vertex 164.5 149 287
   vertex 164.5 150 286
  endloop
 endfacet
 facet normal 1 0 0
  outer loop
   vertex 164.5 150 286
   vertex 164.5 149 287
   vertex 164.5 149 286
  endloop
 endfacet
 facet normal -0.70710678118654746 0 0.70710678118654746
  outer loop
   vertex 157 150 286.5
   vertex 157 151 286.5
   vertex 156.5 151 286
  endloop
 endfacet
 facet normal -0.70710678118654746 0 0.70710678118654746
  outer loop
   vertex 156.5 150 286
   vertex 157 150 286.5
   vertex 156.5 151 286
  endloop
 endfacet
 facet normal -0.57735026918962584 0.57735026918962584 0.57735026918962584
  outer loop
   vertex 158 150.5 287
   vertex 157 150 286.5
   vertex 157.5 150 287
  endloop
 endfacet
 facet normal -0.57735026918962584 0.57735026918962584 0.57735026918962584
  outer loop
   vertex 158 150.5 287
   vertex 158 151 286.5
   vertex 157 150 286.5
  endloop
 endfacet
 facet normal -0 0 1
  outer loop
   vertex 158 151 286.5
   vertex 157 151 286.5
   vertex 157 150 286.5
  endloop
 endfacet
 facet normal -0.57735026918962584 0.57735026918962584 0.57735026918962584
  outer loop
   vertex 158 150.5 287
   vertex 158.5 151 287
   vertex 158 151 286.5
  endloop
 endfacet
 facet normal 0.57735026918962584 0.57735026918962584 0.57735026918962584
  outer loop
   vertex 164 150.5 286
   vertex 163.5 150 287
   vertex 164 150 286.5
  endloop
 endfacet
 facet normal 0.57735026918962584 0.57735026918962584 0.57735026918962584
  outer loop
   vertex 164 150.5 286
   vertex 163.5 151 286
   vertex 163.5 150 287
  endloop
 endfacet
 facet normal 1 0 0
  outer loop
   vertex 163.5 151 286
   vertex 163.5 151 287
   vertex 163.5 150 287
  endloop
 endfacet
 facet normal 0.57735026918962584 0.57735026918962584 0.57735026918962584
  outer loop
   vertex 164.5 150 286
   vertex 164 150.5 286
   vertex 164 150 286.5
  endloop
 endfacet
 facet normal -0.57735026918962584 0.57735026918962584 0.57735026918962584
  outer loop
   vertex 156.5 151 286
   vertex 157 151 286.5
   vertex 157 151.5 286
  endloop
 endfacet
 facet normal -0.57735026918962584 0.57735026918962584 0.57735026918962584
  outer loop
   vertex 157.5 152 286
   vertex 157 151.5 286
   vertex 157 151 286.5
  endloop
 endfacet
 facet normal -0.57735026918962584 0.57735026918962584 0.57735026918962584
  outer loop
   vertex 157.5 152 286
   vertex 157 151 286.5
   vertex 158 152 286.5
  endloop
 endfacet
 facet normal 0 0 1
  outer loop
   vertex 158 152 286.5
   vertex 157 151 286.5
   vertex 158 151 286.5
  endloop
 endfacet
 facet normal -0.70710678118654746 0 0.70710678118654746
  outer loop
   vertex 158.5 152 287
   vertex 158 151 286.5
   vertex 158.5 151 287
  endloop
 endfacet
 facet normal -0.70710678118654746 0 0.70710678118654746
  outer loop
   vertex 158 152 286.5
   vertex 158 151 286.5
   vertex 158.5 152 287
  endloop
 endfacet
 facet normal 0.70710678118654746 0.70710678118654746 0
  outer loop
   vertex 163 151.5 286
   vertex 162.5 152 287
   vertex 163 151.5 287
  endloop
 endfacet
 facet normal 0.70710678118654746 0.70710678118654746 0
  outer loop
   vertex 162.5 152 286
   vertex 162.5 152 287
   vertex 163 151.5 286
  endloop
 endfacet
 facet normal 0.70710678118654746 0.70710678118654746 -0
  outer loop
   vertex 163.5 151 287
   vertex 163.5 151 286
   vertex 163 151.5 286
  endloop
 endfacet
 facet normal 0.70710678118654746 0.70710678118654746 0
  outer loop
   vertex 163 151.5 287
   vertex 163.5 151 287
   vertex 163 151.5 286
  endloop
 endfacet
 facet normal -0.57735026918962584 0.57735026918962584 0.57735026918962584
  outer loop
   vertex 157.5 152 286
   vertex 158 152 286.5
   vertex 158 152.5 286
  endloop
 endfacet
 facet normal -0.57735026918962584 0.57735026918962584 0.57735026918962584
  outer loop
   vertex 158 152 286.5
   vertex 158.5 153 286
   vertex 158 152.5 286
  endloop
 endfacet
 facet normal -0.57735026918962584 0.57735026918962584 0.57735026918962584
  outer loop
   vertex 158 152 286.5
   vertex 158.5 152 287
   vertex 158.5 153 286
  endloop
 endfacet
 facet normal -1 -0 -0
  outer loop
   vertex 158.5 152 287
   vertex 158.5 153 287
   vertex 158.5 153 286
  endloop
 endfacet
 facet normal 0.70710678118654746 0.70710678118654746 0
  outer loop
   vertex 162 152.5 286
   vertex 161.5 153 287
   vertex 162 152.5 287
  endloop
 endfacet
 facet normal 0.70710678118654746 0.70710678118654746 0
  outer loop
   vertex 161.5 153 286
   vertex 161.5 153 287
   vertex 162 152.5 286
  endloop
 endfacet
 facet normal 0.70710678118654746 0.70710678118654746 -0
  outer loop
   vertex 162.5 152 287
   vertex 162.5 152 286
   vertex 162 152.5 286
  endloop
 endfacet
 facet normal 0.70710678118654746 0.70710678118654746 0
  outer loop
   vertex 162 152.5 287
   vertex 162.5 152 287
   vertex 162 152.5 286
  endloop
 endfacet
 facet normal -1 0 0
  outer loop
   vertex 158.5 153 286
   vertex 158.5 153 287
   vertex 158.5 154 286
  endloop
 endfacet
 facet normal -1 -0 -0
  outer loop
   vertex 158.5 153 287
   vertex 158.5 154 287
   vertex 158.5 154 286
  endloop
 endfacet
 facet normal 0.57735026918962584 0.57735026918962584 0.57735026918962584
  outer loop
   vertex 161 154 286.5
   vertex 160.5 154 287
   vertex 161 153.5 287
  endloop
 endfacet
 facet normal 0.57735026918962584 0.57735026918962584 0.57735026918962584
  outer loop
   vertex 161 154 286.5
   vertex 161 153.5 287
   vertex 161.5 153 287
  endloop
 endfacet
 facet normal 0.57735026918962584 0.57735026918962584 0.57735026918962584
  outer loop
   vertex 161 154 286.5
   vertex 161.5 153 287
   vertex 161.5 154 286
  endloop
 endfacet
 facet normal 1 0 0
  outer loop
   vertex 161.5 154 286
   vertex 161.5 153 287
   vertex 161.5 153 286
  endloop
 endfacet
 facet normal -0.70710678118654746 0.70710678118654746 0
  outer loop
   vertex 158.5 154 286
   vertex 158.5 154 287
   vertex 159 154.5 287
  endloop
 endfacet
 facet normal -0.70710678118654746 0.70710678118654746 0
  outer loop
   vertex 159 154.5 286
   vertex 158.5 154 286
   vertex 159 154.5 287
  endloop
 endfacet
 facet normal 0 1 0
  outer loop
   vertex 160 154.5 286
   vertex 159 154.5 286
   vertex 160 154.5 287
  endloop
 endfacet
 facet normal -0 1 0
  outer loop
   vertex 159 154.5 286
   vertex 159 154.5 287
   vertex 160 154.5 287
  endloop
 endfacet
 facet normal 0.57735026918962584 0.57735026918962584 0.57735026918962584
  outer loop
   vertex 160.5 154 287
   vertex 161 154 286.5
   vertex 161 154.5 286
  endloop
 endfacet
 facet normal 0.57735026918962584 0.57735026918962584 0.57735026918962584
  outer loop
   vertex 160.5 154 287
   vertex 161 154.5 286
   vertex 160 154.5 287
  endloop
 endfacet
 facet normal 0 1 0
  outer loop
   vertex 160 154.5 287
   vertex 161 154.5 286
   vertex 160 154.5 286
  endloop
 endfacet
 facet normal 0.57735026918962584 0.57735026918962584 0.57735026918962584
  outer loop
   vertex 161.5 154 286
   vertex 161 154.5 286
   vertex 161 154 286.5
  endloop
 endfacet
 facet normal -0.57735026918962584 -0.57735026918962584 0.57735026918962584
  outer loop
   vertex 160 144.5 287
   vertex 160 145 287.5
   vertex 159.5 145 287
  endloop
 endfacet
 facet normal 0 -0.70710678118654746 0.70710678118654746
  outer loop
   vertex 160 144.5 287
   vertex 161 144.5 287
   vertex 161 145 287.5
  endloop
 endfacet
 facet normal 0 -0.70710678118654746 0.70710678118654746
  outer loop
   vertex 160 145 287.5
   vertex 160 144.5 287
   vertex 161 145 287.5
  endloop
 endfacet
 facet normal 0 -0.70710678118654746 0.70710678118654746
  outer loop
   vertex 161 144.5 287
   vertex 162 144.5 287
   vertex 162 145 287.5
  endloop
 endfacet
 facet normal 0 -0.70710678118654746 0.70710678118654746
  outer loop
   vertex 161 145 287.5
   vertex 161 144.5 287
   vertex 162 145 287.5
  endloop
 endfacet
 facet normal 0 -0.70710678118654746 0.70710678118654746
  outer loop
   vertex 162 144.5 287
   vertex 163 144.5 287
   vertex 163 145 287.5
  endloop
 endfacet
 facet normal 0 -0.70710678118654746 0.70710678118654746
  outer loop
   vertex 162 145 287.5
   vertex 162 144.5 287
   vertex 163 145 287.5
  endloop
 endfacet
 facet normal 0 -0.70710678118654746 0.70710678118654746
  outer loop
   vertex 163 144.5 287
   vertex 164 144.5 287
   vertex 164 145 287.5
  endloop
 endfacet
 facet normal 0 -0.70710678118654746 0.70710678118654746
  outer loop
   vertex 163 145 287.5
   vertex 163 144.5 287
   vertex 164 145 287.5
  endloop
 endfacet
 facet normal 0 -0.70710678118654746 0.70710678118654746
  outer loop
   vertex 164 144.5 287
   vertex 165 144.5 287
   vertex 165 145 287.5
  endloop
 endfacet
 facet normal 0 -0.70710678118654746 0.70710678118654746
  outer loop
   vertex 164 145 287.5
   vertex 164 144.5 287
   vertex 165 145 287.5
  endloop
 endfacet
 facet normal 0.57735026918962584 -0.57735026918962584 0.57735026918962584
  outer loop
   vertex 165 144.5 287
   vertex 165.5 145 287
   vertex 165 145 287.5
  endloop
 endfacet
 facet normal -0.57735026918962584 -0.57735026918962584 0.57735026918962584
  outer loop
   vertex 159 145.5 287
   vertex 159 146 287.5
   vertex 158.5 146 287
  endloop
 endfacet
 facet normal -0.57735026918962584 -0.57735026918962584 0.57735026918962584
  outer loop
   vertex 159 145.5 287
   vertex 159.5 145 287
   vertex 160 145 287.5
  endloop
 endfacet
 facet normal -0.57735026918962584 -0.57735026918962584 0.57735026918962584
  outer loop
   vertex 159 145.5 287
   vertex 160 145 287.5
   vertex 159 146 287.5
  endloop
 endfacet
 facet normal 0 -0 1
  outer loop
   vertex 159 146 287.5
   vertex 160 145 287.5
   vertex 160 146 287.5
  endloop
 endfacet
 facet normal 0 0 1
  outer loop
   vertex 161 145 287.5
   vertex 161 146 287.5
   vertex 160 145 287.5
  endloop
 endfacet
 facet normal -0 0 1
  outer loop
   vertex 161 146 287.5
   vertex 160 146 287.5
   vertex 160 145 287.5
  endloop
 endfacet
 facet normal 0 0 1
  outer loop
   vertex 162 145 287.5
   vertex 162 146 287.5
   vertex 161 145 287.5
  endloop
 endfacet
 facet normal -0 0 1
  outer loop
   vertex 162 146 287.5
   vertex 161 146 287.5
   vertex 161 145 287.5
  endloop
 endfacet
 facet normal 0 0 1
  outer loop
   vertex 163 145 287.5
   vertex 163 146 287.5
   vertex 162 145 287.5
  endloop
 endfacet
 facet normal -0 0 1
  outer loop
   vertex 163 146 287.5
   vertex 162 146 287.5
   vertex 162 145 287.5
  endloop
 endfacet
 facet normal -0.57735026918962584 -0.57735026918962584 0.57735026918962584
  outer loop
   vertex 163.5 146 288
   vertex 164 145 287.5
   vertex 164 145.5 288
  endloop
 endfacet
 facet normal -0.57735026918962584 -0.57735026918962584 0.57735026918962584
  outer loop
   vertex 163.5 146 288
   vertex 163 146 287.5
   vertex 164 145 287.5
  endloop
 endfacet
 facet normal 0 0 1
  outer loop
   vertex 163 146 287.5
   vertex 163 145 287.5
   vertex 164 145 287.5
  endloop
 endfacet
 facet normal 0 -0.70710678118654746 0.70710678118654746
  outer loop
   vertex 165 145 287.5
   vertex 164 145.5 288
   vertex 164 145 287.5
  endloop
 endfacet
 facet normal 0 -0.70710678118654746 0.70710678118654746
  outer loop
   vertex 165 145.5 288
   vertex 164 145.5 288
   vertex 165 145 287.5
  endloop
 endfacet
 facet normal 0.57735026918962584 -0.57735026918962584 0.57735026918962584
  outer loop
   vertex 166 146 287.5
   vertex 165.5 146 288
   vertex 165 145.5 288
  endloop
 endfacet
 facet normal 0.57735026918962584 -0.57735026918962584 0.57735026918962584
  outer loop
   vertex 166 145.5 287
   vertex 166 146 287.5
   vertex 165 145.5 288
  endloop
 endfacet
 facet normal 0.57735026918962584 -0.57735026918962584 0.57735026918962584
  outer loop
   vertex 166 145.5 287
   vertex 165 145.5 288
   vertex 165 145 287.5
  endloop
 endfacet
 facet normal 0.57735026918962584 -0.57735026918962584 0.57735026918962584
  outer loop
   vertex 166 145.5 287
   vertex 165 145 287.5
   vertex 165.5 145 287
  endloop
 endfacet
 facet normal 0.57735026918962584 -0.57735026918962584 0.57735026918962584
  outer loop
   vertex 166 145.5 287
   vertex 166.5 146 287
   vertex 166 146 287.5
  endloop
 endfacet
 facet normal -0.70710678118654746 0 0.70710678118654746
  outer loop
   vertex 159 146 287.5
   vertex 159 147 287.5
   vertex 158.5 147 287
  endloop
 endfacet
 facet normal -0.70710678118654746 0 0.70710678118654746
  outer loop
   vertex 158.5 146 287
   vertex 159 146 287.5
   vertex 158.5 147 287
  endloop
 endfacet
 facet normal 0 0 1
  outer loop
   vertex 160 146 287.5
   vertex 160 147 287.5
   vertex 159 146 287.5
  endloop
 endfacet
 facet normal -0 0 1
  outer loop
   vertex 160 147 287.5
   vertex 159 147 287.5
   vertex 159 146 287.5
  endloop
 endfacet
 facet normal 0 0 1
  outer loop
   vertex 161 146 287.5
   vertex 161 147 287.5
   vertex 160 146 287.5
  endloop
 endfacet
 facet normal -0 0 1
  outer loop
   vertex 161 147 287.5
   vertex 160 147 287.5
   vertex 160 146 287.5
  endloop
 endfacet
 facet normal -0.57735026918962584 -0.57735026918962584 0.57735026918962584
  outer loop
   vertex 161.5 147 288
   vertex 162 146 287.5
   vertex 162 146.5 288
  endloop
 endfacet
 facet normal -0.57735026918962584 -0.57735026918962584 0.57735026918962584
  outer loop
   vertex 161.5 147 288
   vertex 161 147 287.5
   vertex 162 146 287.5
  endloop
 endfacet
 facet normal 0 0 1
  outer loop
   vertex 161 147 287.5
   vertex 161 146 287.5
   vertex 162 146 287.5
  endloop
 endfacet
 facet normal 0 -0.70710678118654746 0.70710678118654746
  outer loop
   vertex 163 146 287.5
   vertex 162 146.5 288
   vertex 162 146 287.5
  endloop
 endfacet
 facet normal 0 -0.70710678118654746 0.70710678118654746
  outer loop
   vertex 163 146.5 288
   vertex 162 146.5 288
   vertex 163 146 287.5
  endloop
 endfacet
 facet normal -0.57735026918962584 -0.57735026918962584 0.57735026918962584
  outer loop
   vertex 163.5 146 288
   vertex 163 146.5 288
   vertex 163 146 287.5
  endloop
 endfacet
 facet normal 0.57735026918962584 0.57735026918962584 0.57735026918962584
  outer loop
   vertex 166 146.5 287
   vertex 165.5 146 288
   vertex 166 146 287.5
  endloop
 endfacet
 facet normal 0.57735026918962584 0.57735026918962584 0.57735026918962584
  outer loop
   vertex 166 146.5 287
   vertex 165.5 147 287
   vertex 165.5 146 288
  endloop
 endfacet
 facet normal 1 0 0
  outer loop
   vertex 165.5 147 287
   vertex 165.5 147 288
   vertex 165.5 146 288
  endloop
 endfacet
 facet normal 0.57735026918962584 0.57735026918962584 0.57735026918962584
  outer loop
   vertex 166.5 146 287
   vertex 166 146.5 287
   vertex 166 146 287.5
  endloop
 endfacet
 facet normal -0.70710678118654746 0 0.70710678118654746
  outer loop
   vertex 159 147 287.5
   vertex 159 148 287.5
   vertex 158.5 148 287
  endloop
 endfacet
 facet normal -0.70710678118654746 0 0.70710678118654746
  outer loop
   vertex 158.5 147 287
   vertex 159 147 287.5
   vertex 158.5 148 287
  endloop
 endfacet
 facet normal 0 0 1
  outer loop
   vertex 160 147 287.5
   vertex 160 148 287.5
   vertex 159 147 287.5
  endloop
 endfacet
 facet normal -0 0 1
  outer loop
   vertex 160 148 287.5
   vertex 159 148 287.5
   vertex 159 147 287.5
  endloop
 endfacet
 facet normal -0.57735026918962584 -0.57735026918962584 0.57735026918962584
  outer loop
   vertex 160.5 148 288
   vertex 161 147 287.5
   vertex 161 147.5 288
  endloop
 endfacet
 facet normal -0.57735026918962584 -0.57735026918962584 0.57735026918962584
  outer loop
   vertex 160.5 148 288
   vertex 160 148 287.5
   vertex 161 147 287.5
  endloop
 endfacet
 facet normal 0 0 1
  outer loop
   vertex 160 148 287.5
   vertex 160 147 287.5
   vertex 161 147 287.5
  endloop
 endfacet
 facet normal -0.57735026918962584 -0.57735026918962584 0.57735026918962584
  outer loop
   vertex 161.5 147 288
   vertex 161 147.5 288
   vertex 161 147 287.5
  endloop
 endfacet
 facet normal 0.57735026918962584 0.57735026918962584 0.57735026918962584
  outer loop
   vertex 165 148 287.5
   vertex 164.5 148 288
   vertex 165 147.5 288
  endloop
 endfacet
 facet normal 0.57735026918962584 0.57735026918962584 0.57735026918962584
  outer loop
   vertex 165 148 287.5
   vertex 165 147.5 288
   vertex 165.5 147 288
  endloop
 endfacet
 facet normal 0.57735026918962584 0.57735026918962584 0.57735026918962584
  outer loop
   vertex 165 148 287.5
   vertex 165.5 147 288
   vertex 165.5 148 287
  endloop
 endfacet
 facet normal 1 0 0
  outer loop
   vertex 165.5 148 287
   vertex 165.5 147 288
   vertex 165.5 147 287
  endloop
 endfacet
 facet normal -0.57735026918962584 -0.57735026918962584 0.57735026918962584
  outer loop
   vertex 158 148.5 287
   vertex 158 149 287.5
   vertex 157.5 149 287
  endloop
 endfacet
 facet normal -0.57735026918962584 -0.57735026918962584 0.57735026918962584
  outer loop
   vertex 158 148.5 287
   vertex 158.5 148 287
   vertex 159 148 287.5
  endloop
 endfacet
 facet normal -0.57735026918962584 -0.57735026918962584 0.57735026918962584
  outer loop
   vertex 158 148.5 287
   vertex 159 148 287.5
   vertex 158 149 287.5
  endloop
 endfacet
 facet normal 0 -0 1
  outer loop
   vertex 158 149 287.5
   vertex 159 148 287.5
   vertex 159 149 287.5
  endloop
 endfacet
 facet normal 0 0 1
  outer loop
   vertex 160 148 287.5
   vertex 160 149 287.5
   vertex 159 148 287.5
  endloop
 endfacet
 facet normal -0 0 1
  outer loop
   vertex 160 149 287.5
   vertex 159 149 287.5
   vertex 159 148 287.5
  endloop
 endfacet
 facet normal -0.70710678118654746 0 0.70710678118654746
  outer loop
   vertex 160.5 149 288
   vertex 160 148 287.5
   vertex 160.5 148 288
  endloop
 endfacet
 facet normal -0.70710678118654746 0 0.70710678118654746
  outer loop
   vertex 160 149 287.5
   vertex 160 148 287.5
   vertex 160.5 149 288
  endloop
 endfacet
 facet normal 0.57735026918962584 0.57735026918962584 0.57735026918962584
  outer loop
   vertex 164 149 287.5
   vertex 163.5 149 288
   vertex 164 148.5 288
  endloop
 endfacet
 facet normal 0.57735026918962584 0.57735026918962584 0.57735026918962584
  outer loop
   vertex 164.5 148 288
   vertex 164 149 287.5
   vertex 164 148.5 288
  endloop
 endfacet
 facet normal 0.57735026918962584 0.57735026918962584 0.57735026918962584
  outer loop
   vertex 165 148 287.5
   vertex 164 149 287.5
   vertex 164.5 148 288
  endloop
 endfacet
 facet normal 0.57735026918962584 0.57735026918962584 0.57735026918962584
  outer loop
   vertex 165 148 287.5
   vertex 164.5 149 287
   vertex 164 149 287.5
  endloop
 endfacet
 facet normal 0.57735026918962584 0.57735026918962584 0.57735026918962584
  outer loop
   vertex 165 148 287.5
   vertex 165 148.5 287
   vertex 164.5 149 287
  endloop
 endfacet
 facet normal 0.57735026918962584 0.57735026918962584 0.57735026918962584
  outer loop
   vertex 165.5 148 287
   vertex 165 148.5 287
   vertex 165 148 287.5
  endloop
 endfacet
 facet normal -0.70710678118654746 0 0.70710678118654746
  outer loop
   vertex 158 149 287.5
   vertex 158 150 287.5
   vertex 157.5 150 287
  endloop
 endfacet
 facet normal -0.70710678118654746 0 0.70710678118654746
  outer loop
   vertex 157.5 149 287
   vertex 158 149 287.5
   vertex 157.5 150 287
  endloop
 endfacet
 facet normal 0 0 1
  outer loop
   vertex 159 149 287.5
   vertex 159 150 287.5
   vertex 158 149 287.5
  endloop
 endfacet
 facet normal -0 0 1
  outer loop
   vertex 159 150 287.5
   vertex 158 150 287.5
   vertex 158 149 287.5
  endloop
 endfacet
 facet normal -0.57735026918962584 -0.57735026918962584 0.57735026918962584
  outer loop
   vertex 159.5 150 288
   vertex 160 149 287.5
   vertex 160 149.5 288
  endloop
 endfacet
 facet normal -0.57735026918962584 -0.57735026918962584 0.57735026918962584
  outer loop
   vertex 159.5 150 288
   vertex 159 150 287.5
   vertex 160 149 287.5
  endloop
 endfacet
 facet normal 0 0 1
  outer loop
   vertex 159 150 287.5
   vertex 159 149 287.5
   vertex 160 149 287.5
  endloop
 endfacet
 facet normal -0.57735026918962584 -0.57735026918962584 0.57735026918962584
  outer loop
   vertex 160.5 149 288
   vertex 160 149.5 288
   vertex 160 149 287.5
  endloop
 endfacet
 facet normal 0.57735026918962584 0.57735026918962584 0.57735026918962584
  outer loop
   vertex 164 149.5 287
   vertex 163.5 149 288
   vertex 164 149 287.5
  endloop
 endfacet
 facet normal 0.57735026918962584 0.57735026918962584 0.57735026918962584
  outer loop
   vertex 164 149.5 287
   vertex 163.5 150 287
   vertex 163.5 149 288
  endloop
 endfacet
 facet normal 1 0 0
  outer loop
   vertex 163.5 150 287
   vertex 163.5 150 288
   vertex 163.5 149 288
  endloop
 endfacet
 facet normal 0.57735026918962584 0.57735026918962584 0.57735026918962584
  outer loop
   vertex 164.5 149 287
   vertex 164 149.5 287
   vertex 164 149 287.5
  endloop
 endfacet
 facet normal -0.57735026918962584 0.57735026918962584 0.57735026918962584
  outer loop
   vertex 157.5 150 287
   vertex 158 150 287.5
   vertex 158 150.5 287
  endloop
 endfacet
 facet normal -0.57735026918962584 0.57735026918962584 0.57735026918962584
  outer loop
   vertex 158.5 151 287
   vertex 158 150.5 287
   vertex 158 150 287.5
  endloop
 endfacet
 facet normal -0.57735026918962584 0.57735026918962584 0.57735026918962584
  outer loop
   vertex 158.5 151 287
   vertex 158 150 287.5
   vertex 159 151 287.5
  endloop
 endfacet
 facet normal 0 0 1
  outer loop
   vertex 159 151 287.5
   vertex 158 150 287.5
   vertex 159 150 287.5
  endloop
 endfacet
 facet normal -0.70710678118654746 0 0.70710678118654746
  outer loop
   vertex 159.5 151 288
   vertex 159 150 287.5
   vertex 159.5 150 288
  endloop
 endfacet
 facet normal -0.70710678118654746 0 0.70710678118654746
  outer loop
   vertex 159 151 287.5
   vertex 159 150 287.5
   vertex 159.5 151 288
  endloop
 endfacet
 facet normal 0.57735026918962584 0.57735026918962584 0.57735026918962584
  outer loop
   vertex 163 151 287.5
   vertex 162.5 151 288
   vertex 163 150.5 288
  endloop
 endfacet
 facet normal 0.57735026918962584 0.57735026918962584 0.57735026918962584
  outer loop
   vertex 163 151 287.5
   vertex 163 150.5 288
   vertex 163.5 150 288
  endloop
 endfacet
 facet normal 0.57735026918962584 0.57735026918962584 0.57735026918962584
  outer loop
   vertex 163 151 287.5
   vertex 163.5 150 288
   vertex 163.5 151 287
  endloop
 endfacet
 facet normal 1 0 0
  outer loop
   vertex 163.5 151 287
   vertex 163.5 150 288
   vertex 163.5 150 287
  endloop
 endfacet
 facet normal -0.70710678118654746 0 0.70710678118654746
  outer loop
   vertex 159 151 287.5
   vertex 159 152 287.5
   vertex 158.5 152 287
  endloop
 endfacet
 facet normal -0.70710678118654746 0 0.70710678118654746
  outer loop
   vertex 158.5 151 287
   vertex 159 151 287.5
   vertex 158.5 152 287
  endloop
 endfacet
 facet normal -0.70710678118654746 0 0.70710678118654746
  outer loop
   vertex 159.5 152 288
   vertex 159 151 287.5
   vertex 159.5 151 288
  endloop
 endfacet
 facet normal -0.70710678118654746 0 0.70710678118654746
  outer loop
   vertex 159 152 287.5
   vertex 159 151 287.5
   vertex 159.5 152 288
  endloop
 endfacet
 facet normal 0.57735026918962584 0.57735026918962584 0.57735026918962584
  outer loop
   vertex 162 152 287.5
   vertex 161.5 152 288
   vertex 162 151.5 288
  endloop
 endfacet
 facet normal 0.57735026918962584 0.57735026918962584 0.57735026918962584
  outer loop
   vertex 162.5 151 288
   vertex 162 152 287.5
   vertex 162 151.5 288
  endloop
 endfacet
 facet normal 0.57735026918962584 0.57735026918962584 0.57735026918962584
  outer loop
   vertex 163 151 287.5
   vertex 162 152 287.5
   vertex 162.5 151 288
  endloop
 endfacet
 facet normal 0.57735026918962584 0.57735026918962584 0.57735026918962584
  outer loop
   vertex 163 151 287.5
   vertex 162.5 152 287
   vertex 162 152 287.5
  endloop
 endfacet
 facet normal 0.57735026918962584 0.57735026918962584 0.57735026918962584
  outer loop
   vertex 163 151 287.5
   vertex 163 151.5 287
   vertex 162.5 152 287
  endloop
 endfacet
 facet normal 0.57735026918962584 0.57735026918962584 0.57735026918962584
  outer loop
   vertex 163.5 151 287
   vertex 163 151.5 287
   vertex 163 151 287.5
  endloop
 endfacet
 facet normal -0.70710678118654746 0 0.70710678118654746
  outer loop
   vertex 159 152 287.5
   vertex 159 153 287.5
   vertex 158.5 153 287
  endloop
 endfacet
 facet normal -0.70710678118654746 0 0.70710678118654746
  outer loop
   vertex 158.5 152 287
   vertex 159 152 287.5
   vertex 158.5 153 287
  endloop
 endfacet
 facet normal -0.57735026918962584 0.57735026918962584 0.57735026918962584
  outer loop
   vertex 160 152.5 288
   vertex 159 152 287.5
   vertex 159.5 152 288
  endloop
 endfacet
 facet normal -0.57735026918962584 0.57735026918962584 0.57735026918962584
  outer loop
   vertex 160 152.5 288
   vertex 160 153 287.5
   vertex 159 152 287.5
  endloop
 endfacet
 facet normal -0 0 1
  outer loop
   vertex 160 153 287.5
   vertex 159 153 287.5
   vertex 159 152 287.5
  endloop
 endfacet
 facet normal 0 0.70710678118654746 0.70710678118654746
  outer loop
   vertex 160 153 287.5
   vertex 161 152.5 288
   vertex 161 153 287.5
  endloop
 endfacet
 facet normal 0 0.70710678118654746 0.70710678118654746
  outer loop
   vertex 160 152.5 288
   vertex 161 152.5 288
   vertex 160 153 287.5
  endloop
 endfacet
 facet normal 0.57735026918962584 0.57735026918962584 0.57735026918962584
  outer loop
   vertex 161.5 152 288
   vertex 161 153 287.5
   vertex 161 152.5 288
  endloop
 endfacet
 facet normal 0.57735026918962584 0.57735026918962584 0.57735026918962584
  outer loop
   vertex 162 152 287.5
   vertex 161 153 287.5
   vertex 161.5 152 288
  endloop
 endfacet
 facet normal 0.57735026918962584 0.57735026918962584 0.57735026918962584
  outer loop
   vertex 162 152 287.5
   vertex 161.5 153 287
   vertex 161 153 287.5
  endloop
 endfacet
 facet normal 0.57735026918962584 0.57735026918962584 0.57735026918962584
  outer loop
   vertex 162 152 287.5
   vertex 162 152.5 287
   vertex 161.5 153 287
  endloop
 endfacet
 facet normal 0.57735026918962584 0.57735026918962584 0.57735026918962584
  outer loop
   vertex 162.5 152 287
   vertex 162 152.5 287
   vertex 162 152 287.5
  endloop
 endfacet
 facet normal -0.70710678118654746 0 0.70710678118654746
  outer loop
   vertex 159 153 287.5
   vertex 159 154 287.5
   vertex 158.5 154 287
  endloop
 endfacet
 facet normal -0.70710678118654746 0 0.70710678118654746
  outer loop
   vertex 158.5 153 287
   vertex 159 153 287.5
   vertex 158.5 154 287
  endloop
 endfacet
 facet normal 0 0 1
  outer loop
   vertex 160 153 287.5
   vertex 160 154 287.5
   vertex 159 153 287.5
  endloop
 endfacet
 facet normal -0 0 1
  outer loop
   vertex 160 154 287.5
   vertex 159 154 287.5
   vertex 159 153 287.5
  endloop
 endfacet
 facet normal 0.57735026918962584 0.57735026918962584 0.57735026918962584
  outer loop
   vertex 161 153.5 287
   vertex 160.5 154 287
   vertex 160 154 287.5
  endloop
 endfacet
 facet normal 0.57735026918962584 0.57735026918962584 0.57735026918962584
  outer loop
   vertex 161 153.5 287
   vertex 160 154 287.5
   vertex 161 153 287.5
  endloop
 endfacet
 facet normal 0 0 1
  outer loop
   vertex 161 153 287.5
   vertex 160 154 287.5
   vertex 160 153 287.5
  endloop
 endfacet
 facet normal 0.57735026918962584 0.57735026918962584 0.57735026918962584
  outer loop
   vertex 161.5 153 287
   vertex 161 153.5 287
   vertex 161 153 287.5
  endloop
 endfacet
 facet normal -0.57735026918962584 0.57735026918962584 0.57735026918962584
  outer loop
   vertex 158.5 154 287
   vertex 159 154 287.5
   vertex 159 154.5 287
  endloop
 endfacet
 facet normal -0 0.70710678118654746 0.70710678118654746
  outer loop
   vertex 160 154.5 287
   vertex 159 154.5 287
   vertex 159 154 287.5
  endloop
 endfacet
 facet normal 0 0.70710678118654746 0.70710678118654746
  outer loop
   vertex 160 154 287.5
   vertex 160 154.5 287
   vertex 159 154 287.5
  endloop
 endfacet
 facet normal 0.57735026918962584 0.57735026918962584 0.57735026918962584
  outer loop
   vertex 160.5 154 287
   vertex 160 154.5 287
   vertex 160 154 287.5
  endloop
 endfacet
 facet normal -0.57735026918962584 -0.57735026918962584 0.57735026918962584
  outer loop
   vertex 164 145.5 288
   vertex 164 146 288.5
   vertex 163.5 146 288
  endloop
 endfacet
 facet normal 0 -0.70710678118654746 0.70710678118654746
  outer loop
   vertex 164 145.5 288
   vertex 165 145.5 288
   vertex 165 146 288.5
  endloop
 endfacet
 facet normal 0 -0.70710678118654746 0.70710678118654746
  outer loop
   vertex 164 146 288.5
   vertex 164 145.5 288
   vertex 165 146 288.5
  endloop
 endfacet
 facet normal 0.57735026918962584 -0.57735026918962584 0.57735026918962584
  outer loop
   vertex 165 145.5 288
   vertex 165.5 146 288
   vertex 165 146 288.5
  endloop
 endfacet
 facet normal -0.57735026918962584 -0.57735026918962584 0.57735026918962584
  outer loop
   vertex 162 146.5 288
   vertex 162 147 288.5
   vertex 161.5 147 288
  endloop
 endfacet
 facet normal 0 -0.70710678118654746 0.70710678118654746
  outer loop
   vertex 162 146.5 288
   vertex 163 146.5 288
   vertex 163 147 288.5
  endloop
 endfacet
 facet normal 0 -0.70710678118654746 0.70710678118654746
  outer loop
   vertex 162 147 288.5
   vertex 162 146.5 288
   vertex 163 147 288.5
  endloop
 endfacet
 facet normal -0.57735026918962584 -0.57735026918962584 0.57735026918962584
  outer loop
   vertex 163 146.5 288
   vertex 163.5 146 288
   vertex 164 146 288.5
  endloop
 endfacet
 facet normal -0.57735026918962584 -0.57735026918962584 0.57735026918962584
  outer loop
   vertex 163 146.5 288
   vertex 164 146 288.5
   vertex 163 147 288.5
  endloop
 endfacet
 facet normal 0 -0 1
  outer loop
   vertex 163 147 288.5
   vertex 164 146 288.5
   vertex 164 147 288.5
  endloop
 endfacet
 facet normal 0 0 1
  outer loop
   vertex 165 146 288.5
   vertex 165 147 288.5
   vertex 164 146 288.5
  endloop
 endfacet
 facet normal -0 0 1
  outer loop
   vertex 165 147 288.5
   vertex 164 147 288.5
   vertex 164 146 288.5
  endloop
 endfacet
 facet normal 0.70710678118654746 0 0.70710678118654746
  outer loop
   vertex 165.5 146 288
   vertex 165.5 147 288
   vertex 165 147 288.5
  endloop
 endfacet
 facet normal 0.70710678118654746 0 0.70710678118654746
  outer loop
   vertex 165 146 288.5
   vertex 165.5 146 288
   vertex 165 147 288.5
  endloop
 endfacet
 facet normal -0.57735026918962584 -0.57735026918962584 0.57735026918962584
  outer loop
   vertex 161 147.5 288
   vertex 161 148 288.5
   vertex 160.5 148 288
  endloop
 endfacet
 facet normal -0.57735026918962584 -0.57735026918962584 0.57735026918962584
  outer loop
   vertex 161 147.5 288
   vertex 161.5 147 288
   vertex 162 147 288.5
  endloop
 endfacet
 facet normal -0.57735026918962584 -0.57735026918962584 0.57735026918962584
  outer loop
   vertex 161 147.5 288
   vertex 162 147 288.5
   vertex 161 148 288.5
  endloop
 endfacet
 facet normal 0 -0 1
  outer loop
   vertex 161 148 288.5
   vertex 162 147 288.5
   vertex 162 148 288.5
  endloop
 endfacet
 facet normal 0 0 1
  outer loop
   vertex 163 147 288.5
   vertex 163 148 288.5
   vertex 162 147 288.5
  endloop
 endfacet
 facet normal -0 0 1
  outer loop
   vertex 163 148 288.5
   vertex 162 148 288.5
   vertex 162 147 288.5
  endloop
 endfacet
 facet normal 0 0 1
  outer loop
   vertex 164 147 288.5
   vertex 164 148 288.5
   vertex 163 147 288.5
  endloop
 endfacet
 facet normal -0 0 1
  outer loop
   vertex 164 148 288.5
   vertex 163 148 288.5
   vertex 163 147 288.5
  endloop
 endfacet
 facet normal 0.57735026918962584 0.57735026918962584 0.57735026918962584
  outer loop
   vertex 165 147.5 288
   vertex 164.5 148 288
   vertex 164 148 288.5
  endloop
 endfacet
 facet normal 0.57735026918962584 0.57735026918962584 0.57735026918962584
  outer loop
   vertex 165 147.5 288
   vertex 164 148 288.5
   vertex 165 147 288.5
  endloop
 endfacet
 facet normal 0 0 1
  outer loop
   vertex 165 147 288.5
   vertex 164 148 288.5
   vertex 164 147 288.5
  endloop
 endfacet
 facet normal 0.57735026918962584 0.57735026918962584 0.57735026918962584
  outer loop
   vertex 165.5 147 288
   vertex 165 147.5 288
   vertex 165 147 288.5
  endloop
 endfacet
 facet normal -0.70710678118654746 0 0.70710678118654746
  outer loop
   vertex 161 148 288.5
   vertex 161 149 288.5
   vertex 160.5 149 288
  endloop
 endfacet
 facet normal -0.70710678118654746 0 0.70710678118654746
  outer loop
   vertex 160.5 148 288
   vertex 161 148 288.5
   vertex 160.5 149 288
  endloop
 endfacet
 facet normal 0 0 1
  outer loop
   vertex 162 148 288.5
   vertex 162 149 288.5
   vertex 161 148 288.5
  endloop
 endfacet
 facet normal -0 0 1
  outer loop
   vertex 162 149 288.5
   vertex 161 149 288.5
   vertex 161 148 288.5
  endloop
 endfacet
 facet normal 0 0 1
  outer loop
   vertex 163 148 288.5
   vertex 163 149 288.5
   vertex 162 148 288.5
  endloop
 endfacet
 facet normal -0 0 1
  outer loop
   vertex 163 149 288.5
   vertex 162 149 288.5
   vertex 162 148 288.5
  endloop
 endfacet
 facet normal 0.57735026918962584 0.57735026918962584 0.57735026918962584
  outer loop
   vertex 164 148.5 288
   vertex 163.5 149 288
   vertex 163 149 288.5
  endloop
 endfacet
 facet normal 0.57735026918962584 0.57735026918962584 0.57735026918962584
  outer loop
   vertex 164 148.5 288
   vertex 163 149 288.5
   vertex 164 148 288.5
  endloop
 endfacet
 facet normal 0 0 1
  outer loop
   vertex 164 148 288.5
   vertex 163 149 288.5
   vertex 163 148 288.5
  endloop
 endfacet
 facet normal 0.57735026918962584 0.57735026918962584 0.57735026918962584
  outer loop
   vertex 164.5 148 288
   vertex 164 148.5 288
   vertex 164 148 288.5
  endloop
 endfacet
 facet normal -0.57735026918962584 -0.57735026918962584 0.57735026918962584
  outer loop
   vertex 160 149.5 288
   vertex 160 150 288.5
   vertex 159.5 150 288
  endloop
 endfacet
 facet normal -0.57735026918962584 -0.57735026918962584 0.57735026918962584
  outer loop
   vertex 160 149.5 288
   vertex 160.5 149 288
   vertex 161 149 288.5
  endloop
 endfacet
 facet normal -0.57735026918962584 -0.57735026918962584 0.57735026918962584
  outer loop
   vertex 160 149.5 288
   vertex 161 149 288.5
   vertex 160 150 288.5
  endloop
 endfacet
 facet normal 0 -0 1
  outer loop
   vertex 160 150 288.5
   vertex 161 149 288.5
   vertex 161 150 288.5
  endloop
 endfacet
 facet normal 0 0 1
  outer loop
   vertex 162 149 288.5
   vertex 162 150 288.5
   vertex 161 149 288.5
  endloop
 endfacet
 facet normal -0 0 1
  outer loop
   vertex 162 150 288.5
   vertex 161 150 288.5
   vertex 161 149 288.5
  endloop
 endfacet
 facet normal 0 0 1
  outer loop
   vertex 163 149 288.5
   vertex 163 150 288.5
   vertex 162 149 288.5
  endloop
 endfacet
 facet normal -0 0 1
  outer loop
   vertex 163 150 288.5
   vertex 162 150 288.5
   vertex 162 149 288.5
  endloop
 endfacet
 facet normal 0.70710678118654746 0 0.70710678118654746
  outer loop
   vertex 163.5 149 288
   vertex 163.5 150 288
   vertex 163 150 288.5
  endloop
 endfacet
 facet normal 0.70710678118654746 0 0.70710678118654746
  outer loop
   vertex 163 149 288.5
   vertex 163.5 149 288
   vertex 163 150 288.5
  endloop
 endfacet
 facet normal -0.70710678118654746 0 0.70710678118654746
  outer loop
   vertex 160 150 288.5
   vertex 160 151 288.5
   vertex 159.5 151 288
  endloop
 endfacet
 facet normal -0.70710678118654746 0 0.70710678118654746
  outer loop
   vertex 159.5 150 288
   vertex 160 150 288.5
   vertex 159.5 151 288
  endloop
 endfacet
 facet normal 0 0 1
  outer loop
   vertex 161 150 288.5
   vertex 161 151 288.5
   vertex 160 150 288.5
  endloop
 endfacet
 facet normal -0 0 1
  outer loop
   vertex 161 151 288.5
   vertex 160 151 288.5
   vertex 160 150 288.5
  endloop
 endfacet
 facet normal 0 0 1
  outer loop
   vertex 162 150 288.5
   vertex 162 151 288.5
   vertex 161 150 288.5
  endloop
 endfacet
 facet normal -0 0 1
  outer loop
   vertex 162 151 288.5
   vertex 161 151 288.5
   vertex 161 150 288.5
  endloop
 endfacet
 facet normal 0.57735026918962584 0.57735026918962584 0.57735026918962584
  outer loop
   vertex 163 150.5 288
   vertex 162.5 151 288
   vertex 162 151 288.5
  endloop
 endfacet
 facet normal 0.57735026918962584 0.57735026918962584 0.57735026918962584
  outer loop
   vertex 163 150.5 288
   vertex 162 151 288.5
   vertex 163 150 288.5
  endloop
 endfacet
 facet normal 0 0 1
  outer loop
   vertex 163 150 288.5
   vertex 162 151 288.5
   vertex 162 150 288.5
  endloop
 endfacet
 facet normal 0.57735026918962584 0.57735026918962584 0.57735026918962584
  outer loop
   vertex 163.5 150 288
   vertex 163 150.5 288
   vertex 163 150 288.5
  endloop
 endfacet
 facet normal -0.70710678118654746 0 0.70710678118654746
  outer loop
   vertex 160 151 288.5
   vertex 160 152 288.5
   vertex 159.5 152 288
  endloop
 endfacet
 facet normal -0.70710678118654746 0 0.70710678118654746
  outer loop
   vertex 159.5 151 288
   vertex 160 151 288.5
   vertex 159.5 152 288
  endloop
 endfacet
 facet normal 0 0 1
  outer loop
   vertex 161 151 288.5
   vertex 161 152 288.5
   vertex 160 151 288.5
  endloop
 endfacet
 facet normal -0 0 1
  outer loop
   vertex 161 152 288.5
   vertex 160 152 288.5
   vertex 160 151 288.5
  endloop
 endfacet
 facet normal 0.57735026918962584 0.57735026918962584 0.57735026918962584
  outer loop
   vertex 162 151.5 288
   vertex 161.5 152 288
   vertex 161 152 288.5
  endloop
 endfacet
 facet normal 0.57735026918962584 0.57735026918962584 0.57735026918962584
  outer loop
   vertex 162 151.5 288
   vertex 161 152 288.5
   vertex 162 151 288.5
  endloop
 endfacet
 facet normal 0 0 1
  outer loop
   vertex 162 151 288.5
   vertex 161 152 288.5
   vertex 161 151 288.5
  endloop
 endfacet
 facet normal 0.57735026918962584 0.57735026918962584 0.57735026918962584
  outer loop
   vertex 162.5 151 288
   vertex 162 151.5 288
   vertex 162 151 288.5
  endloop
 endfacet
 facet normal -0.57735026918962584 0.57735026918962584 0.57735026918962584
  outer loop
   vertex 159.5 152 288
   vertex 160 152 288.5
   vertex 160 152.5 288
  endloop
 endfacet
 facet normal -0 0.70710678118654746 0.70710678118654746
  outer loop
   vertex 161 152.5 288
   vertex 160 152.5 288
   vertex 160 152 288.5
  endloop
 endfacet
 facet normal 0 0.70710678118654746 0.70710678118654746
  outer loop
   vertex 161 152 288.5
   vertex 161 152.5 288
   vertex 160 152 288.5
  endloop
 endfacet
 facet normal 0.57735026918962584 0.57735026918962584 0.57735026918962584
  outer loop
   vertex 161.5 152 288
   vertex 161 152.5 288
   vertex 161 152 288.5
  endloop
 endfacet
endsolid
